#
# There is insufficient memory for the Java Runtime Environment to continue.
# Native memory allocation (malloc) failed to allocate 1418096 bytes. Error detail: Chunk::new
# Possible reasons:
#   The system is out of physical RAM or swap space
#   This process is running with CompressedOops enabled, and the Java Heap may be blocking the growth of the native heap
# Possible solutions:
#   Reduce memory load on the system
#   Increase physical memory or swap space
#   Check if swap backing store is full
#   Decrease Java heap size (-Xmx/-Xms)
#   Decrease number of Java threads
#   Decrease Java thread stack sizes (-Xss)
#   Set larger code cache with -XX:ReservedCodeCacheSize=
#   JVM is running with Zero Based Compressed Oops mode in which the Java heap is
#     placed in the first 32GB address space. The Java Heap base address is the
#     maximum limit for the native heap growth. Please use -XX:HeapBaseMinAddress
#     to set the Java Heap base and to place the Java Heap above 32GB virtual address.
# This output file may be truncated or incomplete.
#
#  Out of Memory Error (arena.cpp:168), pid=18328, tid=29688
#
# JRE version: OpenJDK Runtime Environment Temurin-21.0.12.1+1 (21.0.12.1+1) (build 21.0.12.1+1-LTS)
# Java VM: OpenJDK 64-Bit Server VM Temurin-21.0.12.1+1 (21.0.12.1+1-LTS, mixed mode, sharing, tiered, compressed oops, compressed class ptrs, g1 gc, windows-amd64)
# No core dump will be written. Minidumps are not enabled by default on client versions of Windows
#

---------------  S U M M A R Y ------------

Command Line: --add-opens=java.base/java.lang=ALL-UNNAMED --add-opens=java.base/java.lang.invoke=ALL-UNNAMED --add-opens=java.base/java.util=ALL-UNNAMED --add-opens=java.prefs/java.util.prefs=ALL-UNNAMED --add-exports=jdk.compiler/com.sun.tools.javac.api=ALL-UNNAMED --add-exports=jdk.compiler/com.sun.tools.javac.util=ALL-UNNAMED --add-opens=java.base/java.util=ALL-UNNAMED --add-opens=java.prefs/java.util.prefs=ALL-UNNAMED --add-opens=java.base/java.nio.charset=ALL-UNNAMED --add-opens=java.base/java.net=ALL-UNNAMED --add-opens=java.base/java.util.concurrent.atomic=ALL-UNNAMED --add-opens=java.xml/javax.xml.namespace=ALL-UNNAMED -Xmx4096m -Dfile.encoding=UTF-8 -Duser.country=IN -Duser.language=en -Duser.variant -javaagent:C:\Users\NAGARAJU\.gradle\wrapper\dists\gradle-8.14.1-bin\baw1sv0jfoi8rxs14qo3h49cs\gradle-8.14.1\lib\agents\gradle-instrumentation-agent-8.14.1.jar org.gradle.launcher.daemon.bootstrap.GradleDaemon 8.14.1

Host: AMD Ryzen 3 5300U with Radeon Graphics         , 8 cores, 7G,  Windows 11 , 64 bit Build 26100 (10.0.26100.9168)
Time: Wed Sep  9 16:15:49 2026 India Standard Time elapsed time: 1165.867641 seconds (0d 0h 19m 25s)

---------------  T H R E A D  ---------------

Current thread (0x000001b1b398ac00):  JavaThread "C2 CompilerThread0" daemon [_thread_in_native, id=29688, stack(0x00000078d3400000,0x00000078d3500000) (1024K)]


Current CompileTask:
C2:1165877 10071       4       org.gradle.internal.reflect.ClassInspector::inspectClass (179 bytes)

Stack: [0x00000078d3400000,0x00000078d3500000]
Native frames: (J=compiled Java code, j=interpreted, Vv=VM code, C=native code)
V  [jvm.dll+0x6d83e9]
V  [jvm.dll+0x8b5736]
V  [jvm.dll+0x8b7cee]
V  [jvm.dll+0x8b83d3]
V  [jvm.dll+0x284596]
V  [jvm.dll+0xc685d]
V  [jvm.dll+0xc6da1]
V  [jvm.dll+0x3bf151]
V  [jvm.dll+0x38b6d2]
V  [jvm.dll+0x38ab1a]
V  [jvm.dll+0x24c700]
V  [jvm.dll+0x24bce0]
V  [jvm.dll+0x1cb4ae]
V  [jvm.dll+0x25baad]
V  [jvm.dll+0x25a03a]
V  [jvm.dll+0x3f8aae]
V  [jvm.dll+0x8600cd]
V  [jvm.dll+0x6d6c1d]
C  [ucrtbase.dll+0x2cd30]
C  [KERNEL32.DLL+0x2ccb7]
C  [ntdll.dll+0xaad6c]


---------------  P R O C E S S  ---------------

Threads class SMR info:
_java_thread_list=0x000001b1fcf95390, length=66, elements={
0x000001b199a4a020, 0x000001b1b39801b0, 0x000001b1b3980c10, 0x000001b1b3983b30,
0x000001b1b39865a0, 0x000001b1b3989410, 0x000001b1b3989e70, 0x000001b1b398ac00,
0x000001b1b39ecfd0, 0x000001b1b3c1d090, 0x000001b1b3c36c40, 0x000001b1f9c034e0,
0x000001b1fa37ee40, 0x000001b1f98df4f0, 0x000001b1f98de7d0, 0x000001b1f98dcd90,
0x000001b1f98de140, 0x000001b1f98dd420, 0x000001b1f98ddab0, 0x000001b1f98dee60,
0x000001b1f98e0210, 0x000001b1fa675490, 0x000001b1fa675b20, 0x000001b1fa676840,
0x000001b1fa677bf0, 0x000001b1fa677560, 0x000001b1fa674e00, 0x000001b1fa67b700,
0x000001b1fa678280, 0x000001b1fa678fa0, 0x000001b1fa67bd90, 0x000001b1fa678910,
0x000001b1fa67b070, 0x000001b1fa679cc0, 0x000001b1fa67a350, 0x000001b1fa67c420,
0x000001b1fc36d0e0, 0x000001b1fc36f1b0, 0x000001b1fc36fed0, 0x000001b1fc36de00,
0x000001b1fc36f840, 0x000001b1fc36ca50, 0x000001b1fc371910, 0x000001b1fc371fa0,
0x000001b1fc372630, 0x000001b1fc370560, 0x000001b1fc3739e0, 0x000001b1fc370bf0,
0x000001b1fc372cc0, 0x000001b1fc373350, 0x000001b1fc374070, 0x000001b1fd456d70,
0x000001b1fd4587b0, 0x000001b1fd4566e0, 0x000001b1fd4559c0, 0x000001b1fd457a90,
0x000001b1fd4594d0, 0x000001b1fd458e40, 0x000001b1fd458120, 0x000001b1fd456050,
0x000001b1fd459b60, 0x000001b1fd45a1f0, 0x000001b1fd45a880, 0x000001b1fd45af10,
0x000001b1fd45cfe0, 0x000001b1fbb52fa0
}

Java Threads: ( => current thread )
  0x000001b199a4a020 JavaThread "main"                              [_thread_blocked, id=28944, stack(0x00000078d2600000,0x00000078d2700000) (1024K)]
  0x000001b1b39801b0 JavaThread "Reference Handler"          daemon [_thread_blocked, id=31456, stack(0x00000078d2e00000,0x00000078d2f00000) (1024K)]
  0x000001b1b3980c10 JavaThread "Finalizer"                  daemon [_thread_blocked, id=28544, stack(0x00000078d2f00000,0x00000078d3000000) (1024K)]
  0x000001b1b3983b30 JavaThread "Signal Dispatcher"          daemon [_thread_blocked, id=27112, stack(0x00000078d3000000,0x00000078d3100000) (1024K)]
  0x000001b1b39865a0 JavaThread "Attach Listener"            daemon [_thread_blocked, id=24160, stack(0x00000078d3100000,0x00000078d3200000) (1024K)]
  0x000001b1b3989410 JavaThread "Service Thread"             daemon [_thread_blocked, id=28904, stack(0x00000078d3200000,0x00000078d3300000) (1024K)]
  0x000001b1b3989e70 JavaThread "Monitor Deflation Thread"   daemon [_thread_blocked, id=29684, stack(0x00000078d3300000,0x00000078d3400000) (1024K)]
=>0x000001b1b398ac00 JavaThread "C2 CompilerThread0"         daemon [_thread_in_native, id=29688, stack(0x00000078d3400000,0x00000078d3500000) (1024K)]
  0x000001b1b39ecfd0 JavaThread "C1 CompilerThread0"         daemon [_thread_blocked, id=33560, stack(0x00000078d3500000,0x00000078d3600000) (1024K)]
  0x000001b1b3c1d090 JavaThread "Common-Cleaner"             daemon [_thread_blocked, id=6388, stack(0x00000078d3600000,0x00000078d3700000) (1024K)]
  0x000001b1b3c36c40 JavaThread "Notification Thread"        daemon [_thread_blocked, id=32028, stack(0x00000078d3700000,0x00000078d3800000) (1024K)]
  0x000001b1f9c034e0 JavaThread "Daemon health stats"               [_thread_blocked, id=36264, stack(0x00000078d3c00000,0x00000078d3d00000) (1024K)]
  0x000001b1fa37ee40 JavaThread "Incoming local TCP Connector on port 50262"        [_thread_in_native, id=25372, stack(0x00000078d3d00000,0x00000078d3e00000) (1024K)]
  0x000001b1f98df4f0 JavaThread "Daemon periodic checks"            [_thread_blocked, id=7920, stack(0x00000078d4100000,0x00000078d4200000) (1024K)]
  0x000001b1f98de7d0 JavaThread "Daemon"                            [_thread_blocked, id=17020, stack(0x00000078d4200000,0x00000078d4300000) (1024K)]
  0x000001b1f98dcd90 JavaThread "Handler for socket connection from /127.0.0.1:50262 to /127.0.0.1:50265"        [_thread_in_native, id=24664, stack(0x00000078d4300000,0x00000078d4400000) (1024K)]
  0x000001b1f98de140 JavaThread "Cancel handler"                    [_thread_blocked, id=27976, stack(0x00000078d4400000,0x00000078d4500000) (1024K)]
  0x000001b1f98dd420 JavaThread "Daemon worker"                     [_thread_blocked, id=6940, stack(0x00000078d4500000,0x00000078d4600000) (1024K)]
  0x000001b1f98ddab0 JavaThread "Asynchronous log dispatcher for DefaultDaemonConnection: socket connection from /127.0.0.1:50262 to /127.0.0.1:50265"        [_thread_blocked, id=24268, stack(0x00000078d4600000,0x00000078d4700000) (1024K)]
  0x000001b1f98dee60 JavaThread "Stdin handler"                     [_thread_blocked, id=25032, stack(0x00000078d4700000,0x00000078d4800000) (1024K)]
  0x000001b1f98e0210 JavaThread "Daemon client event forwarder"        [_thread_blocked, id=27720, stack(0x00000078d4800000,0x00000078d4900000) (1024K)]
  0x000001b1fa675490 JavaThread "Cache worker for journal cache (C:\Users\NAGARAJU\.gradle\caches\journal-1)"        [_thread_blocked, id=32156, stack(0x00000078d2300000,0x00000078d2400000) (1024K)]
  0x000001b1fa675b20 JavaThread "File lock request listener"        [_thread_in_native, id=12344, stack(0x00000078d4900000,0x00000078d4a00000) (1024K)]
  0x000001b1fa676840 JavaThread "Cache worker for file hash cache (C:\Users\NAGARAJU\.gradle\caches\8.14.1\fileHashes)"        [_thread_blocked, id=15808, stack(0x00000078d4b00000,0x00000078d4c00000) (1024K)]
  0x000001b1fa677bf0 JavaThread "Cache worker for file hash cache (C:\zynnative\DocApp-CLI\android\.gradle\8.14.1\fileHashes)"        [_thread_blocked, id=26328, stack(0x00000078d2500000,0x00000078d2600000) (1024K)]
  0x000001b1fa677560 JavaThread "Cache worker for Build Output Cleanup Cache (C:\zynnative\DocApp-CLI\android\.gradle\buildOutputCleanup)"        [_thread_blocked, id=26336, stack(0x00000078d4c00000,0x00000078d4d00000) (1024K)]
  0x000001b1fa674e00 JavaThread "File watcher server"        daemon [_thread_in_native, id=6844, stack(0x00000078d4d00000,0x00000078d4e00000) (1024K)]
  0x000001b1fa67b700 JavaThread "File watcher consumer"      daemon [_thread_blocked, id=28960, stack(0x00000078d4e00000,0x00000078d4f00000) (1024K)]
  0x000001b1fa678280 JavaThread "jar transforms"                    [_thread_blocked, id=27644, stack(0x00000078d4f00000,0x00000078d5000000) (1024K)]
  0x000001b1fa678fa0 JavaThread "jar transforms Thread 2"           [_thread_blocked, id=4992, stack(0x00000078d5000000,0x00000078d5100000) (1024K)]
  0x000001b1fa67bd90 JavaThread "Cache worker for checksums cache (C:\zynnative\DocApp-CLI\android\.gradle\8.14.1\checksums)"        [_thread_blocked, id=29876, stack(0x00000078d5100000,0x00000078d5200000) (1024K)]
  0x000001b1fa678910 JavaThread "Cache worker for file content cache (C:\Users\NAGARAJU\.gradle\caches\8.14.1\fileContent)"        [_thread_blocked, id=16648, stack(0x00000078d5200000,0x00000078d5300000) (1024K)]
  0x000001b1fa67b070 JavaThread "jar transforms Thread 3"           [_thread_blocked, id=27192, stack(0x00000078d5300000,0x00000078d5400000) (1024K)]
  0x000001b1fa679cc0 JavaThread "Cache worker for cache directory md-supplier (C:\Users\NAGARAJU\.gradle\caches\8.14.1\md-supplier)"        [_thread_blocked, id=28300, stack(0x00000078d5400000,0x00000078d5500000) (1024K)]
  0x000001b1fa67a350 JavaThread "Cache worker for cache directory md-rule (C:\Users\NAGARAJU\.gradle\caches\8.14.1\md-rule)"        [_thread_blocked, id=8936, stack(0x00000078d5500000,0x00000078d5600000) (1024K)]
  0x000001b1fa67c420 JavaThread "Cache worker for Build Output Cleanup Cache (C:\zynnative\DocApp-CLI\node_modules\@react-native\gradle-plugin\.gradle\buildOutputCleanup)"        [_thread_blocked, id=30452, stack(0x00000078d5600000,0x00000078d5700000) (1024K)]
  0x000001b1fc36d0e0 JavaThread "Unconstrained build operations"        [_thread_blocked, id=24372, stack(0x00000078d5700000,0x00000078d5800000) (1024K)]
  0x000001b1fc36f1b0 JavaThread "Unconstrained build operations Thread 2"        [_thread_blocked, id=25128, stack(0x00000078d5800000,0x00000078d5900000) (1024K)]
  0x000001b1fc36fed0 JavaThread "Unconstrained build operations Thread 3"        [_thread_blocked, id=28244, stack(0x00000078d5900000,0x00000078d5a00000) (1024K)]
  0x000001b1fc36de00 JavaThread "Unconstrained build operations Thread 4"        [_thread_blocked, id=24460, stack(0x00000078d5a00000,0x00000078d5b00000) (1024K)]
  0x000001b1fc36f840 JavaThread "Unconstrained build operations Thread 5"        [_thread_blocked, id=25344, stack(0x00000078d5b00000,0x00000078d5c00000) (1024K)]
  0x000001b1fc36ca50 JavaThread "Unconstrained build operations Thread 6"        [_thread_blocked, id=29232, stack(0x00000078d5c00000,0x00000078d5d00000) (1024K)]
  0x000001b1fc371910 JavaThread "Unconstrained build operations Thread 7"        [_thread_blocked, id=11540, stack(0x00000078d5d00000,0x00000078d5e00000) (1024K)]
  0x000001b1fc371fa0 JavaThread "Unconstrained build operations Thread 8"        [_thread_blocked, id=11644, stack(0x00000078d5e00000,0x00000078d5f00000) (1024K)]
  0x000001b1fc372630 JavaThread "Unconstrained build operations Thread 9"        [_thread_blocked, id=37576, stack(0x00000078d5f00000,0x00000078d6000000) (1024K)]
  0x000001b1fc370560 JavaThread "Unconstrained build operations Thread 10"        [_thread_blocked, id=37588, stack(0x00000078d6000000,0x00000078d6100000) (1024K)]
  0x000001b1fc3739e0 JavaThread "Unconstrained build operations Thread 11"        [_thread_blocked, id=37584, stack(0x00000078d6100000,0x00000078d6200000) (1024K)]
  0x000001b1fc370bf0 JavaThread "Unconstrained build operations Thread 12"        [_thread_blocked, id=36984, stack(0x00000078d6200000,0x00000078d6300000) (1024K)]
  0x000001b1fc372cc0 JavaThread "Unconstrained build operations Thread 13"        [_thread_blocked, id=25656, stack(0x00000078d6300000,0x00000078d6400000) (1024K)]
  0x000001b1fc373350 JavaThread "Unconstrained build operations Thread 14"        [_thread_blocked, id=35496, stack(0x00000078d6400000,0x00000078d6500000) (1024K)]
  0x000001b1fc374070 JavaThread "Unconstrained build operations Thread 15"        [_thread_blocked, id=7144, stack(0x00000078d6500000,0x00000078d6600000) (1024K)]
  0x000001b1fd456d70 JavaThread "Unconstrained build operations Thread 16"        [_thread_blocked, id=8056, stack(0x00000078d6600000,0x00000078d6700000) (1024K)]
  0x000001b1fd4587b0 JavaThread "Unconstrained build operations Thread 17"        [_thread_blocked, id=35500, stack(0x00000078d6700000,0x00000078d6800000) (1024K)]
  0x000001b1fd4566e0 JavaThread "Unconstrained build operations Thread 18"        [_thread_blocked, id=19816, stack(0x00000078d6800000,0x00000078d6900000) (1024K)]
  0x000001b1fd4559c0 JavaThread "Unconstrained build operations Thread 19"        [_thread_blocked, id=29664, stack(0x00000078d6900000,0x00000078d6a00000) (1024K)]
  0x000001b1fd457a90 JavaThread "Unconstrained build operations Thread 20"        [_thread_blocked, id=37352, stack(0x00000078d6a00000,0x00000078d6b00000) (1024K)]
  0x000001b1fd4594d0 JavaThread "Unconstrained build operations Thread 21"        [_thread_blocked, id=24456, stack(0x00000078d6d00000,0x00000078d6e00000) (1024K)]
  0x000001b1fd458e40 JavaThread "Unconstrained build operations Thread 22"        [_thread_blocked, id=37232, stack(0x00000078d6e00000,0x00000078d6f00000) (1024K)]
  0x000001b1fd458120 JavaThread "Unconstrained build operations Thread 23"        [_thread_blocked, id=29116, stack(0x00000078d6f00000,0x00000078d7000000) (1024K)]
  0x000001b1fd456050 JavaThread "Unconstrained build operations Thread 24"        [_thread_blocked, id=13188, stack(0x00000078d7000000,0x00000078d7100000) (1024K)]
  0x000001b1fd459b60 JavaThread "Unconstrained build operations Thread 25"        [_thread_blocked, id=20132, stack(0x00000078d7100000,0x00000078d7200000) (1024K)]
  0x000001b1fd45a1f0 JavaThread "Unconstrained build operations Thread 26"        [_thread_blocked, id=29064, stack(0x00000078d7200000,0x00000078d7300000) (1024K)]
  0x000001b1fd45a880 JavaThread "Unconstrained build operations Thread 27"        [_thread_blocked, id=34988, stack(0x00000078d7300000,0x00000078d7400000) (1024K)]
  0x000001b1fd45af10 JavaThread "build event listener"              [_thread_blocked, id=11024, stack(0x00000078d6b00000,0x00000078d6c00000) (1024K)]
  0x000001b1fd45cfe0 JavaThread "Memory manager"                    [_thread_blocked, id=12696, stack(0x00000078d4a00000,0x00000078d4b00000) (1024K)]
  0x000001b1fbb52fa0 JavaThread "File lock release action executor Thread 4"        [_thread_blocked, id=27780, stack(0x00000078d6c00000,0x00000078d6d00000) (1024K)]
Total: 66

Other Threads:
  0x000001b1b39665f0 VMThread "VM Thread"                           [id=32060, stack(0x00000078d2d00000,0x00000078d2e00000) (1024K)]
  0x000001b1b3953270 WatcherThread "VM Periodic Task Thread"        [id=32052, stack(0x00000078d2c00000,0x00000078d2d00000) (1024K)]
  0x000001b199ab3840 WorkerThread "GC Thread#0"                     [id=23120, stack(0x00000078d2700000,0x00000078d2800000) (1024K)]
  0x000001b1f90244c0 WorkerThread "GC Thread#1"                     [id=33244, stack(0x00000078d3800000,0x00000078d3900000) (1024K)]
  0x000001b1f9019150 WorkerThread "GC Thread#2"                     [id=30900, stack(0x00000078d3900000,0x00000078d3a00000) (1024K)]
  0x000001b1f97eba50 WorkerThread "GC Thread#3"                     [id=33332, stack(0x00000078d3a00000,0x00000078d3b00000) (1024K)]
  0x000001b1f97ebe00 WorkerThread "GC Thread#4"                     [id=33336, stack(0x00000078d3b00000,0x00000078d3c00000) (1024K)]
  0x000001b1f99454c0 WorkerThread "GC Thread#5"                     [id=24204, stack(0x00000078d3e00000,0x00000078d3f00000) (1024K)]
  0x000001b1b3d28880 WorkerThread "GC Thread#6"                     [id=11548, stack(0x00000078d3f00000,0x00000078d4000000) (1024K)]
  0x000001b1b3d28c30 WorkerThread "GC Thread#7"                     [id=21396, stack(0x00000078d4000000,0x00000078d4100000) (1024K)]
  0x000001b199ac5650 ConcurrentGCThread "G1 Main Marker"            [id=31812, stack(0x00000078d2800000,0x00000078d2900000) (1024K)]
  0x000001b199ac5f70 WorkerThread "G1 Conc#0"                       [id=31816, stack(0x00000078d2900000,0x00000078d2a00000) (1024K)]
  0x000001b1fa743060 WorkerThread "G1 Conc#1"                       [id=27396, stack(0x00000078d2400000,0x00000078d2500000) (1024K)]
  0x000001b1b381f510 ConcurrentGCThread "G1 Refine#0"               [id=31820, stack(0x00000078d2a00000,0x00000078d2b00000) (1024K)]
  0x000001b1b3820bc0 ConcurrentGCThread "G1 Service"                [id=31824, stack(0x00000078d2b00000,0x00000078d2c00000) (1024K)]
Total: 15

Threads with active compile tasks:
C2 CompilerThread0  1165937 10071       4       org.gradle.internal.reflect.ClassInspector::inspectClass (179 bytes)
Total: 1

VM state: not at safepoint (normal execution)

VM Mutex/Monitor currently owned by a thread: None

Heap address: 0x0000000700000000, size: 4096 MB, Compressed Oops mode: Zero based, Oop shift amount: 3

CDS archive(s) mapped at: [0x000001b1b4000000-0x000001b1b4ba0000-0x000001b1b4ba0000), size 12189696, SharedBaseAddress: 0x000001b1b4000000, ArchiveRelocationMode: 1.
Compressed class space mapped at: 0x000001b1b5000000-0x000001b1f5000000, reserved size: 1073741824
Narrow klass base: 0x000001b1b4000000, Narrow klass shift: 0, Narrow klass range: 0x100000000

GC Precious Log:
 CardTable entry size: 512
 Card Set container configuration: InlinePtr #cards 4 size 8 Array Of Cards #cards 16 size 48 Howl #buckets 8 coarsen threshold 3686 Howl Bitmap #cards 512 size 80 coarsen threshold 460 Card regions per heap region 1 cards per card region 4096
 CPUs: 8 total, 8 available
 Memory: 7502M
 Large Page Support: Disabled
 NUMA Support: Disabled
 Compressed Oops: Enabled (Zero based)
 Heap Region Size: 2M
 Heap Min Capacity: 8M
 Heap Initial Capacity: 118M
 Heap Max Capacity: 4G
 Pre-touch: Disabled
 Parallel Workers: 8
 Concurrent Workers: 2
 Concurrent Refinement Workers: 8
 Periodic GC: Disabled

Heap:
 garbage-first heap   total 501760K, used 68161K [0x0000000700000000, 0x0000000800000000)
  region size 2048K, 4 young (8192K), 1 survivors (2048K)
 Metaspace       used 72634K, committed 74688K, reserved 1114112K
  class space    used 10482K, committed 11520K, reserved 1048576K

Heap Regions: E=young(eden), S=young(survivor), O=old, HS=humongous(starts), HC=humongous(continues), CS=collection set, F=free, TAMS=top-at-mark-start, PB=parsable bottom
|   0|0x0000000700000000, 0x0000000700200000, 0x0000000700200000|100%|HS|  |TAMS 0x0000000700000000| PB 0x0000000700000000| Complete 
|   1|0x0000000700200000, 0x0000000700400000, 0x0000000700400000|100%|HC|  |TAMS 0x0000000700200000| PB 0x0000000700200000| Complete 
|   2|0x0000000700400000, 0x0000000700600000, 0x0000000700600000|100%| O|  |TAMS 0x0000000700400000| PB 0x0000000700400000| Untracked 
|   3|0x0000000700600000, 0x0000000700800000, 0x0000000700800000|100%| O|  |TAMS 0x0000000700600000| PB 0x0000000700600000| Untracked 
|   4|0x0000000700800000, 0x0000000700a00000, 0x0000000700a00000|100%| O|  |TAMS 0x0000000700800000| PB 0x0000000700800000| Untracked 
|   5|0x0000000700a00000, 0x0000000700c00000, 0x0000000700c00000|100%| O|  |TAMS 0x0000000700a00000| PB 0x0000000700a00000| Untracked 
|   6|0x0000000700c00000, 0x0000000700e00000, 0x0000000700e00000|100%| O|  |TAMS 0x0000000700c00000| PB 0x0000000700c00000| Untracked 
|   7|0x0000000700e00000, 0x0000000701000000, 0x0000000701000000|100%| O|  |TAMS 0x0000000700e00000| PB 0x0000000700e00000| Untracked 
|   8|0x0000000701000000, 0x0000000701200000, 0x0000000701200000|100%| O|  |TAMS 0x0000000701000000| PB 0x0000000701000000| Untracked 
|   9|0x0000000701200000, 0x0000000701400000, 0x0000000701400000|100%| O|  |TAMS 0x0000000701200000| PB 0x0000000701200000| Untracked 
|  10|0x0000000701400000, 0x0000000701600000, 0x0000000701600000|100%| O|  |TAMS 0x0000000701400000| PB 0x0000000701400000| Untracked 
|  11|0x0000000701600000, 0x0000000701800000, 0x0000000701800000|100%| O|  |TAMS 0x0000000701600000| PB 0x0000000701600000| Untracked 
|  12|0x0000000701800000, 0x0000000701a00000, 0x0000000701a00000|100%| O|  |TAMS 0x0000000701800000| PB 0x0000000701800000| Untracked 
|  13|0x0000000701a00000, 0x0000000701c00000, 0x0000000701c00000|100%| O|  |TAMS 0x0000000701a00000| PB 0x0000000701a00000| Untracked 
|  14|0x0000000701c00000, 0x0000000701e00000, 0x0000000701e00000|100%| O|  |TAMS 0x0000000701c00000| PB 0x0000000701c00000| Untracked 
|  15|0x0000000701e00000, 0x0000000702000000, 0x0000000702000000|100%| O|  |TAMS 0x0000000701e00000| PB 0x0000000701e00000| Untracked 
|  16|0x0000000702000000, 0x0000000702200000, 0x0000000702200000|100%| O|  |TAMS 0x0000000702000000| PB 0x0000000702000000| Untracked 
|  17|0x0000000702200000, 0x0000000702400000, 0x0000000702400000|100%| O|  |TAMS 0x0000000702200000| PB 0x0000000702200000| Untracked 
|  18|0x0000000702400000, 0x0000000702600000, 0x0000000702600000|100%| O|  |TAMS 0x0000000702400000| PB 0x0000000702400000| Untracked 
|  19|0x0000000702600000, 0x0000000702800000, 0x0000000702800000|100%| O|  |TAMS 0x0000000702600000| PB 0x0000000702600000| Untracked 
|  20|0x0000000702800000, 0x0000000702a00000, 0x0000000702a00000|100%| O|  |TAMS 0x0000000702800000| PB 0x0000000702800000| Untracked 
|  21|0x0000000702a00000, 0x0000000702c00000, 0x0000000702c00000|100%| O|  |TAMS 0x0000000702a00000| PB 0x0000000702a00000| Untracked 
|  22|0x0000000702c00000, 0x0000000702e00000, 0x0000000702e00000|100%| O|  |TAMS 0x0000000702c00000| PB 0x0000000702c00000| Untracked 
|  23|0x0000000702e00000, 0x0000000703000000, 0x0000000703000000|100%| O|  |TAMS 0x0000000702e00000| PB 0x0000000702e00000| Untracked 
|  24|0x0000000703000000, 0x0000000703200000, 0x0000000703200000|100%| O|  |TAMS 0x0000000703000000| PB 0x0000000703000000| Untracked 
|  25|0x0000000703200000, 0x0000000703400000, 0x0000000703400000|100%|HS|  |TAMS 0x0000000703200000| PB 0x0000000703200000| Complete 
|  26|0x0000000703400000, 0x0000000703600000, 0x0000000703600000|100%|HC|  |TAMS 0x0000000703400000| PB 0x0000000703400000| Complete 
|  27|0x0000000703600000, 0x0000000703800000, 0x0000000703800000|100%|HS|  |TAMS 0x0000000703600000| PB 0x0000000703600000| Complete 
|  28|0x0000000703800000, 0x0000000703a00000, 0x0000000703a00000|100%|HC|  |TAMS 0x0000000703800000| PB 0x0000000703800000| Complete 
|  29|0x0000000703a00000, 0x0000000703a00000, 0x0000000703c00000|  0%| F|  |TAMS 0x0000000703a00000| PB 0x0000000703a00000| Untracked 
|  30|0x0000000703c00000, 0x0000000703e00000, 0x0000000703e00000|100%| O|  |TAMS 0x0000000703c00000| PB 0x0000000703c00000| Untracked 
|  31|0x0000000703e00000, 0x0000000703ec06d0, 0x0000000704000000| 37%| O|  |TAMS 0x0000000703e00000| PB 0x0000000703e00000| Untracked 
|  32|0x0000000704000000, 0x0000000704000000, 0x0000000704200000|  0%| F|  |TAMS 0x0000000704000000| PB 0x0000000704000000| Untracked 
|  33|0x0000000704200000, 0x0000000704200000, 0x0000000704400000|  0%| F|  |TAMS 0x0000000704200000| PB 0x0000000704200000| Untracked 
|  34|0x0000000704400000, 0x0000000704400000, 0x0000000704600000|  0%| F|  |TAMS 0x0000000704400000| PB 0x0000000704400000| Untracked 
|  35|0x0000000704600000, 0x0000000704600000, 0x0000000704800000|  0%| F|  |TAMS 0x0000000704600000| PB 0x0000000704600000| Untracked 
|  36|0x0000000704800000, 0x0000000704800000, 0x0000000704a00000|  0%| F|  |TAMS 0x0000000704800000| PB 0x0000000704800000| Untracked 
|  37|0x0000000704a00000, 0x0000000704a00000, 0x0000000704c00000|  0%| F|  |TAMS 0x0000000704a00000| PB 0x0000000704a00000| Untracked 
|  38|0x0000000704c00000, 0x0000000704c00000, 0x0000000704e00000|  0%| F|  |TAMS 0x0000000704c00000| PB 0x0000000704c00000| Untracked 
|  39|0x0000000704e00000, 0x0000000704e00000, 0x0000000705000000|  0%| F|  |TAMS 0x0000000704e00000| PB 0x0000000704e00000| Untracked 
|  40|0x0000000705000000, 0x0000000705000000, 0x0000000705200000|  0%| F|  |TAMS 0x0000000705000000| PB 0x0000000705000000| Untracked 
|  41|0x0000000705200000, 0x0000000705200000, 0x0000000705400000|  0%| F|  |TAMS 0x0000000705200000| PB 0x0000000705200000| Untracked 
|  42|0x0000000705400000, 0x0000000705400000, 0x0000000705600000|  0%| F|  |TAMS 0x0000000705400000| PB 0x0000000705400000| Untracked 
|  43|0x0000000705600000, 0x0000000705600000, 0x0000000705800000|  0%| F|  |TAMS 0x0000000705600000| PB 0x0000000705600000| Untracked 
|  44|0x0000000705800000, 0x0000000705800000, 0x0000000705a00000|  0%| F|  |TAMS 0x0000000705800000| PB 0x0000000705800000| Untracked 
|  45|0x0000000705a00000, 0x0000000705a00000, 0x0000000705c00000|  0%| F|  |TAMS 0x0000000705a00000| PB 0x0000000705a00000| Untracked 
|  46|0x0000000705c00000, 0x0000000705c00000, 0x0000000705e00000|  0%| F|  |TAMS 0x0000000705c00000| PB 0x0000000705c00000| Untracked 
|  47|0x0000000705e00000, 0x0000000705e00000, 0x0000000706000000|  0%| F|  |TAMS 0x0000000705e00000| PB 0x0000000705e00000| Untracked 
|  48|0x0000000706000000, 0x0000000706000000, 0x0000000706200000|  0%| F|  |TAMS 0x0000000706000000| PB 0x0000000706000000| Untracked 
|  49|0x0000000706200000, 0x0000000706200000, 0x0000000706400000|  0%| F|  |TAMS 0x0000000706200000| PB 0x0000000706200000| Untracked 
|  50|0x0000000706400000, 0x0000000706400000, 0x0000000706600000|  0%| F|  |TAMS 0x0000000706400000| PB 0x0000000706400000| Untracked 
|  51|0x0000000706600000, 0x0000000706600000, 0x0000000706800000|  0%| F|  |TAMS 0x0000000706600000| PB 0x0000000706600000| Untracked 
|  52|0x0000000706800000, 0x0000000706800000, 0x0000000706a00000|  0%| F|  |TAMS 0x0000000706800000| PB 0x0000000706800000| Untracked 
|  53|0x0000000706a00000, 0x0000000706a00000, 0x0000000706c00000|  0%| F|  |TAMS 0x0000000706a00000| PB 0x0000000706a00000| Untracked 
|  54|0x0000000706c00000, 0x0000000706c00000, 0x0000000706e00000|  0%| F|  |TAMS 0x0000000706c00000| PB 0x0000000706c00000| Untracked 
|  55|0x0000000706e00000, 0x0000000706e00000, 0x0000000707000000|  0%| F|  |TAMS 0x0000000706e00000| PB 0x0000000706e00000| Untracked 
|  56|0x0000000707000000, 0x0000000707000000, 0x0000000707200000|  0%| F|  |TAMS 0x0000000707000000| PB 0x0000000707000000| Untracked 
|  57|0x0000000707200000, 0x0000000707200000, 0x0000000707400000|  0%| F|  |TAMS 0x0000000707200000| PB 0x0000000707200000| Untracked 
|  58|0x0000000707400000, 0x0000000707400000, 0x0000000707600000|  0%| F|  |TAMS 0x0000000707400000| PB 0x0000000707400000| Untracked 
|  59|0x0000000707600000, 0x0000000707600000, 0x0000000707800000|  0%| F|  |TAMS 0x0000000707600000| PB 0x0000000707600000| Untracked 
|  60|0x0000000707800000, 0x0000000707800000, 0x0000000707a00000|  0%| F|  |TAMS 0x0000000707800000| PB 0x0000000707800000| Untracked 
|  61|0x0000000707a00000, 0x0000000707a00000, 0x0000000707c00000|  0%| F|  |TAMS 0x0000000707a00000| PB 0x0000000707a00000| Untracked 
|  62|0x0000000707c00000, 0x0000000707c00000, 0x0000000707e00000|  0%| F|  |TAMS 0x0000000707c00000| PB 0x0000000707c00000| Untracked 
|  63|0x0000000707e00000, 0x0000000707e00000, 0x0000000708000000|  0%| F|  |TAMS 0x0000000707e00000| PB 0x0000000707e00000| Untracked 
|  64|0x0000000708000000, 0x0000000708000000, 0x0000000708200000|  0%| F|  |TAMS 0x0000000708000000| PB 0x0000000708000000| Untracked 
|  65|0x0000000708200000, 0x0000000708200000, 0x0000000708400000|  0%| F|  |TAMS 0x0000000708200000| PB 0x0000000708200000| Untracked 
|  66|0x0000000708400000, 0x0000000708400000, 0x0000000708600000|  0%| F|  |TAMS 0x0000000708400000| PB 0x0000000708400000| Untracked 
|  67|0x0000000708600000, 0x0000000708600000, 0x0000000708800000|  0%| F|  |TAMS 0x0000000708600000| PB 0x0000000708600000| Untracked 
|  68|0x0000000708800000, 0x0000000708800000, 0x0000000708a00000|  0%| F|  |TAMS 0x0000000708800000| PB 0x0000000708800000| Untracked 
|  69|0x0000000708a00000, 0x0000000708a00000, 0x0000000708c00000|  0%| F|  |TAMS 0x0000000708a00000| PB 0x0000000708a00000| Untracked 
|  70|0x0000000708c00000, 0x0000000708c00000, 0x0000000708e00000|  0%| F|  |TAMS 0x0000000708c00000| PB 0x0000000708c00000| Untracked 
|  71|0x0000000708e00000, 0x0000000708e00000, 0x0000000709000000|  0%| F|  |TAMS 0x0000000708e00000| PB 0x0000000708e00000| Untracked 
|  72|0x0000000709000000, 0x0000000709000000, 0x0000000709200000|  0%| F|  |TAMS 0x0000000709000000| PB 0x0000000709000000| Untracked 
|  73|0x0000000709200000, 0x0000000709200000, 0x0000000709400000|  0%| F|  |TAMS 0x0000000709200000| PB 0x0000000709200000| Untracked 
|  74|0x0000000709400000, 0x0000000709400000, 0x0000000709600000|  0%| F|  |TAMS 0x0000000709400000| PB 0x0000000709400000| Untracked 
|  75|0x0000000709600000, 0x0000000709600000, 0x0000000709800000|  0%| F|  |TAMS 0x0000000709600000| PB 0x0000000709600000| Untracked 
|  76|0x0000000709800000, 0x0000000709800000, 0x0000000709a00000|  0%| F|  |TAMS 0x0000000709800000| PB 0x0000000709800000| Untracked 
|  77|0x0000000709a00000, 0x0000000709a00000, 0x0000000709c00000|  0%| F|  |TAMS 0x0000000709a00000| PB 0x0000000709a00000| Untracked 
|  78|0x0000000709c00000, 0x0000000709c00000, 0x0000000709e00000|  0%| F|  |TAMS 0x0000000709c00000| PB 0x0000000709c00000| Untracked 
|  79|0x0000000709e00000, 0x0000000709e00000, 0x000000070a000000|  0%| F|  |TAMS 0x0000000709e00000| PB 0x0000000709e00000| Untracked 
|  80|0x000000070a000000, 0x000000070a000000, 0x000000070a200000|  0%| F|  |TAMS 0x000000070a000000| PB 0x000000070a000000| Untracked 
|  81|0x000000070a200000, 0x000000070a200000, 0x000000070a400000|  0%| F|  |TAMS 0x000000070a200000| PB 0x000000070a200000| Untracked 
|  82|0x000000070a400000, 0x000000070a400000, 0x000000070a600000|  0%| F|  |TAMS 0x000000070a400000| PB 0x000000070a400000| Untracked 
|  83|0x000000070a600000, 0x000000070a600000, 0x000000070a800000|  0%| F|  |TAMS 0x000000070a600000| PB 0x000000070a600000| Untracked 
|  84|0x000000070a800000, 0x000000070a800000, 0x000000070aa00000|  0%| F|  |TAMS 0x000000070a800000| PB 0x000000070a800000| Untracked 
|  85|0x000000070aa00000, 0x000000070aa00000, 0x000000070ac00000|  0%| F|  |TAMS 0x000000070aa00000| PB 0x000000070aa00000| Untracked 
|  86|0x000000070ac00000, 0x000000070ac00000, 0x000000070ae00000|  0%| F|  |TAMS 0x000000070ac00000| PB 0x000000070ac00000| Untracked 
|  87|0x000000070ae00000, 0x000000070ae00000, 0x000000070b000000|  0%| F|  |TAMS 0x000000070ae00000| PB 0x000000070ae00000| Untracked 
|  88|0x000000070b000000, 0x000000070b000000, 0x000000070b200000|  0%| F|  |TAMS 0x000000070b000000| PB 0x000000070b000000| Untracked 
|  89|0x000000070b200000, 0x000000070b200000, 0x000000070b400000|  0%| F|  |TAMS 0x000000070b200000| PB 0x000000070b200000| Untracked 
|  90|0x000000070b400000, 0x000000070b400000, 0x000000070b600000|  0%| F|  |TAMS 0x000000070b400000| PB 0x000000070b400000| Untracked 
|  91|0x000000070b600000, 0x000000070b600000, 0x000000070b800000|  0%| F|  |TAMS 0x000000070b600000| PB 0x000000070b600000| Untracked 
|  92|0x000000070b800000, 0x000000070b800000, 0x000000070ba00000|  0%| F|  |TAMS 0x000000070b800000| PB 0x000000070b800000| Untracked 
|  93|0x000000070ba00000, 0x000000070ba00000, 0x000000070bc00000|  0%| F|  |TAMS 0x000000070ba00000| PB 0x000000070ba00000| Untracked 
|  94|0x000000070bc00000, 0x000000070bc00000, 0x000000070be00000|  0%| F|  |TAMS 0x000000070bc00000| PB 0x000000070bc00000| Untracked 
|  95|0x000000070be00000, 0x000000070be00000, 0x000000070c000000|  0%| F|  |TAMS 0x000000070be00000| PB 0x000000070be00000| Untracked 
|  96|0x000000070c000000, 0x000000070c000000, 0x000000070c200000|  0%| F|  |TAMS 0x000000070c000000| PB 0x000000070c000000| Untracked 
|  97|0x000000070c200000, 0x000000070c200000, 0x000000070c400000|  0%| F|  |TAMS 0x000000070c200000| PB 0x000000070c200000| Untracked 
|  98|0x000000070c400000, 0x000000070c400000, 0x000000070c600000|  0%| F|  |TAMS 0x000000070c400000| PB 0x000000070c400000| Untracked 
|  99|0x000000070c600000, 0x000000070c600000, 0x000000070c800000|  0%| F|  |TAMS 0x000000070c600000| PB 0x000000070c600000| Untracked 
| 100|0x000000070c800000, 0x000000070c800000, 0x000000070ca00000|  0%| F|  |TAMS 0x000000070c800000| PB 0x000000070c800000| Untracked 
| 101|0x000000070ca00000, 0x000000070ca00000, 0x000000070cc00000|  0%| F|  |TAMS 0x000000070ca00000| PB 0x000000070ca00000| Untracked 
| 102|0x000000070cc00000, 0x000000070cc00000, 0x000000070ce00000|  0%| F|  |TAMS 0x000000070cc00000| PB 0x000000070cc00000| Untracked 
| 103|0x000000070ce00000, 0x000000070ce00000, 0x000000070d000000|  0%| F|  |TAMS 0x000000070ce00000| PB 0x000000070ce00000| Untracked 
| 104|0x000000070d000000, 0x000000070d000000, 0x000000070d200000|  0%| F|  |TAMS 0x000000070d000000| PB 0x000000070d000000| Untracked 
| 105|0x000000070d200000, 0x000000070d200000, 0x000000070d400000|  0%| F|  |TAMS 0x000000070d200000| PB 0x000000070d200000| Untracked 
| 106|0x000000070d400000, 0x000000070d400000, 0x000000070d600000|  0%| F|  |TAMS 0x000000070d400000| PB 0x000000070d400000| Untracked 
| 107|0x000000070d600000, 0x000000070d600000, 0x000000070d800000|  0%| F|  |TAMS 0x000000070d600000| PB 0x000000070d600000| Untracked 
| 108|0x000000070d800000, 0x000000070d800000, 0x000000070da00000|  0%| F|  |TAMS 0x000000070d800000| PB 0x000000070d800000| Untracked 
| 109|0x000000070da00000, 0x000000070da00000, 0x000000070dc00000|  0%| F|  |TAMS 0x000000070da00000| PB 0x000000070da00000| Untracked 
| 110|0x000000070dc00000, 0x000000070dc00000, 0x000000070de00000|  0%| F|  |TAMS 0x000000070dc00000| PB 0x000000070dc00000| Untracked 
| 111|0x000000070de00000, 0x000000070de00000, 0x000000070e000000|  0%| F|  |TAMS 0x000000070de00000| PB 0x000000070de00000| Untracked 
| 112|0x000000070e000000, 0x000000070e000000, 0x000000070e200000|  0%| F|  |TAMS 0x000000070e000000| PB 0x000000070e000000| Untracked 
| 113|0x000000070e200000, 0x000000070e200000, 0x000000070e400000|  0%| F|  |TAMS 0x000000070e200000| PB 0x000000070e200000| Untracked 
| 114|0x000000070e400000, 0x000000070e400000, 0x000000070e600000|  0%| F|  |TAMS 0x000000070e400000| PB 0x000000070e400000| Untracked 
| 115|0x000000070e600000, 0x000000070e600000, 0x000000070e800000|  0%| F|  |TAMS 0x000000070e600000| PB 0x000000070e600000| Untracked 
| 116|0x000000070e800000, 0x000000070e800000, 0x000000070ea00000|  0%| F|  |TAMS 0x000000070e800000| PB 0x000000070e800000| Untracked 
| 117|0x000000070ea00000, 0x000000070ea00000, 0x000000070ec00000|  0%| F|  |TAMS 0x000000070ea00000| PB 0x000000070ea00000| Untracked 
| 118|0x000000070ec00000, 0x000000070ec00000, 0x000000070ee00000|  0%| F|  |TAMS 0x000000070ec00000| PB 0x000000070ec00000| Untracked 
| 119|0x000000070ee00000, 0x000000070ee00000, 0x000000070f000000|  0%| F|  |TAMS 0x000000070ee00000| PB 0x000000070ee00000| Untracked 
| 120|0x000000070f000000, 0x000000070f000000, 0x000000070f200000|  0%| F|  |TAMS 0x000000070f000000| PB 0x000000070f000000| Untracked 
| 121|0x000000070f200000, 0x000000070f200000, 0x000000070f400000|  0%| F|  |TAMS 0x000000070f200000| PB 0x000000070f200000| Untracked 
| 122|0x000000070f400000, 0x000000070f400000, 0x000000070f600000|  0%| F|  |TAMS 0x000000070f400000| PB 0x000000070f400000| Untracked 
| 123|0x000000070f600000, 0x000000070f600000, 0x000000070f800000|  0%| F|  |TAMS 0x000000070f600000| PB 0x000000070f600000| Untracked 
| 124|0x000000070f800000, 0x000000070f800000, 0x000000070fa00000|  0%| F|  |TAMS 0x000000070f800000| PB 0x000000070f800000| Untracked 
| 125|0x000000070fa00000, 0x000000070fa00000, 0x000000070fc00000|  0%| F|  |TAMS 0x000000070fa00000| PB 0x000000070fa00000| Untracked 
| 126|0x000000070fc00000, 0x000000070fc00000, 0x000000070fe00000|  0%| F|  |TAMS 0x000000070fc00000| PB 0x000000070fc00000| Untracked 
| 127|0x000000070fe00000, 0x000000070fe00000, 0x0000000710000000|  0%| F|  |TAMS 0x000000070fe00000| PB 0x000000070fe00000| Untracked 
| 128|0x0000000710000000, 0x0000000710000000, 0x0000000710200000|  0%| F|  |TAMS 0x0000000710000000| PB 0x0000000710000000| Untracked 
| 129|0x0000000710200000, 0x0000000710200000, 0x0000000710400000|  0%| F|  |TAMS 0x0000000710200000| PB 0x0000000710200000| Untracked 
| 130|0x0000000710400000, 0x0000000710400000, 0x0000000710600000|  0%| F|  |TAMS 0x0000000710400000| PB 0x0000000710400000| Untracked 
| 131|0x0000000710600000, 0x0000000710600000, 0x0000000710800000|  0%| F|  |TAMS 0x0000000710600000| PB 0x0000000710600000| Untracked 
| 132|0x0000000710800000, 0x00000007109cfe50, 0x0000000710a00000| 90%| S|CS|TAMS 0x0000000710800000| PB 0x0000000710800000| Complete 
| 133|0x0000000710a00000, 0x0000000710a00000, 0x0000000710c00000|  0%| F|  |TAMS 0x0000000710a00000| PB 0x0000000710a00000| Untracked 
| 134|0x0000000710c00000, 0x0000000710c00000, 0x0000000710e00000|  0%| F|  |TAMS 0x0000000710c00000| PB 0x0000000710c00000| Untracked 
| 135|0x0000000710e00000, 0x0000000710e00000, 0x0000000711000000|  0%| F|  |TAMS 0x0000000710e00000| PB 0x0000000710e00000| Untracked 
| 136|0x0000000711000000, 0x0000000711000000, 0x0000000711200000|  0%| F|  |TAMS 0x0000000711000000| PB 0x0000000711000000| Untracked 
| 137|0x0000000711200000, 0x0000000711200000, 0x0000000711400000|  0%| F|  |TAMS 0x0000000711200000| PB 0x0000000711200000| Untracked 
| 138|0x0000000711400000, 0x0000000711400000, 0x0000000711600000|  0%| F|  |TAMS 0x0000000711400000| PB 0x0000000711400000| Untracked 
| 139|0x0000000711600000, 0x0000000711600000, 0x0000000711800000|  0%| F|  |TAMS 0x0000000711600000| PB 0x0000000711600000| Untracked 
| 140|0x0000000711800000, 0x0000000711800000, 0x0000000711a00000|  0%| F|  |TAMS 0x0000000711800000| PB 0x0000000711800000| Untracked 
| 141|0x0000000711a00000, 0x0000000711a00000, 0x0000000711c00000|  0%| F|  |TAMS 0x0000000711a00000| PB 0x0000000711a00000| Untracked 
| 142|0x0000000711c00000, 0x0000000711c00000, 0x0000000711e00000|  0%| F|  |TAMS 0x0000000711c00000| PB 0x0000000711c00000| Untracked 
| 143|0x0000000711e00000, 0x0000000711e00000, 0x0000000712000000|  0%| F|  |TAMS 0x0000000711e00000| PB 0x0000000711e00000| Untracked 
| 144|0x0000000712000000, 0x0000000712000000, 0x0000000712200000|  0%| F|  |TAMS 0x0000000712000000| PB 0x0000000712000000| Untracked 
| 145|0x0000000712200000, 0x0000000712200000, 0x0000000712400000|  0%| F|  |TAMS 0x0000000712200000| PB 0x0000000712200000| Untracked 
| 146|0x0000000712400000, 0x0000000712400000, 0x0000000712600000|  0%| F|  |TAMS 0x0000000712400000| PB 0x0000000712400000| Untracked 
| 147|0x0000000712600000, 0x0000000712600000, 0x0000000712800000|  0%| F|  |TAMS 0x0000000712600000| PB 0x0000000712600000| Untracked 
| 148|0x0000000712800000, 0x0000000712800000, 0x0000000712a00000|  0%| F|  |TAMS 0x0000000712800000| PB 0x0000000712800000| Untracked 
| 149|0x0000000712a00000, 0x0000000712a00000, 0x0000000712c00000|  0%| F|  |TAMS 0x0000000712a00000| PB 0x0000000712a00000| Untracked 
| 150|0x0000000712c00000, 0x0000000712c00000, 0x0000000712e00000|  0%| F|  |TAMS 0x0000000712c00000| PB 0x0000000712c00000| Untracked 
| 151|0x0000000712e00000, 0x0000000712e00000, 0x0000000713000000|  0%| F|  |TAMS 0x0000000712e00000| PB 0x0000000712e00000| Untracked 
| 152|0x0000000713000000, 0x0000000713000000, 0x0000000713200000|  0%| F|  |TAMS 0x0000000713000000| PB 0x0000000713000000| Untracked 
| 153|0x0000000713200000, 0x0000000713200000, 0x0000000713400000|  0%| F|  |TAMS 0x0000000713200000| PB 0x0000000713200000| Untracked 
| 154|0x0000000713400000, 0x0000000713400000, 0x0000000713600000|  0%| F|  |TAMS 0x0000000713400000| PB 0x0000000713400000| Untracked 
| 155|0x0000000713600000, 0x0000000713600000, 0x0000000713800000|  0%| F|  |TAMS 0x0000000713600000| PB 0x0000000713600000| Untracked 
| 156|0x0000000713800000, 0x0000000713800000, 0x0000000713a00000|  0%| F|  |TAMS 0x0000000713800000| PB 0x0000000713800000| Untracked 
| 157|0x0000000713a00000, 0x0000000713a00000, 0x0000000713c00000|  0%| F|  |TAMS 0x0000000713a00000| PB 0x0000000713a00000| Untracked 
| 158|0x0000000713c00000, 0x0000000713c00000, 0x0000000713e00000|  0%| F|  |TAMS 0x0000000713c00000| PB 0x0000000713c00000| Untracked 
| 159|0x0000000713e00000, 0x0000000713e00000, 0x0000000714000000|  0%| F|  |TAMS 0x0000000713e00000| PB 0x0000000713e00000| Untracked 
| 160|0x0000000714000000, 0x0000000714000000, 0x0000000714200000|  0%| F|  |TAMS 0x0000000714000000| PB 0x0000000714000000| Untracked 
| 161|0x0000000714200000, 0x0000000714200000, 0x0000000714400000|  0%| F|  |TAMS 0x0000000714200000| PB 0x0000000714200000| Untracked 
| 162|0x0000000714400000, 0x0000000714400000, 0x0000000714600000|  0%| F|  |TAMS 0x0000000714400000| PB 0x0000000714400000| Untracked 
| 163|0x0000000714600000, 0x0000000714600000, 0x0000000714800000|  0%| F|  |TAMS 0x0000000714600000| PB 0x0000000714600000| Untracked 
| 164|0x0000000714800000, 0x0000000714800000, 0x0000000714a00000|  0%| F|  |TAMS 0x0000000714800000| PB 0x0000000714800000| Untracked 
| 165|0x0000000714a00000, 0x0000000714a00000, 0x0000000714c00000|  0%| F|  |TAMS 0x0000000714a00000| PB 0x0000000714a00000| Untracked 
| 166|0x0000000714c00000, 0x0000000714c00000, 0x0000000714e00000|  0%| F|  |TAMS 0x0000000714c00000| PB 0x0000000714c00000| Untracked 
| 167|0x0000000714e00000, 0x0000000714e00000, 0x0000000715000000|  0%| F|  |TAMS 0x0000000714e00000| PB 0x0000000714e00000| Untracked 
| 168|0x0000000715000000, 0x0000000715000000, 0x0000000715200000|  0%| F|  |TAMS 0x0000000715000000| PB 0x0000000715000000| Untracked 
| 169|0x0000000715200000, 0x0000000715200000, 0x0000000715400000|  0%| F|  |TAMS 0x0000000715200000| PB 0x0000000715200000| Untracked 
| 170|0x0000000715400000, 0x0000000715400000, 0x0000000715600000|  0%| F|  |TAMS 0x0000000715400000| PB 0x0000000715400000| Untracked 
| 171|0x0000000715600000, 0x0000000715600000, 0x0000000715800000|  0%| F|  |TAMS 0x0000000715600000| PB 0x0000000715600000| Untracked 
| 172|0x0000000715800000, 0x0000000715800000, 0x0000000715a00000|  0%| F|  |TAMS 0x0000000715800000| PB 0x0000000715800000| Untracked 
| 173|0x0000000715a00000, 0x0000000715a00000, 0x0000000715c00000|  0%| F|  |TAMS 0x0000000715a00000| PB 0x0000000715a00000| Untracked 
| 174|0x0000000715c00000, 0x0000000715c00000, 0x0000000715e00000|  0%| F|  |TAMS 0x0000000715c00000| PB 0x0000000715c00000| Untracked 
| 175|0x0000000715e00000, 0x0000000715e00000, 0x0000000716000000|  0%| F|  |TAMS 0x0000000715e00000| PB 0x0000000715e00000| Untracked 
| 176|0x0000000716000000, 0x0000000716000000, 0x0000000716200000|  0%| F|  |TAMS 0x0000000716000000| PB 0x0000000716000000| Untracked 
| 177|0x0000000716200000, 0x0000000716200000, 0x0000000716400000|  0%| F|  |TAMS 0x0000000716200000| PB 0x0000000716200000| Untracked 
| 178|0x0000000716400000, 0x0000000716400000, 0x0000000716600000|  0%| F|  |TAMS 0x0000000716400000| PB 0x0000000716400000| Untracked 
| 179|0x0000000716600000, 0x0000000716600000, 0x0000000716800000|  0%| F|  |TAMS 0x0000000716600000| PB 0x0000000716600000| Untracked 
| 180|0x0000000716800000, 0x0000000716800000, 0x0000000716a00000|  0%| F|  |TAMS 0x0000000716800000| PB 0x0000000716800000| Untracked 
| 181|0x0000000716a00000, 0x0000000716a00000, 0x0000000716c00000|  0%| F|  |TAMS 0x0000000716a00000| PB 0x0000000716a00000| Untracked 
| 182|0x0000000716c00000, 0x0000000716c00000, 0x0000000716e00000|  0%| F|  |TAMS 0x0000000716c00000| PB 0x0000000716c00000| Untracked 
| 183|0x0000000716e00000, 0x0000000716e00000, 0x0000000717000000|  0%| F|  |TAMS 0x0000000716e00000| PB 0x0000000716e00000| Untracked 
| 184|0x0000000717000000, 0x0000000717000000, 0x0000000717200000|  0%| F|  |TAMS 0x0000000717000000| PB 0x0000000717000000| Untracked 
| 185|0x0000000717200000, 0x0000000717200000, 0x0000000717400000|  0%| F|  |TAMS 0x0000000717200000| PB 0x0000000717200000| Untracked 
| 186|0x0000000717400000, 0x0000000717400000, 0x0000000717600000|  0%| F|  |TAMS 0x0000000717400000| PB 0x0000000717400000| Untracked 
| 187|0x0000000717600000, 0x0000000717600000, 0x0000000717800000|  0%| F|  |TAMS 0x0000000717600000| PB 0x0000000717600000| Untracked 
| 188|0x0000000717800000, 0x0000000717800000, 0x0000000717a00000|  0%| F|  |TAMS 0x0000000717800000| PB 0x0000000717800000| Untracked 
| 189|0x0000000717a00000, 0x0000000717a00000, 0x0000000717c00000|  0%| F|  |TAMS 0x0000000717a00000| PB 0x0000000717a00000| Untracked 
| 190|0x0000000717c00000, 0x0000000717c00000, 0x0000000717e00000|  0%| F|  |TAMS 0x0000000717c00000| PB 0x0000000717c00000| Untracked 
| 191|0x0000000717e00000, 0x0000000717e00000, 0x0000000718000000|  0%| F|  |TAMS 0x0000000717e00000| PB 0x0000000717e00000| Untracked 
| 192|0x0000000718000000, 0x0000000718000000, 0x0000000718200000|  0%| F|  |TAMS 0x0000000718000000| PB 0x0000000718000000| Untracked 
| 193|0x0000000718200000, 0x0000000718200000, 0x0000000718400000|  0%| F|  |TAMS 0x0000000718200000| PB 0x0000000718200000| Untracked 
| 194|0x0000000718400000, 0x0000000718400000, 0x0000000718600000|  0%| F|  |TAMS 0x0000000718400000| PB 0x0000000718400000| Untracked 
| 195|0x0000000718600000, 0x0000000718600000, 0x0000000718800000|  0%| F|  |TAMS 0x0000000718600000| PB 0x0000000718600000| Untracked 
| 196|0x0000000718800000, 0x0000000718800000, 0x0000000718a00000|  0%| F|  |TAMS 0x0000000718800000| PB 0x0000000718800000| Untracked 
| 197|0x0000000718a00000, 0x0000000718a00000, 0x0000000718c00000|  0%| F|  |TAMS 0x0000000718a00000| PB 0x0000000718a00000| Untracked 
| 198|0x0000000718c00000, 0x0000000718c00000, 0x0000000718e00000|  0%| F|  |TAMS 0x0000000718c00000| PB 0x0000000718c00000| Untracked 
| 199|0x0000000718e00000, 0x0000000718e00000, 0x0000000719000000|  0%| F|  |TAMS 0x0000000718e00000| PB 0x0000000718e00000| Untracked 
| 200|0x0000000719000000, 0x0000000719000000, 0x0000000719200000|  0%| F|  |TAMS 0x0000000719000000| PB 0x0000000719000000| Untracked 
| 201|0x0000000719200000, 0x0000000719200000, 0x0000000719400000|  0%| F|  |TAMS 0x0000000719200000| PB 0x0000000719200000| Untracked 
| 202|0x0000000719400000, 0x0000000719400000, 0x0000000719600000|  0%| F|  |TAMS 0x0000000719400000| PB 0x0000000719400000| Untracked 
| 203|0x0000000719600000, 0x0000000719600000, 0x0000000719800000|  0%| F|  |TAMS 0x0000000719600000| PB 0x0000000719600000| Untracked 
| 204|0x0000000719800000, 0x0000000719800000, 0x0000000719a00000|  0%| F|  |TAMS 0x0000000719800000| PB 0x0000000719800000| Untracked 
| 205|0x0000000719a00000, 0x0000000719a00000, 0x0000000719c00000|  0%| F|  |TAMS 0x0000000719a00000| PB 0x0000000719a00000| Untracked 
| 206|0x0000000719c00000, 0x0000000719c00000, 0x0000000719e00000|  0%| F|  |TAMS 0x0000000719c00000| PB 0x0000000719c00000| Untracked 
| 207|0x0000000719e00000, 0x0000000719e00000, 0x000000071a000000|  0%| F|  |TAMS 0x0000000719e00000| PB 0x0000000719e00000| Untracked 
| 208|0x000000071a000000, 0x000000071a000000, 0x000000071a200000|  0%| F|  |TAMS 0x000000071a000000| PB 0x000000071a000000| Untracked 
| 209|0x000000071a200000, 0x000000071a200000, 0x000000071a400000|  0%| F|  |TAMS 0x000000071a200000| PB 0x000000071a200000| Untracked 
| 210|0x000000071a400000, 0x000000071a400000, 0x000000071a600000|  0%| F|  |TAMS 0x000000071a400000| PB 0x000000071a400000| Untracked 
| 211|0x000000071a600000, 0x000000071a600000, 0x000000071a800000|  0%| F|  |TAMS 0x000000071a600000| PB 0x000000071a600000| Untracked 
| 212|0x000000071a800000, 0x000000071a800000, 0x000000071aa00000|  0%| F|  |TAMS 0x000000071a800000| PB 0x000000071a800000| Untracked 
| 213|0x000000071aa00000, 0x000000071aa00000, 0x000000071ac00000|  0%| F|  |TAMS 0x000000071aa00000| PB 0x000000071aa00000| Untracked 
| 214|0x000000071ac00000, 0x000000071ac00000, 0x000000071ae00000|  0%| F|  |TAMS 0x000000071ac00000| PB 0x000000071ac00000| Untracked 
| 215|0x000000071ae00000, 0x000000071ae00000, 0x000000071b000000|  0%| F|  |TAMS 0x000000071ae00000| PB 0x000000071ae00000| Untracked 
| 216|0x000000071b000000, 0x000000071b000000, 0x000000071b200000|  0%| F|  |TAMS 0x000000071b000000| PB 0x000000071b000000| Untracked 
| 217|0x000000071b200000, 0x000000071b200000, 0x000000071b400000|  0%| F|  |TAMS 0x000000071b200000| PB 0x000000071b200000| Untracked 
| 218|0x000000071b400000, 0x000000071b400000, 0x000000071b600000|  0%| F|  |TAMS 0x000000071b400000| PB 0x000000071b400000| Untracked 
| 219|0x000000071b600000, 0x000000071b600000, 0x000000071b800000|  0%| F|  |TAMS 0x000000071b600000| PB 0x000000071b600000| Untracked 
| 220|0x000000071b800000, 0x000000071b800000, 0x000000071ba00000|  0%| F|  |TAMS 0x000000071b800000| PB 0x000000071b800000| Untracked 
| 221|0x000000071ba00000, 0x000000071ba00000, 0x000000071bc00000|  0%| F|  |TAMS 0x000000071ba00000| PB 0x000000071ba00000| Untracked 
| 222|0x000000071bc00000, 0x000000071bc00000, 0x000000071be00000|  0%| F|  |TAMS 0x000000071bc00000| PB 0x000000071bc00000| Untracked 
| 223|0x000000071be00000, 0x000000071be00000, 0x000000071c000000|  0%| F|  |TAMS 0x000000071be00000| PB 0x000000071be00000| Untracked 
| 224|0x000000071c000000, 0x000000071c000000, 0x000000071c200000|  0%| F|  |TAMS 0x000000071c000000| PB 0x000000071c000000| Untracked 
| 225|0x000000071c200000, 0x000000071c200000, 0x000000071c400000|  0%| F|  |TAMS 0x000000071c200000| PB 0x000000071c200000| Untracked 
| 226|0x000000071c400000, 0x000000071c400000, 0x000000071c600000|  0%| F|  |TAMS 0x000000071c400000| PB 0x000000071c400000| Untracked 
| 227|0x000000071c600000, 0x000000071c600000, 0x000000071c800000|  0%| F|  |TAMS 0x000000071c600000| PB 0x000000071c600000| Untracked 
| 228|0x000000071c800000, 0x000000071c800000, 0x000000071ca00000|  0%| F|  |TAMS 0x000000071c800000| PB 0x000000071c800000| Untracked 
| 229|0x000000071ca00000, 0x000000071ca00000, 0x000000071cc00000|  0%| F|  |TAMS 0x000000071ca00000| PB 0x000000071ca00000| Untracked 
| 230|0x000000071cc00000, 0x000000071cc00000, 0x000000071ce00000|  0%| F|  |TAMS 0x000000071cc00000| PB 0x000000071cc00000| Untracked 
| 231|0x000000071ce00000, 0x000000071ce00000, 0x000000071d000000|  0%| F|  |TAMS 0x000000071ce00000| PB 0x000000071ce00000| Untracked 
| 232|0x000000071d000000, 0x000000071d000000, 0x000000071d200000|  0%| F|  |TAMS 0x000000071d000000| PB 0x000000071d000000| Untracked 
| 233|0x000000071d200000, 0x000000071d200000, 0x000000071d400000|  0%| F|  |TAMS 0x000000071d200000| PB 0x000000071d200000| Untracked 
| 234|0x000000071d400000, 0x000000071d400000, 0x000000071d600000|  0%| F|  |TAMS 0x000000071d400000| PB 0x000000071d400000| Untracked 
| 235|0x000000071d600000, 0x000000071d600000, 0x000000071d800000|  0%| F|  |TAMS 0x000000071d600000| PB 0x000000071d600000| Untracked 
| 236|0x000000071d800000, 0x000000071d800000, 0x000000071da00000|  0%| F|  |TAMS 0x000000071d800000| PB 0x000000071d800000| Untracked 
| 237|0x000000071da00000, 0x000000071da00000, 0x000000071dc00000|  0%| F|  |TAMS 0x000000071da00000| PB 0x000000071da00000| Untracked 
| 238|0x000000071dc00000, 0x000000071dc00000, 0x000000071de00000|  0%| F|  |TAMS 0x000000071dc00000| PB 0x000000071dc00000| Untracked 
| 239|0x000000071de00000, 0x000000071de00000, 0x000000071e000000|  0%| F|  |TAMS 0x000000071de00000| PB 0x000000071de00000| Untracked 
| 240|0x000000071e000000, 0x000000071e000000, 0x000000071e200000|  0%| F|  |TAMS 0x000000071e000000| PB 0x000000071e000000| Untracked 
| 241|0x000000071e200000, 0x000000071e200000, 0x000000071e400000|  0%| F|  |TAMS 0x000000071e200000| PB 0x000000071e200000| Untracked 
| 242|0x000000071e400000, 0x000000071e510a48, 0x000000071e600000| 53%| E|  |TAMS 0x000000071e400000| PB 0x000000071e400000| Complete 
| 243|0x000000071e600000, 0x000000071e800000, 0x000000071e800000|100%| E|CS|TAMS 0x000000071e600000| PB 0x000000071e600000| Complete 
| 244|0x000000071e800000, 0x000000071ea00000, 0x000000071ea00000|100%| E|CS|TAMS 0x000000071e800000| PB 0x000000071e800000| Complete 

Card table byte_map: [0x000001b1ac770000,0x000001b1acf70000] _byte_map_base: 0x000001b1a8f70000

Marking Bits: (CMBitMap*) 0x000001b199ab4d70
 Bits: [0x000001b1acf70000, 0x000001b1b0f70000)

Polling page: 0x000001b197a10000

Metaspace:

Usage:
  Non-class:     60.70 MB used.
      Class:     10.24 MB used.
       Both:     70.93 MB used.

Virtual space:
  Non-class space:       64.00 MB reserved,      61.69 MB ( 96%) committed,  1 nodes.
      Class space:        1.00 GB reserved,      11.25 MB (  1%) committed,  1 nodes.
             Both:        1.06 GB reserved,      72.94 MB (  7%) committed. 

Chunk freelists:
   Non-Class:  1.88 MB
       Class:  4.77 MB
        Both:  6.64 MB

MaxMetaspaceSize: unlimited
CompressedClassSpaceSize: 1.00 GB
Initial GC threshold: 21.00 MB
Current GC threshold: 118.88 MB
CDS: on
 - commit_granule_bytes: 65536.
 - commit_granule_words: 8192.
 - virtual_space_node_default_size: 8388608.
 - enlarge_chunks_in_place: 1.
 - use_allocation_guard: 0.


Internal statistics:

num_allocs_failed_limit: 6.
num_arena_births: 3758.
num_arena_deaths: 0.
num_vsnodes_births: 2.
num_vsnodes_deaths: 0.
num_space_committed: 1167.
num_space_uncommitted: 0.
num_chunks_returned_to_freelist: 6.
num_chunks_taken_from_freelist: 7271.
num_chunk_merges: 6.
num_chunk_splits: 4688.
num_chunks_enlarged: 2852.
num_inconsistent_stats: 0.

CodeHeap 'non-profiled nmethods': size=120000Kb used=5007Kb max_used=5007Kb free=114992Kb
 bounds [0x000001b1a4710000, 0x000001b1a4c00000, 0x000001b1abc40000]
CodeHeap 'profiled nmethods': size=120000Kb used=16055Kb max_used=16055Kb free=103944Kb
 bounds [0x000001b19cc40000, 0x000001b19dbf0000, 0x000001b1a4170000]
CodeHeap 'non-nmethods': size=5760Kb used=2670Kb max_used=2711Kb free=3089Kb
 bounds [0x000001b1a4170000, 0x000001b1a4420000, 0x000001b1a4710000]
CodeCache: size=245760Kb, used=23732Kb, max_used=23773Kb, free=222025Kb
 total_blobs=9467, nmethods=8531, adapters=840, full_count=0
Compilation: enabled, stopped_count=0, restarted_count=0

Compilation events (20 events):
Event: 1164.472 Thread 0x000001b1b39ecfd0 10072       3       java.util.HashMap$TreeNode::getTreeNode (22 bytes)
Event: 1164.472 Thread 0x000001b1b39ecfd0 nmethod 10072 0x000001b19dbe7710 code [0x000001b19dbe78e0, 0x000001b19dbe7b80]
Event: 1164.489 Thread 0x000001b1b39ecfd0 10075   !   3       jdk.proxy2.$Proxy10::annotationType (29 bytes)
Event: 1164.489 Thread 0x000001b1b39ecfd0 nmethod 10075 0x000001b19dbe7d10 code [0x000001b19dbe7ee0, 0x000001b19dbe82e8]
Event: 1164.541 Thread 0x000001b1b39ecfd0 10076       3       java.util.HashMap$TreeNode::<init> (10 bytes)
Event: 1164.541 Thread 0x000001b1b39ecfd0 nmethod 10076 0x000001b19dbe8490 code [0x000001b19dbe8640, 0x000001b19dbe8778]
Event: 1164.541 Thread 0x000001b1b39ecfd0 10077       3       java.util.HashMap$TreeNode::balanceInsertion (245 bytes)
Event: 1164.543 Thread 0x000001b1b39ecfd0 nmethod 10077 0x000001b19dbe8810 code [0x000001b19dbe8a80, 0x000001b19dbe93e0]
Event: 1164.550 Thread 0x000001b1b39ecfd0 10079       3       com.google.common.collect.ImmutableSortedSet$Builder::sortAndDedup (146 bytes)
Event: 1164.552 Thread 0x000001b1b39ecfd0 nmethod 10079 0x000001b19dbe9810 code [0x000001b19dbe9b20, 0x000001b19dbeabb0]
Event: 1164.552 Thread 0x000001b1b39ecfd0 10080       3       com.google.common.collect.SingletonImmutableBiMap::createEntrySet (15 bytes)
Event: 1164.553 Thread 0x000001b1b39ecfd0 nmethod 10080 0x000001b19dbeb190 code [0x000001b19dbeb3a0, 0x000001b19dbebab0]
Event: 1164.553 Thread 0x000001b1b39ecfd0 10081       3       org.gradle.cache.internal.DefaultCrossBuildInMemoryCacheFactory$DefaultCrossBuildInMemoryCache::retainValue (20 bytes)
Event: 1164.553 Thread 0x000001b1b39ecfd0 nmethod 10081 0x000001b19dbebd10 code [0x000001b19dbebf00, 0x000001b19dbec3d0]
Event: 1164.633 Thread 0x000001b1b39ecfd0 10082       3       org.gradle.api.internal.collections.CollectionFilter$1::execute (24 bytes)
Event: 1164.634 Thread 0x000001b1b39ecfd0 nmethod 10082 0x000001b19dbec590 code [0x000001b19dbec760, 0x000001b19dbec9d0]
Event: 1164.634 Thread 0x000001b1b39ecfd0 10083   !   3       org.gradle.internal.resources.DefaultResourceLockCoordinationService::getCurrent (33 bytes)
Event: 1164.636 Thread 0x000001b1b39ecfd0 nmethod 10083 0x000001b19dbecb10 code [0x000001b19dbeccc0, 0x000001b19dbecf88]
Event: 1164.636 Thread 0x000001b1b39ecfd0 10084       3       org.gradle.api.internal.provider.ValueSupplier$Missing::pushWhenMissing (48 bytes)
Event: 1164.638 Thread 0x000001b1b39ecfd0 nmethod 10084 0x000001b19dbed090 code [0x000001b19dbed2e0, 0x000001b19dbedb30]

GC Heap History (20 events):
Event: 768.059 GC heap before
{Heap before GC invocations=44 (full 0):
 garbage-first heap   total 141312K, used 64526K [0x0000000700000000, 0x0000000800000000)
  region size 2048K, 3 young (6144K), 1 survivors (2048K)
 Metaspace       used 70934K, committed 73024K, reserved 1114112K
  class space    used 10227K, committed 11264K, reserved 1048576K
}
Event: 769.009 GC heap after
{Heap after GC invocations=45 (full 0):
 garbage-first heap   total 282624K, used 62390K [0x0000000700000000, 0x0000000800000000)
  region size 2048K, 1 young (2048K), 1 survivors (2048K)
 Metaspace       used 70934K, committed 73024K, reserved 1114112K
  class space    used 10227K, committed 11264K, reserved 1048576K
}
Event: 840.518 GC heap before
{Heap before GC invocations=45 (full 0):
 garbage-first heap   total 282624K, used 70582K [0x0000000700000000, 0x0000000800000000)
  region size 2048K, 6 young (12288K), 1 survivors (2048K)
 Metaspace       used 70944K, committed 73024K, reserved 1114112K
  class space    used 10228K, committed 11264K, reserved 1048576K
}
Event: 840.915 GC heap after
{Heap after GC invocations=46 (full 0):
 garbage-first heap   total 282624K, used 62174K [0x0000000700000000, 0x0000000800000000)
  region size 2048K, 1 young (2048K), 1 survivors (2048K)
 Metaspace       used 70944K, committed 73024K, reserved 1114112K
  class space    used 10228K, committed 11264K, reserved 1048576K
}
Event: 907.407 GC heap before
{Heap before GC invocations=46 (full 0):
 garbage-first heap   total 282624K, used 70366K [0x0000000700000000, 0x0000000800000000)
  region size 2048K, 6 young (12288K), 1 survivors (2048K)
 Metaspace       used 70945K, committed 73024K, reserved 1114112K
  class space    used 10228K, committed 11264K, reserved 1048576K
}
Event: 907.547 GC heap after
{Heap after GC invocations=47 (full 0):
 garbage-first heap   total 282624K, used 62210K [0x0000000700000000, 0x0000000800000000)
  region size 2048K, 1 young (2048K), 1 survivors (2048K)
 Metaspace       used 70945K, committed 73024K, reserved 1114112K
  class space    used 10228K, committed 11264K, reserved 1048576K
}
Event: 953.508 GC heap before
{Heap before GC invocations=47 (full 0):
 garbage-first heap   total 282624K, used 70402K [0x0000000700000000, 0x0000000800000000)
  region size 2048K, 6 young (12288K), 1 survivors (2048K)
 Metaspace       used 70946K, committed 73024K, reserved 1114112K
  class space    used 10228K, committed 11264K, reserved 1048576K
}
Event: 953.593 GC heap after
{Heap after GC invocations=48 (full 0):
 garbage-first heap   total 282624K, used 64009K [0x0000000700000000, 0x0000000800000000)
  region size 2048K, 1 young (2048K), 1 survivors (2048K)
 Metaspace       used 70946K, committed 73024K, reserved 1114112K
  class space    used 10228K, committed 11264K, reserved 1048576K
}
Event: 987.966 GC heap before
{Heap before GC invocations=48 (full 0):
 garbage-first heap   total 282624K, used 74249K [0x0000000700000000, 0x0000000800000000)
  region size 2048K, 6 young (12288K), 1 survivors (2048K)
 Metaspace       used 70952K, committed 73024K, reserved 1114112K
  class space    used 10228K, committed 11264K, reserved 1048576K
}
Event: 988.137 GC heap after
{Heap after GC invocations=49 (full 0):
 garbage-first heap   total 282624K, used 62509K [0x0000000700000000, 0x0000000800000000)
  region size 2048K, 1 young (2048K), 1 survivors (2048K)
 Metaspace       used 70952K, committed 73024K, reserved 1114112K
  class space    used 10228K, committed 11264K, reserved 1048576K
}
Event: 1057.954 GC heap before
{Heap before GC invocations=49 (full 0):
 garbage-first heap   total 282624K, used 72749K [0x0000000700000000, 0x0000000800000000)
  region size 2048K, 6 young (12288K), 1 survivors (2048K)
 Metaspace       used 70957K, committed 73024K, reserved 1114112K
  class space    used 10228K, committed 11264K, reserved 1048576K
}
Event: 1061.236 GC heap after
{Heap after GC invocations=50 (full 0):
 garbage-first heap   total 282624K, used 62729K [0x0000000700000000, 0x0000000800000000)
  region size 2048K, 1 young (2048K), 1 survivors (2048K)
 Metaspace       used 70957K, committed 73024K, reserved 1114112K
  class space    used 10228K, committed 11264K, reserved 1048576K
}
Event: 1094.562 GC heap before
{Heap before GC invocations=50 (full 0):
 garbage-first heap   total 282624K, used 70921K [0x0000000700000000, 0x0000000800000000)
  region size 2048K, 6 young (12288K), 1 survivors (2048K)
 Metaspace       used 71016K, committed 73152K, reserved 1114112K
  class space    used 10235K, committed 11264K, reserved 1048576K
}
Event: 1098.282 GC heap after
{Heap after GC invocations=51 (full 0):
 garbage-first heap   total 282624K, used 62496K [0x0000000700000000, 0x0000000800000000)
  region size 2048K, 1 young (2048K), 1 survivors (2048K)
 Metaspace       used 71016K, committed 73152K, reserved 1114112K
  class space    used 10235K, committed 11264K, reserved 1048576K
}
Event: 1128.174 GC heap before
{Heap before GC invocations=51 (full 0):
 garbage-first heap   total 282624K, used 70688K [0x0000000700000000, 0x0000000800000000)
  region size 2048K, 6 young (12288K), 1 survivors (2048K)
 Metaspace       used 71111K, committed 73216K, reserved 1114112K
  class space    used 10239K, committed 11264K, reserved 1048576K
}
Event: 1128.301 GC heap after
{Heap after GC invocations=52 (full 0):
 garbage-first heap   total 282624K, used 63058K [0x0000000700000000, 0x0000000800000000)
  region size 2048K, 1 young (2048K), 1 survivors (2048K)
 Metaspace       used 71111K, committed 73216K, reserved 1114112K
  class space    used 10239K, committed 11264K, reserved 1048576K
}
Event: 1147.725 GC heap before
{Heap before GC invocations=52 (full 0):
 garbage-first heap   total 282624K, used 71250K [0x0000000700000000, 0x0000000800000000)
  region size 2048K, 6 young (12288K), 1 survivors (2048K)
 Metaspace       used 71529K, committed 73664K, reserved 1114112K
  class space    used 10291K, committed 11328K, reserved 1048576K
}
Event: 1149.979 GC heap after
{Heap after GC invocations=53 (full 0):
 garbage-first heap   total 282624K, used 63323K [0x0000000700000000, 0x0000000800000000)
  region size 2048K, 1 young (2048K), 1 survivors (2048K)
 Metaspace       used 71529K, committed 73664K, reserved 1114112K
  class space    used 10291K, committed 11328K, reserved 1048576K
}
Event: 1164.151 GC heap before
{Heap before GC invocations=53 (full 0):
 garbage-first heap   total 282624K, used 73563K [0x0000000700000000, 0x0000000800000000)
  region size 2048K, 6 young (12288K), 1 survivors (2048K)
 Metaspace       used 72280K, committed 74368K, reserved 1114112K
  class space    used 10415K, committed 11456K, reserved 1048576K
}
Event: 1164.165 GC heap after
{Heap after GC invocations=54 (full 0):
 garbage-first heap   total 501760K, used 64065K [0x0000000700000000, 0x0000000800000000)
  region size 2048K, 1 young (2048K), 1 survivors (2048K)
 Metaspace       used 72280K, committed 74368K, reserved 1114112K
  class space    used 10415K, committed 11456K, reserved 1048576K
}

Dll operation events (20 events):
Event: 1.569 Attempting to load shared library C:\Users\NAGARAJU\.antigravity-ide\extensions\redhat.java-1.56.0-win32-x64\jre\21.0.12.1-win32-x86_64\bin\nio.dll
Event: 1.571 Loaded shared library C:\Users\NAGARAJU\.antigravity-ide\extensions\redhat.java-1.56.0-win32-x64\jre\21.0.12.1-win32-x86_64\bin\nio.dll
Event: 1.618 Attempting to load shared library C:\Users\NAGARAJU\.antigravity-ide\extensions\redhat.java-1.56.0-win32-x64\jre\21.0.12.1-win32-x86_64\bin\zip.dll
Event: 1.618 Loaded shared library C:\Users\NAGARAJU\.antigravity-ide\extensions\redhat.java-1.56.0-win32-x64\jre\21.0.12.1-win32-x86_64\bin\zip.dll
Event: 5.404 Attempting to load shared library C:\Users\NAGARAJU\.antigravity-ide\extensions\redhat.java-1.56.0-win32-x64\jre\21.0.12.1-win32-x86_64\bin\jimage.dll
Event: 5.404 Loaded shared library C:\Users\NAGARAJU\.antigravity-ide\extensions\redhat.java-1.56.0-win32-x64\jre\21.0.12.1-win32-x86_64\bin\jimage.dll
Event: 6.293 Attempting to load shared library C:\Users\NAGARAJU\.antigravity-ide\extensions\redhat.java-1.56.0-win32-x64\jre\21.0.12.1-win32-x86_64\bin\verify.dll
Event: 6.296 Loaded shared library C:\Users\NAGARAJU\.antigravity-ide\extensions\redhat.java-1.56.0-win32-x64\jre\21.0.12.1-win32-x86_64\bin\verify.dll
Event: 6.936 Attempting to load shared library C:\Users\NAGARAJU\.gradle\native\1def1411415f61bf3af743bc5b6707747c0891f09f0c88961ee8f79bc544acac\windows-amd64\native-platform.dll
Event: 6.937 Loaded shared library C:\Users\NAGARAJU\.gradle\native\1def1411415f61bf3af743bc5b6707747c0891f09f0c88961ee8f79bc544acac\windows-amd64\native-platform.dll
Event: 7.003 Attempting to load shared library C:\Users\NAGARAJU\.gradle\native\0.2.7\x86_64-windows-gnu\gradle-fileevents.dll
Event: 7.004 Loaded shared library C:\Users\NAGARAJU\.gradle\native\0.2.7\x86_64-windows-gnu\gradle-fileevents.dll
Event: 16.961 Attempting to load shared library C:\Users\NAGARAJU\.antigravity-ide\extensions\redhat.java-1.56.0-win32-x64\jre\21.0.12.1-win32-x86_64\bin\management.dll
Event: 17.033 Loaded shared library C:\Users\NAGARAJU\.antigravity-ide\extensions\redhat.java-1.56.0-win32-x64\jre\21.0.12.1-win32-x86_64\bin\management.dll
Event: 17.038 Attempting to load shared library C:\Users\NAGARAJU\.antigravity-ide\extensions\redhat.java-1.56.0-win32-x64\jre\21.0.12.1-win32-x86_64\bin\management_ext.dll
Event: 17.042 Loaded shared library C:\Users\NAGARAJU\.antigravity-ide\extensions\redhat.java-1.56.0-win32-x64\jre\21.0.12.1-win32-x86_64\bin\management_ext.dll
Event: 24.422 Attempting to load shared library C:\Users\NAGARAJU\.antigravity-ide\extensions\redhat.java-1.56.0-win32-x64\jre\21.0.12.1-win32-x86_64\bin\extnet.dll
Event: 24.424 Loaded shared library C:\Users\NAGARAJU\.antigravity-ide\extensions\redhat.java-1.56.0-win32-x64\jre\21.0.12.1-win32-x86_64\bin\extnet.dll
Event: 27.394 Attempting to load shared library C:\Users\NAGARAJU\.antigravity-ide\extensions\redhat.java-1.56.0-win32-x64\jre\21.0.12.1-win32-x86_64\bin\sunmscapi.dll
Event: 27.399 Loaded shared library C:\Users\NAGARAJU\.antigravity-ide\extensions\redhat.java-1.56.0-win32-x64\jre\21.0.12.1-win32-x86_64\bin\sunmscapi.dll

Deoptimization events (20 events):
Event: 1163.706 Thread 0x000001b1f98dd420 Uncommon trap: trap_request=0xffffff6e fr.pc=0x000001b1a473401c relative=0x000000000000017c
Event: 1163.706 Thread 0x000001b1f98dd420 Uncommon trap: reason=loop_limit_check action=maybe_recompile pc=0x000001b1a473401c method=java.lang.StringLatin1.lastIndexOf([BII)I @ 19 c2
Event: 1163.706 Thread 0x000001b1f98dd420 DEOPT PACKING pc=0x000001b1a473401c sp=0x00000078d45f79a0
Event: 1163.706 Thread 0x000001b1f98dd420 DEOPT UNPACKING pc=0x000001b1a41c4422 sp=0x00000078d45f7920 mode 2
Event: 1163.884 Thread 0x000001b1f98dd420 Uncommon trap: trap_request=0xffffffde fr.pc=0x000001b1a4ba7d44 relative=0x0000000000000924
Event: 1163.884 Thread 0x000001b1f98dd420 Uncommon trap: reason=class_check action=maybe_recompile pc=0x000001b1a4ba7d44 method=com.google.common.collect.Sets$1$1.computeNext()Ljava/lang/Object; @ 16 c2
Event: 1163.884 Thread 0x000001b1f98dd420 DEOPT PACKING pc=0x000001b1a4ba7d44 sp=0x00000078d45f8b90
Event: 1163.884 Thread 0x000001b1f98dd420 DEOPT UNPACKING pc=0x000001b1a41c4422 sp=0x00000078d45f8aa0 mode 2
Event: 1163.885 Thread 0x000001b1f98dd420 Uncommon trap: trap_request=0xffffffde fr.pc=0x000001b1a4ba7d44 relative=0x0000000000000924
Event: 1163.885 Thread 0x000001b1f98dd420 Uncommon trap: reason=class_check action=maybe_recompile pc=0x000001b1a4ba7d44 method=com.google.common.collect.Sets$1$1.computeNext()Ljava/lang/Object; @ 16 c2
Event: 1163.885 Thread 0x000001b1f98dd420 DEOPT PACKING pc=0x000001b1a4ba7d44 sp=0x00000078d45f8b90
Event: 1163.885 Thread 0x000001b1f98dd420 DEOPT UNPACKING pc=0x000001b1a41c4422 sp=0x00000078d45f8aa0 mode 2
Event: 1163.885 Thread 0x000001b1f98dd420 Uncommon trap: trap_request=0xffffffde fr.pc=0x000001b1a4ba7d44 relative=0x0000000000000924
Event: 1163.885 Thread 0x000001b1f98dd420 Uncommon trap: reason=class_check action=maybe_recompile pc=0x000001b1a4ba7d44 method=com.google.common.collect.Sets$1$1.computeNext()Ljava/lang/Object; @ 16 c2
Event: 1163.885 Thread 0x000001b1f98dd420 DEOPT PACKING pc=0x000001b1a4ba7d44 sp=0x00000078d45f8b90
Event: 1163.885 Thread 0x000001b1f98dd420 DEOPT UNPACKING pc=0x000001b1a41c4422 sp=0x00000078d45f8aa0 mode 2
Event: 1163.885 Thread 0x000001b1f98dd420 Uncommon trap: trap_request=0xffffffde fr.pc=0x000001b1a4ba7d44 relative=0x0000000000000924
Event: 1163.885 Thread 0x000001b1f98dd420 Uncommon trap: reason=class_check action=maybe_recompile pc=0x000001b1a4ba7d44 method=com.google.common.collect.Sets$1$1.computeNext()Ljava/lang/Object; @ 16 c2
Event: 1163.885 Thread 0x000001b1f98dd420 DEOPT PACKING pc=0x000001b1a4ba7d44 sp=0x00000078d45f8b90
Event: 1163.885 Thread 0x000001b1f98dd420 DEOPT UNPACKING pc=0x000001b1a41c4422 sp=0x00000078d45f8aa0 mode 2

Classes loaded (20 events):
Event: 503.066 Loading class javax/xml/parsers/FactoryFinder
Event: 503.067 Loading class javax/xml/parsers/FactoryFinder done
Event: 503.068 Loading class javax/xml/parsers/FactoryFinder$1
Event: 503.068 Loading class javax/xml/parsers/FactoryFinder$1 done
Event: 503.070 Loading class com/sun/org/apache/xerces/internal/jaxp/DocumentBuilderFactoryImpl
Event: 503.071 Loading class com/sun/org/apache/xerces/internal/jaxp/DocumentBuilderFactoryImpl done
Event: 504.161 Loading class java/util/regex/Pattern$SliceI
Event: 504.161 Loading class java/util/regex/Pattern$SliceI done
Event: 507.703 Loading class java/lang/Character$UnicodeBlock
Event: 507.713 Loading class java/lang/Character$Subset
Event: 507.713 Loading class java/lang/Character$Subset done
Event: 507.713 Loading class java/lang/Character$UnicodeBlock done
Event: 1142.421 Loading class java/lang/AbstractMethodError
Event: 1142.472 Loading class java/lang/AbstractMethodError done
Event: 1162.418 Loading class java/util/stream/ReduceOps$5
Event: 1162.421 Loading class java/util/stream/ReduceOps$5 done
Event: 1162.421 Loading class java/util/stream/ReduceOps$CountingSink$OfRef
Event: 1162.421 Loading class java/util/stream/ReduceOps$CountingSink
Event: 1162.427 Loading class java/util/stream/ReduceOps$CountingSink done
Event: 1162.427 Loading class java/util/stream/ReduceOps$CountingSink$OfRef done

Classes unloaded (0 events):
No events

Classes redefined (0 events):
No events

Internal exceptions (20 events):
Event: 463.724 Thread 0x000001b1f98dd420 Exception <a 'java/lang/IncompatibleClassChangeError'{0x0000000708664920}: Found class java.lang.Object, but interface was expected> (0x0000000708664920) 
thrown [s\src\hotspot\share\interpreter\linkResolver.cpp, line 840]
Event: 476.073 Thread 0x000001b1f98dd420 Exception <a 'java/lang/NoSuchMethodError'{0x00000007086879d0}: static Ljava/lang/Object;.<clinit>()V> (0x00000007086879d0) 
thrown [s\src\hotspot\share\prims\jni.cpp, line 1111]
Event: 476.343 Thread 0x000001b1f98dd420 Exception <a 'java/lang/NoSuchMethodError'{0x0000000708793398}: static Lorg/jetbrains/kotlin/gradle/plugin/statistics/MetricContainer;.<clinit>()V> (0x0000000708793398) 
thrown [s\src\hotspot\share\prims\jni.cpp, line 1111]
Event: 503.100 Thread 0x000001b1f98dd420 Exception <a 'java/lang/NoSuchMethodError'{0x00000007089e1e20}: 'java.lang.Object java.lang.invoke.DirectMethodHandle$Holder.newInvokeSpecial(java.lang.Object, java.lang.Object, java.lang.Object, java.lang.Object, java.lang.Object, java.lang.Object, java.lang.Object, java.lang.Object, java.lang.Object, java.lang.Object, java.lang.Object, java.lang.Object, java.lang.Object, java.lang.Object, java.lang.Object, java.lang.Object)'> (0x00000007089e1e20) 
thrown [s\src\hotspot\share\interpreter\linkResolver.cpp,
Event: 503.105 Thread 0x000001b1f98dd420 Exception <a 'java/lang/NoSuchMethodError'{0x00000007089e8ff8}: 'java.lang.Object java.lang.invoke.DirectMethodHandle$Holder.invokeSpecial(java.lang.Object, java.lang.Object, java.lang.Object, java.lang.Object, java.lang.Object, java.lang.Object, java.lang.Object, java.lang.Object, java.lang.Object, java.lang.Object, java.lang.Object, java.lang.Object, java.lang.Object, java.lang.Object, java.lang.Object, java.lang.Object, java.lang.Object)'> (0x00000007089e8ff8) 
thrown [s\src\hotspot\share\interpreter\li
Event: 503.131 Thread 0x000001b1f98dd420 Exception <a 'java/lang/NoSuchMethodError'{0x00000007089ef138}: 'java.lang.Object java.lang.invoke.DelegatingMethodHandle$Holder.reinvoke_L(java.lang.Object, java.lang.Object, java.lang.Object, java.lang.Object, java.lang.Object, java.lang.Object, java.lang.Object, java.lang.Object, java.lang.Object, java.lang.Object, java.lang.Object, java.lang.Object, java.lang.Object, java.lang.Object, java.lang.Object, java.lang.Object)'> (0x00000007089ef138) 
thrown [s\src\hotspot\share\interpreter\linkResolver.cpp, l
Event: 504.588 Thread 0x000001b1f98dd420 Exception <a 'java/lang/NoSuchMethodError'{0x00000007085a3a58}: 'void java.lang.invoke.DirectMethodHandle$Holder.invokeVirtual(java.lang.Object, java.lang.Object)'> (0x00000007085a3a58) 
thrown [s\src\hotspot\share\interpreter\linkResolver.cpp, line 773]
Event: 506.922 Thread 0x000001b1f98dd420 Exception <a 'java/lang/NoSuchMethodError'{0x000000070863e3c8}: 'java.lang.Object java.lang.invoke.DirectMethodHandle$Holder.newInvokeSpecial(java.lang.Object, java.lang.Object, java.lang.Object, java.lang.Object, java.lang.Object, java.lang.Object, java.lang.Object, java.lang.Object, java.lang.Object, java.lang.Object, java.lang.Object, java.lang.Object, java.lang.Object, java.lang.Object, java.lang.Object, java.lang.Object, java.lang.Object, java.lang.Object, java.lang.Object, java.lang.Object, java.lang
Event: 516.433 Thread 0x000001b1f98dd420 Exception <a 'java/lang/ClassNotFoundException'{0x0000000706097d88}: org/jetbrains/kotlin/gradle/targets/js/npm/DefaultNpmDependencyExtensionBeanInfo> (0x0000000706097d88) 
thrown [s\src\hotspot\share\classfile\systemDictionary.cpp, line 313]
Event: 516.440 Thread 0x000001b1f98dd420 Exception <a 'java/lang/ClassNotFoundException'{0x00000007060ac198}: org/jetbrains/kotlin/gradle/targets/js/npm/DefaultNpmDependencyExtensionCustomizer> (0x00000007060ac198) 
thrown [s\src\hotspot\share\classfile\systemDictionary.cpp, line 313]
Event: 517.555 Thread 0x000001b1f98dd420 Exception <a 'java/lang/ClassNotFoundException'{0x00000007061593d0}: org/jetbrains/kotlin/gradle/targets/js/npm/NpmDependencyExtensionKt$defaultNpmDependencyDelegate$1BeanInfo> (0x00000007061593d0) 
thrown [s\src\hotspot\share\classfile\systemDictionary.cpp, line 313]
Event: 517.557 Thread 0x000001b1f98dd420 Exception <a 'java/lang/ClassNotFoundException'{0x0000000706170f28}: org/jetbrains/kotlin/gradle/targets/js/npm/NpmDependencyExtensionDelegateBeanInfo> (0x0000000706170f28) 
thrown [s\src\hotspot\share\classfile\systemDictionary.cpp, line 313]
Event: 517.560 Thread 0x000001b1f98dd420 Exception <a 'java/lang/ClassNotFoundException'{0x0000000706185398}: org/jetbrains/kotlin/gradle/targets/js/npm/NpmDependencyExtensionDelegateCustomizer> (0x0000000706185398) 
thrown [s\src\hotspot\share\classfile\systemDictionary.cpp, line 313]
Event: 517.879 Thread 0x000001b1f98dd420 Exception <a 'java/lang/ClassNotFoundException'{0x00000007061e91e0}: org/jetbrains/kotlin/gradle/targets/js/npm/NpmDependencyExtensionKt$defaultNpmDependencyDelegate$1Customizer> (0x00000007061e91e0) 
thrown [s\src\hotspot\share\classfile\systemDictionary.cpp, line 313]
Event: 517.985 Thread 0x000001b1f98dd420 Exception <a 'java/lang/ClassNotFoundException'{0x0000000705ede350}: org/jetbrains/kotlin/gradle/targets/js/npm/DefaultDevNpmDependencyExtensionBeanInfo> (0x0000000705ede350) 
thrown [s\src\hotspot\share\classfile\systemDictionary.cpp, line 313]
Event: 517.986 Thread 0x000001b1f98dd420 Exception <a 'java/lang/ClassNotFoundException'{0x0000000705ef2a68}: org/jetbrains/kotlin/gradle/targets/js/npm/DefaultDevNpmDependencyExtensionCustomizer> (0x0000000705ef2a68) 
thrown [s\src\hotspot\share\classfile\systemDictionary.cpp, line 313]
Event: 518.132 Thread 0x000001b1f98dd420 Exception <a 'java/lang/ClassNotFoundException'{0x0000000705f477c8}: org/jetbrains/kotlin/gradle/targets/js/npm/DefaultPeerNpmDependencyExtensionBeanInfo> (0x0000000705f477c8) 
thrown [s\src\hotspot\share\classfile\systemDictionary.cpp, line 313]
Event: 518.134 Thread 0x000001b1f98dd420 Exception <a 'java/lang/ClassNotFoundException'{0x0000000705f5bc50}: org/jetbrains/kotlin/gradle/targets/js/npm/DefaultPeerNpmDependencyExtensionCustomizer> (0x0000000705f5bc50) 
thrown [s\src\hotspot\share\classfile\systemDictionary.cpp, line 313]
Event: 518.245 Thread 0x000001b1f98dd420 Exception <a 'java/lang/ClassNotFoundException'{0x0000000705fb92e0}: org/jetbrains/kotlin/gradle/targets/js/npm/DefaultPeerNpmDependencyExtension$delegate$1BeanInfo> (0x0000000705fb92e0) 
thrown [s\src\hotspot\share\classfile\systemDictionary.cpp, line 313]
Event: 518.321 Thread 0x000001b1f98dd420 Exception <a 'java/lang/ClassNotFoundException'{0x0000000705fcdbd8}: org/jetbrains/kotlin/gradle/targets/js/npm/DefaultPeerNpmDependencyExtension$delegate$1Customizer> (0x0000000705fcdbd8) 
thrown [s\src\hotspot\share\classfile\systemDictionary.cpp, line 313]

ZGC Phase Switch (0 events):
No events

VM Operations (20 events):
Event: 1142.496 Executing safepoint VM operation: Cleanup
Event: 1142.557 Executing safepoint VM operation: Cleanup done
Event: 1143.572 Executing safepoint VM operation: Cleanup
Event: 1143.573 Executing safepoint VM operation: Cleanup done
Event: 1144.581 Executing safepoint VM operation: Cleanup
Event: 1144.596 Executing safepoint VM operation: Cleanup done
Event: 1147.516 Executing safepoint VM operation: G1CollectForAllocation (G1 Evacuation Pause)
Event: 1149.980 Executing safepoint VM operation: G1CollectForAllocation (G1 Evacuation Pause) done
Event: 1161.066 Executing safepoint VM operation: Cleanup
Event: 1161.286 Executing safepoint VM operation: Cleanup done
Event: 1161.287 Executing non-safepoint VM operation: HandshakeAllThreads (Deoptimize)
Event: 1161.288 Executing non-safepoint VM operation: HandshakeAllThreads (Deoptimize) done
Event: 1162.303 Executing safepoint VM operation: Cleanup
Event: 1162.303 Executing safepoint VM operation: Cleanup done
Event: 1163.318 Executing safepoint VM operation: Cleanup
Event: 1163.349 Executing safepoint VM operation: Cleanup done
Event: 1164.151 Executing safepoint VM operation: G1CollectForAllocation (G1 Evacuation Pause)
Event: 1164.165 Executing safepoint VM operation: G1CollectForAllocation (G1 Evacuation Pause) done
Event: 1165.168 Executing safepoint VM operation: Cleanup
Event: 1165.169 Executing safepoint VM operation: Cleanup done

Memory protections (0 events):
No events

Nmethod flushes (20 events):
Event: 661.939 Thread 0x000001b1b39665f0 flushing  nmethod 0x000001b19d631e10
Event: 661.940 Thread 0x000001b1b39665f0 flushing  nmethod 0x000001b19d636710
Event: 661.941 Thread 0x000001b1b39665f0 flushing  nmethod 0x000001b19d70b490
Event: 661.941 Thread 0x000001b1b39665f0 flushing osr nmethod 0x000001b1a49be290
Event: 661.941 Thread 0x000001b1b39665f0 flushing  nmethod 0x000001b19ccb5e90
Event: 661.942 Thread 0x000001b1b39665f0 flushing  nmethod 0x000001b19ce40090
Event: 661.942 Thread 0x000001b1b39665f0 flushing  nmethod 0x000001b19ce40a90
Event: 661.943 Thread 0x000001b1b39665f0 flushing  nmethod 0x000001b19ce42790
Event: 661.943 Thread 0x000001b1b39665f0 flushing  nmethod 0x000001b19cedd710
Event: 661.943 Thread 0x000001b1b39665f0 flushing  nmethod 0x000001b19cf5c110
Event: 661.944 Thread 0x000001b1b39665f0 flushing  nmethod 0x000001b19cf5c890
Event: 661.944 Thread 0x000001b1b39665f0 flushing  nmethod 0x000001b19cf60790
Event: 661.944 Thread 0x000001b1b39665f0 flushing  nmethod 0x000001b19d14f090
Event: 661.945 Thread 0x000001b1b39665f0 flushing  nmethod 0x000001b19d235310
Event: 661.945 Thread 0x000001b1b39665f0 flushing  nmethod 0x000001b19d294010
Event: 661.945 Thread 0x000001b1b39665f0 flushing  nmethod 0x000001b19d2c5510
Event: 661.945 Thread 0x000001b1b39665f0 flushing  nmethod 0x000001b19d343e90
Event: 661.945 Thread 0x000001b1b39665f0 flushing  nmethod 0x000001b19d3aec90
Event: 661.945 Thread 0x000001b1b39665f0 flushing  nmethod 0x000001b19d427890
Event: 661.945 Thread 0x000001b1b39665f0 flushing  nmethod 0x000001b19d767b90

Events (20 events):
Event: 250.062 Thread 0x000001b1f98dd420 Thread added: 0x000001b1fd456d70
Event: 250.195 Thread 0x000001b1f98dd420 Thread added: 0x000001b1fd4587b0
Event: 250.336 Thread 0x000001b1f98dd420 Thread added: 0x000001b1fd4566e0
Event: 250.435 Thread 0x000001b1f98dd420 Thread added: 0x000001b1fd4559c0
Event: 250.504 Thread 0x000001b1f98dd420 Thread added: 0x000001b1fd457a90
Event: 313.833 Thread 0x000001b1f98dd420 Thread added: 0x000001b1fd4594d0
Event: 313.837 Thread 0x000001b1f98dd420 Thread added: 0x000001b1fd458e40
Event: 313.842 Thread 0x000001b1f98dd420 Thread added: 0x000001b1fd458120
Event: 313.845 Thread 0x000001b1f98dd420 Thread added: 0x000001b1fd456050
Event: 313.868 Thread 0x000001b1f98dd420 Thread added: 0x000001b1fd459b60
Event: 313.889 Thread 0x000001b1f98dd420 Thread added: 0x000001b1fd45a1f0
Event: 313.921 Thread 0x000001b1f98dd420 Thread added: 0x000001b1fd45a880
Event: 479.755 Thread 0x000001b1f98dd420 Thread added: 0x000001b1fd45af10
Event: 484.479 Thread 0x000001b1fa6761b0 Thread exited: 0x000001b1fa6761b0
Event: 504.515 Thread 0x000001b1f98dd420 Thread added: 0x000001b1fd45cfe0
Event: 507.303 Thread 0x000001b1fa675b20 Thread added: 0x000001b1fd45bc30
Event: 720.943 Thread 0x000001b1fd45bc30 Thread exited: 0x000001b1fd45bc30
Event: 952.388 Thread 0x000001b1fa675b20 Thread added: 0x000001b1fbb52280
Event: 1014.000 Thread 0x000001b1fbb52280 Thread exited: 0x000001b1fbb52280
Event: 1068.812 Thread 0x000001b1fa675b20 Thread added: 0x000001b1fbb52fa0


Dynamic libraries:
0x00007ff6aaf70000 - 0x00007ff6aaf7e000 	C:\Users\NAGARAJU\.antigravity-ide\extensions\redhat.java-1.56.0-win32-x64\jre\21.0.12.1-win32-x86_64\bin\java.exe
0x00007ffba2e60000 - 0x00007ffba30c6000 	C:\WINDOWS\SYSTEM32\ntdll.dll
0x00007ffba16f0000 - 0x00007ffba17b9000 	C:\WINDOWS\System32\KERNEL32.DLL
0x00007ffba01d0000 - 0x00007ffba05cf000 	C:\WINDOWS\System32\KERNELBASE.dll
0x00007ffba0070000 - 0x00007ffba01bc000 	C:\WINDOWS\System32\ucrtbase.dll
0x00007ffb616c0000 - 0x00007ffb616d8000 	C:\Users\NAGARAJU\.antigravity-ide\extensions\redhat.java-1.56.0-win32-x64\jre\21.0.12.1-win32-x86_64\bin\jli.dll
0x00007ffb616e0000 - 0x00007ffb616fe000 	C:\Users\NAGARAJU\.antigravity-ide\extensions\redhat.java-1.56.0-win32-x64\jre\21.0.12.1-win32-x86_64\bin\VCRUNTIME140.dll
0x00007ffba2320000 - 0x00007ffba24e6000 	C:\WINDOWS\System32\USER32.dll
0x00007ffba08a0000 - 0x00007ffba08c7000 	C:\WINDOWS\System32\win32u.dll
0x00007ffb88780000 - 0x00007ffb88a11000 	C:\WINDOWS\WinSxS\amd64_microsoft.windows.common-controls_6595b64144ccf1df_6.0.26100.8972_none_3e0da176e32f9d4b\COMCTL32.dll
0x00007ffba24f0000 - 0x00007ffba2599000 	C:\WINDOWS\System32\msvcrt.dll
0x00007ffba2df0000 - 0x00007ffba2e1b000 	C:\WINDOWS\System32\GDI32.dll
0x00007ffba05e0000 - 0x00007ffba0709000 	C:\WINDOWS\System32\gdi32full.dll
0x00007ffba0ae0000 - 0x00007ffba0b83000 	C:\WINDOWS\System32\msvcp_win.dll
0x00007ffba2150000 - 0x00007ffba2182000 	C:\WINDOWS\System32\IMM32.DLL
0x00007ffb83500000 - 0x00007ffb8350c000 	C:\Users\NAGARAJU\.antigravity-ide\extensions\redhat.java-1.56.0-win32-x64\jre\21.0.12.1-win32-x86_64\bin\vcruntime140_1.dll
0x00007ffb1bac0000 - 0x00007ffb1bb4d000 	C:\Users\NAGARAJU\.antigravity-ide\extensions\redhat.java-1.56.0-win32-x64\jre\21.0.12.1-win32-x86_64\bin\msvcp140.dll
0x00007ffac8530000 - 0x00007ffac92d2000 	C:\Users\NAGARAJU\.antigravity-ide\extensions\redhat.java-1.56.0-win32-x64\jre\21.0.12.1-win32-x86_64\bin\server\jvm.dll
0x00007ffba0d00000 - 0x00007ffba0dbc000 	C:\WINDOWS\System32\ADVAPI32.dll
0x00007ffba28a0000 - 0x00007ffba294a000 	C:\WINDOWS\System32\sechost.dll
0x00007ffba25a0000 - 0x00007ffba26b8000 	C:\WINDOWS\System32\RPCRT4.dll
0x00007ffba1ab0000 - 0x00007ffba1b32000 	C:\WINDOWS\System32\WS2_32.dll
0x00007ffb9fed0000 - 0x00007ffb9ff2e000 	C:\WINDOWS\SYSTEM32\POWRPROF.dll
0x00007ffb99840000 - 0x00007ffb99876000 	C:\WINDOWS\SYSTEM32\WINMM.dll
0x00007ffb99880000 - 0x00007ffb9988b000 	C:\WINDOWS\SYSTEM32\VERSION.dll
0x00007ffb9feb0000 - 0x00007ffb9fec5000 	C:\WINDOWS\SYSTEM32\UMPDC.dll
0x00007ffb9ed60000 - 0x00007ffb9ed7b000 	C:\WINDOWS\SYSTEM32\kernel.appcore.dll
0x00007ffb82eb0000 - 0x00007ffb82eba000 	C:\Users\NAGARAJU\.antigravity-ide\extensions\redhat.java-1.56.0-win32-x64\jre\21.0.12.1-win32-x86_64\bin\jimage.dll
0x00007ffb94900000 - 0x00007ffb94b42000 	C:\WINDOWS\SYSTEM32\DBGHELP.DLL
0x00007ffba2a10000 - 0x00007ffba2d95000 	C:\WINDOWS\System32\combase.dll
0x00007ffba21c0000 - 0x00007ffba2299000 	C:\WINDOWS\System32\OLEAUT32.dll
0x00007ffb81c30000 - 0x00007ffb81c6b000 	C:\WINDOWS\SYSTEM32\dbgcore.DLL
0x00007ffba08d0000 - 0x00007ffba097c000 	C:\WINDOWS\System32\bcryptPrimitives.dll
0x00007ffb65d80000 - 0x00007ffb65d8f000 	C:\Users\NAGARAJU\.antigravity-ide\extensions\redhat.java-1.56.0-win32-x64\jre\21.0.12.1-win32-x86_64\bin\instrument.dll
0x00007ffb5fe50000 - 0x00007ffb5fe70000 	C:\Users\NAGARAJU\.antigravity-ide\extensions\redhat.java-1.56.0-win32-x64\jre\21.0.12.1-win32-x86_64\bin\java.dll
0x00007ffba0f50000 - 0x00007ffba16d8000 	C:\WINDOWS\System32\SHELL32.dll
0x00007ffb9db40000 - 0x00007ffb9e3db000 	C:\WINDOWS\SYSTEM32\windows.storage.dll
0x00007ffba0dd0000 - 0x00007ffba0ec9000 	C:\WINDOWS\System32\SHCORE.dll
0x00007ffba0c90000 - 0x00007ffba0cf6000 	C:\WINDOWS\System32\shlwapi.dll
0x00007ffb9ff90000 - 0x00007ffb9ffb9000 	C:\WINDOWS\SYSTEM32\profapi.dll
0x00007ffb4d020000 - 0x00007ffb4d038000 	C:\Users\NAGARAJU\.antigravity-ide\extensions\redhat.java-1.56.0-win32-x64\jre\21.0.12.1-win32-x86_64\bin\zip.dll
0x00007ffb72940000 - 0x00007ffb72950000 	C:\Users\NAGARAJU\.antigravity-ide\extensions\redhat.java-1.56.0-win32-x64\jre\21.0.12.1-win32-x86_64\bin\net.dll
0x00007ffb95940000 - 0x00007ffb95a68000 	C:\WINDOWS\SYSTEM32\WINHTTP.dll
0x00007ffb9f310000 - 0x00007ffb9f37c000 	C:\WINDOWS\system32\mswsock.dll
0x00007ffb5f9d0000 - 0x00007ffb5f9e6000 	C:\Users\NAGARAJU\.antigravity-ide\extensions\redhat.java-1.56.0-win32-x64\jre\21.0.12.1-win32-x86_64\bin\nio.dll
0x00007ffb62900000 - 0x00007ffb62910000 	C:\Users\NAGARAJU\.antigravity-ide\extensions\redhat.java-1.56.0-win32-x64\jre\21.0.12.1-win32-x86_64\bin\verify.dll
0x00007ffb1ba00000 - 0x00007ffb1ba27000 	C:\Users\NAGARAJU\.gradle\native\1def1411415f61bf3af743bc5b6707747c0891f09f0c88961ee8f79bc544acac\windows-amd64\native-platform.dll
0x00007ffafafa0000 - 0x00007ffafb018000 	C:\Users\NAGARAJU\.gradle\native\0.2.7\x86_64-windows-gnu\gradle-fileevents.dll
0x00007ffb95860000 - 0x00007ffb9586a000 	C:\Users\NAGARAJU\.antigravity-ide\extensions\redhat.java-1.56.0-win32-x64\jre\21.0.12.1-win32-x86_64\bin\management.dll
0x00007ffb831e0000 - 0x00007ffb831ec000 	C:\Users\NAGARAJU\.antigravity-ide\extensions\redhat.java-1.56.0-win32-x64\jre\21.0.12.1-win32-x86_64\bin\management_ext.dll
0x00007ffba1cb0000 - 0x00007ffba1cb8000 	C:\WINDOWS\System32\PSAPI.DLL
0x00007ffb9e6b0000 - 0x00007ffb9e6e3000 	C:\WINDOWS\SYSTEM32\IPHLPAPI.DLL
0x00007ffba16e0000 - 0x00007ffba16ea000 	C:\WINDOWS\System32\NSI.dll
0x00007ffb831d0000 - 0x00007ffb831d9000 	C:\Users\NAGARAJU\.antigravity-ide\extensions\redhat.java-1.56.0-win32-x64\jre\21.0.12.1-win32-x86_64\bin\extnet.dll
0x00007ffb9f600000 - 0x00007ffb9f61b000 	C:\WINDOWS\SYSTEM32\CRYPTSP.dll
0x00007ffb9ecc0000 - 0x00007ffb9ecf9000 	C:\WINDOWS\system32\rsaenh.dll
0x00007ffb9f3c0000 - 0x00007ffb9f3f2000 	C:\WINDOWS\SYSTEM32\USERENV.dll
0x00007ffb9ff60000 - 0x00007ffb9ff8a000 	C:\WINDOWS\SYSTEM32\bcrypt.dll
0x00007ffb9f620000 - 0x00007ffb9f62c000 	C:\WINDOWS\SYSTEM32\CRYPTBASE.dll
0x00007ffb831c0000 - 0x00007ffb831ce000 	C:\Users\NAGARAJU\.antigravity-ide\extensions\redhat.java-1.56.0-win32-x64\jre\21.0.12.1-win32-x86_64\bin\sunmscapi.dll
0x00007ffba0710000 - 0x00007ffba088e000 	C:\WINDOWS\System32\CRYPT32.dll
0x00007ffb9f840000 - 0x00007ffb9f870000 	C:\WINDOWS\SYSTEM32\ncrypt.dll
0x00007ffb9f7f0000 - 0x00007ffb9f82f000 	C:\WINDOWS\SYSTEM32\NTASN1.dll
0x00007ffb15860000 - 0x00007ffb15868000 	C:\WINDOWS\system32\wshunix.dll

JVMTI agents:
C:\Users\NAGARAJU\.gradle\wrapper\dists\gradle-8.14.1-bin\baw1sv0jfoi8rxs14qo3h49cs\gradle-8.14.1\lib\agents\gradle-instrumentation-agent-8.14.1.jar path:C:\Users\NAGARAJU\.antigravity-ide\extensions\redhat.java-1.56.0-win32-x64\jre\21.0.12.1-win32-x86_64\bin\instrument.dll, loaded, initialized, instrumentlib options:none

dbghelp: loaded successfully - version: 4.0.5 - missing functions: none
symbol engine: initialized successfully - sym options: 0x614 - pdb path: .;C:\Users\NAGARAJU\.antigravity-ide\extensions\redhat.java-1.56.0-win32-x64\jre\21.0.12.1-win32-x86_64\bin;C:\WINDOWS\SYSTEM32;C:\WINDOWS\WinSxS\amd64_microsoft.windows.common-controls_6595b64144ccf1df_6.0.26100.8972_none_3e0da176e32f9d4b;C:\Users\NAGARAJU\.antigravity-ide\extensions\redhat.java-1.56.0-win32-x64\jre\21.0.12.1-win32-x86_64\bin\server;C:\Users\NAGARAJU\.gradle\native\1def1411415f61bf3af743bc5b6707747c0891f09f0c88961ee8f79bc544acac\windows-amd64;C:\Users\NAGARAJU\.gradle\native\0.2.7\x86_64-windows-gnu

VM Arguments:
jvm_args: --add-opens=java.base/java.lang=ALL-UNNAMED --add-opens=java.base/java.lang.invoke=ALL-UNNAMED --add-opens=java.base/java.util=ALL-UNNAMED --add-opens=java.prefs/java.util.prefs=ALL-UNNAMED --add-exports=jdk.compiler/com.sun.tools.javac.api=ALL-UNNAMED --add-exports=jdk.compiler/com.sun.tools.javac.util=ALL-UNNAMED --add-opens=java.base/java.util=ALL-UNNAMED --add-opens=java.prefs/java.util.prefs=ALL-UNNAMED --add-opens=java.base/java.nio.charset=ALL-UNNAMED --add-opens=java.base/java.net=ALL-UNNAMED --add-opens=java.base/java.util.concurrent.atomic=ALL-UNNAMED --add-opens=java.xml/javax.xml.namespace=ALL-UNNAMED -Xmx4096m -Dfile.encoding=UTF-8 -Duser.country=IN -Duser.language=en -Duser.variant -javaagent:C:\Users\NAGARAJU\.gradle\wrapper\dists\gradle-8.14.1-bin\baw1sv0jfoi8rxs14qo3h49cs\gradle-8.14.1\lib\agents\gradle-instrumentation-agent-8.14.1.jar 
java_command: org.gradle.launcher.daemon.bootstrap.GradleDaemon 8.14.1
java_class_path (initial): C:\Users\NAGARAJU\.gradle\wrapper\dists\gradle-8.14.1-bin\baw1sv0jfoi8rxs14qo3h49cs\gradle-8.14.1\lib\gradle-daemon-main-8.14.1.jar
Launcher Type: SUN_STANDARD

[Global flags]
     intx CICompilerCount                          = 4                                         {product} {ergonomic}
     uint ConcGCThreads                            = 2                                         {product} {ergonomic}
     uint G1ConcRefinementThreads                  = 8                                         {product} {ergonomic}
   size_t G1HeapRegionSize                         = 2097152                                   {product} {ergonomic}
    uintx GCDrainStackTargetSize                   = 64                                        {product} {ergonomic}
   size_t InitialHeapSize                          = 123731968                                 {product} {ergonomic}
   size_t MarkStackSize                            = 4194304                                   {product} {ergonomic}
   size_t MaxHeapSize                              = 4294967296                                {product} {command line}
   size_t MaxNewSize                               = 2575302656                                {product} {ergonomic}
   size_t MinHeapDeltaBytes                        = 2097152                                   {product} {ergonomic}
   size_t MinHeapSize                              = 8388608                                   {product} {ergonomic}
    uintx NonNMethodCodeHeapSize                   = 5839372                                {pd product} {ergonomic}
    uintx NonProfiledCodeHeapSize                  = 122909434                              {pd product} {ergonomic}
    uintx ProfiledCodeHeapSize                     = 122909434                              {pd product} {ergonomic}
    uintx ReservedCodeCacheSize                    = 251658240                              {pd product} {ergonomic}
     bool SegmentedCodeCache                       = true                                      {product} {ergonomic}
   size_t SoftMaxHeapSize                          = 4294967296                             {manageable} {ergonomic}
     bool UseCompressedOops                        = true                           {product lp64_product} {ergonomic}
     bool UseG1GC                                  = true                                      {product} {ergonomic}
     bool UseLargePagesIndividualAllocation        = false                                  {pd product} {ergonomic}

Logging:
Log output configuration:
 #0: stdout all=warning uptime,level,tags foldmultilines=false
 #1: stderr all=off uptime,level,tags foldmultilines=false

Release file:
JAVA_VERSION="21.0.12.1" 
MODULES="java.base java.compiler java.datatransfer java.xml java.prefs java.desktop java.instrument java.logging java.management java.security.sasl java.naming java.rmi java.management.rmi java.net.http java.scripting java.security.jgss java.transaction.xa java.sql java.sql.rowset java.xml.crypto java.se java.smartcardio jdk.accessibility jdk.internal.jvmstat jdk.attach jdk.charsets jdk.internal.opt jdk.zipfs jdk.compiler jdk.crypto.ec jdk.crypto.cryptoki jdk.crypto.mscapi jdk.dynalink jdk.internal.ed jdk.editpad jdk.hotspot.agent jdk.httpserver jdk.internal.le jdk.internal.vm.ci jdk.internal.vm.compiler jdk.internal.vm.compiler.management jdk.jartool jdk.javadoc jdk.jcmd jdk.management jdk.management.agent jdk.jconsole jdk.jdeps jdk.jdwp.agent jdk.jdi jdk.jfr jdk.jshell jdk.jsobject jdk.jstatd jdk.localedata jdk.management.jfr jdk.naming.dns jdk.naming.rmi jdk.net jdk.nio.mapmode jdk.random jdk.sctp jdk.security.auth jdk.security.jgss jdk.unsupported jdk.unsupported.desktop jdk.xml.dom" 

Environment Variables:
JAVA_HOME=C:\Program Files\Eclipse Adoptium\jdk-21.0.11.10-hotspot
PATH=C:\Program Files\Eclipse Adoptium\jdk-21.0.11.10-hotspot\bin;C:\Program Files\Eclipse Adoptium\jdk-11.0.26.4-hotspot\bin;C:\Program Files\Eclipse Adoptium\jdk-17.0.14.7-hotspot\bin;C:\Program Files\Java\jdk-17\bin;C:\Program Files\nodejs;E:\Android\Sdk\platform-tools;E:\Android\Sdk\emulator;E:\Android\Sdk\cmdline-tools\latest\bin;C:\Users\NAGARAJU\AppData\Local\Android\Sdk\platform-tools;C:\Users\NAGARAJU\AppData\Local\Android\Sdk\emulator;C:\Users\NAGARAJU\AppData\Local\Android\Sdk\cmdline-tools\latest\bin;C:\Program Files\Eclipse Adoptium\jdk-21.0.11.10-hotspot\bin;C:\Program Files\Eclipse Adoptium\jdk-11.0.26.4-hotspot\bin;C:\Program Files\Eclipse Adoptium\jdk-17.0.14.7-hotspot\bin;C:\Program Files\Java\jdk-17\bin;C:\Program Files\nodejs;E:\Android\Sdk\platform-tools;E:\Android\Sdk\emulator;E:\Android\Sdk\cmdline-tools\latest\bin;C:\Users\NAGARAJU\AppData\Local\Android\Sdk\platform-tools;C:\Users\NAGARAJU\AppData\Local\Android\Sdk\emulator;C:\Users\NAGARAJU\AppData\Local\Android\Sdk\cmdline-tools\latest\bin;C:\Program Files\Eclipse Adoptium\jdk-21.0.11.10-hotspot\bin;C:\Program Files\Eclipse Adoptium\jdk-11.0.26.4-hotspot\bin;C:\Program Files\Eclipse Adoptium\jdk-17.0.14.7-hotspot\bin;C:\Program Files\Java\jdk-17\bin;C:\Program Files\nodejs;E:\Android\Sdk\platform-tools;E:\Android\Sdk\emulator;E:\Android\Sdk\cmdline-tools\latest\bin;C:\Users\NAGARAJU\AppData\Local\Android\Sdk\platform-tools;C:\Users\NAGARAJU\AppData\Local\Android\Sdk\emulator;C:\Users\NAGARAJU\AppData\Local\Android\Sdk\cmdline-tools\latest\bin;C:\WINDOWS\System32;C:\ProgramData\chocolatey\bin;C:\Program Files\nodejs\;C:\Program Files\Git\cmd;C:\Windows\System32;C:\Windows\System32\WindowsPowerShell\v1.0;C:\Windows\System32\OpenSSH;C:\Windows\System32\WindowsPowerShell\v1.0\;C:\Users\NAGARAJU\Downloads\stripe_1.30.0_windows_x86_64;C:\WINDOWS\system32;C:\WINDOWS;C:\WINDOWS\System32\Wbem;C:\WINDOWS\System32\WindowsPowerShell\v1.0\;C:\WINDOWS\System32\OpenSSH\;C:\ProgramData\chocolatey\bin;C:\Program Files\nodejs\;C:\Program Files\Git\cmd;C:\Windows\System32;C:\Windows\System32\WindowsPowerShell\v1.0;C:\Windows\System32\OpenSSH;C:\Windows\System32\WindowsPowerShell\v1.0\;C:\Users\NAGARAJU\Downloads\stripe_1.30.0_windows_x86_64;C:\WINDOWS\system32;C:\WINDOWS;C:\WINDOWS\System32\Wbem;C:\WINDOWS\System32\WindowsPowerShell\v1.0\;C:\WINDOWS\System32\OpenSSH\;C:\ProgramData\chocolatey\bin;C:\Program Files\nodejs\;C:\Program Files\Git\cmd;C:\Windows\System32;C:\Windows\System32\WindowsPowerShell\v1.0;C:\Windows\System32\OpenSSH;C:\Windows\System32\WindowsPowerShell\v1.0\;C:\Users\NAGARAJU\Downloads\stripe_1.30.0_windows_x86_64;C:\WINDOWS\system32;C:\WINDOWS;C:\WINDOWS\System32\Wbem;C:\WINDOWS\System32\WindowsPowerShell\v1.0\;C:\WINDOWS\System32\OpenSSH\;C:\Program Files\Eclipse Adoptium\jdk-21.0.11.10-hotspot\bin;C:\Program Files\Eclipse Adoptium\jdk-11.0.26.4-hotspot\bin;C:\Program Files\Eclipse Adoptium\jdk-17.0.14.7-hotspot\bin;C:\Program Files\Java\jdk-17\bin;C:\Program Files\nodejs;E:\Android\Sdk\platform-tools;E:\Android\Sdk\emulator;E:\Android\Sdk\cmdline-tools\latest\bin;C:\Users\NAGARAJU\AppData\Local\Android\Sdk\platform-tools;C:\Users\NAGARAJU\AppData\Local\Android\Sdk\emulator;C:\Users\NAGARAJU\AppData\Local\Android\Sdk\cmdline-tools\latest\bin;C:\Program Files\Eclipse Adoptium\jdk-21.0.11.10-hotspot\bin;C:\Program Files\Eclipse Adoptium\jdk-11.0.26.4-hotspot\bin;C:\Program Files\Eclipse Adoptium\jdk-17.0.14.7-hotspot\bin;C:\Program Files\Java\jdk-17\bin;C:\Program Files\nodejs;E:\Android\Sdk\platform-tools;E:\Android\Sdk\emulator;E:\Android\Sdk\cmdline-tools\latest\bin;C:\Users\NAGARAJU\AppData\Local\Android\Sdk\platform-tools;C:\Users\NAGARAJU\AppData\Local\Android\Sdk\emulator;C:\Users\NAGARAJU\AppData\Local\Android\Sdk\cmdline-tools\latest\bin;C:\Program Files\Eclipse Adoptium\jdk-21.0.11.10-hotspot\bin;C:\Program Files\Eclipse Adoptium\jdk-11.0.26.4-hotspot\bin;C:\Program Files\Eclipse Adoptium\jdk-17.0.14.7-hotspot\bin;C:\Program Files\Java\jdk-17\bin;C:\Program Files\nodejs;E:\Android\Sdk\platform-tools;E:\Android\Sdk\emulator;E:\Android\Sdk\cmdline-tools\latest\bin;C:\Users\NAGARAJU\AppData\Local\Android\Sdk\platform-tools;C:\Users\NAGARAJU\AppData\Local\Android\Sdk\emulator;C:\Users\NAGARAJU\AppData\Local\Android\Sdk\cmdline-tools\latest\bin;C:\WINDOWS\System32;C:\ProgramData\chocolatey\bin;C:\Program Files\nodejs\;C:\Program Files\Git\cmd;C:\Windows\System32;C:\Windows\System32\WindowsPowerShell\v1.0;C:\Windows\System32\OpenSSH;C:\Windows\System32\WindowsPowerShell\v1.0\;C:\Users\NAGARAJU\Downloads\stripe_1.30.0_windows_x86_64;C:\WINDOWS\system32;C:\WINDOWS;C:\WINDOWS\System32\Wbem;C:\WINDOWS\System32\WindowsPowerShell\v1.0\;C:\WINDOWS\System32\OpenSSH\;C:\ProgramData\chocolatey\bin;C:\Program Files\nodejs\;C:\Program Files\Git\cmd;C:\Windows\System32;C:\Windows\System32\WindowsPowerShell\v1.0;C:\Windows\System32\OpenSSH;C:\Windows\System32\WindowsPowerShell\v1.0\;C:\Users\NAGARAJU\Downloads\stripe_1.30.0_windows_x86_64;C:\WINDOWS\system32;C:\WINDOWS;C:\WINDOWS\System32\Wbem;C:\WINDOWS\System32\WindowsPowerShell\v1.0\;C:\WINDOWS\System32\OpenSSH\;C:\ProgramData\chocolatey\bin;C:\Program Files\nodejs\;C:\Program Files\Git\cmd;C:\Windows\System32;C:\Windows\System32\WindowsPowerShell\v1.0;C:\Windows\System32\OpenSSH;C:\Windows\System32\WindowsPowerShell\v1.0\;C:\Users\NAGARAJU\Downloads\stripe_1.30.0_windows_x86_64;C:\WINDOWS\system32;C:\WINDOWS;C:\WINDOWS\System32\Wbem;C:\WINDOWS\System32\WindowsPowerShell\v1.0\;C:\WINDOWS\System32\OpenSSH\;C:\Users\NAGARAJU\AppData\Local\Android\Sdk\platform-tools;C:\Users\NAGARAJU\AppData\Local\Android\Sdk\cmdline-tools\latest\bin;C:\Users\NAGARAJU\AppData\Roaming\npm;C:\Users\NAGARAJU\AppData\Local\Programs\Microsoft VS Code\bin;C:\Users\NAGARAJU\AppData\Local\Programs\Antigravity IDE\bin;C:\Users\NAGARAJU\AppData\Local\Microsoft\WindowsApps;C:\Users\NAGARAJU\AppData\Local\Kingsoft\WPS Office\12.1.0.27458\clitool
USERNAME=NAGARAJU
OS=Windows_NT
PROCESSOR_IDENTIFIER=AMD64 Family 23 Model 104 Stepping 1, AuthenticAMD
TMP=C:\Users\NAGARAJU\AppData\Local\Temp
TEMP=C:\Users\NAGARAJU\AppData\Local\Temp




Periodic native trim disabled

---------------  S Y S T E M  ---------------

OS:
 Windows 11 , 64 bit Build 26100 (10.0.26100.9168)
OS uptime: 0 days 1:22 hours

CPU: total 8 (initial active 8) (8 cores per cpu, 2 threads per core) family 23 model 104 stepping 1 microcode 0x8608109, cx8, cmov, fxsr, ht, mmx, 3dnowpref, sse, sse2, sse3, ssse3, sse4a, sse4.1, sse4.2, popcnt, lzcnt, tsc, tscinvbit, avx, avx2, aes, clmul, bmi1, bmi2, adx, sha, fma, vzeroupper, clflush, clflushopt, rdtscp, rdpid, f16c
Processor Information for the first 8 processors :
  Max Mhz: 2600, Current Mhz: 2600, Mhz Limit: 2600

Memory: 4k page, system-wide physical 7502M (172M free)
TotalPageFile size 40270M (AvailPageFile size 3M)
current process WorkingSet (physical memory assigned to process): 166M, peak: 208M
current process commit charge ("private bytes"): 748M, peak: 749M

vm_info: OpenJDK 64-Bit Server VM (21.0.12.1+1-LTS) for windows-amd64 JRE (21.0.12.1+1-LTS), built on 2026-08-18T00:00:00Z by "admin" with MS VC++ 17.12 (VS2022)

END.
