#
# There is insufficient memory for the Java Runtime Environment to continue.
# Native memory allocation (mmap) failed to map 65536 bytes. Error detail: Failed to commit metaspace.
# Possible reasons:
#   The system is out of physical RAM or swap space
#   This process is running with CompressedOops enabled, and the Java Heap may be blocking the growth of the native heap
# Possible solutions:
#   Reduce memory load on the system
#   Increase physical memory or swap space
#   Check if swap backing store is full
#   Decrease Java heap size (-Xmx/-Xms)
#   Decrease number of Java threads
#   Decrease Java thread stack sizes (-Xss)
#   Set larger code cache with -XX:ReservedCodeCacheSize=
#   JVM is running with Unscaled Compressed Oops mode in which the Java heap is
#     placed in the first 4GB address space. The Java Heap base address is the
#     maximum limit for the native heap growth. Please use -XX:HeapBaseMinAddress
#     to set the Java Heap base and to place the Java Heap above 4GB virtual address.
# This output file may be truncated or incomplete.
#
#  Out of Memory Error (virtualSpaceNode.cpp:113), pid=35048, tid=23328
#
# JRE version: OpenJDK Runtime Environment Temurin-21.0.12.1+1 (21.0.12.1+1) (build 21.0.12.1+1-LTS)
# Java VM: OpenJDK 64-Bit Server VM Temurin-21.0.12.1+1 (21.0.12.1+1-LTS, mixed mode, sharing, tiered, compressed oops, compressed class ptrs, g1 gc, windows-amd64)
# No core dump will be written. Minidumps are not enabled by default on client versions of Windows
#

---------------  S U M M A R Y ------------

Command Line: --add-opens=java.base/java.util=ALL-UNNAMED --add-opens=java.base/java.lang=ALL-UNNAMED --add-opens=java.base/java.lang.invoke=ALL-UNNAMED --add-opens=java.prefs/java.util.prefs=ALL-UNNAMED --add-exports=jdk.compiler/com.sun.tools.javac.api=ALL-UNNAMED --add-exports=jdk.compiler/com.sun.tools.javac.util=ALL-UNNAMED --add-opens=java.base/java.nio.charset=ALL-UNNAMED --add-opens=java.base/java.net=ALL-UNNAMED --add-opens=java.base/java.util.concurrent.atomic=ALL-UNNAMED -XX:MaxMetaspaceSize=384m -XX:+HeapDumpOnOutOfMemoryError -Xms256m -Xmx512m -Dfile.encoding=utf8 -Duser.country=IN -Duser.language=en -Duser.variant -javaagent:C:\Users\NAGARAJU\.gradle\wrapper\dists\gradle-8.9-bin\90cnw93cvbtalezasaz0blq0a\gradle-8.9\lib\agents\gradle-instrumentation-agent-8.9.jar org.gradle.launcher.daemon.bootstrap.GradleDaemon 8.9

Host: AMD Ryzen 3 5300U with Radeon Graphics         , 8 cores, 7G,  Windows 11 , 64 bit Build 26100 (10.0.26100.9168)
Time: Wed Sep  9 16:26:39 2026 India Standard Time elapsed time: 382.244348 seconds (0d 0h 6m 22s)

---------------  T H R E A D  ---------------

Current thread (0x0000029eff71f3f0):  JavaThread "Daemon worker"        [_thread_in_vm, id=23328, stack(0x000000cc8d900000,0x000000cc8da00000) (1024K)]

Stack: [0x000000cc8d900000,0x000000cc8da00000]
Native frames: (J=compiled Java code, j=interpreted, Vv=VM code, C=native code)
V  [jvm.dll+0x6d83e9]
V  [jvm.dll+0x8b5736]
V  [jvm.dll+0x8b7cee]
V  [jvm.dll+0x8b83d3]
V  [jvm.dll+0x284596]
V  [jvm.dll+0x8b147e]
V  [jvm.dll+0x679ad4]
V  [jvm.dll+0x1e849b]
V  [jvm.dll+0x1e825e]
V  [jvm.dll+0x67c3d2]
V  [jvm.dll+0x67c202]
V  [jvm.dll+0x67a4ae]
V  [jvm.dll+0x26f816]
V  [jvm.dll+0x21a11f]
V  [jvm.dll+0x20f80e]
V  [jvm.dll+0x5b6a7f]
V  [jvm.dll+0x82f77d]
V  [jvm.dll+0x479a6e]
V  [jvm.dll+0x48cde6]
C  [java.dll+0x1657]

Java frames: (J=compiled Java code, j=interpreted, Vv=VM code)
J 1925  java.lang.ClassLoader.defineClass0(Ljava/lang/ClassLoader;Ljava/lang/Class;Ljava/lang/String;[BIILjava/security/ProtectionDomain;ZILjava/lang/Object;)Ljava/lang/Class; java.base@21.0.12.1 (0 bytes) @ 0x0000029e87ba90bc [0x0000029e87ba8fc0+0x00000000000000fc]
J 3375 c1 java.lang.System$2.defineClass(Ljava/lang/ClassLoader;Ljava/lang/Class;Ljava/lang/String;[BLjava/security/ProtectionDomain;ZILjava/lang/Object;)Ljava/lang/Class; java.base@21.0.12.1 (21 bytes) @ 0x0000029e80673bf4 [0x0000029e80673b40+0x00000000000000b4]
J 3130 c1 java.lang.invoke.MethodHandles$Lookup$ClassDefiner.defineClass(ZLjava/lang/Object;)Ljava/lang/Class; java.base@21.0.12.1 (213 bytes) @ 0x0000029e8060aa7c [0x0000029e8060a520+0x000000000000055c]
J 3311 c1 java.lang.invoke.InvokerBytecodeGenerator.loadMethod([B)Ljava/lang/invoke/MemberName; java.base@21.0.12.1 (39 bytes) @ 0x0000029e8065648c [0x0000029e80656300+0x000000000000018c]
J 2864 c1 java.lang.invoke.InvokerBytecodeGenerator.generateCustomizedCode(Ljava/lang/invoke/LambdaForm;Ljava/lang/invoke/MethodType;)Ljava/lang/invoke/MemberName; java.base@21.0.12.1 (34 bytes) @ 0x0000029e80579734 [0x0000029e80579580+0x00000000000001b4]
J 3025 c1 java.lang.invoke.LambdaForm.compileToBytecode()V java.base@21.0.12.1 (164 bytes) @ 0x0000029e805c86f4 [0x0000029e805c8500+0x00000000000001f4]
j  java.lang.invoke.DirectMethodHandle.makePreparedLambdaForm(Ljava/lang/invoke/MethodType;I)Ljava/lang/invoke/LambdaForm;+750 java.base@21.0.12.1
J 2226 c1 java.lang.invoke.DirectMethodHandle.preparedLambdaForm(Ljava/lang/invoke/MemberName;Z)Ljava/lang/invoke/LambdaForm; java.base@21.0.12.1 (244 bytes) @ 0x0000029e8044b234 [0x0000029e8044a880+0x00000000000009b4]
J 1973 c1 java.lang.invoke.DirectMethodHandle.make(BLjava/lang/Class;Ljava/lang/invoke/MemberName;Ljava/lang/Class;)Ljava/lang/invoke/DirectMethodHandle; java.base@21.0.12.1 (275 bytes) @ 0x0000029e803cb3bc [0x0000029e803ca7c0+0x0000000000000bfc]
J 2913 c1 java.lang.invoke.MethodHandles$Lookup.getDirectMethodCommon(BLjava/lang/Class;Ljava/lang/invoke/MemberName;ZZLjava/lang/invoke/MethodHandles$Lookup;)Ljava/lang/invoke/MethodHandle; java.base@21.0.12.1 (300 bytes) @ 0x0000029e8058d404 [0x0000029e8058ca00+0x0000000000000a04]
j  java.lang.invoke.MethodHandles$Lookup.getDirectMethodNoSecurityManager(BLjava/lang/Class;Ljava/lang/invoke/MemberName;Ljava/lang/invoke/MethodHandles$Lookup;)Ljava/lang/invoke/MethodHandle;+14 java.base@21.0.12.1
j  java.lang.invoke.MethodHandles$Lookup.unreflect(Ljava/lang/reflect/Method;)Ljava/lang/invoke/MethodHandle;+116 java.base@21.0.12.1
J 3564 c1 org.gradle.internal.service.MethodHandleBasedServiceMethodFactory.toServiceMethod(Ljava/lang/reflect/Method;)Lorg/gradle/internal/service/ServiceMethod; (51 bytes) @ 0x0000029e806c240c [0x0000029e806c1b60+0x00000000000008ac]
J 3560 c1 org.gradle.internal.service.RelevantMethods$RelevantMethodsBuilder.add(Ljava/util/List;Ljava/lang/reflect/Method;)V (101 bytes) @ 0x0000029e806bc21c [0x0000029e806bb8e0+0x000000000000093c]
J 3049 c1 org.gradle.internal.service.RelevantMethods$RelevantMethodsBuilder.addMethod(Ljava/lang/reflect/Method;)V (260 bytes) @ 0x0000029e805db1bc [0x0000029e805d7ce0+0x00000000000034dc]
j  org.gradle.internal.service.RelevantMethods$RelevantMethodsBuilder.build()Lorg/gradle/internal/service/RelevantMethods;+57
j  org.gradle.internal.service.RelevantMethods.getMethods(Ljava/lang/Class;)Lorg/gradle/internal/service/RelevantMethods;+25
j  org.gradle.internal.service.DefaultServiceRegistry.findProviderMethods(Lorg/gradle/internal/service/ServiceRegistrationProvider;)V+6
j  org.gradle.internal.service.DefaultServiceRegistry.addProvider(Lorg/gradle/internal/service/ServiceRegistrationProvider;)Lorg/gradle/internal/service/DefaultServiceRegistry;+6
j  org.gradle.internal.service.DefaultServiceRegistry$1.addProvider(Lorg/gradle/internal/service/ServiceRegistrationProvider;)V+5
j  org.gradle.kotlin.dsl.services.KotlinScriptServices.registerBuildServices(Lorg/gradle/internal/service/ServiceRegistration;)V+37
j  org.gradle.internal.service.scopes.BuildScopeServices.lambda$new$0(Lorg/gradle/internal/build/BuildModelControllerServices$Supplier;Lorg/gradle/internal/service/ServiceRegistry;Lorg/gradle/internal/service/ServiceRegistration;)V+184
j  org.gradle.internal.service.scopes.BuildScopeServices$$Lambda+0x0000029e902d2d18.execute(Ljava/lang/Object;)V+16
j  org.gradle.internal.service.DefaultServiceRegistry.register(Lorg/gradle/api/Action;)V+9
j  org.gradle.internal.service.scopes.BuildScopeServices.<init>(Lorg/gradle/internal/service/ServiceRegistry;Lorg/gradle/internal/build/BuildModelControllerServices$Supplier;)V+37
j  org.gradle.internal.build.AbstractBuildState.prepareServices(Lorg/gradle/internal/buildtree/BuildTreeState;Lorg/gradle/api/internal/BuildDefinition;Lorg/gradle/internal/build/BuildModelControllerServices$Supplier;)Lorg/gradle/internal/service/scopes/BuildScopeServices;+9
j  org.gradle.internal.build.AbstractBuildState.<init>(Lorg/gradle/internal/buildtree/BuildTreeState;Lorg/gradle/api/internal/BuildDefinition;Lorg/gradle/internal/build/BuildState;)V+38
j  org.gradle.composite.internal.AbstractCompositeParticipantBuildState.<init>(Lorg/gradle/internal/buildtree/BuildTreeState;Lorg/gradle/api/internal/BuildDefinition;Lorg/gradle/internal/build/BuildState;)V+4
j  org.gradle.composite.internal.DefaultRootBuildState.<init>(Lorg/gradle/api/internal/BuildDefinition;Lorg/gradle/internal/buildtree/BuildTreeState;Lorg/gradle/internal/event/ListenerManager;)V+4
j  org.gradle.composite.internal.BuildStateFactory.createRootBuild(Lorg/gradle/api/internal/BuildDefinition;)Lorg/gradle/internal/build/RootBuildState;+13
j  org.gradle.composite.internal.DefaultIncludedBuildRegistry.createRootBuild(Lorg/gradle/api/internal/BuildDefinition;)Lorg/gradle/internal/build/RootBuildState;+23
j  org.gradle.launcher.exec.RootBuildLifecycleBuildActionExecutor.execute(Lorg/gradle/internal/invocation/BuildAction;Lorg/gradle/internal/buildtree/BuildTreeContext;)Lorg/gradle/internal/buildtree/BuildActionRunner$Result;+14
j  org.gradle.internal.buildtree.InitDeprecationLoggingActionExecutor.execute(Lorg/gradle/internal/invocation/BuildAction;Lorg/gradle/internal/buildtree/BuildTreeContext;)Lorg/gradle/internal/buildtree/BuildActionRunner$Result;+83
j  org.gradle.internal.buildtree.InitProblems.execute(Lorg/gradle/internal/invocation/BuildAction;Lorg/gradle/internal/buildtree/BuildTreeContext;)Lorg/gradle/internal/buildtree/BuildActionRunner$Result;+13
j  org.gradle.internal.buildtree.DefaultBuildTreeContext.execute(Lorg/gradle/internal/invocation/BuildAction;)Lorg/gradle/internal/buildtree/BuildActionRunner$Result;+64
j  org.gradle.launcher.exec.BuildTreeLifecycleBuildActionExecutor.lambda$execute$0(Lorg/gradle/internal/invocation/BuildAction;Lorg/gradle/internal/buildtree/BuildTreeContext;)Lorg/gradle/internal/buildtree/BuildActionRunner$Result;+2
j  org.gradle.launcher.exec.BuildTreeLifecycleBuildActionExecutor$$Lambda+0x0000029e902a9738.apply(Ljava/lang/Object;)Ljava/lang/Object;+8
j  org.gradle.internal.buildtree.BuildTreeState.run(Ljava/util/function/Function;)Ljava/lang/Object;+45
j  org.gradle.launcher.exec.BuildTreeLifecycleBuildActionExecutor.execute(Lorg/gradle/internal/invocation/BuildAction;Lorg/gradle/internal/session/BuildSessionContext;)Lorg/gradle/internal/buildtree/BuildActionRunner$Result;+74
j  org.gradle.launcher.exec.RunAsBuildOperationBuildActionExecutor$3.call(Lorg/gradle/internal/operations/BuildOperationContext;)Lorg/gradle/internal/buildtree/BuildActionRunner$Result;+25
j  org.gradle.launcher.exec.RunAsBuildOperationBuildActionExecutor$3.call(Lorg/gradle/internal/operations/BuildOperationContext;)Ljava/lang/Object;+2
j  org.gradle.internal.operations.DefaultBuildOperationRunner$CallableBuildOperationWorker.execute(Lorg/gradle/internal/operations/CallableBuildOperation;Lorg/gradle/internal/operations/BuildOperationContext;)V+3
j  org.gradle.internal.operations.DefaultBuildOperationRunner$CallableBuildOperationWorker.execute(Lorg/gradle/internal/operations/BuildOperation;Lorg/gradle/internal/operations/BuildOperationContext;)V+6
j  org.gradle.internal.operations.DefaultBuildOperationRunner$2.execute(Lorg/gradle/internal/operations/BuildOperationDescriptor;Lorg/gradle/internal/operations/BuildOperationState;Lorg/gradle/internal/operations/BuildOperationState;Lorg/gradle/internal/operations/DefaultBuildOperationRunner$ReadableBuildOperationContext;Lorg/gradle/internal/operations/DefaultBuildOperationRunner$BuildOperationExecutionListener;)Lorg/gradle/internal/operations/BuildOperation;+22
j  org.gradle.internal.operations.DefaultBuildOperationRunner$2.execute(Lorg/gradle/internal/operations/BuildOperationDescriptor;Lorg/gradle/internal/operations/BuildOperationState;Lorg/gradle/internal/operations/BuildOperationState;Lorg/gradle/internal/operations/DefaultBuildOperationRunner$ReadableBuildOperationContext;Lorg/gradle/internal/operations/DefaultBuildOperationRunner$BuildOperationExecutionListener;)Ljava/lang/Object;+8
j  org.gradle.internal.operations.DefaultBuildOperationRunner.execute(Lorg/gradle/internal/operations/BuildOperationDescriptor$Builder;Lorg/gradle/internal/operations/BuildOperationState;Lorg/gradle/internal/operations/DefaultBuildOperationRunner$BuildOperationExecution;)Ljava/lang/Object;+141
j  org.gradle.internal.operations.DefaultBuildOperationRunner.execute(Lorg/gradle/internal/operations/BuildOperation;Lorg/gradle/internal/operations/BuildOperationWorker;Lorg/gradle/internal/operations/BuildOperationState;)V+18
j  org.gradle.internal.operations.DefaultBuildOperationRunner.call(Lorg/gradle/internal/operations/CallableBuildOperation;)Ljava/lang/Object;+16
j  org.gradle.launcher.exec.RunAsBuildOperationBuildActionExecutor.execute(Lorg/gradle/internal/invocation/BuildAction;Lorg/gradle/internal/session/BuildSessionContext;)Lorg/gradle/internal/buildtree/BuildActionRunner$Result;+23
j  org.gradle.launcher.exec.RunAsWorkerThreadBuildActionExecutor.lambda$execute$0(Lorg/gradle/internal/invocation/BuildAction;Lorg/gradle/internal/session/BuildSessionContext;)Lorg/gradle/internal/buildtree/BuildActionRunner$Result;+6
j  org.gradle.launcher.exec.RunAsWorkerThreadBuildActionExecutor$$Lambda+0x0000029e90277100.create()Ljava/lang/Object;+12
j  org.gradle.internal.work.DefaultWorkerLeaseService.withLocks(Ljava/util/Collection;Lorg/gradle/internal/Factory;)Ljava/lang/Object;+28
j  org.gradle.internal.work.DefaultWorkerLeaseService.runAsWorkerThread(Lorg/gradle/internal/Factory;)Ljava/lang/Object;+33
j  org.gradle.launcher.exec.RunAsWorkerThreadBuildActionExecutor.execute(Lorg/gradle/internal/invocation/BuildAction;Lorg/gradle/internal/session/BuildSessionContext;)Lorg/gradle/internal/buildtree/BuildActionRunner$Result;+12
j  org.gradle.tooling.internal.provider.continuous.ContinuousBuildActionExecutor.execute(Lorg/gradle/internal/invocation/BuildAction;Lorg/gradle/internal/session/BuildSessionContext;)Lorg/gradle/internal/buildtree/BuildActionRunner$Result;+58
j  org.gradle.tooling.internal.provider.SubscribableBuildActionExecutor.execute(Lorg/gradle/internal/invocation/BuildAction;Lorg/gradle/internal/session/BuildSessionContext;)Lorg/gradle/internal/buildtree/BuildActionRunner$Result;+30
j  org.gradle.internal.session.DefaultBuildSessionContext.execute(Lorg/gradle/internal/invocation/BuildAction;)Lorg/gradle/internal/buildtree/BuildActionRunner$Result;+64
j  org.gradle.internal.buildprocess.execution.BuildSessionLifecycleBuildActionExecutor$ActionImpl.apply(Lorg/gradle/internal/session/BuildSessionContext;)Lorg/gradle/launcher/exec/BuildActionResult;+6
j  org.gradle.internal.buildprocess.execution.BuildSessionLifecycleBuildActionExecutor$ActionImpl.apply(Ljava/lang/Object;)Ljava/lang/Object;+5
j  org.gradle.internal.session.BuildSessionState.run(Ljava/util/function/Function;)Ljava/lang/Object;+5
j  org.gradle.internal.buildprocess.execution.BuildSessionLifecycleBuildActionExecutor.execute(Lorg/gradle/internal/invocation/BuildAction;Lorg/gradle/launcher/exec/BuildActionParameters;Lorg/gradle/initialization/BuildRequestContext;)Lorg/gradle/launcher/exec/BuildActionResult;+95
j  org.gradle.internal.buildprocess.execution.BuildSessionLifecycleBuildActionExecutor.execute(Lorg/gradle/internal/invocation/BuildAction;Ljava/lang/Object;Ljava/lang/Object;)Lorg/gradle/launcher/exec/BuildActionResult;+10
j  org.gradle.internal.buildprocess.execution.StartParamsValidatingActionExecutor.execute(Lorg/gradle/internal/invocation/BuildAction;Lorg/gradle/launcher/exec/BuildActionParameters;Lorg/gradle/initialization/BuildRequestContext;)Lorg/gradle/launcher/exec/BuildActionResult;+203
j  org.gradle.internal.buildprocess.execution.StartParamsValidatingActionExecutor.execute(Lorg/gradle/internal/invocation/BuildAction;Ljava/lang/Object;Ljava/lang/Object;)Lorg/gradle/launcher/exec/BuildActionResult;+10
j  org.gradle.internal.buildprocess.execution.SessionFailureReportingActionExecutor.execute(Lorg/gradle/internal/invocation/BuildAction;Lorg/gradle/launcher/exec/BuildActionParameters;Lorg/gradle/initialization/BuildRequestContext;)Lorg/gradle/launcher/exec/BuildActionResult;+7
j  org.gradle.internal.buildprocess.execution.SessionFailureReportingActionExecutor.execute(Lorg/gradle/internal/invocation/BuildAction;Ljava/lang/Object;Ljava/lang/Object;)Lorg/gradle/launcher/exec/BuildActionResult;+10
j  org.gradle.internal.buildprocess.execution.SetupLoggingActionExecutor.execute(Lorg/gradle/internal/invocation/BuildAction;Lorg/gradle/launcher/exec/BuildActionParameters;Lorg/gradle/initialization/BuildRequestContext;)Lorg/gradle/launcher/exec/BuildActionResult;+50
j  org.gradle.internal.buildprocess.execution.SetupLoggingActionExecutor.execute(Lorg/gradle/internal/invocation/BuildAction;Ljava/lang/Object;Ljava/lang/Object;)Lorg/gradle/launcher/exec/BuildActionResult;+10
j  org.gradle.launcher.daemon.server.exec.ExecuteBuild.doBuild(Lorg/gradle/launcher/daemon/server/api/DaemonCommandExecution;Lorg/gradle/launcher/daemon/protocol/Build;)V+147
j  org.gradle.launcher.daemon.server.exec.BuildCommandOnly.execute(Lorg/gradle/launcher/daemon/server/api/DaemonCommandExecution;)V+49
j  org.gradle.launcher.daemon.server.api.DaemonCommandExecution.proceed()Z+23
j  org.gradle.launcher.daemon.server.exec.WatchForDisconnection.execute(Lorg/gradle/launcher/daemon/server/api/DaemonCommandExecution;)V+19
j  org.gradle.launcher.daemon.server.api.DaemonCommandExecution.proceed()Z+23
j  org.gradle.launcher.daemon.server.exec.ResetDeprecationLogger.execute(Lorg/gradle/launcher/daemon/server/api/DaemonCommandExecution;)V+7
j  org.gradle.launcher.daemon.server.api.DaemonCommandExecution.proceed()Z+23
j  org.gradle.launcher.daemon.server.exec.RequestStopIfSingleUsedDaemon.execute(Lorg/gradle/launcher/daemon/server/api/DaemonCommandExecution;)V+33
j  org.gradle.launcher.daemon.server.api.DaemonCommandExecution.proceed()Z+23
j  org.gradle.launcher.daemon.server.exec.ForwardClientInput.lambda$execute$0(Lorg/gradle/launcher/daemon/server/api/DaemonCommandExecution;Lorg/gradle/internal/daemon/clientinput/StdinHandler;)Ljava/lang/Object;+11
j  org.gradle.launcher.daemon.server.exec.ForwardClientInput$$Lambda+0x0000029e9018f470.apply(Ljava/lang/Object;)Ljava/lang/Object;+8
j  org.gradle.internal.daemon.clientinput.ClientInputForwarder.forwardInput(Ljava/util/function/Function;)Ljava/lang/Object;+46
j  org.gradle.launcher.daemon.server.exec.ForwardClientInput.execute(Lorg/gradle/launcher/daemon/server/api/DaemonCommandExecution;)V+10
j  org.gradle.launcher.daemon.server.api.DaemonCommandExecution.proceed()Z+23
j  org.gradle.launcher.daemon.server.exec.LogAndCheckHealth.execute(Lorg/gradle/launcher/daemon/server/api/DaemonCommandExecution;)V+51
j  org.gradle.launcher.daemon.server.api.DaemonCommandExecution.proceed()Z+23
j  org.gradle.launcher.daemon.server.exec.LogToClient.doBuild(Lorg/gradle/launcher/daemon/server/api/DaemonCommandExecution;Lorg/gradle/launcher/daemon/protocol/Build;)V+87
j  org.gradle.launcher.daemon.server.exec.BuildCommandOnly.execute(Lorg/gradle/launcher/daemon/server/api/DaemonCommandExecution;)V+49
j  org.gradle.launcher.daemon.server.api.DaemonCommandExecution.proceed()Z+23
j  org.gradle.launcher.daemon.server.exec.EstablishBuildEnvironment.doBuild(Lorg/gradle/launcher/daemon/server/api/DaemonCommandExecution;Lorg/gradle/launcher/daemon/protocol/Build;)V+356
j  org.gradle.launcher.daemon.server.exec.BuildCommandOnly.execute(Lorg/gradle/launcher/daemon/server/api/DaemonCommandExecution;)V+49
j  org.gradle.launcher.daemon.server.api.DaemonCommandExecution.proceed()Z+23
j  org.gradle.launcher.daemon.server.exec.StartBuildOrRespondWithBusy$1.run()V+44
j  org.gradle.launcher.daemon.server.DaemonStateCoordinator.lambda$runCommand$0(Ljava/lang/Runnable;)V+1
j  org.gradle.launcher.daemon.server.DaemonStateCoordinator$$Lambda+0x0000029e9018e000.run()V+8
j  org.gradle.internal.concurrent.ExecutorPolicy$CatchAndRecordFailures.onExecute(Ljava/lang/Runnable;)V+1
j  org.gradle.internal.concurrent.AbstractManagedExecutor$1.run()V+25
j  java.util.concurrent.ThreadPoolExecutor.runWorker(Ljava/util/concurrent/ThreadPoolExecutor$Worker;)V+92 java.base@21.0.12.1
j  java.util.concurrent.ThreadPoolExecutor$Worker.run()V+5 java.base@21.0.12.1
j  java.lang.Thread.runWith(Ljava/lang/Object;Ljava/lang/Runnable;)V+5 java.base@21.0.12.1
j  java.lang.Thread.run()V+19 java.base@21.0.12.1
v  ~StubRoutines::call_stub 0x0000029e8753100d

Compiled method (n/a) 383657 1925     n 0       java.lang.ClassLoader::defineClass0 (native)
 total in heap  [0x0000029e87ba8e10,0x0000029e87ba93d0] = 1472
 relocation     [0x0000029e87ba8f70,0x0000029e87ba8fa8] = 56
 main code      [0x0000029e87ba8fc0,0x0000029e87ba93cc] = 1036
 stub code      [0x0000029e87ba93cc,0x0000029e87ba93d0] = 4

[Constant Pool (empty)]

[MachCode]
[Entry Point]
  # {method} {0x0000029e8f434610} 'defineClass0' '(Ljava/lang/ClassLoader;Ljava/lang/Class;Ljava/lang/String;[BIILjava/security/ProtectionDomain;ZILjava/lang/Object;)Ljava/lang/Class;' in 'java/lang/ClassLoader'
  # parm0:    rdx:rdx   = 'java/lang/ClassLoader'
  # parm1:    r8:r8     = 'java/lang/Class'
  # parm2:    r9:r9     = 'java/lang/String'
  # parm3:    rdi:rdi   = '[B'
  # parm4:    rsi       = int
  # parm5:    rcx       = int
  # parm6:    [sp+0xb0]   = 'java/security/ProtectionDomain'  (sp of caller)
  # parm7:    [sp+0xb8]   = boolean
  # parm8:    [sp+0xc0]   = int
  # parm9:    [sp+0xc8]   = 'java/lang/Object'
  0x0000029e87ba8fc0: 448b 5208 | 49bb 0000 | 008f 9e02 | 0000 4d03 | d349 3bc2 | 0f84 0600 

  0x0000029e87ba8fd8: ;   {runtime_call ic_miss_stub}
  0x0000029e87ba8fd8: 0000 e9a1 | 579d ff90 
[Verified Entry Point]
  0x0000029e87ba8fe0: 8984 2400 | 80ff ff55 | 488b ec48 | 81ec a000 | 0000 6690 | 4181 7f20 | 0100 0000 

  0x0000029e87ba8ffc: ;   {runtime_call StubRoutines (final stubs)}
  0x0000029e87ba8ffc: 7405 e89d | d49b ff48 | 837d 2800 | 488d 4528 | 480f 4445 | 2848 8944 | 2458 4863 | 4520 4889 
  0x0000029e87ba901c: 4424 5048 | 6345 1848 | 8944 2448 | 4883 7d10 | 0048 8d45 | 1048 0f44 | 4510 4889 | 4424 4048 
  0x0000029e87ba903c: 894c 2438 | 4889 7424 | 3048 897c | 2478 4883 | ff00 488d | 4424 7848 | 0f44 4424 | 7848 8944 
  0x0000029e87ba905c: 2428 4c89 | 4c24 7049 | 83f9 0048 | 8d44 2470 | 480f 4444 | 2470 4889 | 4424 204c | 8944 2468 
  0x0000029e87ba907c: 4983 f800 | 4c8d 4c24 | 684c 0f44 | 4c24 6848 | 8954 2460 | 4883 fa00 | 4c8d 4424 | 604c 0f44 
  0x0000029e87ba909c: ;   {oop(a 'java/lang/Class'{0x00000000e06ccf50} = 'java/lang/ClassLoader')}
  0x0000029e87ba909c: 4424 6049 | be50 cf6c | e000 0000 | 004c 89b4 | 2490 0000 | 004c 8db4 | 2490 0000 | 0049 8bd6 
  0x0000029e87ba90bc: ;   {internal_word}
  0x0000029e87ba90bc: c5f8 7749 | babc 90ba | 879e 0200 | 004d 8997 | a803 0000 | 4989 a7a0 

  0x0000029e87ba90d4: ;   {external_word}
  0x0000029e87ba90d4: 0300 0049 | ba06 6d1d | c9fa 7f00 | 0041 803a | 000f 844e | 0000 0052 | 4150 4151 

  0x0000029e87ba90f0: ;   {metadata({method} {0x0000029e8f434610} 'defineClass0' '(Ljava/lang/ClassLoader;Ljava/lang/Class;Ljava/lang/String;[BIILjava/security/ProtectionDomain;ZILjava/lang/Object;)Ljava/lang/Class;' in 'java/lang/ClassLoader')}
  0x0000029e87ba90f0: 48ba 0846 | 438f 9e02 | 0000 498b | cf48 83ec | 2040 f6c4 | 0f0f 8419 | 0000 0048 

  0x0000029e87ba910c: ;   {runtime_call}
  0x0000029e87ba910c: 83ec 0848 | b8e0 eac6 | c8fa 7f00 | 00ff d048 | 83c4 08e9 | 0c00 0000 

  0x0000029e87ba9124: ;   {runtime_call}
  0x0000029e87ba9124: 48b8 e0ea | c6c8 fa7f | 0000 ffd0 | 4883 c420 | 4159 4158 | 5a49 8d8f | c003 0000 | 41c7 874c 
  0x0000029e87ba9144: 0400 0004 

  0x0000029e87ba9148: ;   {runtime_call}
  0x0000029e87ba9148: 0000 0048 | b81c 15e5 | 5ffb 7f00 | 00ff d0c5 | f877 41c7 | 874c 0400 | 0005 0000 | 00f0 8344 
  0x0000029e87ba9168: 24c0 0049 | 3baf 5004 | 0000 0f87 | 0e00 0000 | 4183 bf48 | 0400 0000 | 0f84 2b00 | 0000 c5f8 
  0x0000029e87ba9188: 7748 8945 | f849 8bcf | 4c8b e448 | 83ec 2048 

  0x0000029e87ba9198: ;   {runtime_call}
  0x0000029e87ba9198: 83e4 f048 | b800 5892 | c8fa 7f00 | 00ff d049 | 8be4 4d33 | e448 8b45 | f841 c787 | 4c04 0000 
  0x0000029e87ba91b8: 0800 0000 | 4183 bfc8 | 0400 0002 | 0f84 d501 

  0x0000029e87ba91c8: ;   {external_word}
  0x0000029e87ba91c8: 0000 49ba | 066d 1dc9 | fa7f 0000 | 4180 3a00 | 0f84 4c00 | 0000 4889 

  0x0000029e87ba91e0: ;   {metadata({method} {0x0000029e8f434610} 'defineClass0' '(Ljava/lang/ClassLoader;Ljava/lang/Class;Ljava/lang/String;[BIILjava/security/ProtectionDomain;ZILjava/lang/Object;)Ljava/lang/Class;' in 'java/lang/ClassLoader')}
  0x0000029e87ba91e0: 45f8 48ba | 0846 438f | 9e02 0000 | 498b cf48 | 83ec 2040 | f6c4 0f0f | 8419 0000 | 0048 83ec 
  0x0000029e87ba9200: ;   {runtime_call}
  0x0000029e87ba9200: 0848 b8e0 | eac6 c8fa | 7f00 00ff | d048 83c4 | 08e9 0c00 

  0x0000029e87ba9214: ;   {runtime_call}
  0x0000029e87ba9214: 0000 48b8 | e0ea c6c8 | fa7f 0000 | ffd0 4883 | c420 488b | 45f8 49c7 | 87a0 0300 | 0000 0000 
  0x0000029e87ba9234: 0049 c787 | a803 0000 | 0000 0000 | c5f8 7748 | 85c0 0f84 | 3001 0000 | a803 0f85 | 0800 0000 
  0x0000029e87ba9254: 488b 00e9 | 2001 0000 | a801 0f85 | 0900 0000 | 488b 40fe | e90f 0100 | 0048 8b40 | ff41 807f 
  0x0000029e87ba9274: 4000 0f84 | 0001 0000 | 4883 f800 | 0f84 f600 | 0000 498b | 4f28 4883 | f900 0f84 | 1400 0000 
  0x0000029e87ba9294: 4883 e908 | 4989 4f28 | 4903 4f38 | 4889 01e9 | d400 0000 | 4883 ec70 | 4889 0424 | 4889 4c24 
  0x0000029e87ba92b4: 0848 8954 | 2410 4c89 | 4424 184c | 894c 2420 | 4c89 5424 | 284c 895c | 2430 c5fb | 1144 2440 
  0x0000029e87ba92d4: c5fb 114c | 2448 c5fb | 1154 2450 | c5fb 115c | 2458 c5fb | 1164 2460 | c5fb 116c | 2468 498b 
  0x0000029e87ba92f4: d748 8bc8 | 4883 ec20 | 40f6 c40f | 0f84 1900 | 0000 4883 

  0x0000029e87ba9308: ;   {runtime_call}
  0x0000029e87ba9308: ec08 48b8 | 20a4 85c8 | fa7f 0000 | ffd0 4883 | c408 e90c 

  0x0000029e87ba931c: ;   {runtime_call}
  0x0000029e87ba931c: 0000 0048 | b820 a485 | c8fa 7f00 | 00ff d048 | 83c4 20c5 | fb10 6c24 | 68c5 fb10 | 6424 60c5 
  0x0000029e87ba933c: fb10 5c24 | 58c5 fb10 | 5424 50c5 | fb10 4c24 | 48c5 fb10 | 4424 404c | 8b5c 2430 | 4c8b 5424 
  0x0000029e87ba935c: 284c 8b4c | 2420 4c8b | 4424 1848 | 8b54 2410 | 488b 4c24 | 0848 8b04 | 2448 83c4 | 70c5 f877 
  0x0000029e87ba937c: 498b 8f30 | 0400 00c7 | 8100 0100 | 0000 0000 | 00c9 4983 | 7f08 000f | 8501 0000 

  0x0000029e87ba9398: ;   {runtime_call StubRoutines (initial stubs)}
  0x0000029e87ba9398: 00c3 e961 | 7b98 ffc5 | f877 4889 | 45f8 4c8b | e448 83ec | 2048 83e4 

  0x0000029e87ba93b0: ;   {runtime_call}
  0x0000029e87ba93b0: f048 b830 | 22c7 c8fa | 7f00 00ff | d049 8be4 | 4d33 e448 | 8b45 f8e9 | fefd ffff 
[Stub Code]
  0x0000029e87ba93cc: f4f4 f4f4 
[/MachCode]


Compiled method (c1) 383695 3375       3       java.lang.System$2::defineClass (21 bytes)
 total in heap  [0x0000029e80673990,0x0000029e80673d70] = 992
 relocation     [0x0000029e80673af0,0x0000029e80673b30] = 64
 main code      [0x0000029e80673b40,0x0000029e80673c78] = 312
 stub code      [0x0000029e80673c78,0x0000029e80673cb8] = 64
 metadata       [0x0000029e80673cb8,0x0000029e80673cc0] = 8
 scopes data    [0x0000029e80673cc0,0x0000029e80673d08] = 72
 scopes pcs     [0x0000029e80673d08,0x0000029e80673d58] = 80
 dependencies   [0x0000029e80673d58,0x0000029e80673d60] = 8
 nul chk table  [0x0000029e80673d60,0x0000029e80673d70] = 16

[Constant Pool (empty)]

[MachCode]
[Entry Point]
  # {method} {0x0000029e8f019588} 'defineClass' '(Ljava/lang/ClassLoader;Ljava/lang/Class;Ljava/lang/String;[BLjava/security/ProtectionDomain;ZILjava/lang/Object;)Ljava/lang/Class;' in 'java/lang/System$2'
  # this:     rdx:rdx   = 'java/lang/System$2'
  # parm0:    r8:r8     = 'java/lang/ClassLoader'
  # parm1:    r9:r9     = 'java/lang/Class'
  # parm2:    rdi:rdi   = 'java/lang/String'
  # parm3:    rsi:rsi   = '[B'
  # parm4:    rcx:rcx   = 'java/security/ProtectionDomain'
  # parm5:    [sp+0x70]   = boolean  (sp of caller)
  # parm6:    [sp+0x78]   = int
  # parm7:    [sp+0x80]   = 'java/lang/Object'
  0x0000029e80673b40: 448b 5208 | 49bb 0000 | 008f 9e02 | 0000 4d03 | d34c 3bd0 

  0x0000029e80673b54: ;   {runtime_call ic_miss_stub}
  0x0000029e80673b54: 0f85 26ac | f006 660f | 1f44 0000 
[Verified Entry Point]
  0x0000029e80673b60: 8984 2400 | 80ff ff55 | 4883 ec60 | 4181 7f20 | 0100 0000 

  0x0000029e80673b74: ;   {runtime_call StubRoutines (final stubs)}
  0x0000029e80673b74: 7405 e825 | 29ef 0648 

  0x0000029e80673b7c: ;   {metadata(method data for {method} {0x0000029e8f019588} 'defineClass' '(Ljava/lang/ClassLoader;Ljava/lang/Class;Ljava/lang/String;[BLjava/security/ProtectionDomain;ZILjava/lang/Object;)Ljava/lang/Class;' in 'java/lang/System$2')}
  0x0000029e80673b7c: 8bd9 48b9 | 5027 d0fa | 9e02 0000 | 8b81 cc00 | 0000 83c0 | 0289 81cc | 0000 0025 | fe07 0000 
  0x0000029e80673b9c: 85c0 0f84 | 6b00 0000 | 4c8b ac24 | 8000 0000 | 448b 5c24 | 788b 4424 | 708b 4e0c 

  0x0000029e80673bb8: ;   {metadata(method data for {method} {0x0000029e8f019588} 'defineClass' '(Ljava/lang/ClassLoader;Ljava/lang/Class;Ljava/lang/String;[BLjava/security/ProtectionDomain;ZILjava/lang/Object;)Ljava/lang/Class;' in 'java/lang/System$2')}
  0x0000029e80673bb8: 48ba 5027 | d0fa 9e02 | 0000 4883 | 8210 0100 | 0001 498b | d04d 8bc1 | 4c8b cf48 | 8bfe be00 
  0x0000029e80673bd8: 0000 0048 | 891c 2489 | 4424 0844 | 895c 2410 | 4c89 6c24 

  0x0000029e80673bec: ;   {static_call}
  0x0000029e80673bec: 1866 90e8 

  0x0000029e80673bf0: ; ImmutableOopMap {}
                      ;*invokestatic defineClass0 {reexecute=0 rethrow=0 return_oop=0}
                      ; - java.lang.System$2::defineClass@17
  0x0000029e80673bf0: ec53 5307 

  0x0000029e80673bf4: ;   {other}
  0x0000029e80673bf4: 0f1f 8400 | 6402 0000 | 4883 c460 

  0x0000029e80673c00: ;   {poll_return}
  0x0000029e80673c00: 5d49 3ba7 | 5004 0000 | 0f87 2700 

  0x0000029e80673c0c: ;   {metadata({method} {0x0000029e8f019588} 'defineClass' '(Ljava/lang/ClassLoader;Ljava/lang/Class;Ljava/lang/String;[BLjava/security/ProtectionDomain;ZILjava/lang/Object;)Ljava/lang/Class;' in 'java/lang/System$2')}
  0x0000029e80673c0c: 0000 c349 | ba80 9501 | 8f9e 0200 | 004c 8954 | 2408 48c7 | 0424 ffff 

  0x0000029e80673c24: ;   {runtime_call counter_overflow Runtime1 stub}
  0x0000029e80673c24: ffff e855 

  0x0000029e80673c28: ; ImmutableOopMap {rdx=Oop r8=Oop r9=Oop rdi=Oop rsi=Oop rbx=Oop [128]=Oop }
                      ;*synchronization entry
                      ; - java.lang.System$2::defineClass@-1
  0x0000029e80673c28: c6fc 06e9 | 74ff ffff 

  0x0000029e80673c30: ;   {runtime_call throw_null_pointer_exception Runtime1 stub}
  0x0000029e80673c30: e8cb d7f3 

  0x0000029e80673c34: ; ImmutableOopMap {r8=Oop r9=Oop rdi=Oop rsi=Oop rbx=Oop r13=Oop [128]=Oop }
                      ;*arraylength {reexecute=0 rethrow=0 return_oop=0}
                      ; - java.lang.System$2::defineClass@8
                      ;   {internal_word}
  0x0000029e80673c34: 0649 ba01 | 3c67 809e | 0200 004d | 8997 6804 

  0x0000029e80673c44: ;   {runtime_call SafepointBlob}
  0x0000029e80673c44: 0000 e935 | 18f1 0649 | 8b87 0005 | 0000 49c7 | 8700 0500 | 0000 0000 | 0049 c787 | 0805 0000 
  0x0000029e80673c64: 0000 0000 | 4883 c460 

  0x0000029e80673c6c: ;   {runtime_call unwind_exception Runtime1 stub}
  0x0000029e80673c6c: 5de9 8ee6 | f306 f4f4 | f4f4 f4f4 
[Stub Code]
  0x0000029e80673c78: ;   {no_reloc}
  0x0000029e80673c78: 48bb 0000 | 0000 0000 

  0x0000029e80673c80: ;   {runtime_call nmethod}
  0x0000029e80673c80: 0000 e9fb 

  0x0000029e80673c84: ;   {runtime_call handle_exception_from_callee Runtime1 stub}
  0x0000029e80673c84: ffff ffe8 | 74b9 f306 

  0x0000029e80673c8c: ;   {external_word}
  0x0000029e80673c8c: 48b9 5063 | f3c8 fa7f | 0000 4883 

  0x0000029e80673c98: ;   {runtime_call}
  0x0000029e80673c98: e4f0 48b8 | c0c9 b5c8 | fa7f 0000 

  0x0000029e80673ca4: ;   {section_word}
  0x0000029e80673ca4: ffd0 f449 | baa7 3c67 | 809e 0200 

  0x0000029e80673cb0: ;   {runtime_call DeoptimizationBlob}
  0x0000029e80673cb0: 0041 52e9 | 680a f106 
[/MachCode]


Compiled method (c1) 383707 3130   !   3       java.lang.invoke.MethodHandles$Lookup$ClassDefiner::defineClass (213 bytes)
 total in heap  [0x0000029e8060a290,0x0000029e8060b4f0] = 4704
 relocation     [0x0000029e8060a3f0,0x0000029e8060a510] = 288
 main code      [0x0000029e8060a520,0x0000029e8060af88] = 2664
 stub code      [0x0000029e8060af88,0x0000029e8060b000] = 120
 metadata       [0x0000029e8060b000,0x0000029e8060b070] = 112
 scopes data    [0x0000029e8060b070,0x0000029e8060b288] = 536
 scopes pcs     [0x0000029e8060b288,0x0000029e8060b448] = 448
 dependencies   [0x0000029e8060b448,0x0000029e8060b460] = 24
 handler table  [0x0000029e8060b460,0x0000029e8060b4a8] = 72
 nul chk table  [0x0000029e8060b4a8,0x0000029e8060b4f0] = 72

[Constant Pool (empty)]

[MachCode]
[Entry Point]
  # {method} {0x0000029e8f1eae68} 'defineClass' '(ZLjava/lang/Object;)Ljava/lang/Class;' in 'java/lang/invoke/MethodHandles$Lookup$ClassDefiner'
  # this:     rdx:rdx   = 'java/lang/invoke/MethodHandles$Lookup$ClassDefiner'
  # parm0:    r8        = boolean
  # parm1:    r9:r9     = 'java/lang/Object'
  #           [sp+0xf0]  (sp of caller)
  0x0000029e8060a520: 448b 5208 | 49bb 0000 | 008f 9e02 | 0000 4d03 | d34c 3bd0 

  0x0000029e8060a534: ;   {runtime_call ic_miss_stub}
  0x0000029e8060a534: 0f85 4642 | f706 660f | 1f44 0000 
[Verified Entry Point]
  0x0000029e8060a540: 8984 2400 | 80ff ff55 | 4881 ece0 | 0000 0090 | 4181 7f20 | 0100 0000 

  0x0000029e8060a558: ;   {runtime_call StubRoutines (final stubs)}
  0x0000029e8060a558: 7405 e841 | bff5 0648 | 8994 2498 | 0000 0044 | 8984 24b0 | 0000 004c | 898c 24b8 

  0x0000029e8060a574: ;   {metadata(method data for {method} {0x0000029e8f1eae68} 'defineClass' '(ZLjava/lang/Object;)Ljava/lang/Class;' in 'java/lang/invoke/MethodHandles$Lookup$ClassDefiner')}
  0x0000029e8060a574: 0000 0048 | be28 1cd0 | fa9e 0200 | 008b becc | 0000 0083 | c702 89be | cc00 0000 | 81e7 fe07 
  0x0000029e8060a594: 0000 85ff | 0f84 6b07 | 0000 8b72 | 1048 89b4 | 2490 0000 | 0048 3b06 

  0x0000029e8060a5ac: ;   {metadata(method data for {method} {0x0000029e8f1eae68} 'defineClass' '(ZLjava/lang/Object;)Ljava/lang/Class;' in 'java/lang/invoke/MethodHandles$Lookup$ClassDefiner')}
  0x0000029e8060a5ac: 488b fe48 | bb28 1cd0 | fa9e 0200 | 0048 8383 | 1001 0000 | 018b 7e10 | 4889 bc24 | a800 0000 
  0x0000029e8060a5cc: ; implicit exception: dispatches to 0x0000029e8060ad2f
  0x0000029e8060a5cc: 483b 0748 

  0x0000029e8060a5d0: ;   {metadata(method data for {method} {0x0000029e8f1eae68} 'defineClass' '(ZLjava/lang/Object;)Ljava/lang/Class;' in 'java/lang/invoke/MethodHandles$Lookup$ClassDefiner')}
  0x0000029e8060a5d0: 8bdf 48b8 | 281c d0fa | 9e02 0000 | 4883 8048 | 0100 0001 

  0x0000029e8060a5e4: ;   {metadata(method data for {method} {0x0000029e8f468e60} 'getClassLoader' '()Ljava/lang/ClassLoader;' in 'java/lang/Class')}
  0x0000029e8060a5e4: 48bb e05c | 02fa 9e02 | 0000 8b83 | cc00 0000 | 83c0 0289 | 83cc 0000 | 0025 feff | 1f00 85c0 
  0x0000029e8060a604: 0f84 2a07 | 0000 8b5f | 3448 85db 

  0x0000029e8060a610: ;   {metadata(method data for {method} {0x0000029e8f468e60} 'getClassLoader' '()Ljava/lang/ClassLoader;' in 'java/lang/Class')}
  0x0000029e8060a610: 48b8 e05c | 02fa 9e02 | 0000 48c7 | c110 0100 | 0075 0748 | c7c1 2001 | 0000 4c8b | 1c08 4d8d 
  0x0000029e8060a630: 5b01 4c89 | 1c08 0f85 | 0f00 0000 

  0x0000029e8060a63c: ;   {oop(nullptr)}
  0x0000029e8060a63c: 48bb 0000 | 0000 0000 | 0000 e9a2 

  0x0000029e8060a648: ;   {metadata(method data for {method} {0x0000029e8f468e60} 'getClassLoader' '()Ljava/lang/ClassLoader;' in 'java/lang/Class')}
  0x0000029e8060a648: 0000 0048 | b8e0 5c02 | fa9e 0200 | 0048 8380 | 3001 0000 

  0x0000029e8060a65c: ;   {metadata(method data for {method} {0x0000029e8f01b1d0} 'getSecurityManager' '()Ljava/lang/SecurityManager;' in 'java/lang/System')}
  0x0000029e8060a65c: 0148 b8a0 | 5e02 fa9e | 0200 008b | 88cc 0000 | 0083 c102 | 8988 cc00 | 0000 81e1 | feff 1f00 
  0x0000029e8060a67c: 85c9 0f84 | d106 0000 

  0x0000029e8060a684: ;   {metadata(method data for {method} {0x0000029e8f01b1d0} 'getSecurityManager' '()Ljava/lang/SecurityManager;' in 'java/lang/System')}
  0x0000029e8060a684: 48b8 a05e | 02fa 9e02 | 0000 4883 | 8010 0100 

  0x0000029e8060a694: ;   {metadata(method data for {method} {0x0000029e8f01b2e8} 'allowSecurityManager' '()Z' in 'java/lang/System')}
  0x0000029e8060a694: 0001 48b8 | 1860 02fa | 9e02 0000 | 8b88 cc00 | 0000 83c1 | 0289 88cc | 0000 0081 | e1fe ff1f 
  0x0000029e8060a6b4: 0085 c90f | 84b9 0600 

  0x0000029e8060a6bc: ;   {metadata(method data for {method} {0x0000029e8f01b2e8} 'allowSecurityManager' '()Z' in 'java/lang/System')}
  0x0000029e8060a6bc: 0048 b818 | 6002 fa9e | 0200 00ff | 8010 0100 

  0x0000029e8060a6cc: ;   {metadata(method data for {method} {0x0000029e8f01b1d0} 'getSecurityManager' '()Ljava/lang/SecurityManager;' in 'java/lang/System')}
  0x0000029e8060a6cc: 0048 b8a0 | 5e02 fa9e | 0200 00ff | 8020 0100 

  0x0000029e8060a6dc: ;   {metadata(method data for {method} {0x0000029e8f468e60} 'getClassLoader' '()Ljava/lang/ClassLoader;' in 'java/lang/Class')}
  0x0000029e8060a6dc: 0048 b8e0 | 5c02 fa9e | 0200 00ff | 8040 0100 | 0048 85db 

  0x0000029e8060a6f0: ;   {metadata(method data for {method} {0x0000029e8f1eae68} 'defineClass' '(ZLjava/lang/Object;)Ljava/lang/Class;' in 'java/lang/invoke/MethodHandles$Lookup$ClassDefiner')}
  0x0000029e8060a6f0: 48b8 281c | d0fa 9e02 | 0000 48c7 | c180 0100 | 0074 0748 | c7c1 9001 | 0000 4c8b | 1c08 4d8d 
  0x0000029e8060a710: 5b01 4c89 | 1c08 0f84 | 4b02 0000 

  0x0000029e8060a71c: ;   {metadata(method data for {method} {0x0000029e8f1eae68} 'defineClass' '(ZLjava/lang/Object;)Ljava/lang/Class;' in 'java/lang/invoke/MethodHandles$Lookup$ClassDefiner')}
  0x0000029e8060a71c: 488b c648 | b928 1cd0 | fa9e 0200 | 0048 8381 | a001 0000 

  0x0000029e8060a730: ;   {metadata(method data for {method} {0x0000029e8f3e0578} 'lookupClassProtectionDomain' '()Ljava/security/ProtectionDomain;' in 'java/lang/invoke/MethodHandles$Lookup')}
  0x0000029e8060a730: 0148 b860 | 22d0 fa9e | 0200 008b | 88cc 0000 | 0083 c102 | 8988 cc00 | 0000 81e1 | feff 1f00 
  0x0000029e8060a750: 85c9 0f84 | 3f06 0000 | 8b46 1848 

  0x0000029e8060a75c: ;   {metadata(method data for {method} {0x0000029e8f3e0578} 'lookupClassProtectionDomain' '()Ljava/security/ProtectionDomain;' in 'java/lang/invoke/MethodHandles$Lookup')}
  0x0000029e8060a75c: 85c0 48b9 | 6022 d0fa | 9e02 0000 | 49c7 c310 | 0100 0075 | 0749 c7c3 | 2001 0000 | 4e8b 2c19 
  0x0000029e8060a77c: 4d8d 6d01 | 4e89 2c19 | 4889 9c24 | a000 0000 | 0f85 bf01 

  0x0000029e8060a790: ;   {metadata(method data for {method} {0x0000029e8f3e0578} 'lookupClassProtectionDomain' '()Ljava/security/ProtectionDomain;' in 'java/lang/invoke/MethodHandles$Lookup')}
  0x0000029e8060a790: 0000 48b8 | 6022 d0fa | 9e02 0000 | 4883 8030 | 0100 0001 

  0x0000029e8060a7a4: ;   {metadata(method data for {method} {0x0000029e8f473b88} 'getJavaLangAccess' '()Ljdk/internal/access/JavaLangAccess;' in 'jdk/internal/access/SharedSecrets')}
  0x0000029e8060a7a4: 48b8 b0fb | 17fa 9e02 | 0000 8b88 | cc00 0000 | 83c1 0289 | 88cc 0000 | 0081 e1fe | ff1f 0085 
  0x0000029e8060a7c4: c90f 84ed 

  0x0000029e8060a7c8: ;   {oop(a 'java/lang/Class'{0x00000000e06a8450} = 'jdk/internal/access/SharedSecrets')}
  0x0000029e8060a7c8: 0500 0048 | b850 846a | e000 0000 | 008b 407c | 8b4e 1048 | 85c0 0f84 | 2a00 0000 

  0x0000029e8060a7e4: ;   {metadata('java/lang/System$2')}
  0x0000029e8060a7e4: 48be 6082 | 018f 9e02 | 0000 448b | 7008 49ba | 0000 008f | 9e02 0000 | 4d03 f249 | 3b76 380f 
  0x0000029e8060a804: 85d0 0500 | 00e9 0000 | 0000 4c8b | d848 3b00 

  0x0000029e8060a814: ;   {metadata(method data for {method} {0x0000029e8f3e0578} 'lookupClassProtectionDomain' '()Ljava/security/ProtectionDomain;' in 'java/lang/invoke/MethodHandles$Lookup')}
  0x0000029e8060a814: 48be 6022 | d0fa 9e02 

  0x0000029e8060a81c: ;   {metadata('java/lang/System$2')}
  0x0000029e8060a81c: 0000 49ba | 6082 018f | 9e02 0000 | 4c89 9650 | 0100 0048 | 8386 5801 

  0x0000029e8060a834: ;   {metadata(method data for {method} {0x0000029e8f0192c8} 'protectionDomain' '(Ljava/lang/Class;)Ljava/security/ProtectionDomain;' in 'java/lang/System$2')}
  0x0000029e8060a834: 0000 0148 | be18 24d0 | fa9e 0200 | 008b 86cc | 0000 0083 | c002 8986 | cc00 0000 | 25fe ff1f 
  0x0000029e8060a854: 0085 c00f | 8486 0500 | 0048 3b01 

  0x0000029e8060a860: ;   {metadata(method data for {method} {0x0000029e8f0192c8} 'protectionDomain' '(Ljava/lang/Class;)Ljava/security/ProtectionDomain;' in 'java/lang/System$2')}
  0x0000029e8060a860: 488b f148 | b818 24d0 | fa9e 0200 | 0048 8380 | 1001 0000 

  0x0000029e8060a874: ;   {metadata(method data for {method} {0x0000029e8f467bb8} 'protectionDomain' '()Ljava/security/ProtectionDomain;' in 'java/lang/Class')}
  0x0000029e8060a874: 0148 bea8 | 25d0 fa9e | 0200 008b | 86cc 0000 | 0083 c002 | 8986 cc00 | 0000 25fe | ff1f 0085 
  0x0000029e8060a894: c00f 846e | 0500 0048 

  0x0000029e8060a89c: ;   {metadata(method data for {method} {0x0000029e8f467bb8} 'protectionDomain' '()Ljava/security/ProtectionDomain;' in 'java/lang/Class')}
  0x0000029e8060a89c: 8bf1 48b8 | a825 d0fa | 9e02 0000 | 4883 8010 | 0100 0001 | 488b d10f 

  0x0000029e8060a8b4: ;   {optimized virtual_call}
  0x0000029e8060a8b4: 1f40 00e8 

  0x0000029e8060a8b8: ; ImmutableOopMap {[144]=Oop [152]=Oop [160]=Oop [168]=Oop [184]=Oop }
                      ;*invokevirtual getProtectionDomain0 {reexecute=0 rethrow=0 return_oop=0}
                      ; - java.lang.Class::protectionDomain@1
                      ; - java.lang.System$2::protectionDomain@1
                      ; - java.lang.invoke.MethodHandles$Lookup::lookupClassProtectionDomain@17
                      ; - java.lang.invoke.MethodHandles$Lookup$ClassDefiner::defineClass@23
  0x0000029e8060a8b8: 24e2 6707 

  0x0000029e8060a8bc: ;   {other}
  0x0000029e8060a8bc: 0f1f 8400 | 2c06 0000 

  0x0000029e8060a8c4: ;   {metadata(method data for {method} {0x0000029e8f467bb8} 'protectionDomain' '()Ljava/security/ProtectionDomain;' in 'java/lang/Class')}
  0x0000029e8060a8c4: 4885 c049 | b8a8 25d0 | fa9e 0200 | 0049 c7c1 | 4801 0000 | 7507 49c7 | c158 0100 | 004b 8b3c 
  0x0000029e8060a8e4: 0848 8d7f | 014b 893c | 080f 8521 | 0000 000f | 1f44 0000 

  0x0000029e8060a8f8: ;   {no_reloc}
  0x0000029e8060a8f8: e9a5 0500 | 0000 0000 | 0000 660f | 1f44 0000 

  0x0000029e8060a908: ; implicit exception: dispatches to 0x0000029e8060aeac
  0x0000029e8060a908: e9b0 0500 | 0090 90e9 | 0300 0000 | 4c8b c048 | 8bb4 2490 | 0000 0045 | 0fbe 4f40 | 4585 c90f 
  0x0000029e8060a928: 859a 0500 | 004d 8bd0 | 4489 5618 | f083 4424 | c000 4c8b | ce4d 33c8 | 49c1 e914 | 4983 f900 
  0x0000029e8060a948: 0f85 9505 | 0000 498b 

  0x0000029e8060a950: ;   {metadata(method data for {method} {0x0000029e8f1eae68} 'defineClass' '(ZLjava/lang/Object;)Ljava/lang/Class;' in 'java/lang/invoke/MethodHandles$Lookup$ClassDefiner')}
  0x0000029e8060a950: c049 b828 | 1cd0 fa9e | 0200 0041 | ff80 d801 | 0000 e912 | 0000 0048 | 899c 24a0 

  0x0000029e8060a96c: ;   {oop(nullptr)}
  0x0000029e8060a96c: 0000 0048 | b800 0000 | 0000 0000 | 0048 8b9c | 24a0 0000 | 0048 8bbc | 24a8 0000 | 0048 8b94 
  0x0000029e8060a98c: 2498 0000 

  0x0000029e8060a990: ;   {metadata(method data for {method} {0x0000029e8f1eae68} 'defineClass' '(ZLjava/lang/Object;)Ljava/lang/Class;' in 'java/lang/invoke/MethodHandles$Lookup$ClassDefiner')}
  0x0000029e8060a990: 0049 b828 | 1cd0 fa9e | 0200 0049 | 8380 f001 

  0x0000029e8060a9a0: ;   {metadata(method data for {method} {0x0000029e8f473b88} 'getJavaLangAccess' '()Ljdk/internal/access/JavaLangAccess;' in 'jdk/internal/access/SharedSecrets')}
  0x0000029e8060a9a0: 0000 0149 | b8b0 fb17 | fa9e 0200 | 0045 8b88 | cc00 0000 | 4183 c102 | 4589 88cc | 0000 0041 
  0x0000029e8060a9c0: 81e1 feff | 1f00 4585 | c90f 842c 

  0x0000029e8060a9cc: ;   {oop(a 'java/lang/Class'{0x00000000e06a8450} = 'jdk/internal/access/SharedSecrets')}
  0x0000029e8060a9cc: 0500 0049 | b850 846a | e000 0000 | 0045 8b70 | 7c8b 7214 | 8b4a 1844 | 8b4a 0c4d | 85f6 0f84 
  0x0000029e8060a9ec: 2a00 0000 

  0x0000029e8060a9f0: ;   {metadata('java/lang/System$2')}
  0x0000029e8060a9f0: 49bb 6082 | 018f 9e02 | 0000 458b | 6e08 49ba | 0000 008f | 9e02 0000 | 4d03 ea4d | 3b5d 380f 
  0x0000029e8060aa10: 8507 0500 | 00e9 0000 | 0000 4d8b | c649 3b06 

  0x0000029e8060aa20: ;   {metadata(method data for {method} {0x0000029e8f1eae68} 'defineClass' '(ZLjava/lang/Object;)Ljava/lang/Class;' in 'java/lang/invoke/MethodHandles$Lookup$ClassDefiner')}
  0x0000029e8060aa20: 4d8b c648 | ba28 1cd0 | fa9e 0200 

  0x0000029e8060aa2c: ;   {metadata('java/lang/System$2')}
  0x0000029e8060aa2c: 0049 ba60 | 8201 8f9e | 0200 004c | 8992 1002 | 0000 4883 | 8218 0200 | 0001 4c8b | c349 8bd1 
  0x0000029e8060aa4c: 4c8b cf48 | 8bfe 488b | f148 8bc8 | 8b84 24b0 | 0000 0089 | 0424 8954 | 2408 488b | 9424 b800 
  0x0000029e8060aa6c: 0000 4889 | 5424 1049 

  0x0000029e8060aa74: ;   {optimized virtual_call}
  0x0000029e8060aa74: 8bd6 90e8 

  0x0000029e8060aa78: ; ImmutableOopMap {[152]=Oop [168]=Oop }
                      ;*invokeinterface defineClass {reexecute=0 rethrow=0 return_oop=0}
                      ; - java.lang.invoke.MethodHandles$Lookup$ClassDefiner::defineClass@57
  0x0000029e8060aa78: e490 0600 

  0x0000029e8060aa7c: ;   {other}
  0x0000029e8060aa7c: 0f1f 8400 | ec07 0001 

  0x0000029e8060aa84: ;   {metadata(method data for {method} {0x0000029e8f1eae68} 'defineClass' '(ZLjava/lang/Object;)Ljava/lang/Class;' in 'java/lang/invoke/MethodHandles$Lookup$ClassDefiner')}
  0x0000029e8060aa84: 49b8 281c | d0fa 9e02 | 0000 41ff | 8038 0200 | 0048 8b94 | 2498 0000 | 008b 721c 

  0x0000029e8060aaa0: ; implicit exception: dispatches to 0x0000029e8060af26
  0x0000029e8060aaa0: 483b 064c 

  0x0000029e8060aaa4: ;   {metadata(method data for {method} {0x0000029e8f1eae68} 'defineClass' '(ZLjava/lang/Object;)Ljava/lang/Class;' in 'java/lang/invoke/MethodHandles$Lookup$ClassDefiner')}
  0x0000029e8060aaa4: 8bc6 49b9 | 281c d0fa | 9e02 0000 | 4983 8150 | 0300 0001 | 440f be46 | 0c41 83e0 | 0145 85c0 
  0x0000029e8060aac4: ;   {metadata(method data for {method} {0x0000029e8f1eae68} 'defineClass' '(ZLjava/lang/Object;)Ljava/lang/Class;' in 'java/lang/invoke/MethodHandles$Lookup$ClassDefiner')}
  0x0000029e8060aac4: 49b8 281c | d0fa 9e02 | 0000 49c7 | c188 0300 | 0074 0749 | c7c1 9803 | 0000 4b8b | 3c08 488d 
  0x0000029e8060aae4: 7f01 4b89 | 3c08 0f84 | c401 0000 

  0x0000029e8060aaf0: ;   {metadata(method data for {method} {0x0000029e8f1eae68} 'defineClass' '(ZLjava/lang/Object;)Ljava/lang/Class;' in 'java/lang/invoke/MethodHandles$Lookup$ClassDefiner')}
  0x0000029e8060aaf0: 4c8b c249 | b928 1cd0 | fa9e 0200 

  0x0000029e8060aafc: ;   {metadata('java/lang/invoke/MethodHandles$Lookup$ClassDefiner')}
  0x0000029e8060aafc: 0049 ba28 | ac1e 8f9e | 0200 004d | 8991 b803 | 0000 4983 | 81c0 0300 | 0001 8b7a | 1448 85c0 
  0x0000029e8060ab1c: ;   {metadata(method data for {method} {0x0000029e8f1eae68} 'defineClass' '(ZLjava/lang/Object;)Ljava/lang/Class;' in 'java/lang/invoke/MethodHandles$Lookup$ClassDefiner')}
  0x0000029e8060ab1c: 49b8 281c | d0fa 9e02 | 0000 49c7 | c1e0 0300 | 0074 0749 | c7c1 f003 | 0000 4b8b | 1c08 488d 
  0x0000029e8060ab3c: 5b01 4b89 | 1c08 0f84 | 2b01 0000 | e9bd 0000 | 0048 8b94 | 2498 0000 | 0049 8b87 | 0005 0000 
  0x0000029e8060ab5c: 4d33 d24d | 8997 0005 | 0000 4d33 | d24d 8997 | 0805 0000 | 8b72 1c48 | 3b06 4c8b 

  0x0000029e8060ab78: ;   {metadata(method data for {method} {0x0000029e8f1eae68} 'defineClass' '(ZLjava/lang/Object;)Ljava/lang/Class;' in 'java/lang/invoke/MethodHandles$Lookup$ClassDefiner')}
  0x0000029e8060ab78: c649 b928 | 1cd0 fa9e | 0200 0049 | 8381 8804 | 0000 0144 | 0fbe 460c | 4183 e001 

  0x0000029e8060ab94: ;   {metadata(method data for {method} {0x0000029e8f1eae68} 'defineClass' '(ZLjava/lang/Object;)Ljava/lang/Class;' in 'java/lang/invoke/MethodHandles$Lookup$ClassDefiner')}
  0x0000029e8060ab94: 4585 c049 | b828 1cd0 | fa9e 0200 | 0049 c7c1 | c004 0000 | 7407 49c7 | c1d0 0400 | 004b 8b3c 
  0x0000029e8060abb4: 0848 8d7f | 014b 893c | 080f 8441 | 0100 004c 

  0x0000029e8060abc4: ;   {metadata(method data for {method} {0x0000029e8f1eae68} 'defineClass' '(ZLjava/lang/Object;)Ljava/lang/Class;' in 'java/lang/invoke/MethodHandles$Lookup$ClassDefiner')}
  0x0000029e8060abc4: 8bc2 49b9 | 281c d0fa | 9e02 0000 

  0x0000029e8060abd0: ;   {metadata('java/lang/invoke/MethodHandles$Lookup$ClassDefiner')}
  0x0000029e8060abd0: 49ba 28ac | 1e8f 9e02 | 0000 4d89 | 91f0 0400 | 0049 8381 | f804 0000 | 018b 7a14 

  0x0000029e8060abec: ;   {metadata(method data for {method} {0x0000029e8f1eae68} 'defineClass' '(ZLjava/lang/Object;)Ljava/lang/Class;' in 'java/lang/invoke/MethodHandles$Lookup$ClassDefiner')}
  0x0000029e8060abec: 49b8 281c | d0fa 9e02 | 0000 41ff | 8018 0500 | 0048 8984 | 24c8 0000 | 00e9 c000 | 0000 8b52 
  0x0000029e8060ac0c: 184c 8bc6 

  0x0000029e8060ac10: ;   {metadata(method data for {method} {0x0000029e8f1eae68} 'defineClass' '(ZLjava/lang/Object;)Ljava/lang/Class;' in 'java/lang/invoke/MethodHandles$Lookup$ClassDefiner')}
  0x0000029e8060ac10: 49b9 281c | d0fa 9e02 | 0000 4983 | 8100 0400 | 0001 4c8b | c74c 8bc8 | 488b fa48 | 8bd6 4889 
  0x0000029e8060ac30: 8424 c000 

  0x0000029e8060ac34: ;   {optimized virtual_call}
  0x0000029e8060ac34: 0000 90e8 

  0x0000029e8060ac38: ; ImmutableOopMap {[192]=Oop }
                      ;*invokevirtual dumpClass {reexecute=0 rethrow=0 return_oop=0}
                      ; - java.lang.invoke.MethodHandles$Lookup$ClassDefiner::defineClass@134
  0x0000029e8060ac38: 443e f706 

  0x0000029e8060ac3c: ;   {other}
  0x0000029e8060ac3c: 0f1f 8400 | ac09 0002 

  0x0000029e8060ac44: ;   {metadata(method data for {method} {0x0000029e8f1eae68} 'defineClass' '(ZLjava/lang/Object;)Ljava/lang/Class;' in 'java/lang/invoke/MethodHandles$Lookup$ClassDefiner')}
  0x0000029e8060ac44: 49b8 281c | d0fa 9e02 | 0000 41ff | 8038 0400 | 0048 8b84 | 24c0 0000 | 0048 81c4 | e000 0000 
  0x0000029e8060ac64: ;   {poll_return}
  0x0000029e8060ac64: 5d49 3ba7 | 5004 0000 | 0f87 be02 | 0000 c348 | 8984 24c0 | 0000 0044 | 8b4a 184c 

  0x0000029e8060ac80: ;   {metadata(method data for {method} {0x0000029e8f1eae68} 'defineClass' '(ZLjava/lang/Object;)Ljava/lang/Class;' in 'java/lang/invoke/MethodHandles$Lookup$ClassDefiner')}
  0x0000029e8060ac80: 8bc6 48ba | 281c d0fa | 9e02 0000 | 4883 8250 | 0400 0001 | 4c8b c748 | 8bd6 0f1f 

  0x0000029e8060ac9c: ;   {optimized virtual_call}
  0x0000029e8060ac9c: 4400 00e8 

  0x0000029e8060aca0: ; ImmutableOopMap {[192]=Oop }
                      ;*invokevirtual dumpFailedClass {reexecute=0 rethrow=0 return_oop=0}
                      ; - java.lang.invoke.MethodHandles$Lookup$ClassDefiner::defineClass@150
  0x0000029e8060aca0: dc3d f706 

  0x0000029e8060aca4: ;   {other}
  0x0000029e8060aca4: 0f1f 8400 | 140a 0003 | 488b 8424 | c000 0000 | 4881 c4e0 | 0000 005d 

  0x0000029e8060acbc: ;   {poll_return}
  0x0000029e8060acbc: 493b a750 | 0400 000f | 877d 0200 | 00c3 448b | 4a18 4c8b 

  0x0000029e8060acd0: ;   {metadata(method data for {method} {0x0000029e8f1eae68} 'defineClass' '(ZLjava/lang/Object;)Ljava/lang/Class;' in 'java/lang/invoke/MethodHandles$Lookup$ClassDefiner')}
  0x0000029e8060acd0: c648 ba28 | 1cd0 fa9e | 0200 0048 | 8382 8805 | 0000 014c | 8bc7 488b | d666 0f1f 

  0x0000029e8060acec: ;   {optimized virtual_call}
  0x0000029e8060acec: 4400 00e8 

  0x0000029e8060acf0: ; ImmutableOopMap {[200]=Oop }
                      ;*invokevirtual dumpFailedClass {reexecute=0 rethrow=0 return_oop=0}
                      ; - java.lang.invoke.MethodHandles$Lookup$ClassDefiner::defineClass@207
  0x0000029e8060acf0: 8c3d f706 

  0x0000029e8060acf4: ;   {other}
  0x0000029e8060acf4: 0f1f 8400 | 640a 0004 | 488b 8424 | c800 0000 | e970 0200 

  0x0000029e8060ad08: ;   {metadata({method} {0x0000029e8f1eae68} 'defineClass' '(ZLjava/lang/Object;)Ljava/lang/Class;' in 'java/lang/invoke/MethodHandles$Lookup$ClassDefiner')}
  0x0000029e8060ad08: 0049 ba60 | ae1e 8f9e | 0200 004c | 8954 2408 | 48c7 0424 | ffff ffff 

  0x0000029e8060ad20: ;   {runtime_call counter_overflow Runtime1 stub}
  0x0000029e8060ad20: e85b 5503 

  0x0000029e8060ad24: ; ImmutableOopMap {rdx=Oop r9=Oop [152]=Oop [184]=Oop }
                      ;*synchronization entry
                      ; - java.lang.invoke.MethodHandles$Lookup$ClassDefiner::defineClass@-1
  0x0000029e8060ad24: 07e9 74f8 

  0x0000029e8060ad28: ;   {runtime_call throw_null_pointer_exception Runtime1 stub}
  0x0000029e8060ad28: ffff e8d1 

  0x0000029e8060ad2c: ; ImmutableOopMap {rdx=Oop r9=Oop rsi=Oop [144]=Oop [152]=Oop [184]=Oop }
                      ;*invokevirtual lookupClass {reexecute=0 rethrow=0 return_oop=0}
                      ; - java.lang.invoke.MethodHandles$Lookup$ClassDefiner::defineClass@4
                      ;   {runtime_call throw_null_pointer_exception Runtime1 stub}
  0x0000029e8060ad2c: 66fa 06e8 

  0x0000029e8060ad30: ; ImmutableOopMap {rdx=Oop r9=Oop rsi=Oop rdi=Oop [144]=Oop [152]=Oop [168]=Oop [184]=Oop }
                      ;*invokevirtual getClassLoader {reexecute=0 rethrow=0 return_oop=0}
                      ; - java.lang.invoke.MethodHandles$Lookup$ClassDefiner::defineClass@9
  0x0000029e8060ad30: cc66 fa06 

  0x0000029e8060ad34: ;   {metadata({method} {0x0000029e8f468e60} 'getClassLoader' '()Ljava/lang/ClassLoader;' in 'java/lang/Class')}
  0x0000029e8060ad34: 49ba 588e | 468f 9e02 | 0000 4c89 | 5424 0848 | c704 24ff 

  0x0000029e8060ad48: ;   {runtime_call counter_overflow Runtime1 stub}
  0x0000029e8060ad48: ffff ffe8 

  0x0000029e8060ad4c: ; ImmutableOopMap {rdx=Oop r9=Oop rsi=Oop rdi=Oop [144]=Oop [152]=Oop [168]=Oop [184]=Oop }
                      ;*synchronization entry
                      ; - java.lang.Class::getClassLoader@-1
                      ; - java.lang.invoke.MethodHandles$Lookup$ClassDefiner::defineClass@9
  0x0000029e8060ad4c: 3055 0307 | e9b5 f8ff 

  0x0000029e8060ad54: ;   {metadata({method} {0x0000029e8f01b1d0} 'getSecurityManager' '()Ljava/lang/SecurityManager;' in 'java/lang/System')}
  0x0000029e8060ad54: ff49 bac8 | b101 8f9e | 0200 004c | 8954 2408 | 48c7 0424 | ffff ffff 

  0x0000029e8060ad6c: ;   {runtime_call counter_overflow Runtime1 stub}
  0x0000029e8060ad6c: e80f 5503 

  0x0000029e8060ad70: ; ImmutableOopMap {rdx=Oop r9=Oop rsi=Oop rdi=Oop rbx=Oop [144]=Oop [152]=Oop [168]=Oop [184]=Oop }
                      ;*synchronization entry
                      ; - java.lang.System::getSecurityManager@-1
                      ; - java.lang.Class::getClassLoader@11
                      ; - java.lang.invoke.MethodHandles$Lookup$ClassDefiner::defineClass@9
  0x0000029e8060ad70: 07e9 0ef9 

  0x0000029e8060ad74: ;   {metadata({method} {0x0000029e8f01b2e8} 'allowSecurityManager' '()Z' in 'java/lang/System')}
  0x0000029e8060ad74: ffff 49ba | e0b2 018f | 9e02 0000 | 4c89 5424 | 0848 c704 | 24ff ffff 

  0x0000029e8060ad8c: ;   {runtime_call counter_overflow Runtime1 stub}
  0x0000029e8060ad8c: ffe8 ee54 

  0x0000029e8060ad90: ; ImmutableOopMap {rdx=Oop r9=Oop rsi=Oop rdi=Oop rbx=Oop [144]=Oop [152]=Oop [168]=Oop [184]=Oop }
                      ;*synchronization entry
                      ; - java.lang.System::allowSecurityManager@-1
                      ; - java.lang.System::getSecurityManager@0
                      ; - java.lang.Class::getClassLoader@11
                      ; - java.lang.invoke.MethodHandles$Lookup$ClassDefiner::defineClass@9
  0x0000029e8060ad90: 0307 e926 

  0x0000029e8060ad94: ;   {metadata({method} {0x0000029e8f3e0578} 'lookupClassProtectionDomain' '()Ljava/security/ProtectionDomain;' in 'java/lang/invoke/MethodHandles$Lookup')}
  0x0000029e8060ad94: f9ff ff49 | ba70 053e | 8f9e 0200 | 004c 8954 | 2408 48c7 | 0424 ffff 

  0x0000029e8060adac: ;   {runtime_call counter_overflow Runtime1 stub}
  0x0000029e8060adac: ffff e8cd 

  0x0000029e8060adb0: ; ImmutableOopMap {rdx=Oop r9=Oop rsi=Oop rdi=Oop rbx=Oop [144]=Oop [152]=Oop [168]=Oop [184]=Oop }
                      ;*synchronization entry
                      ; - java.lang.invoke.MethodHandles$Lookup::lookupClassProtectionDomain@-1
                      ; - java.lang.invoke.MethodHandles$Lookup$ClassDefiner::defineClass@23
  0x0000029e8060adb0: 5403 07e9 | a0f9 ffff 

  0x0000029e8060adb8: ;   {metadata({method} {0x0000029e8f473b88} 'getJavaLangAccess' '()Ljdk/internal/access/JavaLangAccess;' in 'jdk/internal/access/SharedSecrets')}
  0x0000029e8060adb8: 49ba 803b | 478f 9e02 | 0000 4c89 | 5424 0848 | c704 24ff 

  0x0000029e8060adcc: ;   {runtime_call counter_overflow Runtime1 stub}
  0x0000029e8060adcc: ffff ffe8 

  0x0000029e8060add0: ; ImmutableOopMap {rsi=Oop [144]=Oop [152]=Oop [160]=Oop [168]=Oop [184]=Oop }
                      ;*synchronization entry
                      ; - jdk.internal.access.SharedSecrets::getJavaLangAccess@-1
                      ; - java.lang.invoke.MethodHandles$Lookup::lookupClassProtectionDomain@10
                      ; - java.lang.invoke.MethodHandles$Lookup$ClassDefiner::defineClass@23
  0x0000029e8060add0: ac54 0307 | e9f2 f9ff 

  0x0000029e8060add8: ;   {runtime_call throw_incompatible_class_change_error Runtime1 stub}
  0x0000029e8060add8: ffe8 a24e 

  0x0000029e8060addc: ; ImmutableOopMap {rax=Oop rcx=Oop [144]=Oop [152]=Oop [160]=Oop [168]=Oop [184]=Oop }
                      ;*invokeinterface protectionDomain {reexecute=0 rethrow=0 return_oop=0}
                      ; - java.lang.invoke.MethodHandles$Lookup::lookupClassProtectionDomain@17
                      ; - java.lang.invoke.MethodHandles$Lookup$ClassDefiner::defineClass@23
                      ;   {runtime_call throw_null_pointer_exception Runtime1 stub}
  0x0000029e8060addc: 0307 e81d 

  0x0000029e8060ade0: ; ImmutableOopMap {rax=Oop rcx=Oop [144]=Oop [152]=Oop [160]=Oop [168]=Oop [184]=Oop }
                      ;*invokeinterface protectionDomain {reexecute=0 rethrow=0 return_oop=0}
                      ; - java.lang.invoke.MethodHandles$Lookup::lookupClassProtectionDomain@17
                      ; - java.lang.invoke.MethodHandles$Lookup$ClassDefiner::defineClass@23
                      ;   {metadata({method} {0x0000029e8f0192c8} 'protectionDomain' '(Ljava/lang/Class;)Ljava/security/ProtectionDomain;' in 'java/lang/System$2')}
  0x0000029e8060ade0: 66fa 0649 | bac0 9201 | 8f9e 0200 | 004c 8954 | 2408 48c7 | 0424 ffff 

  0x0000029e8060adf8: ;   {runtime_call counter_overflow Runtime1 stub}
  0x0000029e8060adf8: ffff e881 

  0x0000029e8060adfc: ; ImmutableOopMap {rcx=Oop [144]=Oop [152]=Oop [160]=Oop [168]=Oop [184]=Oop }
                      ;*synchronization entry
                      ; - java.lang.System$2::protectionDomain@-1
                      ; - java.lang.invoke.MethodHandles$Lookup::lookupClassProtectionDomain@17
                      ; - java.lang.invoke.MethodHandles$Lookup$ClassDefiner::defineClass@23
  0x0000029e8060adfc: 5403 07e9 | 59fa ffff 

  0x0000029e8060ae04: ;   {runtime_call throw_null_pointer_exception Runtime1 stub}
  0x0000029e8060ae04: e8f7 65fa 

  0x0000029e8060ae08: ; ImmutableOopMap {rcx=Oop [144]=Oop [152]=Oop [160]=Oop [168]=Oop [184]=Oop }
                      ;*invokevirtual protectionDomain {reexecute=0 rethrow=0 return_oop=0}
                      ; - java.lang.System$2::protectionDomain@1
                      ; - java.lang.invoke.MethodHandles$Lookup::lookupClassProtectionDomain@17
                      ; - java.lang.invoke.MethodHandles$Lookup$ClassDefiner::defineClass@23
                      ;   {metadata({method} {0x0000029e8f467bb8} 'protectionDomain' '()Ljava/security/ProtectionDomain;' in 'java/lang/Class')}
  0x0000029e8060ae08: 0649 bab0 | 7b46 8f9e | 0200 004c | 8954 2408 | 48c7 0424 | ffff ffff 

  0x0000029e8060ae20: ;   {runtime_call counter_overflow Runtime1 stub}
  0x0000029e8060ae20: e85b 5403 

  0x0000029e8060ae24: ; ImmutableOopMap {rcx=Oop [144]=Oop [152]=Oop [160]=Oop [168]=Oop [184]=Oop }
                      ;*synchronization entry
                      ; - java.lang.Class::protectionDomain@-1
                      ; - java.lang.System$2::protectionDomain@1
                      ; - java.lang.invoke.MethodHandles$Lookup::lookupClassProtectionDomain@17
                      ; - java.lang.invoke.MethodHandles$Lookup$ClassDefiner::defineClass@23
  0x0000029e8060ae24: 07e9 71fa 

  0x0000029e8060ae28: ;   {oop(nullptr)}
  0x0000029e8060ae28: ffff 49b8 | 0000 0000 | 0000 0000 | 5053 498b | 5810 5756 | 5251 4150 | 4151 4152 | 4153 4883 
  0x0000029e8060ae48: ec20 40f6 | c40f 0f84 | 1900 0000 | 4883 ec08 

  0x0000029e8060ae58: ;   {runtime_call}
  0x0000029e8060ae58: 48b8 a0a0 | 53c8 fa7f | 0000 ffd0 | 4883 c408 | e90c 0000 

  0x0000029e8060ae6c: ;   {runtime_call}
  0x0000029e8060ae6c: 0048 b8a0 | a053 c8fa | 7f00 00ff | d048 83c4 | 2041 5b41 | 5a41 5941 | 5859 5a5e | 5f48 3b83 
  0x0000029e8060ae8c: 3801 0000 | 5b58 0f85 | 0a00 0000 | e965 faff | ffb8 0078 

  0x0000029e8060aea0: ;   {runtime_call load_mirror_patching Runtime1 stub}
  0x0000029e8060aea0: 6e0a e8d9 

  0x0000029e8060aea4: ; ImmutableOopMap {[144]=Oop [152]=Oop [160]=Oop [168]=Oop [184]=Oop }
                      ;*getstatic allPermDomain {reexecute=1 rethrow=0 return_oop=0}
                      ; - (reexecute) java.lang.Class::protectionDomain@9
                      ; - java.lang.System$2::protectionDomain@1
                      ; - java.lang.invoke.MethodHandles$Lookup::lookupClassProtectionDomain@17
                      ; - java.lang.invoke.MethodHandles$Lookup$ClassDefiner::defineClass@23
  0x0000029e8060aea4: 6003 07e9 | 4cfa ffff 

  0x0000029e8060aeac: ;   {runtime_call throw_null_pointer_exception Runtime1 stub}
  0x0000029e8060aeac: e84f 65fa 

  0x0000029e8060aeb0: ; ImmutableOopMap {r8=Oop [144]=Oop [152]=Oop [160]=Oop [168]=Oop [184]=Oop }
                      ;*getstatic allPermDomain {reexecute=1 rethrow=0 return_oop=0}
                      ; - (reexecute) java.lang.Class::protectionDomain@9
                      ; - java.lang.System$2::protectionDomain@1
                      ; - java.lang.invoke.MethodHandles$Lookup::lookupClassProtectionDomain@17
                      ; - java.lang.invoke.MethodHandles$Lookup$ClassDefiner::defineClass@23
  0x0000029e8060aeb0: 0645 8b80 | 0000 0000 | b800 0c05 

  0x0000029e8060aebc: ;   {runtime_call access_field_patching Runtime1 stub}
  0x0000029e8060aebc: 07e8 be69 

  0x0000029e8060aec0: ; ImmutableOopMap {r8=Oop [144]=Oop [152]=Oop [160]=Oop [168]=Oop [184]=Oop }
                      ;*getstatic allPermDomain {reexecute=1 rethrow=0 return_oop=0}
                      ; - (reexecute) java.lang.Class::protectionDomain@9
                      ; - java.lang.System$2::protectionDomain@1
                      ; - java.lang.invoke.MethodHandles$Lookup::lookupClassProtectionDomain@17
                      ; - java.lang.invoke.MethodHandles$Lookup$ClassDefiner::defineClass@23
  0x0000029e8060aec0: 0307 e941 | faff ff44 | 8b4e 1849 | 83f9 000f | 8458 faff | ff4c 890c 

  0x0000029e8060aed8: ;   {runtime_call g1_pre_barrier_slow}
  0x0000029e8060aed8: 24e8 a286 | 0307 e94a | faff ff49 | 83f8 000f | 8461 faff | ff48 8934 

  0x0000029e8060aef0: ;   {runtime_call g1_post_barrier_slow}
  0x0000029e8060aef0: 24e8 8a83 | 0307 e953 

  0x0000029e8060aef8: ;   {metadata({method} {0x0000029e8f473b88} 'getJavaLangAccess' '()Ljdk/internal/access/JavaLangAccess;' in 'jdk/internal/access/SharedSecrets')}
  0x0000029e8060aef8: faff ff49 | ba80 3b47 | 8f9e 0200 | 004c 8954 | 2408 48c7 | 0424 ffff 

  0x0000029e8060af10: ;   {runtime_call counter_overflow Runtime1 stub}
  0x0000029e8060af10: ffff e869 

  0x0000029e8060af14: ; ImmutableOopMap {rax=Oop rdi=Oop rbx=Oop rdx=Oop [152]=Oop [168]=Oop [184]=Oop }
                      ;*synchronization entry
                      ; - jdk.internal.access.SharedSecrets::getJavaLangAccess@-1
                      ; - java.lang.invoke.MethodHandles$Lookup$ClassDefiner::defineClass@35
  0x0000029e8060af14: 5303 07e9 | b3fa ffff 

  0x0000029e8060af1c: ;   {runtime_call throw_incompatible_class_change_error Runtime1 stub}
  0x0000029e8060af1c: e85f 4d03 

  0x0000029e8060af20: ; ImmutableOopMap {rax=Oop rdi=Oop rbx=Oop r14=Oop rsi=Oop rcx=Oop [152]=Oop [168]=Oop [184]=Oop }
                      ;*invokeinterface defineClass {reexecute=0 rethrow=0 return_oop=0}
                      ; - java.lang.invoke.MethodHandles$Lookup$ClassDefiner::defineClass@57
                      ;   {runtime_call throw_null_pointer_exception Runtime1 stub}
  0x0000029e8060af20: 07e8 da64 

  0x0000029e8060af24: ; ImmutableOopMap {rax=Oop rdi=Oop rbx=Oop r14=Oop rsi=Oop rcx=Oop [152]=Oop [168]=Oop [184]=Oop }
                      ;*invokeinterface defineClass {reexecute=0 rethrow=0 return_oop=0}
                      ; - java.lang.invoke.MethodHandles$Lookup$ClassDefiner::defineClass@57
                      ;   {runtime_call throw_null_pointer_exception Runtime1 stub}
  0x0000029e8060af24: fa06 e8d5 

  0x0000029e8060af28: ; ImmutableOopMap {rax=Oop rdx=Oop rsi=Oop [152]=Oop }
                      ;*invokevirtual isEnabled {reexecute=0 rethrow=0 return_oop=0}
                      ; - java.lang.invoke.MethodHandles$Lookup$ClassDefiner::defineClass@105
                      ;   {runtime_call throw_null_pointer_exception Runtime1 stub}
  0x0000029e8060af28: 64fa 06e8 

  0x0000029e8060af2c: ; ImmutableOopMap {rdx=Oop rax=Oop rsi=Oop [152]=Oop }
                      ;*invokevirtual isEnabled {reexecute=0 rethrow=0 return_oop=0}
                      ; - java.lang.invoke.MethodHandles$Lookup$ClassDefiner::defineClass@162
  0x0000029e8060af2c: d064 fa06 

  0x0000029e8060af30: ;   {internal_word}
  0x0000029e8060af30: 49ba 65ac | 6080 9e02 | 0000 4d89 | 9768 0400 

  0x0000029e8060af40: ;   {runtime_call SafepointBlob}
  0x0000029e8060af40: 00e9 3aa5 

  0x0000029e8060af44: ;   {internal_word}
  0x0000029e8060af44: f706 49ba | bcac 6080 | 9e02 0000 | 4d89 9768 

  0x0000029e8060af54: ;   {runtime_call SafepointBlob}
  0x0000029e8060af54: 0400 00e9 | 24a5 f706 | 498b 8700 | 0500 0049 | c787 0005 | 0000 0000 | 0000 49c7 | 8708 0500 
  0x0000029e8060af74: 0000 0000 | 0048 81c4 | e000 0000 

  0x0000029e8060af80: ;   {runtime_call unwind_exception Runtime1 stub}
  0x0000029e8060af80: 5de9 7a73 | fa06 f4f4 
[Stub Code]
  0x0000029e8060af88: ;   {no_reloc}
  0x0000029e8060af88: 0f1f 4400 

  0x0000029e8060af8c: ;   {static_stub}
  0x0000029e8060af8c: 0048 bb80 | 9501 8f9e 

  0x0000029e8060af94: ;   {runtime_call I2C/C2I adapters}
  0x0000029e8060af94: 0200 00e9 | 7afc f706 

  0x0000029e8060af9c: ;   {static_stub}
  0x0000029e8060af9c: 48bb 487b | 468f 9e02 

  0x0000029e8060afa4: ;   {runtime_call I2C/C2I adapters}
  0x0000029e8060afa4: 0000 e9b8 

  0x0000029e8060afa8: ;   {static_stub}
  0x0000029e8060afa8: 84f7 0648 | bb00 0000 | 0000 0000 

  0x0000029e8060afb4: ;   {runtime_call nmethod}
  0x0000029e8060afb4: 00e9 fbff 

  0x0000029e8060afb8: ;   {static_stub}
  0x0000029e8060afb8: ffff 48bb | 0000 0000 | 0000 0000 

  0x0000029e8060afc4: ;   {runtime_call nmethod}
  0x0000029e8060afc4: e9fb ffff 

  0x0000029e8060afc8: ;   {runtime_call handle_exception_from_callee Runtime1 stub}
  0x0000029e8060afc8: ffe8 3246 

  0x0000029e8060afcc: ;   {external_word}
  0x0000029e8060afcc: fa06 48b9 | 5063 f3c8 | fa7f 0000 | 4883 e4f0 

  0x0000029e8060afdc: ;   {runtime_call}
  0x0000029e8060afdc: 48b8 c0c9 | b5c8 fa7f | 0000 ffd0 

  0x0000029e8060afe8: ;   {section_word}
  0x0000029e8060afe8: f449 bae9 | af60 809e | 0200 0041 

  0x0000029e8060aff4: ;   {runtime_call DeoptimizationBlob}
  0x0000029e8060aff4: 52e9 2697 | f706 f4f4 | f4f4 f4f4 
[/MachCode]


---------------  P R O C E S S  ---------------

Threads class SMR info:
_java_thread_list=0x0000029eff746530, length=24, elements={
0x0000029ef2b0a5f0, 0x0000029ef94ae890, 0x0000029ef94b0fe0, 0x0000029ef94b58a0,
0x0000029ef94b69f0, 0x0000029ef94c0780, 0x0000029ef94c9ac0, 0x0000029ef94d1f20,
0x0000029ef94f5b20, 0x0000029ef96ac3a0, 0x0000029ef978f440, 0x0000029efeb48ec0,
0x0000029eff0d90f0, 0x0000029eff576620, 0x0000029ef97d7140, 0x0000029eff234a20,
0x0000029efe6b33b0, 0x0000029eff71f3f0, 0x0000029eff71cc90, 0x0000029eff71d9b0,
0x0000029eff71d320, 0x0000029eff71c600, 0x0000029eff71e040, 0x0000029eff71e6d0
}

Java Threads: ( => current thread )
  0x0000029ef2b0a5f0 JavaThread "main"                              [_thread_blocked, id=24320, stack(0x000000cc8dc00000,0x000000cc8dd00000) (1024K)]
  0x0000029ef94ae890 JavaThread "Reference Handler"          daemon [_thread_blocked, id=29208, stack(0x000000cc8e400000,0x000000cc8e500000) (1024K)]
  0x0000029ef94b0fe0 JavaThread "Finalizer"                  daemon [_thread_blocked, id=32116, stack(0x000000cc8e500000,0x000000cc8e600000) (1024K)]
  0x0000029ef94b58a0 JavaThread "Signal Dispatcher"          daemon [_thread_blocked, id=28312, stack(0x000000cc8e600000,0x000000cc8e700000) (1024K)]
  0x0000029ef94b69f0 JavaThread "Attach Listener"            daemon [_thread_blocked, id=35428, stack(0x000000cc8e700000,0x000000cc8e800000) (1024K)]
  0x0000029ef94c0780 JavaThread "Service Thread"             daemon [_thread_blocked, id=37760, stack(0x000000cc8e800000,0x000000cc8e900000) (1024K)]
  0x0000029ef94c9ac0 JavaThread "Monitor Deflation Thread"   daemon [_thread_blocked, id=25208, stack(0x000000cc8e900000,0x000000cc8ea00000) (1024K)]
  0x0000029ef94d1f20 JavaThread "C2 CompilerThread0"         daemon [_thread_blocked, id=32048, stack(0x000000cc8ea00000,0x000000cc8eb00000) (1024K)]
  0x0000029ef94f5b20 JavaThread "C1 CompilerThread0"         daemon [_thread_blocked, id=14708, stack(0x000000cc8eb00000,0x000000cc8ec00000) (1024K)]
  0x0000029ef96ac3a0 JavaThread "Common-Cleaner"             daemon [_thread_blocked, id=31996, stack(0x000000cc8ec00000,0x000000cc8ed00000) (1024K)]
  0x0000029ef978f440 JavaThread "Notification Thread"        daemon [_thread_blocked, id=17328, stack(0x000000cc8ed00000,0x000000cc8ee00000) (1024K)]
  0x0000029efeb48ec0 JavaThread "Daemon health stats"               [_thread_blocked, id=25080, stack(0x000000cc8f300000,0x000000cc8f400000) (1024K)]
  0x0000029eff0d90f0 JavaThread "Incoming local TCP Connector on port 60339"        [_thread_in_native, id=26004, stack(0x000000cc8f400000,0x000000cc8f500000) (1024K)]
  0x0000029eff576620 JavaThread "Daemon periodic checks"            [_thread_blocked, id=26260, stack(0x000000cc8f500000,0x000000cc8f600000) (1024K)]
  0x0000029ef97d7140 JavaThread "Daemon"                            [_thread_blocked, id=1356, stack(0x000000cc8db00000,0x000000cc8dc00000) (1024K)]
  0x0000029eff234a20 JavaThread "Handler for socket connection from /127.0.0.1:60339 to /127.0.0.1:55591"        [_thread_in_native, id=30676, stack(0x000000cc8f600000,0x000000cc8f700000) (1024K)]
  0x0000029efe6b33b0 JavaThread "Cancel handler"                    [_thread_blocked, id=29096, stack(0x000000cc8f900000,0x000000cc8fa00000) (1024K)]
=>0x0000029eff71f3f0 JavaThread "Daemon worker"                     [_thread_in_vm, id=23328, stack(0x000000cc8d900000,0x000000cc8da00000) (1024K)]
  0x0000029eff71cc90 JavaThread "Asynchronous log dispatcher for DefaultDaemonConnection: socket connection from /127.0.0.1:60339 to /127.0.0.1:55591"        [_thread_blocked, id=26024, stack(0x000000cc8da00000,0x000000cc8db00000) (1024K)]
  0x0000029eff71d9b0 JavaThread "Stdin handler"                     [_thread_blocked, id=11852, stack(0x000000cc8fa00000,0x000000cc8fb00000) (1024K)]
  0x0000029eff71d320 JavaThread "Daemon client event forwarder"        [_thread_blocked, id=25364, stack(0x000000cc8fb00000,0x000000cc8fc00000) (1024K)]
  0x0000029eff71c600 JavaThread "Cache worker for journal cache (C:\Users\NAGARAJU\.gradle\caches\journal-1)"        [_thread_blocked, id=26628, stack(0x000000cc8fd00000,0x000000cc8fe00000) (1024K)]
  0x0000029eff71e040 JavaThread "File lock request listener"        [_thread_in_native, id=13348, stack(0x000000cc8fe00000,0x000000cc8ff00000) (1024K)]
  0x0000029eff71e6d0 JavaThread "Cache worker for file hash cache (C:\Users\NAGARAJU\.gradle\caches\8.9\fileHashes)"        [_thread_blocked, id=11032, stack(0x000000cc8fc00000,0x000000cc8fd00000) (1024K)]
Total: 24

Other Threads:
  0x0000029ef948fb20 VMThread "VM Thread"                           [id=30392, stack(0x000000cc8e300000,0x000000cc8e400000) (1024K)] _threads_hazard_ptr=0x0000029eff746530
  0x0000029ef9482d90 WatcherThread "VM Periodic Task Thread"        [id=29200, stack(0x000000cc8e200000,0x000000cc8e300000) (1024K)]
  0x0000029ef2b39320 WorkerThread "GC Thread#0"                     [id=24636, stack(0x000000cc8dd00000,0x000000cc8de00000) (1024K)]
  0x0000029efe286420 WorkerThread "GC Thread#1"                     [id=21028, stack(0x000000cc8ee00000,0x000000cc8ef00000) (1024K)]
  0x0000029efe8e9570 WorkerThread "GC Thread#2"                     [id=19724, stack(0x000000cc8ef00000,0x000000cc8f000000) (1024K)]
  0x0000029efe8e9920 WorkerThread "GC Thread#3"                     [id=28632, stack(0x000000cc8f000000,0x000000cc8f100000) (1024K)]
  0x0000029efe6c3620 WorkerThread "GC Thread#4"                     [id=35712, stack(0x000000cc8f100000,0x000000cc8f200000) (1024K)]
  0x0000029efe6c39d0 WorkerThread "GC Thread#5"                     [id=36276, stack(0x000000cc8f200000,0x000000cc8f300000) (1024K)]
  0x0000029eff3bfc30 WorkerThread "GC Thread#6"                     [id=24112, stack(0x000000cc8f700000,0x000000cc8f800000) (1024K)]
  0x0000029eff3c0740 WorkerThread "GC Thread#7"                     [id=24912, stack(0x000000cc8f800000,0x000000cc8f900000) (1024K)]
  0x0000029ef2b3e120 ConcurrentGCThread "G1 Main Marker"            [id=9656, stack(0x000000cc8de00000,0x000000cc8df00000) (1024K)]
  0x0000029ef2b3ea40 WorkerThread "G1 Conc#0"                       [id=16944, stack(0x000000cc8df00000,0x000000cc8e000000) (1024K)]
  0x0000029ef93500d0 ConcurrentGCThread "G1 Refine#0"               [id=34752, stack(0x000000cc8e000000,0x000000cc8e100000) (1024K)]
  0x0000029ef9350a60 ConcurrentGCThread "G1 Service"                [id=10592, stack(0x000000cc8e100000,0x000000cc8e200000) (1024K)]
Total: 14

Threads with active compile tasks:
Total: 0

VM state: synchronizing (normal execution)

VM Mutex/Monitor currently owned by a thread:  ([mutex/lock_event])
[0x00007ffac91ed530] Metaspace_lock - owner thread: 0x0000029eff71f3f0
[0x00007ffac91ef5b0] Threads_lock - owner thread: 0x0000029ef948fb20

Heap address: 0x00000000e0000000, size: 512 MB, Compressed Oops mode: 32-bit

CDS archive(s) mapped at: [0x0000029e8f000000-0x0000029e8fba0000-0x0000029e8fba0000), size 12189696, SharedBaseAddress: 0x0000029e8f000000, ArchiveRelocationMode: 1.
Compressed class space mapped at: 0x0000029e90000000-0x0000029ea4000000, reserved size: 335544320
Narrow klass base: 0x0000029e8f000000, Narrow klass shift: 0, Narrow klass range: 0x100000000

GC Precious Log:
 CardTable entry size: 512
 Card Set container configuration: InlinePtr #cards 5 size 8 Array Of Cards #cards 12 size 40 Howl #buckets 4 coarsen threshold 1843 Howl Bitmap #cards 512 size 80 coarsen threshold 460 Card regions per heap region 1 cards per card region 2048
 CPUs: 8 total, 8 available
 Memory: 7502M
 Large Page Support: Disabled
 NUMA Support: Disabled
 Compressed Oops: Enabled (32-bit)
 Heap Region Size: 1M
 Heap Min Capacity: 256M
 Heap Initial Capacity: 256M
 Heap Max Capacity: 512M
 Pre-touch: Disabled
 Parallel Workers: 8
 Concurrent Workers: 2
 Concurrent Refinement Workers: 8
 Periodic GC: Disabled

Heap:
 garbage-first heap   total 262144K, used 85138K [0x00000000e0000000, 0x0000000100000000)
  region size 1024K, 73 young (74752K), 8 survivors (8192K)
 Metaspace       used 19082K, committed 19648K, reserved 393216K
  class space    used 2723K, committed 3008K, reserved 327680K

Heap Regions: E=young(eden), S=young(survivor), O=old, HS=humongous(starts), HC=humongous(continues), CS=collection set, F=free, TAMS=top-at-mark-start, PB=parsable bottom
|   0|0x00000000e0000000, 0x00000000e0100000, 0x00000000e0100000|100%|HS|  |TAMS 0x00000000e0000000| PB 0x00000000e0000000| Complete 
|   1|0x00000000e0100000, 0x00000000e0200000, 0x00000000e0200000|100%|HC|  |TAMS 0x00000000e0100000| PB 0x00000000e0100000| Complete 
|   2|0x00000000e0200000, 0x00000000e0300000, 0x00000000e0300000|100%|HC|  |TAMS 0x00000000e0200000| PB 0x00000000e0200000| Complete 
|   3|0x00000000e0300000, 0x00000000e0400000, 0x00000000e0400000|100%|HC|  |TAMS 0x00000000e0300000| PB 0x00000000e0300000| Complete 
|   4|0x00000000e0400000, 0x00000000e0500000, 0x00000000e0500000|100%| O|  |TAMS 0x00000000e0400000| PB 0x00000000e0400000| Untracked 
|   5|0x00000000e0500000, 0x00000000e0600000, 0x00000000e0600000|100%| O|  |TAMS 0x00000000e0500000| PB 0x00000000e0500000| Untracked 
|   6|0x00000000e0600000, 0x00000000e0700000, 0x00000000e0700000|100%| O|  |TAMS 0x00000000e0600000| PB 0x00000000e0600000| Untracked 
|   7|0x00000000e0700000, 0x00000000e0800000, 0x00000000e0800000|100%| O|  |TAMS 0x00000000e0700000| PB 0x00000000e0700000| Untracked 
|   8|0x00000000e0800000, 0x00000000e0900000, 0x00000000e0900000|100%| O|  |TAMS 0x00000000e0800000| PB 0x00000000e0800000| Untracked 
|   9|0x00000000e0900000, 0x00000000e0a00000, 0x00000000e0a00000|100%| O|  |TAMS 0x00000000e0900000| PB 0x00000000e0900000| Untracked 
|  10|0x00000000e0a00000, 0x00000000e0b00000, 0x00000000e0b00000|100%| O|  |TAMS 0x00000000e0a00000| PB 0x00000000e0a00000| Untracked 
|  11|0x00000000e0b00000, 0x00000000e0c00000, 0x00000000e0c00000|100%|HS|  |TAMS 0x00000000e0b00000| PB 0x00000000e0b00000| Complete 
|  12|0x00000000e0c00000, 0x00000000e0c00000, 0x00000000e0d00000|  0%| F|  |TAMS 0x00000000e0c00000| PB 0x00000000e0c00000| Untracked 
|  13|0x00000000e0d00000, 0x00000000e0d24860, 0x00000000e0e00000| 14%| O|  |TAMS 0x00000000e0d00000| PB 0x00000000e0d00000| Untracked 
|  14|0x00000000e0e00000, 0x00000000e0e00000, 0x00000000e0f00000|  0%| F|  |TAMS 0x00000000e0e00000| PB 0x00000000e0e00000| Untracked 
|  15|0x00000000e0f00000, 0x00000000e0f00000, 0x00000000e1000000|  0%| F|  |TAMS 0x00000000e0f00000| PB 0x00000000e0f00000| Untracked 
|  16|0x00000000e1000000, 0x00000000e1000000, 0x00000000e1100000|  0%| F|  |TAMS 0x00000000e1000000| PB 0x00000000e1000000| Untracked 
|  17|0x00000000e1100000, 0x00000000e1100000, 0x00000000e1200000|  0%| F|  |TAMS 0x00000000e1100000| PB 0x00000000e1100000| Untracked 
|  18|0x00000000e1200000, 0x00000000e1200000, 0x00000000e1300000|  0%| F|  |TAMS 0x00000000e1200000| PB 0x00000000e1200000| Untracked 
|  19|0x00000000e1300000, 0x00000000e1300000, 0x00000000e1400000|  0%| F|  |TAMS 0x00000000e1300000| PB 0x00000000e1300000| Untracked 
|  20|0x00000000e1400000, 0x00000000e1400000, 0x00000000e1500000|  0%| F|  |TAMS 0x00000000e1400000| PB 0x00000000e1400000| Untracked 
|  21|0x00000000e1500000, 0x00000000e1500000, 0x00000000e1600000|  0%| F|  |TAMS 0x00000000e1500000| PB 0x00000000e1500000| Untracked 
|  22|0x00000000e1600000, 0x00000000e1600000, 0x00000000e1700000|  0%| F|  |TAMS 0x00000000e1600000| PB 0x00000000e1600000| Untracked 
|  23|0x00000000e1700000, 0x00000000e1700000, 0x00000000e1800000|  0%| F|  |TAMS 0x00000000e1700000| PB 0x00000000e1700000| Untracked 
|  24|0x00000000e1800000, 0x00000000e1800000, 0x00000000e1900000|  0%| F|  |TAMS 0x00000000e1800000| PB 0x00000000e1800000| Untracked 
|  25|0x00000000e1900000, 0x00000000e1900000, 0x00000000e1a00000|  0%| F|  |TAMS 0x00000000e1900000| PB 0x00000000e1900000| Untracked 
|  26|0x00000000e1a00000, 0x00000000e1a00000, 0x00000000e1b00000|  0%| F|  |TAMS 0x00000000e1a00000| PB 0x00000000e1a00000| Untracked 
|  27|0x00000000e1b00000, 0x00000000e1b00000, 0x00000000e1c00000|  0%| F|  |TAMS 0x00000000e1b00000| PB 0x00000000e1b00000| Untracked 
|  28|0x00000000e1c00000, 0x00000000e1c00000, 0x00000000e1d00000|  0%| F|  |TAMS 0x00000000e1c00000| PB 0x00000000e1c00000| Untracked 
|  29|0x00000000e1d00000, 0x00000000e1d00000, 0x00000000e1e00000|  0%| F|  |TAMS 0x00000000e1d00000| PB 0x00000000e1d00000| Untracked 
|  30|0x00000000e1e00000, 0x00000000e1e00000, 0x00000000e1f00000|  0%| F|  |TAMS 0x00000000e1e00000| PB 0x00000000e1e00000| Untracked 
|  31|0x00000000e1f00000, 0x00000000e1f00000, 0x00000000e2000000|  0%| F|  |TAMS 0x00000000e1f00000| PB 0x00000000e1f00000| Untracked 
|  32|0x00000000e2000000, 0x00000000e2000000, 0x00000000e2100000|  0%| F|  |TAMS 0x00000000e2000000| PB 0x00000000e2000000| Untracked 
|  33|0x00000000e2100000, 0x00000000e2100000, 0x00000000e2200000|  0%| F|  |TAMS 0x00000000e2100000| PB 0x00000000e2100000| Untracked 
|  34|0x00000000e2200000, 0x00000000e2200000, 0x00000000e2300000|  0%| F|  |TAMS 0x00000000e2200000| PB 0x00000000e2200000| Untracked 
|  35|0x00000000e2300000, 0x00000000e2300000, 0x00000000e2400000|  0%| F|  |TAMS 0x00000000e2300000| PB 0x00000000e2300000| Untracked 
|  36|0x00000000e2400000, 0x00000000e2400000, 0x00000000e2500000|  0%| F|  |TAMS 0x00000000e2400000| PB 0x00000000e2400000| Untracked 
|  37|0x00000000e2500000, 0x00000000e2500000, 0x00000000e2600000|  0%| F|  |TAMS 0x00000000e2500000| PB 0x00000000e2500000| Untracked 
|  38|0x00000000e2600000, 0x00000000e2600000, 0x00000000e2700000|  0%| F|  |TAMS 0x00000000e2600000| PB 0x00000000e2600000| Untracked 
|  39|0x00000000e2700000, 0x00000000e2700000, 0x00000000e2800000|  0%| F|  |TAMS 0x00000000e2700000| PB 0x00000000e2700000| Untracked 
|  40|0x00000000e2800000, 0x00000000e2800000, 0x00000000e2900000|  0%| F|  |TAMS 0x00000000e2800000| PB 0x00000000e2800000| Untracked 
|  41|0x00000000e2900000, 0x00000000e2900000, 0x00000000e2a00000|  0%| F|  |TAMS 0x00000000e2900000| PB 0x00000000e2900000| Untracked 
|  42|0x00000000e2a00000, 0x00000000e2a00000, 0x00000000e2b00000|  0%| F|  |TAMS 0x00000000e2a00000| PB 0x00000000e2a00000| Untracked 
|  43|0x00000000e2b00000, 0x00000000e2b00000, 0x00000000e2c00000|  0%| F|  |TAMS 0x00000000e2b00000| PB 0x00000000e2b00000| Untracked 
|  44|0x00000000e2c00000, 0x00000000e2c00000, 0x00000000e2d00000|  0%| F|  |TAMS 0x00000000e2c00000| PB 0x00000000e2c00000| Untracked 
|  45|0x00000000e2d00000, 0x00000000e2d00000, 0x00000000e2e00000|  0%| F|  |TAMS 0x00000000e2d00000| PB 0x00000000e2d00000| Untracked 
|  46|0x00000000e2e00000, 0x00000000e2e00000, 0x00000000e2f00000|  0%| F|  |TAMS 0x00000000e2e00000| PB 0x00000000e2e00000| Untracked 
|  47|0x00000000e2f00000, 0x00000000e2f00000, 0x00000000e3000000|  0%| F|  |TAMS 0x00000000e2f00000| PB 0x00000000e2f00000| Untracked 
|  48|0x00000000e3000000, 0x00000000e3000000, 0x00000000e3100000|  0%| F|  |TAMS 0x00000000e3000000| PB 0x00000000e3000000| Untracked 
|  49|0x00000000e3100000, 0x00000000e3100000, 0x00000000e3200000|  0%| F|  |TAMS 0x00000000e3100000| PB 0x00000000e3100000| Untracked 
|  50|0x00000000e3200000, 0x00000000e3200000, 0x00000000e3300000|  0%| F|  |TAMS 0x00000000e3200000| PB 0x00000000e3200000| Untracked 
|  51|0x00000000e3300000, 0x00000000e3300000, 0x00000000e3400000|  0%| F|  |TAMS 0x00000000e3300000| PB 0x00000000e3300000| Untracked 
|  52|0x00000000e3400000, 0x00000000e3400000, 0x00000000e3500000|  0%| F|  |TAMS 0x00000000e3400000| PB 0x00000000e3400000| Untracked 
|  53|0x00000000e3500000, 0x00000000e3500000, 0x00000000e3600000|  0%| F|  |TAMS 0x00000000e3500000| PB 0x00000000e3500000| Untracked 
|  54|0x00000000e3600000, 0x00000000e3600000, 0x00000000e3700000|  0%| F|  |TAMS 0x00000000e3600000| PB 0x00000000e3600000| Untracked 
|  55|0x00000000e3700000, 0x00000000e3700000, 0x00000000e3800000|  0%| F|  |TAMS 0x00000000e3700000| PB 0x00000000e3700000| Untracked 
|  56|0x00000000e3800000, 0x00000000e3800000, 0x00000000e3900000|  0%| F|  |TAMS 0x00000000e3800000| PB 0x00000000e3800000| Untracked 
|  57|0x00000000e3900000, 0x00000000e3900000, 0x00000000e3a00000|  0%| F|  |TAMS 0x00000000e3900000| PB 0x00000000e3900000| Untracked 
|  58|0x00000000e3a00000, 0x00000000e3a00000, 0x00000000e3b00000|  0%| F|  |TAMS 0x00000000e3a00000| PB 0x00000000e3a00000| Untracked 
|  59|0x00000000e3b00000, 0x00000000e3b00000, 0x00000000e3c00000|  0%| F|  |TAMS 0x00000000e3b00000| PB 0x00000000e3b00000| Untracked 
|  60|0x00000000e3c00000, 0x00000000e3c00000, 0x00000000e3d00000|  0%| F|  |TAMS 0x00000000e3c00000| PB 0x00000000e3c00000| Untracked 
|  61|0x00000000e3d00000, 0x00000000e3d00000, 0x00000000e3e00000|  0%| F|  |TAMS 0x00000000e3d00000| PB 0x00000000e3d00000| Untracked 
|  62|0x00000000e3e00000, 0x00000000e3e00000, 0x00000000e3f00000|  0%| F|  |TAMS 0x00000000e3e00000| PB 0x00000000e3e00000| Untracked 
|  63|0x00000000e3f00000, 0x00000000e3f00000, 0x00000000e4000000|  0%| F|  |TAMS 0x00000000e3f00000| PB 0x00000000e3f00000| Untracked 
|  64|0x00000000e4000000, 0x00000000e4000000, 0x00000000e4100000|  0%| F|  |TAMS 0x00000000e4000000| PB 0x00000000e4000000| Untracked 
|  65|0x00000000e4100000, 0x00000000e4100000, 0x00000000e4200000|  0%| F|  |TAMS 0x00000000e4100000| PB 0x00000000e4100000| Untracked 
|  66|0x00000000e4200000, 0x00000000e4200000, 0x00000000e4300000|  0%| F|  |TAMS 0x00000000e4200000| PB 0x00000000e4200000| Untracked 
|  67|0x00000000e4300000, 0x00000000e4300000, 0x00000000e4400000|  0%| F|  |TAMS 0x00000000e4300000| PB 0x00000000e4300000| Untracked 
|  68|0x00000000e4400000, 0x00000000e4400000, 0x00000000e4500000|  0%| F|  |TAMS 0x00000000e4400000| PB 0x00000000e4400000| Untracked 
|  69|0x00000000e4500000, 0x00000000e4500000, 0x00000000e4600000|  0%| F|  |TAMS 0x00000000e4500000| PB 0x00000000e4500000| Untracked 
|  70|0x00000000e4600000, 0x00000000e4600000, 0x00000000e4700000|  0%| F|  |TAMS 0x00000000e4600000| PB 0x00000000e4600000| Untracked 
|  71|0x00000000e4700000, 0x00000000e4700000, 0x00000000e4800000|  0%| F|  |TAMS 0x00000000e4700000| PB 0x00000000e4700000| Untracked 
|  72|0x00000000e4800000, 0x00000000e4800000, 0x00000000e4900000|  0%| F|  |TAMS 0x00000000e4800000| PB 0x00000000e4800000| Untracked 
|  73|0x00000000e4900000, 0x00000000e4900000, 0x00000000e4a00000|  0%| F|  |TAMS 0x00000000e4900000| PB 0x00000000e4900000| Untracked 
|  74|0x00000000e4a00000, 0x00000000e4a00000, 0x00000000e4b00000|  0%| F|  |TAMS 0x00000000e4a00000| PB 0x00000000e4a00000| Untracked 
|  75|0x00000000e4b00000, 0x00000000e4b00000, 0x00000000e4c00000|  0%| F|  |TAMS 0x00000000e4b00000| PB 0x00000000e4b00000| Untracked 
|  76|0x00000000e4c00000, 0x00000000e4c00000, 0x00000000e4d00000|  0%| F|  |TAMS 0x00000000e4c00000| PB 0x00000000e4c00000| Untracked 
|  77|0x00000000e4d00000, 0x00000000e4d00000, 0x00000000e4e00000|  0%| F|  |TAMS 0x00000000e4d00000| PB 0x00000000e4d00000| Untracked 
|  78|0x00000000e4e00000, 0x00000000e4e00000, 0x00000000e4f00000|  0%| F|  |TAMS 0x00000000e4e00000| PB 0x00000000e4e00000| Untracked 
|  79|0x00000000e4f00000, 0x00000000e4f00000, 0x00000000e5000000|  0%| F|  |TAMS 0x00000000e4f00000| PB 0x00000000e4f00000| Untracked 
|  80|0x00000000e5000000, 0x00000000e5000000, 0x00000000e5100000|  0%| F|  |TAMS 0x00000000e5000000| PB 0x00000000e5000000| Untracked 
|  81|0x00000000e5100000, 0x00000000e5100000, 0x00000000e5200000|  0%| F|  |TAMS 0x00000000e5100000| PB 0x00000000e5100000| Untracked 
|  82|0x00000000e5200000, 0x00000000e5200000, 0x00000000e5300000|  0%| F|  |TAMS 0x00000000e5200000| PB 0x00000000e5200000| Untracked 
|  83|0x00000000e5300000, 0x00000000e5300000, 0x00000000e5400000|  0%| F|  |TAMS 0x00000000e5300000| PB 0x00000000e5300000| Untracked 
|  84|0x00000000e5400000, 0x00000000e5400000, 0x00000000e5500000|  0%| F|  |TAMS 0x00000000e5400000| PB 0x00000000e5400000| Untracked 
|  85|0x00000000e5500000, 0x00000000e5500000, 0x00000000e5600000|  0%| F|  |TAMS 0x00000000e5500000| PB 0x00000000e5500000| Untracked 
|  86|0x00000000e5600000, 0x00000000e5600000, 0x00000000e5700000|  0%| F|  |TAMS 0x00000000e5600000| PB 0x00000000e5600000| Untracked 
|  87|0x00000000e5700000, 0x00000000e5700000, 0x00000000e5800000|  0%| F|  |TAMS 0x00000000e5700000| PB 0x00000000e5700000| Untracked 
|  88|0x00000000e5800000, 0x00000000e5800000, 0x00000000e5900000|  0%| F|  |TAMS 0x00000000e5800000| PB 0x00000000e5800000| Untracked 
|  89|0x00000000e5900000, 0x00000000e5900000, 0x00000000e5a00000|  0%| F|  |TAMS 0x00000000e5900000| PB 0x00000000e5900000| Untracked 
|  90|0x00000000e5a00000, 0x00000000e5a00000, 0x00000000e5b00000|  0%| F|  |TAMS 0x00000000e5a00000| PB 0x00000000e5a00000| Untracked 
|  91|0x00000000e5b00000, 0x00000000e5b00000, 0x00000000e5c00000|  0%| F|  |TAMS 0x00000000e5b00000| PB 0x00000000e5b00000| Untracked 
|  92|0x00000000e5c00000, 0x00000000e5c00000, 0x00000000e5d00000|  0%| F|  |TAMS 0x00000000e5c00000| PB 0x00000000e5c00000| Untracked 
|  93|0x00000000e5d00000, 0x00000000e5d00000, 0x00000000e5e00000|  0%| F|  |TAMS 0x00000000e5d00000| PB 0x00000000e5d00000| Untracked 
|  94|0x00000000e5e00000, 0x00000000e5e00000, 0x00000000e5f00000|  0%| F|  |TAMS 0x00000000e5e00000| PB 0x00000000e5e00000| Untracked 
|  95|0x00000000e5f00000, 0x00000000e5f00000, 0x00000000e6000000|  0%| F|  |TAMS 0x00000000e5f00000| PB 0x00000000e5f00000| Untracked 
|  96|0x00000000e6000000, 0x00000000e6000000, 0x00000000e6100000|  0%| F|  |TAMS 0x00000000e6000000| PB 0x00000000e6000000| Untracked 
|  97|0x00000000e6100000, 0x00000000e6100000, 0x00000000e6200000|  0%| F|  |TAMS 0x00000000e6100000| PB 0x00000000e6100000| Untracked 
|  98|0x00000000e6200000, 0x00000000e6200000, 0x00000000e6300000|  0%| F|  |TAMS 0x00000000e6200000| PB 0x00000000e6200000| Untracked 
|  99|0x00000000e6300000, 0x00000000e6300000, 0x00000000e6400000|  0%| F|  |TAMS 0x00000000e6300000| PB 0x00000000e6300000| Untracked 
| 100|0x00000000e6400000, 0x00000000e6400000, 0x00000000e6500000|  0%| F|  |TAMS 0x00000000e6400000| PB 0x00000000e6400000| Untracked 
| 101|0x00000000e6500000, 0x00000000e6500000, 0x00000000e6600000|  0%| F|  |TAMS 0x00000000e6500000| PB 0x00000000e6500000| Untracked 
| 102|0x00000000e6600000, 0x00000000e6600000, 0x00000000e6700000|  0%| F|  |TAMS 0x00000000e6600000| PB 0x00000000e6600000| Untracked 
| 103|0x00000000e6700000, 0x00000000e6700000, 0x00000000e6800000|  0%| F|  |TAMS 0x00000000e6700000| PB 0x00000000e6700000| Untracked 
| 104|0x00000000e6800000, 0x00000000e6800000, 0x00000000e6900000|  0%| F|  |TAMS 0x00000000e6800000| PB 0x00000000e6800000| Untracked 
| 105|0x00000000e6900000, 0x00000000e6900000, 0x00000000e6a00000|  0%| F|  |TAMS 0x00000000e6900000| PB 0x00000000e6900000| Untracked 
| 106|0x00000000e6a00000, 0x00000000e6a00000, 0x00000000e6b00000|  0%| F|  |TAMS 0x00000000e6a00000| PB 0x00000000e6a00000| Untracked 
| 107|0x00000000e6b00000, 0x00000000e6b00000, 0x00000000e6c00000|  0%| F|  |TAMS 0x00000000e6b00000| PB 0x00000000e6b00000| Untracked 
| 108|0x00000000e6c00000, 0x00000000e6c00000, 0x00000000e6d00000|  0%| F|  |TAMS 0x00000000e6c00000| PB 0x00000000e6c00000| Untracked 
| 109|0x00000000e6d00000, 0x00000000e6d00000, 0x00000000e6e00000|  0%| F|  |TAMS 0x00000000e6d00000| PB 0x00000000e6d00000| Untracked 
| 110|0x00000000e6e00000, 0x00000000e6e00000, 0x00000000e6f00000|  0%| F|  |TAMS 0x00000000e6e00000| PB 0x00000000e6e00000| Untracked 
| 111|0x00000000e6f00000, 0x00000000e6f00000, 0x00000000e7000000|  0%| F|  |TAMS 0x00000000e6f00000| PB 0x00000000e6f00000| Untracked 
| 112|0x00000000e7000000, 0x00000000e7000000, 0x00000000e7100000|  0%| F|  |TAMS 0x00000000e7000000| PB 0x00000000e7000000| Untracked 
| 113|0x00000000e7100000, 0x00000000e7100000, 0x00000000e7200000|  0%| F|  |TAMS 0x00000000e7100000| PB 0x00000000e7100000| Untracked 
| 114|0x00000000e7200000, 0x00000000e7200000, 0x00000000e7300000|  0%| F|  |TAMS 0x00000000e7200000| PB 0x00000000e7200000| Untracked 
| 115|0x00000000e7300000, 0x00000000e7300000, 0x00000000e7400000|  0%| F|  |TAMS 0x00000000e7300000| PB 0x00000000e7300000| Untracked 
| 116|0x00000000e7400000, 0x00000000e7400000, 0x00000000e7500000|  0%| F|  |TAMS 0x00000000e7400000| PB 0x00000000e7400000| Untracked 
| 117|0x00000000e7500000, 0x00000000e7500000, 0x00000000e7600000|  0%| F|  |TAMS 0x00000000e7500000| PB 0x00000000e7500000| Untracked 
| 118|0x00000000e7600000, 0x00000000e7600000, 0x00000000e7700000|  0%| F|  |TAMS 0x00000000e7600000| PB 0x00000000e7600000| Untracked 
| 119|0x00000000e7700000, 0x00000000e7700000, 0x00000000e7800000|  0%| F|  |TAMS 0x00000000e7700000| PB 0x00000000e7700000| Untracked 
| 120|0x00000000e7800000, 0x00000000e7800000, 0x00000000e7900000|  0%| F|  |TAMS 0x00000000e7800000| PB 0x00000000e7800000| Untracked 
| 121|0x00000000e7900000, 0x00000000e7900000, 0x00000000e7a00000|  0%| F|  |TAMS 0x00000000e7900000| PB 0x00000000e7900000| Untracked 
| 122|0x00000000e7a00000, 0x00000000e7a00000, 0x00000000e7b00000|  0%| F|  |TAMS 0x00000000e7a00000| PB 0x00000000e7a00000| Untracked 
| 123|0x00000000e7b00000, 0x00000000e7b00000, 0x00000000e7c00000|  0%| F|  |TAMS 0x00000000e7b00000| PB 0x00000000e7b00000| Untracked 
| 124|0x00000000e7c00000, 0x00000000e7c00000, 0x00000000e7d00000|  0%| F|  |TAMS 0x00000000e7c00000| PB 0x00000000e7c00000| Untracked 
| 125|0x00000000e7d00000, 0x00000000e7d00000, 0x00000000e7e00000|  0%| F|  |TAMS 0x00000000e7d00000| PB 0x00000000e7d00000| Untracked 
| 126|0x00000000e7e00000, 0x00000000e7e00000, 0x00000000e7f00000|  0%| F|  |TAMS 0x00000000e7e00000| PB 0x00000000e7e00000| Untracked 
| 127|0x00000000e7f00000, 0x00000000e7f00000, 0x00000000e8000000|  0%| F|  |TAMS 0x00000000e7f00000| PB 0x00000000e7f00000| Untracked 
| 128|0x00000000e8000000, 0x00000000e8000000, 0x00000000e8100000|  0%| F|  |TAMS 0x00000000e8000000| PB 0x00000000e8000000| Untracked 
| 129|0x00000000e8100000, 0x00000000e8100000, 0x00000000e8200000|  0%| F|  |TAMS 0x00000000e8100000| PB 0x00000000e8100000| Untracked 
| 130|0x00000000e8200000, 0x00000000e8200000, 0x00000000e8300000|  0%| F|  |TAMS 0x00000000e8200000| PB 0x00000000e8200000| Untracked 
| 131|0x00000000e8300000, 0x00000000e8300000, 0x00000000e8400000|  0%| F|  |TAMS 0x00000000e8300000| PB 0x00000000e8300000| Untracked 
| 132|0x00000000e8400000, 0x00000000e8400000, 0x00000000e8500000|  0%| F|  |TAMS 0x00000000e8400000| PB 0x00000000e8400000| Untracked 
| 133|0x00000000e8500000, 0x00000000e8500000, 0x00000000e8600000|  0%| F|  |TAMS 0x00000000e8500000| PB 0x00000000e8500000| Untracked 
| 134|0x00000000e8600000, 0x00000000e8600000, 0x00000000e8700000|  0%| F|  |TAMS 0x00000000e8600000| PB 0x00000000e8600000| Untracked 
| 135|0x00000000e8700000, 0x00000000e8700000, 0x00000000e8800000|  0%| F|  |TAMS 0x00000000e8700000| PB 0x00000000e8700000| Untracked 
| 136|0x00000000e8800000, 0x00000000e8800000, 0x00000000e8900000|  0%| F|  |TAMS 0x00000000e8800000| PB 0x00000000e8800000| Untracked 
| 137|0x00000000e8900000, 0x00000000e8900000, 0x00000000e8a00000|  0%| F|  |TAMS 0x00000000e8900000| PB 0x00000000e8900000| Untracked 
| 138|0x00000000e8a00000, 0x00000000e8a00000, 0x00000000e8b00000|  0%| F|  |TAMS 0x00000000e8a00000| PB 0x00000000e8a00000| Untracked 
| 139|0x00000000e8b00000, 0x00000000e8b00000, 0x00000000e8c00000|  0%| F|  |TAMS 0x00000000e8b00000| PB 0x00000000e8b00000| Untracked 
| 140|0x00000000e8c00000, 0x00000000e8c00000, 0x00000000e8d00000|  0%| F|  |TAMS 0x00000000e8c00000| PB 0x00000000e8c00000| Untracked 
| 141|0x00000000e8d00000, 0x00000000e8d00000, 0x00000000e8e00000|  0%| F|  |TAMS 0x00000000e8d00000| PB 0x00000000e8d00000| Untracked 
| 142|0x00000000e8e00000, 0x00000000e8e00000, 0x00000000e8f00000|  0%| F|  |TAMS 0x00000000e8e00000| PB 0x00000000e8e00000| Untracked 
| 143|0x00000000e8f00000, 0x00000000e8f00000, 0x00000000e9000000|  0%| F|  |TAMS 0x00000000e8f00000| PB 0x00000000e8f00000| Untracked 
| 144|0x00000000e9000000, 0x00000000e9000000, 0x00000000e9100000|  0%| F|  |TAMS 0x00000000e9000000| PB 0x00000000e9000000| Untracked 
| 145|0x00000000e9100000, 0x00000000e9100000, 0x00000000e9200000|  0%| F|  |TAMS 0x00000000e9100000| PB 0x00000000e9100000| Untracked 
| 146|0x00000000e9200000, 0x00000000e9200000, 0x00000000e9300000|  0%| F|  |TAMS 0x00000000e9200000| PB 0x00000000e9200000| Untracked 
| 147|0x00000000e9300000, 0x00000000e9300000, 0x00000000e9400000|  0%| F|  |TAMS 0x00000000e9300000| PB 0x00000000e9300000| Untracked 
| 148|0x00000000e9400000, 0x00000000e9400000, 0x00000000e9500000|  0%| F|  |TAMS 0x00000000e9400000| PB 0x00000000e9400000| Untracked 
| 149|0x00000000e9500000, 0x00000000e9500000, 0x00000000e9600000|  0%| F|  |TAMS 0x00000000e9500000| PB 0x00000000e9500000| Untracked 
| 150|0x00000000e9600000, 0x00000000e9600000, 0x00000000e9700000|  0%| F|  |TAMS 0x00000000e9600000| PB 0x00000000e9600000| Untracked 
| 151|0x00000000e9700000, 0x00000000e9700000, 0x00000000e9800000|  0%| F|  |TAMS 0x00000000e9700000| PB 0x00000000e9700000| Untracked 
| 152|0x00000000e9800000, 0x00000000e9800000, 0x00000000e9900000|  0%| F|  |TAMS 0x00000000e9800000| PB 0x00000000e9800000| Untracked 
| 153|0x00000000e9900000, 0x00000000e9900000, 0x00000000e9a00000|  0%| F|  |TAMS 0x00000000e9900000| PB 0x00000000e9900000| Untracked 
| 154|0x00000000e9a00000, 0x00000000e9a00000, 0x00000000e9b00000|  0%| F|  |TAMS 0x00000000e9a00000| PB 0x00000000e9a00000| Untracked 
| 155|0x00000000e9b00000, 0x00000000e9b00000, 0x00000000e9c00000|  0%| F|  |TAMS 0x00000000e9b00000| PB 0x00000000e9b00000| Untracked 
| 156|0x00000000e9c00000, 0x00000000e9c00000, 0x00000000e9d00000|  0%| F|  |TAMS 0x00000000e9c00000| PB 0x00000000e9c00000| Untracked 
| 157|0x00000000e9d00000, 0x00000000e9d00000, 0x00000000e9e00000|  0%| F|  |TAMS 0x00000000e9d00000| PB 0x00000000e9d00000| Untracked 
| 158|0x00000000e9e00000, 0x00000000e9e00000, 0x00000000e9f00000|  0%| F|  |TAMS 0x00000000e9e00000| PB 0x00000000e9e00000| Untracked 
| 159|0x00000000e9f00000, 0x00000000e9f00000, 0x00000000ea000000|  0%| F|  |TAMS 0x00000000e9f00000| PB 0x00000000e9f00000| Untracked 
| 160|0x00000000ea000000, 0x00000000ea000000, 0x00000000ea100000|  0%| F|  |TAMS 0x00000000ea000000| PB 0x00000000ea000000| Untracked 
| 161|0x00000000ea100000, 0x00000000ea100000, 0x00000000ea200000|  0%| F|  |TAMS 0x00000000ea100000| PB 0x00000000ea100000| Untracked 
| 162|0x00000000ea200000, 0x00000000ea200000, 0x00000000ea300000|  0%| F|  |TAMS 0x00000000ea200000| PB 0x00000000ea200000| Untracked 
| 163|0x00000000ea300000, 0x00000000ea300000, 0x00000000ea400000|  0%| F|  |TAMS 0x00000000ea300000| PB 0x00000000ea300000| Untracked 
| 164|0x00000000ea400000, 0x00000000ea400000, 0x00000000ea500000|  0%| F|  |TAMS 0x00000000ea400000| PB 0x00000000ea400000| Untracked 
| 165|0x00000000ea500000, 0x00000000ea500000, 0x00000000ea600000|  0%| F|  |TAMS 0x00000000ea500000| PB 0x00000000ea500000| Untracked 
| 166|0x00000000ea600000, 0x00000000ea600000, 0x00000000ea700000|  0%| F|  |TAMS 0x00000000ea600000| PB 0x00000000ea600000| Untracked 
| 167|0x00000000ea700000, 0x00000000ea700000, 0x00000000ea800000|  0%| F|  |TAMS 0x00000000ea700000| PB 0x00000000ea700000| Untracked 
| 168|0x00000000ea800000, 0x00000000ea800000, 0x00000000ea900000|  0%| F|  |TAMS 0x00000000ea800000| PB 0x00000000ea800000| Untracked 
| 169|0x00000000ea900000, 0x00000000ea900000, 0x00000000eaa00000|  0%| F|  |TAMS 0x00000000ea900000| PB 0x00000000ea900000| Untracked 
| 170|0x00000000eaa00000, 0x00000000eaa00000, 0x00000000eab00000|  0%| F|  |TAMS 0x00000000eaa00000| PB 0x00000000eaa00000| Untracked 
| 171|0x00000000eab00000, 0x00000000eab00000, 0x00000000eac00000|  0%| F|  |TAMS 0x00000000eab00000| PB 0x00000000eab00000| Untracked 
| 172|0x00000000eac00000, 0x00000000eac00000, 0x00000000ead00000|  0%| F|  |TAMS 0x00000000eac00000| PB 0x00000000eac00000| Untracked 
| 173|0x00000000ead00000, 0x00000000ead00000, 0x00000000eae00000|  0%| F|  |TAMS 0x00000000ead00000| PB 0x00000000ead00000| Untracked 
| 174|0x00000000eae00000, 0x00000000eae00000, 0x00000000eaf00000|  0%| F|  |TAMS 0x00000000eae00000| PB 0x00000000eae00000| Untracked 
| 175|0x00000000eaf00000, 0x00000000eaf00000, 0x00000000eb000000|  0%| F|  |TAMS 0x00000000eaf00000| PB 0x00000000eaf00000| Untracked 
| 176|0x00000000eb000000, 0x00000000eb000000, 0x00000000eb100000|  0%| F|  |TAMS 0x00000000eb000000| PB 0x00000000eb000000| Untracked 
| 177|0x00000000eb100000, 0x00000000eb100000, 0x00000000eb200000|  0%| F|  |TAMS 0x00000000eb100000| PB 0x00000000eb100000| Untracked 
| 178|0x00000000eb200000, 0x00000000eb200000, 0x00000000eb300000|  0%| F|  |TAMS 0x00000000eb200000| PB 0x00000000eb200000| Untracked 
| 179|0x00000000eb300000, 0x00000000eb300000, 0x00000000eb400000|  0%| F|  |TAMS 0x00000000eb300000| PB 0x00000000eb300000| Untracked 
| 180|0x00000000eb400000, 0x00000000eb400000, 0x00000000eb500000|  0%| F|  |TAMS 0x00000000eb400000| PB 0x00000000eb400000| Untracked 
| 181|0x00000000eb500000, 0x00000000eb500000, 0x00000000eb600000|  0%| F|  |TAMS 0x00000000eb500000| PB 0x00000000eb500000| Untracked 
| 182|0x00000000eb600000, 0x00000000eb600000, 0x00000000eb700000|  0%| F|  |TAMS 0x00000000eb600000| PB 0x00000000eb600000| Untracked 
| 183|0x00000000eb700000, 0x00000000eb730288, 0x00000000eb800000| 18%| E|  |TAMS 0x00000000eb700000| PB 0x00000000eb700000| Complete 
| 184|0x00000000eb800000, 0x00000000eb900000, 0x00000000eb900000|100%| E|CS|TAMS 0x00000000eb800000| PB 0x00000000eb800000| Complete 
| 185|0x00000000eb900000, 0x00000000eba00000, 0x00000000eba00000|100%| E|CS|TAMS 0x00000000eb900000| PB 0x00000000eb900000| Complete 
| 186|0x00000000eba00000, 0x00000000ebb00000, 0x00000000ebb00000|100%| S|CS|TAMS 0x00000000eba00000| PB 0x00000000eba00000| Complete 
| 187|0x00000000ebb00000, 0x00000000ebc00000, 0x00000000ebc00000|100%| S|CS|TAMS 0x00000000ebb00000| PB 0x00000000ebb00000| Complete 
| 188|0x00000000ebc00000, 0x00000000ebd00000, 0x00000000ebd00000|100%| S|CS|TAMS 0x00000000ebc00000| PB 0x00000000ebc00000| Complete 
| 189|0x00000000ebd00000, 0x00000000ebe00000, 0x00000000ebe00000|100%| S|CS|TAMS 0x00000000ebd00000| PB 0x00000000ebd00000| Complete 
| 190|0x00000000ebe00000, 0x00000000ebf00000, 0x00000000ebf00000|100%| S|CS|TAMS 0x00000000ebe00000| PB 0x00000000ebe00000| Complete 
| 191|0x00000000ebf00000, 0x00000000ec000000, 0x00000000ec000000|100%| S|CS|TAMS 0x00000000ebf00000| PB 0x00000000ebf00000| Complete 
| 192|0x00000000ec000000, 0x00000000ec100000, 0x00000000ec100000|100%| S|CS|TAMS 0x00000000ec000000| PB 0x00000000ec000000| Complete 
| 193|0x00000000ec100000, 0x00000000ec200000, 0x00000000ec200000|100%| S|CS|TAMS 0x00000000ec100000| PB 0x00000000ec100000| Complete 
| 194|0x00000000ec200000, 0x00000000ec300000, 0x00000000ec300000|100%| E|CS|TAMS 0x00000000ec200000| PB 0x00000000ec200000| Complete 
| 195|0x00000000ec300000, 0x00000000ec400000, 0x00000000ec400000|100%| E|CS|TAMS 0x00000000ec300000| PB 0x00000000ec300000| Complete 
| 196|0x00000000ec400000, 0x00000000ec500000, 0x00000000ec500000|100%| E|CS|TAMS 0x00000000ec400000| PB 0x00000000ec400000| Complete 
| 197|0x00000000ec500000, 0x00000000ec600000, 0x00000000ec600000|100%| E|CS|TAMS 0x00000000ec500000| PB 0x00000000ec500000| Complete 
| 198|0x00000000ec600000, 0x00000000ec700000, 0x00000000ec700000|100%| E|CS|TAMS 0x00000000ec600000| PB 0x00000000ec600000| Complete 
| 199|0x00000000ec700000, 0x00000000ec800000, 0x00000000ec800000|100%| E|CS|TAMS 0x00000000ec700000| PB 0x00000000ec700000| Complete 
| 200|0x00000000ec800000, 0x00000000ec900000, 0x00000000ec900000|100%| E|CS|TAMS 0x00000000ec800000| PB 0x00000000ec800000| Complete 
| 201|0x00000000ec900000, 0x00000000eca00000, 0x00000000eca00000|100%| E|CS|TAMS 0x00000000ec900000| PB 0x00000000ec900000| Complete 
| 202|0x00000000eca00000, 0x00000000ecb00000, 0x00000000ecb00000|100%| E|CS|TAMS 0x00000000eca00000| PB 0x00000000eca00000| Complete 
| 203|0x00000000ecb00000, 0x00000000ecc00000, 0x00000000ecc00000|100%| E|CS|TAMS 0x00000000ecb00000| PB 0x00000000ecb00000| Complete 
| 204|0x00000000ecc00000, 0x00000000ecd00000, 0x00000000ecd00000|100%| E|CS|TAMS 0x00000000ecc00000| PB 0x00000000ecc00000| Complete 
| 205|0x00000000ecd00000, 0x00000000ece00000, 0x00000000ece00000|100%| E|CS|TAMS 0x00000000ecd00000| PB 0x00000000ecd00000| Complete 
| 206|0x00000000ece00000, 0x00000000ecf00000, 0x00000000ecf00000|100%| E|CS|TAMS 0x00000000ece00000| PB 0x00000000ece00000| Complete 
| 207|0x00000000ecf00000, 0x00000000ed000000, 0x00000000ed000000|100%| E|CS|TAMS 0x00000000ecf00000| PB 0x00000000ecf00000| Complete 
| 208|0x00000000ed000000, 0x00000000ed100000, 0x00000000ed100000|100%| E|CS|TAMS 0x00000000ed000000| PB 0x00000000ed000000| Complete 
| 209|0x00000000ed100000, 0x00000000ed200000, 0x00000000ed200000|100%| E|CS|TAMS 0x00000000ed100000| PB 0x00000000ed100000| Complete 
| 210|0x00000000ed200000, 0x00000000ed300000, 0x00000000ed300000|100%| E|CS|TAMS 0x00000000ed200000| PB 0x00000000ed200000| Complete 
| 211|0x00000000ed300000, 0x00000000ed400000, 0x00000000ed400000|100%| E|CS|TAMS 0x00000000ed300000| PB 0x00000000ed300000| Complete 
| 212|0x00000000ed400000, 0x00000000ed500000, 0x00000000ed500000|100%| E|CS|TAMS 0x00000000ed400000| PB 0x00000000ed400000| Complete 
| 213|0x00000000ed500000, 0x00000000ed600000, 0x00000000ed600000|100%| E|CS|TAMS 0x00000000ed500000| PB 0x00000000ed500000| Complete 
| 214|0x00000000ed600000, 0x00000000ed700000, 0x00000000ed700000|100%| E|CS|TAMS 0x00000000ed600000| PB 0x00000000ed600000| Complete 
| 215|0x00000000ed700000, 0x00000000ed800000, 0x00000000ed800000|100%| E|CS|TAMS 0x00000000ed700000| PB 0x00000000ed700000| Complete 
| 216|0x00000000ed800000, 0x00000000ed900000, 0x00000000ed900000|100%| E|CS|TAMS 0x00000000ed800000| PB 0x00000000ed800000| Complete 
| 217|0x00000000ed900000, 0x00000000eda00000, 0x00000000eda00000|100%| E|CS|TAMS 0x00000000ed900000| PB 0x00000000ed900000| Complete 
| 218|0x00000000eda00000, 0x00000000edb00000, 0x00000000edb00000|100%| E|CS|TAMS 0x00000000eda00000| PB 0x00000000eda00000| Complete 
| 219|0x00000000edb00000, 0x00000000edc00000, 0x00000000edc00000|100%| E|CS|TAMS 0x00000000edb00000| PB 0x00000000edb00000| Complete 
| 220|0x00000000edc00000, 0x00000000edd00000, 0x00000000edd00000|100%| E|CS|TAMS 0x00000000edc00000| PB 0x00000000edc00000| Complete 
| 221|0x00000000edd00000, 0x00000000ede00000, 0x00000000ede00000|100%| E|CS|TAMS 0x00000000edd00000| PB 0x00000000edd00000| Complete 
| 222|0x00000000ede00000, 0x00000000edf00000, 0x00000000edf00000|100%| E|CS|TAMS 0x00000000ede00000| PB 0x00000000ede00000| Complete 
| 223|0x00000000edf00000, 0x00000000ee000000, 0x00000000ee000000|100%| E|CS|TAMS 0x00000000edf00000| PB 0x00000000edf00000| Complete 
| 224|0x00000000ee000000, 0x00000000ee100000, 0x00000000ee100000|100%| E|CS|TAMS 0x00000000ee000000| PB 0x00000000ee000000| Complete 
| 225|0x00000000ee100000, 0x00000000ee200000, 0x00000000ee200000|100%| E|CS|TAMS 0x00000000ee100000| PB 0x00000000ee100000| Complete 
| 226|0x00000000ee200000, 0x00000000ee300000, 0x00000000ee300000|100%| E|CS|TAMS 0x00000000ee200000| PB 0x00000000ee200000| Complete 
| 227|0x00000000ee300000, 0x00000000ee400000, 0x00000000ee400000|100%| E|CS|TAMS 0x00000000ee300000| PB 0x00000000ee300000| Complete 
| 228|0x00000000ee400000, 0x00000000ee500000, 0x00000000ee500000|100%| E|CS|TAMS 0x00000000ee400000| PB 0x00000000ee400000| Complete 
| 229|0x00000000ee500000, 0x00000000ee600000, 0x00000000ee600000|100%| E|CS|TAMS 0x00000000ee500000| PB 0x00000000ee500000| Complete 
| 230|0x00000000ee600000, 0x00000000ee700000, 0x00000000ee700000|100%| E|CS|TAMS 0x00000000ee600000| PB 0x00000000ee600000| Complete 
| 231|0x00000000ee700000, 0x00000000ee800000, 0x00000000ee800000|100%| E|CS|TAMS 0x00000000ee700000| PB 0x00000000ee700000| Complete 
| 232|0x00000000ee800000, 0x00000000ee900000, 0x00000000ee900000|100%| E|CS|TAMS 0x00000000ee800000| PB 0x00000000ee800000| Complete 
| 233|0x00000000ee900000, 0x00000000eea00000, 0x00000000eea00000|100%| E|CS|TAMS 0x00000000ee900000| PB 0x00000000ee900000| Complete 
| 234|0x00000000eea00000, 0x00000000eeb00000, 0x00000000eeb00000|100%| E|CS|TAMS 0x00000000eea00000| PB 0x00000000eea00000| Complete 
| 235|0x00000000eeb00000, 0x00000000eec00000, 0x00000000eec00000|100%| E|CS|TAMS 0x00000000eeb00000| PB 0x00000000eeb00000| Complete 
| 236|0x00000000eec00000, 0x00000000eed00000, 0x00000000eed00000|100%| E|CS|TAMS 0x00000000eec00000| PB 0x00000000eec00000| Complete 
| 237|0x00000000eed00000, 0x00000000eee00000, 0x00000000eee00000|100%| E|CS|TAMS 0x00000000eed00000| PB 0x00000000eed00000| Complete 
| 238|0x00000000eee00000, 0x00000000eef00000, 0x00000000eef00000|100%| E|CS|TAMS 0x00000000eee00000| PB 0x00000000eee00000| Complete 
| 239|0x00000000eef00000, 0x00000000ef000000, 0x00000000ef000000|100%| E|  |TAMS 0x00000000eef00000| PB 0x00000000eef00000| Complete 
| 240|0x00000000ef000000, 0x00000000ef100000, 0x00000000ef100000|100%| E|CS|TAMS 0x00000000ef000000| PB 0x00000000ef000000| Complete 
| 241|0x00000000ef100000, 0x00000000ef200000, 0x00000000ef200000|100%| E|CS|TAMS 0x00000000ef100000| PB 0x00000000ef100000| Complete 
| 242|0x00000000ef200000, 0x00000000ef300000, 0x00000000ef300000|100%| E|CS|TAMS 0x00000000ef200000| PB 0x00000000ef200000| Complete 
| 243|0x00000000ef300000, 0x00000000ef400000, 0x00000000ef400000|100%| E|CS|TAMS 0x00000000ef300000| PB 0x00000000ef300000| Complete 
| 244|0x00000000ef400000, 0x00000000ef500000, 0x00000000ef500000|100%| E|CS|TAMS 0x00000000ef400000| PB 0x00000000ef400000| Complete 
| 245|0x00000000ef500000, 0x00000000ef600000, 0x00000000ef600000|100%| E|CS|TAMS 0x00000000ef500000| PB 0x00000000ef500000| Complete 
| 246|0x00000000ef600000, 0x00000000ef700000, 0x00000000ef700000|100%| E|CS|TAMS 0x00000000ef600000| PB 0x00000000ef600000| Complete 
| 247|0x00000000ef700000, 0x00000000ef800000, 0x00000000ef800000|100%| E|CS|TAMS 0x00000000ef700000| PB 0x00000000ef700000| Complete 
| 248|0x00000000ef800000, 0x00000000ef900000, 0x00000000ef900000|100%| E|CS|TAMS 0x00000000ef800000| PB 0x00000000ef800000| Complete 
| 249|0x00000000ef900000, 0x00000000efa00000, 0x00000000efa00000|100%| E|CS|TAMS 0x00000000ef900000| PB 0x00000000ef900000| Complete 
| 250|0x00000000efa00000, 0x00000000efb00000, 0x00000000efb00000|100%| E|CS|TAMS 0x00000000efa00000| PB 0x00000000efa00000| Complete 
| 251|0x00000000efb00000, 0x00000000efc00000, 0x00000000efc00000|100%| E|CS|TAMS 0x00000000efb00000| PB 0x00000000efb00000| Complete 
| 252|0x00000000efc00000, 0x00000000efd00000, 0x00000000efd00000|100%| E|CS|TAMS 0x00000000efc00000| PB 0x00000000efc00000| Complete 
| 253|0x00000000efd00000, 0x00000000efe00000, 0x00000000efe00000|100%| E|CS|TAMS 0x00000000efd00000| PB 0x00000000efd00000| Complete 
| 254|0x00000000efe00000, 0x00000000eff00000, 0x00000000eff00000|100%| E|CS|TAMS 0x00000000efe00000| PB 0x00000000efe00000| Complete 
| 255|0x00000000eff00000, 0x00000000f0000000, 0x00000000f0000000|100%| E|CS|TAMS 0x00000000eff00000| PB 0x00000000eff00000| Complete 

Card table byte_map: [0x0000029ef6130000,0x0000029ef6230000] _byte_map_base: 0x0000029ef5a30000

Marking Bits: (CMBitMap*) 0x0000029ef2b39840
 Bits: [0x0000029ef6230000, 0x0000029ef6a30000)

Polling page: 0x0000029ef0940000

Metaspace:

Usage:
  Non-class:     15.97 MB used.
      Class:      2.66 MB used.
       Both:     18.63 MB used.

Virtual space:
  Non-class space:       64.00 MB reserved,      16.25 MB ( 25%) committed,  1 nodes.
      Class space:      320.00 MB reserved,       2.94 MB ( <1%) committed,  1 nodes.
             Both:      384.00 MB reserved,      19.19 MB (  5%) committed. 

Chunk freelists:
   Non-Class:  15.19 MB
       Class:  13.11 MB
        Both:  28.29 MB

MaxMetaspaceSize: 384.00 MB
CompressedClassSpaceSize: 320.00 MB
Initial GC threshold: 21.00 MB
Current GC threshold: 21.00 MB
CDS: on
 - commit_granule_bytes: 65536.
 - commit_granule_words: 8192.
 - virtual_space_node_default_size: 8388608.
 - enlarge_chunks_in_place: 1.
 - use_allocation_guard: 0.


Internal statistics:

num_allocs_failed_limit: 0.
num_arena_births: 832.
num_arena_deaths: 0.
num_vsnodes_births: 2.
num_vsnodes_deaths: 0.
num_space_committed: 307.
num_space_uncommitted: 0.
num_chunks_returned_to_freelist: 0.
num_chunks_taken_from_freelist: 1566.
num_chunk_merges: 0.
num_chunk_splits: 1019.
num_chunks_enlarged: 665.
num_inconsistent_stats: 0.

CodeHeap 'non-profiled nmethods': size=120000Kb used=2017Kb max_used=2017Kb free=117982Kb
 bounds [0x0000029e87ad0000, 0x0000029e87d40000, 0x0000029e8f000000]
CodeHeap 'profiled nmethods': size=120000Kb used=6970Kb max_used=6970Kb free=113029Kb
 bounds [0x0000029e80000000, 0x0000029e806d0000, 0x0000029e87530000]
CodeHeap 'non-nmethods': size=5760Kb used=1418Kb max_used=1460Kb free=4341Kb
 bounds [0x0000029e87530000, 0x0000029e877a0000, 0x0000029e87ad0000]
CodeCache: size=245760Kb, used=10405Kb, max_used=10447Kb, free=235352Kb
 total_blobs=4131, nmethods=3559, adapters=476, full_count=0
Compilation: enabled, stopped_count=0, restarted_count=0

Compilation events (20 events):
Event: 378.595 Thread 0x0000029ef94f5b20 3576   !   3       jdk.proxy1.$Proxy2::annotationType (29 bytes)
Event: 378.595 Thread 0x0000029ef94f5b20 nmethod 3576 0x0000029e806c7e90 code [0x0000029e806c8060, 0x0000029e806c8460]
Event: 378.792 Thread 0x0000029ef94f5b20 3577       3       java.util.concurrent.Executors$RunnableAdapter::call (14 bytes)
Event: 378.792 Thread 0x0000029ef94f5b20 nmethod 3577 0x0000029e806c8610 code [0x0000029e806c87c0, 0x0000029e806c89a8]
Event: 378.823 Thread 0x0000029ef94f5b20 3578       3       org.gradle.internal.service.AbstractServiceMethod::<init> (42 bytes)
Event: 378.828 Thread 0x0000029ef94f5b20 nmethod 3578 0x0000029e806c8a90 code [0x0000029e806c8e00, 0x0000029e806ca928]
Event: 379.066 Thread 0x0000029ef94f5b20 3580       3       java.util.concurrent.ScheduledThreadPoolExecutor$ScheduledFutureTask::setNextRunTime (38 bytes)
Event: 379.067 Thread 0x0000029ef94f5b20 nmethod 3580 0x0000029e806cb110 code [0x0000029e806cb2c0, 0x0000029e806cb4e0]
Event: 379.067 Thread 0x0000029ef94f5b20 3581       3       java.util.concurrent.ScheduledThreadPoolExecutor::reExecutePeriodic (49 bytes)
Event: 379.067 Thread 0x0000029ef94f5b20 nmethod 3581 0x0000029e806cb590 code [0x0000029e806cb7c0, 0x0000029e806cbe40]
Event: 379.940 Thread 0x0000029ef94f5b20 3583       3       java.nio.ByteBuffer::rewind (7 bytes)
Event: 379.940 Thread 0x0000029ef94f5b20 nmethod 3583 0x0000029e806cc090 code [0x0000029e806cc240, 0x0000029e806cc3b8]
Event: 379.940 Thread 0x0000029ef94f5b20 3584       3       java.nio.Buffer::rewind (12 bytes)
Event: 379.941 Thread 0x0000029ef94f5b20 nmethod 3584 0x0000029e806cc490 code [0x0000029e806cc620, 0x0000029e806cc740]
Event: 379.947 Thread 0x0000029ef94f5b20 3585       3       java.nio.MappedByteBuffer::rewind (5 bytes)
Event: 379.950 Thread 0x0000029ef94f5b20 nmethod 3585 0x0000029e806cc810 code [0x0000029e806cc9c0, 0x0000029e806ccbf8]
Event: 379.950 Thread 0x0000029ef94f5b20 3586       3       java.nio.MappedByteBuffer::rewind (7 bytes)
Event: 379.950 Thread 0x0000029ef94f5b20 nmethod 3586 0x0000029e806ccd10 code [0x0000029e806ccec0, 0x0000029e806cd098]
Event: 379.998 Thread 0x0000029ef94f5b20 3587   !   3       org.gradle.cache.internal.DefaultFileLockManager$DefaultFileLock::readInformationRegion (73 bytes)
Event: 380.008 Thread 0x0000029ef94f5b20 nmethod 3587 0x0000029e806cd190 code [0x0000029e806cd480, 0x0000029e806ce3b0]

GC Heap History (6 events):
Event: 12.083 GC heap before
{Heap before GC invocations=0 (full 0):
 garbage-first heap   total 262144K, used 26624K [0x00000000e0000000, 0x0000000100000000)
  region size 1024K, 23 young (23552K), 0 survivors (0K)
 Metaspace       used 1123K, committed 1280K, reserved 393216K
  class space    used 80K, committed 128K, reserved 327680K
}
Event: 12.726 GC heap after
{Heap after GC invocations=1 (full 0):
 garbage-first heap   total 262144K, used 9983K [0x00000000e0000000, 0x0000000100000000)
  region size 1024K, 3 young (3072K), 3 survivors (3072K)
 Metaspace       used 1123K, committed 1280K, reserved 393216K
  class space    used 80K, committed 128K, reserved 327680K
}
Event: 19.178 GC heap before
{Heap before GC invocations=1 (full 0):
 garbage-first heap   total 262144K, used 40703K [0x00000000e0000000, 0x0000000100000000)
  region size 1024K, 33 young (33792K), 3 survivors (3072K)
 Metaspace       used 4287K, committed 4480K, reserved 393216K
  class space    used 544K, committed 640K, reserved 327680K
}
Event: 19.184 GC heap after
{Heap after GC invocations=2 (full 0):
 garbage-first heap   total 262144K, used 12435K [0x00000000e0000000, 0x0000000100000000)
  region size 1024K, 2 young (2048K), 2 survivors (2048K)
 Metaspace       used 4287K, committed 4480K, reserved 393216K
  class space    used 544K, committed 640K, reserved 327680K
}
Event: 90.001 GC heap before
{Heap before GC invocations=2 (full 0):
 garbage-first heap   total 262144K, used 75923K [0x00000000e0000000, 0x0000000100000000)
  region size 1024K, 62 young (63488K), 2 survivors (2048K)
 Metaspace       used 10345K, committed 10688K, reserved 393216K
  class space    used 1386K, committed 1600K, reserved 327680K
}
Event: 90.082 GC heap after
{Heap after GC invocations=3 (full 0):
 garbage-first heap   total 262144K, used 20626K [0x00000000e0000000, 0x0000000100000000)
  region size 1024K, 8 young (8192K), 8 survivors (8192K)
 Metaspace       used 10345K, committed 10688K, reserved 393216K
  class space    used 1386K, committed 1600K, reserved 327680K
}

Dll operation events (20 events):
Event: 1.354 Attempting to load shared library C:\Users\NAGARAJU\.antigravity-ide\extensions\redhat.java-1.56.0-win32-x64\jre\21.0.12.1-win32-x86_64\bin\nio.dll
Event: 1.355 Loaded shared library C:\Users\NAGARAJU\.antigravity-ide\extensions\redhat.java-1.56.0-win32-x64\jre\21.0.12.1-win32-x86_64\bin\nio.dll
Event: 1.361 Attempting to load shared library C:\Users\NAGARAJU\.antigravity-ide\extensions\redhat.java-1.56.0-win32-x64\jre\21.0.12.1-win32-x86_64\bin\zip.dll
Event: 1.361 Loaded shared library C:\Users\NAGARAJU\.antigravity-ide\extensions\redhat.java-1.56.0-win32-x64\jre\21.0.12.1-win32-x86_64\bin\zip.dll
Event: 10.544 Attempting to load shared library C:\Users\NAGARAJU\.antigravity-ide\extensions\redhat.java-1.56.0-win32-x64\jre\21.0.12.1-win32-x86_64\bin\jimage.dll
Event: 10.544 Loaded shared library C:\Users\NAGARAJU\.antigravity-ide\extensions\redhat.java-1.56.0-win32-x64\jre\21.0.12.1-win32-x86_64\bin\jimage.dll
Event: 12.769 Attempting to load shared library C:\Users\NAGARAJU\.antigravity-ide\extensions\redhat.java-1.56.0-win32-x64\jre\21.0.12.1-win32-x86_64\bin\verify.dll
Event: 12.803 Loaded shared library C:\Users\NAGARAJU\.antigravity-ide\extensions\redhat.java-1.56.0-win32-x64\jre\21.0.12.1-win32-x86_64\bin\verify.dll
Event: 14.341 Attempting to load shared library C:\Users\NAGARAJU\.gradle\native\c067742578af261105cb4f569cf0c3c89f3d7b1fecec35dd04571415982c5e48\windows-amd64\native-platform.dll
Event: 14.382 Loaded shared library C:\Users\NAGARAJU\.gradle\native\c067742578af261105cb4f569cf0c3c89f3d7b1fecec35dd04571415982c5e48\windows-amd64\native-platform.dll
Event: 14.401 Attempting to load shared library C:\Users\NAGARAJU\.gradle\native\100fb08df4bc3b14c8652ba06237920a3bd2aa13389f12d3474272988ae205f9\windows-amd64\native-platform-file-events.dll
Event: 14.443 Loaded shared library C:\Users\NAGARAJU\.gradle\native\100fb08df4bc3b14c8652ba06237920a3bd2aa13389f12d3474272988ae205f9\windows-amd64\native-platform-file-events.dll
Event: 26.927 Attempting to load shared library C:\Users\NAGARAJU\.antigravity-ide\extensions\redhat.java-1.56.0-win32-x64\jre\21.0.12.1-win32-x86_64\bin\management.dll
Event: 26.946 Loaded shared library C:\Users\NAGARAJU\.antigravity-ide\extensions\redhat.java-1.56.0-win32-x64\jre\21.0.12.1-win32-x86_64\bin\management.dll
Event: 26.954 Attempting to load shared library C:\Users\NAGARAJU\.antigravity-ide\extensions\redhat.java-1.56.0-win32-x64\jre\21.0.12.1-win32-x86_64\bin\management_ext.dll
Event: 26.967 Loaded shared library C:\Users\NAGARAJU\.antigravity-ide\extensions\redhat.java-1.56.0-win32-x64\jre\21.0.12.1-win32-x86_64\bin\management_ext.dll
Event: 31.989 Attempting to load shared library C:\Users\NAGARAJU\.antigravity-ide\extensions\redhat.java-1.56.0-win32-x64\jre\21.0.12.1-win32-x86_64\bin\extnet.dll
Event: 31.999 Loaded shared library C:\Users\NAGARAJU\.antigravity-ide\extensions\redhat.java-1.56.0-win32-x64\jre\21.0.12.1-win32-x86_64\bin\extnet.dll
Event: 82.106 Attempting to load shared library C:\Users\NAGARAJU\.antigravity-ide\extensions\redhat.java-1.56.0-win32-x64\jre\21.0.12.1-win32-x86_64\bin\sunmscapi.dll
Event: 82.233 Loaded shared library C:\Users\NAGARAJU\.antigravity-ide\extensions\redhat.java-1.56.0-win32-x64\jre\21.0.12.1-win32-x86_64\bin\sunmscapi.dll

Deoptimization events (20 events):
Event: 247.763 Thread 0x0000029eff71f3f0 Uncommon trap: trap_request=0xffffff45 fr.pc=0x0000029e87af7370 relative=0x0000000000000cf0
Event: 247.763 Thread 0x0000029eff71f3f0 Uncommon trap: reason=unstable_if action=reinterpret pc=0x0000029e87af7370 method=java.io.WinNTFileSystem.resolve(Ljava/lang/String;Ljava/lang/String;)Ljava/lang/String; @ 19 c2
Event: 247.763 Thread 0x0000029eff71f3f0 DEOPT PACKING pc=0x0000029e87af7370 sp=0x000000cc8d9fb9f0
Event: 247.763 Thread 0x0000029eff71f3f0 DEOPT UNPACKING pc=0x0000029e87584422 sp=0x000000cc8d9fb988 mode 2
Event: 248.548 Thread 0x0000029eff71f3f0 Uncommon trap: trap_request=0xffffff45 fr.pc=0x0000029e87b69b10 relative=0x0000000000000630
Event: 248.548 Thread 0x0000029eff71f3f0 Uncommon trap: reason=unstable_if action=reinterpret pc=0x0000029e87b69b10 method=java.io.File.getName()Ljava/lang/String; @ 16 c2
Event: 248.548 Thread 0x0000029eff71f3f0 DEOPT PACKING pc=0x0000029e87b69b10 sp=0x000000cc8d9fb9b0
Event: 248.548 Thread 0x0000029eff71f3f0 DEOPT UNPACKING pc=0x0000029e87584422 sp=0x000000cc8d9fb980 mode 2
Event: 255.379 Thread 0x0000029eff71f3f0 Uncommon trap: trap_request=0xffffff45 fr.pc=0x0000029e87afbc14 relative=0x00000000000000f4
Event: 255.379 Thread 0x0000029eff71f3f0 Uncommon trap: reason=unstable_if action=reinterpret pc=0x0000029e87afbc14 method=java.util.HashMap.hash(Ljava/lang/Object;)I @ 1 c2
Event: 255.379 Thread 0x0000029eff71f3f0 DEOPT PACKING pc=0x0000029e87afbc14 sp=0x000000cc8d9fc770
Event: 255.379 Thread 0x0000029eff71f3f0 DEOPT UNPACKING pc=0x0000029e87584422 sp=0x000000cc8d9fc6b0 mode 2
Event: 259.698 Thread 0x0000029eff71f3f0 Uncommon trap: trap_request=0xffffff45 fr.pc=0x0000029e87c3bcb0 relative=0x0000000000000570
Event: 259.698 Thread 0x0000029eff71f3f0 Uncommon trap: reason=unstable_if action=reinterpret pc=0x0000029e87c3bcb0 method=java.util.ArrayList.grow(I)[Ljava/lang/Object; @ 17 c2
Event: 259.698 Thread 0x0000029eff71f3f0 DEOPT PACKING pc=0x0000029e87c3bcb0 sp=0x000000cc8d9fd390
Event: 259.698 Thread 0x0000029eff71f3f0 DEOPT UNPACKING pc=0x0000029e87584422 sp=0x000000cc8d9fd348 mode 2
Event: 278.592 Thread 0x0000029eff71f3f0 Uncommon trap: trap_request=0xfffffff4 fr.pc=0x0000029e87b5834c relative=0x00000000000004cc
Event: 278.592 Thread 0x0000029eff71f3f0 Uncommon trap: reason=null_check action=make_not_entrant pc=0x0000029e87b5834c method=java.io.File.equals(Ljava/lang/Object;)Z @ 1 c2
Event: 278.611 Thread 0x0000029eff71f3f0 DEOPT PACKING pc=0x0000029e87b5834c sp=0x000000cc8d9fd4b0
Event: 278.628 Thread 0x0000029eff71f3f0 DEOPT UNPACKING pc=0x0000029e87584422 sp=0x000000cc8d9fd468 mode 2

Classes loaded (20 events):
Event: 267.343 Loading class java/lang/invoke/BoundMethodHandle$Species_LLLLLLLLLLLLLLLLLLLLLL
Event: 267.343 Loading class java/lang/invoke/BoundMethodHandle$Species_LLLLLLLLLLLLLLLLLLLLLL done
Event: 268.387 Loading class java/lang/invoke/BoundMethodHandle$Species_LLLLLLLLLLLLLLLLLLLLLLL
Event: 268.387 Loading class java/lang/invoke/BoundMethodHandle$Species_LLLLLLLLLLLLLLLLLLLLLLL done
Event: 288.685 Loading class java/util/function/LongFunction
Event: 288.703 Loading class java/util/function/LongFunction done
Event: 299.991 Loading class java/security/InvalidKeyException
Event: 300.051 Loading class java/security/KeyException
Event: 300.080 Loading class java/security/KeyException done
Event: 300.081 Loading class java/security/InvalidKeyException done
Event: 336.191 Loading class java/io/ObjectInputStream
Event: 336.272 Loading class java/io/ObjectInput
Event: 336.273 Loading class java/io/ObjectInput done
Event: 336.274 Loading class java/io/ObjectStreamConstants
Event: 336.275 Loading class java/io/ObjectStreamConstants done
Event: 336.275 Loading class java/io/ObjectInputStream done
Event: 336.295 Loading class java/io/ObjectOutputStream
Event: 336.304 Loading class java/io/ObjectOutput
Event: 336.306 Loading class java/io/ObjectOutput done
Event: 336.306 Loading class java/io/ObjectOutputStream done

Classes unloaded (0 events):
No events

Classes redefined (0 events):
No events

Internal exceptions (20 events):
Event: 262.896 Thread 0x0000029eff71f3f0 Exception <a 'java/lang/NoSuchMethodError'{0x00000000ed67b550}: 'java.lang.Object java.lang.invoke.DelegatingMethodHandle$Holder.reinvoke_L(java.lang.Object, java.lang.Object, java.lang.Object, java.lang.Object, java.lang.Object, java.lang.Object, java.lang.Object, java.lang.Object, java.lang.Object, java.lang.Object, java.lang.Object, java.lang.Object, java.lang.Object, java.lang.Object, java.lang.Object, java.lang.Object, java.lang.Object, java.lang.Object, java.lang.Object, java.lang.Object, java.lang.O
Event: 264.233 Thread 0x0000029eff71f3f0 Exception <a 'java/lang/NoSuchMethodError'{0x00000000ed517738}: 'java.lang.Object java.lang.invoke.DirectMethodHandle$Holder.invokeStatic(java.lang.Object, java.lang.Object, java.lang.Object, java.lang.Object, java.lang.Object, java.lang.Object, java.lang.Object, java.lang.Object, java.lang.Object, java.lang.Object, java.lang.Object, java.lang.Object, java.lang.Object, java.lang.Object, java.lang.Object, java.lang.Object, java.lang.Object)'> (0x00000000ed517738) 
thrown [s\src\hotspot\share\interpreter\lin
Event: 265.184 Thread 0x0000029eff71f3f0 Exception <a 'java/lang/NoSuchMethodError'{0x00000000ed540098}: 'java.lang.Object java.lang.invoke.DirectMethodHandle$Holder.invokeStatic(java.lang.Object, java.lang.Object, java.lang.Object, java.lang.Object, java.lang.Object, java.lang.Object, java.lang.Object, java.lang.Object, java.lang.Object, java.lang.Object, java.lang.Object, java.lang.Object, java.lang.Object, java.lang.Object, java.lang.Object, java.lang.Object, java.lang.Object, java.lang.Object)'> (0x00000000ed540098) 
thrown [s\src\hotspot\sha
Event: 265.307 Thread 0x0000029eff71f3f0 Exception <a 'java/lang/NoSuchMethodError'{0x00000000ed569d00}: 'java.lang.Object java.lang.invoke.DirectMethodHandle$Holder.invokeStatic(java.lang.Object, java.lang.Object, java.lang.Object, java.lang.Object, java.lang.Object, java.lang.Object, java.lang.Object, java.lang.Object, java.lang.Object, java.lang.Object, java.lang.Object, java.lang.Object, java.lang.Object, java.lang.Object, java.lang.Object, java.lang.Object, java.lang.Object, java.lang.Object, java.lang.Object)'> (0x00000000ed569d00) 
thrown 
Event: 266.304 Thread 0x0000029eff71f3f0 Exception <a 'java/lang/NoSuchMethodError'{0x00000000ed59b5f0}: 'java.lang.Object java.lang.invoke.DirectMethodHandle$Holder.invokeStatic(java.lang.Object, java.lang.Object, java.lang.Object, java.lang.Object, java.lang.Object, java.lang.Object, java.lang.Object, java.lang.Object, java.lang.Object, java.lang.Object, java.lang.Object, java.lang.Object, java.lang.Object, java.lang.Object, java.lang.Object, java.lang.Object, java.lang.Object, java.lang.Object, java.lang.Object, java.lang.Object)'> (0x00000000
Event: 266.835 Thread 0x0000029eff71f3f0 Exception <a 'java/lang/NoSuchMethodError'{0x00000000ed5c7830}: 'java.lang.Object java.lang.invoke.DirectMethodHandle$Holder.invokeStatic(java.lang.Object, java.lang.Object, java.lang.Object, java.lang.Object, java.lang.Object, java.lang.Object, java.lang.Object, java.lang.Object, java.lang.Object, java.lang.Object, java.lang.Object, java.lang.Object, java.lang.Object, java.lang.Object, java.lang.Object, java.lang.Object, java.lang.Object, java.lang.Object, java.lang.Object, java.lang.Object, java.lang.Obj
Event: 266.906 Thread 0x0000029eff71f3f0 Exception <a 'java/lang/NoSuchMethodError'{0x00000000ed5f4b58}: 'java.lang.Object java.lang.invoke.DirectMethodHandle$Holder.invokeStatic(java.lang.Object, java.lang.Object, java.lang.Object, java.lang.Object, java.lang.Object, java.lang.Object, java.lang.Object, java.lang.Object, java.lang.Object, java.lang.Object, java.lang.Object, java.lang.Object, java.lang.Object, java.lang.Object, java.lang.Object, java.lang.Object, java.lang.Object, java.lang.Object, java.lang.Object, java.lang.Object, java.lang.Obj
Event: 267.097 Thread 0x0000029eff71f3f0 Exception <a 'java/lang/NoSuchMethodError'{0x00000000ed422b78}: 'java.lang.Object java.lang.invoke.DirectMethodHandle$Holder.invokeStatic(java.lang.Object, java.lang.Object, java.lang.Object, java.lang.Object, java.lang.Object, java.lang.Object, java.lang.Object, java.lang.Object, java.lang.Object, java.lang.Object, java.lang.Object, java.lang.Object, java.lang.Object, java.lang.Object, java.lang.Object, java.lang.Object, java.lang.Object, java.lang.Object, java.lang.Object, java.lang.Object, java.lang.Obj
Event: 267.112 Thread 0x0000029eff71f3f0 Exception <a 'java/lang/NoSuchMethodError'{0x00000000ed4518b0}: 'java.lang.Object java.lang.invoke.DirectMethodHandle$Holder.invokeStatic(java.lang.Object, java.lang.Object, java.lang.Object, java.lang.Object, java.lang.Object, java.lang.Object, java.lang.Object, java.lang.Object, java.lang.Object, java.lang.Object, java.lang.Object, java.lang.Object, java.lang.Object, java.lang.Object, java.lang.Object, java.lang.Object, java.lang.Object, java.lang.Object, java.lang.Object, java.lang.Object, java.lang.Obj
Event: 267.636 Thread 0x0000029eff71f3f0 Exception <a 'java/lang/NoSuchMethodError'{0x00000000ed482808}: 'java.lang.Object java.lang.invoke.DirectMethodHandle$Holder.invokeStatic(java.lang.Object, java.lang.Object, java.lang.Object, java.lang.Object, java.lang.Object, java.lang.Object, java.lang.Object, java.lang.Object, java.lang.Object, java.lang.Object, java.lang.Object, java.lang.Object, java.lang.Object, java.lang.Object, java.lang.Object, java.lang.Object, java.lang.Object, java.lang.Object, java.lang.Object, java.lang.Object, java.lang.Obj
Event: 268.396 Thread 0x0000029eff71f3f0 Exception <a 'java/lang/NoSuchMethodError'{0x00000000ed4b39e0}: 'java.lang.Object java.lang.invoke.DirectMethodHandle$Holder.invokeStatic(java.lang.Object, java.lang.Object, java.lang.Object, java.lang.Object, java.lang.Object, java.lang.Object, java.lang.Object, java.lang.Object, java.lang.Object, java.lang.Object, java.lang.Object, java.lang.Object, java.lang.Object, java.lang.Object, java.lang.Object, java.lang.Object, java.lang.Object, java.lang.Object, java.lang.Object, java.lang.Object, java.lang.Obj
Event: 278.592 Thread 0x0000029eff71f3f0 Implicit null exception at 0x0000029e87b57ebd to 0x0000029e87b5833c
Event: 321.878 Thread 0x0000029eff71f3f0 Exception <a 'java/lang/IncompatibleClassChangeError'{0x00000000ecaddb00}: Found class java.lang.Object, but interface was expected> (0x00000000ecaddb00) 
thrown [s\src\hotspot\share\interpreter\linkResolver.cpp, line 840]
Event: 324.154 Thread 0x0000029eff71f3f0 Exception <a 'java/lang/NoSuchMethodError'{0x00000000ec912080}: 'java.lang.Object java.lang.invoke.DirectMethodHandle$Holder.newInvokeSpecial(java.lang.Object, java.lang.Object, java.lang.Object, java.lang.Object, java.lang.Object, java.lang.Object, java.lang.Object, java.lang.Object, java.lang.Object, java.lang.Object, java.lang.Object, java.lang.Object, java.lang.Object)'> (0x00000000ec912080) 
thrown [s\src\hotspot\share\interpreter\linkResolver.cpp, line 773]
Event: 324.750 Thread 0x0000029eff71f3f0 Exception <a 'java/lang/NoSuchMethodError'{0x00000000ec917560}: 'java.lang.Object java.lang.invoke.DirectMethodHandle$Holder.invokeSpecial(java.lang.Object, java.lang.Object, java.lang.Object, java.lang.Object, java.lang.Object, java.lang.Object, java.lang.Object, java.lang.Object, java.lang.Object, java.lang.Object, java.lang.Object, java.lang.Object, java.lang.Object, java.lang.Object)'> (0x00000000ec917560) 
thrown [s\src\hotspot\share\interpreter\linkResolver.cpp, line 773]
Event: 324.826 Thread 0x0000029eff71f3f0 Exception <a 'java/lang/NoSuchMethodError'{0x00000000ec91bd50}: 'java.lang.Object java.lang.invoke.DelegatingMethodHandle$Holder.reinvoke_L(java.lang.Object, java.lang.Object, java.lang.Object, java.lang.Object, java.lang.Object, java.lang.Object, java.lang.Object, java.lang.Object, java.lang.Object, java.lang.Object, java.lang.Object, java.lang.Object, java.lang.Object)'> (0x00000000ec91bd50) 
thrown [s\src\hotspot\share\interpreter\linkResolver.cpp, line 773]
Event: 341.248 Thread 0x0000029eff71f3f0 Exception <a 'java/lang/NoSuchMethodError'{0x00000000ec706b40}: 'java.lang.Object java.lang.invoke.DirectMethodHandle$Holder.newInvokeSpecial(java.lang.Object, java.lang.Object, java.lang.Object, java.lang.Object, java.lang.Object, java.lang.Object, java.lang.Object, java.lang.Object)'> (0x00000000ec706b40) 
thrown [s\src\hotspot\share\interpreter\linkResolver.cpp, line 773]
Event: 343.995 Thread 0x0000029eff71f3f0 Exception <a 'java/lang/NoSuchMethodError'{0x00000000ec7522a0}: 'int java.lang.invoke.DirectMethodHandle$Holder.invokeStaticInit(java.lang.Object, java.lang.Object, java.lang.Object)'> (0x00000000ec7522a0) 
thrown [s\src\hotspot\share\interpreter\linkResolver.cpp, line 773]
Event: 378.875 Thread 0x0000029eff71f3f0 Exception <a 'java/lang/NoSuchMethodError'{0x00000000eb877d78}: 'java.lang.Object java.lang.invoke.DirectMethodHandle$Holder.invokeVirtual(java.lang.Object, java.lang.Object, java.lang.Object, java.lang.Object, java.lang.Object, java.lang.Object, java.lang.Object, java.lang.Object, java.lang.Object, java.lang.Object, java.lang.Object, java.lang.Object, java.lang.Object, java.lang.Object, java.lang.Object, java.lang.Object, java.lang.Object, java.lang.Object, java.lang.Object, java.lang.Object, java.lang.Ob
Event: 379.859 Thread 0x0000029eff71f3f0 Exception <a 'java/lang/NoSuchMethodError'{0x00000000eb8ec520}: 'java.lang.Object java.lang.invoke.DirectMethodHandle$Holder.invokeSpecial(java.lang.Object, java.lang.Object, java.lang.Object, java.lang.Object, java.lang.Object, java.lang.Object, java.lang.Object, java.lang.Object, java.lang.Object, java.lang.Object, java.lang.Object, java.lang.Object, java.lang.Object, java.lang.Object, java.lang.Object, java.lang.Object, java.lang.Object, java.lang.Object, java.lang.Object, java.lang.Object, java.lang.Ob

ZGC Phase Switch (0 events):
No events

VM Operations (20 events):
Event: 323.271 Executing safepoint VM operation: Cleanup done
Event: 325.282 Executing safepoint VM operation: Cleanup
Event: 325.298 Executing safepoint VM operation: Cleanup done
Event: 331.327 Executing safepoint VM operation: Cleanup
Event: 331.514 Executing safepoint VM operation: Cleanup done
Event: 334.536 Executing safepoint VM operation: Cleanup
Event: 334.566 Executing safepoint VM operation: Cleanup done
Event: 336.591 Executing safepoint VM operation: Cleanup
Event: 336.825 Executing safepoint VM operation: Cleanup done
Event: 340.850 Executing safepoint VM operation: Cleanup
Event: 341.035 Executing safepoint VM operation: Cleanup done
Event: 342.045 Executing safepoint VM operation: Cleanup
Event: 342.183 Executing safepoint VM operation: Cleanup done
Event: 361.351 Executing safepoint VM operation: Cleanup
Event: 361.768 Executing safepoint VM operation: Cleanup done
Event: 377.929 Executing safepoint VM operation: Cleanup
Event: 377.944 Executing safepoint VM operation: Cleanup done
Event: 378.957 Executing safepoint VM operation: Cleanup
Event: 379.065 Executing safepoint VM operation: Cleanup done
Event: 380.076 Executing safepoint VM operation: Cleanup

Memory protections (0 events):
No events

Nmethod flushes (0 events):
No events

Events (20 events):
Event: 0.827 Thread 0x0000029ef2b0a5f0 Thread added: 0x0000029ef94f5b20
Event: 1.262 Thread 0x0000029ef2b0a5f0 Thread added: 0x0000029ef96ac3a0
Event: 1.736 Thread 0x0000029ef2b0a5f0 Thread added: 0x0000029ef978f440
Event: 27.737 Thread 0x0000029ef2b0a5f0 Thread added: 0x0000029efeb48ec0
Event: 33.241 Thread 0x0000029ef2b0a5f0 Thread added: 0x0000029eff0d90f0
Event: 39.582 Thread 0x0000029ef2b0a5f0 Thread added: 0x0000029eff576620
Event: 89.138 Thread 0x0000029eff0d90f0 Thread added: 0x0000029ef97d7140
Event: 89.339 Thread 0x0000029ef97d7140 Thread added: 0x0000029eff234a20
Event: 93.332 Thread 0x0000029ef97d7140 Thread added: 0x0000029efe6b33b0
Event: 158.171 Thread 0x0000029ef97d7140 Thread added: 0x0000029eff71f3f0
Event: 165.004 Thread 0x0000029eff71f3f0 Thread added: 0x0000029eff71cc90
Event: 165.960 Thread 0x0000029eff71f3f0 Thread added: 0x0000029eff71d9b0
Event: 166.142 Thread 0x0000029eff71f3f0 Thread added: 0x0000029eff71d320
Event: 232.666 Thread 0x0000029ef94f5b20 Thread added: 0x0000029ef95736d0
Event: 232.707 Thread 0x0000029eff71f3f0 Thread added: 0x0000029eff71c600
Event: 234.105 Thread 0x0000029eff71f3f0 Thread added: 0x0000029eff71e040
Event: 234.298 Thread 0x0000029ef95736d0 Thread exited: 0x0000029ef95736d0
Event: 238.904 Thread 0x0000029eff71f3f0 Thread added: 0x0000029eff71e6d0
Event: 239.307 Thread 0x0000029eff71e040 Thread added: 0x0000029eff71ed60
Event: 313.601 Thread 0x0000029eff71ed60 Thread exited: 0x0000029eff71ed60


Dynamic libraries:
0x00007ff6aaf70000 - 0x00007ff6aaf7e000 	C:\Users\NAGARAJU\.antigravity-ide\extensions\redhat.java-1.56.0-win32-x64\jre\21.0.12.1-win32-x86_64\bin\java.exe
0x00007ffba2e60000 - 0x00007ffba30c6000 	C:\WINDOWS\SYSTEM32\ntdll.dll
0x00007ffba16f0000 - 0x00007ffba17b9000 	C:\WINDOWS\System32\KERNEL32.DLL
0x00007ffba01d0000 - 0x00007ffba05cf000 	C:\WINDOWS\System32\KERNELBASE.dll
0x00007ffba0070000 - 0x00007ffba01bc000 	C:\WINDOWS\System32\ucrtbase.dll
0x00007ffb616c0000 - 0x00007ffb616d8000 	C:\Users\NAGARAJU\.antigravity-ide\extensions\redhat.java-1.56.0-win32-x64\jre\21.0.12.1-win32-x86_64\bin\jli.dll
0x00007ffb616e0000 - 0x00007ffb616fe000 	C:\Users\NAGARAJU\.antigravity-ide\extensions\redhat.java-1.56.0-win32-x64\jre\21.0.12.1-win32-x86_64\bin\VCRUNTIME140.dll
0x00007ffba2320000 - 0x00007ffba24e6000 	C:\WINDOWS\System32\USER32.dll
0x00007ffba08a0000 - 0x00007ffba08c7000 	C:\WINDOWS\System32\win32u.dll
0x00007ffb88780000 - 0x00007ffb88a11000 	C:\WINDOWS\WinSxS\amd64_microsoft.windows.common-controls_6595b64144ccf1df_6.0.26100.8972_none_3e0da176e32f9d4b\COMCTL32.dll
0x00007ffba2df0000 - 0x00007ffba2e1b000 	C:\WINDOWS\System32\GDI32.dll
0x00007ffba24f0000 - 0x00007ffba2599000 	C:\WINDOWS\System32\msvcrt.dll
0x00007ffba05e0000 - 0x00007ffba0709000 	C:\WINDOWS\System32\gdi32full.dll
0x00007ffba0ae0000 - 0x00007ffba0b83000 	C:\WINDOWS\System32\msvcp_win.dll
0x00007ffba2150000 - 0x00007ffba2182000 	C:\WINDOWS\System32\IMM32.DLL
0x00007ffb83500000 - 0x00007ffb8350c000 	C:\Users\NAGARAJU\.antigravity-ide\extensions\redhat.java-1.56.0-win32-x64\jre\21.0.12.1-win32-x86_64\bin\vcruntime140_1.dll
0x00007ffb1bac0000 - 0x00007ffb1bb4d000 	C:\Users\NAGARAJU\.antigravity-ide\extensions\redhat.java-1.56.0-win32-x64\jre\21.0.12.1-win32-x86_64\bin\msvcp140.dll
0x00007ffac8530000 - 0x00007ffac92d2000 	C:\Users\NAGARAJU\.antigravity-ide\extensions\redhat.java-1.56.0-win32-x64\jre\21.0.12.1-win32-x86_64\bin\server\jvm.dll
0x00007ffba0d00000 - 0x00007ffba0dbc000 	C:\WINDOWS\System32\ADVAPI32.dll
0x00007ffba28a0000 - 0x00007ffba294a000 	C:\WINDOWS\System32\sechost.dll
0x00007ffba25a0000 - 0x00007ffba26b8000 	C:\WINDOWS\System32\RPCRT4.dll
0x00007ffba1ab0000 - 0x00007ffba1b32000 	C:\WINDOWS\System32\WS2_32.dll
0x00007ffb9fed0000 - 0x00007ffb9ff2e000 	C:\WINDOWS\SYSTEM32\POWRPROF.dll
0x00007ffb99880000 - 0x00007ffb9988b000 	C:\WINDOWS\SYSTEM32\VERSION.dll
0x00007ffb99840000 - 0x00007ffb99876000 	C:\WINDOWS\SYSTEM32\WINMM.dll
0x00007ffb9feb0000 - 0x00007ffb9fec5000 	C:\WINDOWS\SYSTEM32\UMPDC.dll
0x00007ffb9ed60000 - 0x00007ffb9ed7b000 	C:\WINDOWS\SYSTEM32\kernel.appcore.dll
0x00007ffb82eb0000 - 0x00007ffb82eba000 	C:\Users\NAGARAJU\.antigravity-ide\extensions\redhat.java-1.56.0-win32-x64\jre\21.0.12.1-win32-x86_64\bin\jimage.dll
0x00007ffb94900000 - 0x00007ffb94b42000 	C:\WINDOWS\SYSTEM32\DBGHELP.DLL
0x00007ffba2a10000 - 0x00007ffba2d95000 	C:\WINDOWS\System32\combase.dll
0x00007ffba21c0000 - 0x00007ffba2299000 	C:\WINDOWS\System32\OLEAUT32.dll
0x00007ffb81c30000 - 0x00007ffb81c6b000 	C:\WINDOWS\SYSTEM32\dbgcore.DLL
0x00007ffba08d0000 - 0x00007ffba097c000 	C:\WINDOWS\System32\bcryptPrimitives.dll
0x00007ffb65d80000 - 0x00007ffb65d8f000 	C:\Users\NAGARAJU\.antigravity-ide\extensions\redhat.java-1.56.0-win32-x64\jre\21.0.12.1-win32-x86_64\bin\instrument.dll
0x00007ffb5fe50000 - 0x00007ffb5fe70000 	C:\Users\NAGARAJU\.antigravity-ide\extensions\redhat.java-1.56.0-win32-x64\jre\21.0.12.1-win32-x86_64\bin\java.dll
0x00007ffba0f50000 - 0x00007ffba16d8000 	C:\WINDOWS\System32\SHELL32.dll
0x00007ffb9db40000 - 0x00007ffb9e3db000 	C:\WINDOWS\SYSTEM32\windows.storage.dll
0x00007ffba0dd0000 - 0x00007ffba0ec9000 	C:\WINDOWS\System32\SHCORE.dll
0x00007ffba0c90000 - 0x00007ffba0cf6000 	C:\WINDOWS\System32\shlwapi.dll
0x00007ffb9ff90000 - 0x00007ffb9ffb9000 	C:\WINDOWS\SYSTEM32\profapi.dll
0x00007ffb4d020000 - 0x00007ffb4d038000 	C:\Users\NAGARAJU\.antigravity-ide\extensions\redhat.java-1.56.0-win32-x64\jre\21.0.12.1-win32-x86_64\bin\zip.dll
0x00007ffb72940000 - 0x00007ffb72950000 	C:\Users\NAGARAJU\.antigravity-ide\extensions\redhat.java-1.56.0-win32-x64\jre\21.0.12.1-win32-x86_64\bin\net.dll
0x00007ffb95940000 - 0x00007ffb95a68000 	C:\WINDOWS\SYSTEM32\WINHTTP.dll
0x00007ffb9f310000 - 0x00007ffb9f37c000 	C:\WINDOWS\system32\mswsock.dll
0x00007ffb5f9d0000 - 0x00007ffb5f9e6000 	C:\Users\NAGARAJU\.antigravity-ide\extensions\redhat.java-1.56.0-win32-x64\jre\21.0.12.1-win32-x86_64\bin\nio.dll
0x00007ffb62900000 - 0x00007ffb62910000 	C:\Users\NAGARAJU\.antigravity-ide\extensions\redhat.java-1.56.0-win32-x64\jre\21.0.12.1-win32-x86_64\bin\verify.dll
0x00007ffb83540000 - 0x00007ffb83567000 	C:\Users\NAGARAJU\.gradle\native\c067742578af261105cb4f569cf0c3c89f3d7b1fecec35dd04571415982c5e48\windows-amd64\native-platform.dll
0x00007ffb597c0000 - 0x00007ffb59904000 	C:\Users\NAGARAJU\.gradle\native\100fb08df4bc3b14c8652ba06237920a3bd2aa13389f12d3474272988ae205f9\windows-amd64\native-platform-file-events.dll
0x00007ffb95860000 - 0x00007ffb9586a000 	C:\Users\NAGARAJU\.antigravity-ide\extensions\redhat.java-1.56.0-win32-x64\jre\21.0.12.1-win32-x86_64\bin\management.dll
0x00007ffb831e0000 - 0x00007ffb831ec000 	C:\Users\NAGARAJU\.antigravity-ide\extensions\redhat.java-1.56.0-win32-x64\jre\21.0.12.1-win32-x86_64\bin\management_ext.dll
0x00007ffba1cb0000 - 0x00007ffba1cb8000 	C:\WINDOWS\System32\PSAPI.DLL
0x00007ffb9f600000 - 0x00007ffb9f61b000 	C:\WINDOWS\SYSTEM32\CRYPTSP.dll
0x00007ffb9ecc0000 - 0x00007ffb9ecf9000 	C:\WINDOWS\system32\rsaenh.dll
0x00007ffb9f3c0000 - 0x00007ffb9f3f2000 	C:\WINDOWS\SYSTEM32\USERENV.dll
0x00007ffb9ff60000 - 0x00007ffb9ff8a000 	C:\WINDOWS\SYSTEM32\bcrypt.dll
0x00007ffb9f620000 - 0x00007ffb9f62c000 	C:\WINDOWS\SYSTEM32\CRYPTBASE.dll
0x00007ffb9e6b0000 - 0x00007ffb9e6e3000 	C:\WINDOWS\SYSTEM32\IPHLPAPI.DLL
0x00007ffba16e0000 - 0x00007ffba16ea000 	C:\WINDOWS\System32\NSI.dll
0x00007ffb831d0000 - 0x00007ffb831d9000 	C:\Users\NAGARAJU\.antigravity-ide\extensions\redhat.java-1.56.0-win32-x64\jre\21.0.12.1-win32-x86_64\bin\extnet.dll
0x00007ffb831c0000 - 0x00007ffb831ce000 	C:\Users\NAGARAJU\.antigravity-ide\extensions\redhat.java-1.56.0-win32-x64\jre\21.0.12.1-win32-x86_64\bin\sunmscapi.dll
0x00007ffba0710000 - 0x00007ffba088e000 	C:\WINDOWS\System32\CRYPT32.dll
0x00007ffb9f840000 - 0x00007ffb9f870000 	C:\WINDOWS\SYSTEM32\ncrypt.dll
0x00007ffb9f7f0000 - 0x00007ffb9f82f000 	C:\WINDOWS\SYSTEM32\NTASN1.dll
0x00007ffb15860000 - 0x00007ffb15868000 	C:\WINDOWS\system32\wshunix.dll

JVMTI agents:
C:\Users\NAGARAJU\.gradle\wrapper\dists\gradle-8.9-bin\90cnw93cvbtalezasaz0blq0a\gradle-8.9\lib\agents\gradle-instrumentation-agent-8.9.jar path:C:\Users\NAGARAJU\.antigravity-ide\extensions\redhat.java-1.56.0-win32-x64\jre\21.0.12.1-win32-x86_64\bin\instrument.dll, loaded, initialized, instrumentlib options:none

dbghelp: loaded successfully - version: 4.0.5 - missing functions: none
symbol engine: initialized successfully - sym options: 0x614 - pdb path: .;C:\Users\NAGARAJU\.antigravity-ide\extensions\redhat.java-1.56.0-win32-x64\jre\21.0.12.1-win32-x86_64\bin;C:\WINDOWS\SYSTEM32;C:\WINDOWS\WinSxS\amd64_microsoft.windows.common-controls_6595b64144ccf1df_6.0.26100.8972_none_3e0da176e32f9d4b;C:\Users\NAGARAJU\.antigravity-ide\extensions\redhat.java-1.56.0-win32-x64\jre\21.0.12.1-win32-x86_64\bin\server;C:\Users\NAGARAJU\.gradle\native\c067742578af261105cb4f569cf0c3c89f3d7b1fecec35dd04571415982c5e48\windows-amd64;C:\Users\NAGARAJU\.gradle\native\100fb08df4bc3b14c8652ba06237920a3bd2aa13389f12d3474272988ae205f9\windows-amd64

VM Arguments:
jvm_args: --add-opens=java.base/java.util=ALL-UNNAMED --add-opens=java.base/java.lang=ALL-UNNAMED --add-opens=java.base/java.lang.invoke=ALL-UNNAMED --add-opens=java.prefs/java.util.prefs=ALL-UNNAMED --add-exports=jdk.compiler/com.sun.tools.javac.api=ALL-UNNAMED --add-exports=jdk.compiler/com.sun.tools.javac.util=ALL-UNNAMED --add-opens=java.base/java.nio.charset=ALL-UNNAMED --add-opens=java.base/java.net=ALL-UNNAMED --add-opens=java.base/java.util.concurrent.atomic=ALL-UNNAMED -XX:MaxMetaspaceSize=384m -XX:+HeapDumpOnOutOfMemoryError -Xms256m -Xmx512m -Dfile.encoding=utf8 -Duser.country=IN -Duser.language=en -Duser.variant -javaagent:C:\Users\NAGARAJU\.gradle\wrapper\dists\gradle-8.9-bin\90cnw93cvbtalezasaz0blq0a\gradle-8.9\lib\agents\gradle-instrumentation-agent-8.9.jar 
java_command: org.gradle.launcher.daemon.bootstrap.GradleDaemon 8.9
java_class_path (initial): C:\Users\NAGARAJU\.gradle\wrapper\dists\gradle-8.9-bin\90cnw93cvbtalezasaz0blq0a\gradle-8.9\lib\gradle-daemon-main-8.9.jar
Launcher Type: SUN_STANDARD

[Global flags]
     intx CICompilerCount                          = 4                                         {product} {ergonomic}
   size_t CompressedClassSpaceSize                 = 335544320                                 {product} {ergonomic}
     uint ConcGCThreads                            = 2                                         {product} {ergonomic}
     uint G1ConcRefinementThreads                  = 8                                         {product} {ergonomic}
   size_t G1HeapRegionSize                         = 1048576                                   {product} {ergonomic}
    uintx GCDrainStackTargetSize                   = 64                                        {product} {ergonomic}
     bool HeapDumpOnOutOfMemoryError               = true                                   {manageable} {command line}
   size_t InitialHeapSize                          = 268435456                                 {product} {command line}
   size_t MarkStackSize                            = 4194304                                   {product} {ergonomic}
   size_t MaxHeapSize                              = 536870912                                 {product} {command line}
   size_t MaxMetaspaceSize                         = 402653184                                 {product} {command line}
   size_t MaxNewSize                               = 321912832                                 {product} {ergonomic}
   size_t MinHeapDeltaBytes                        = 1048576                                   {product} {ergonomic}
   size_t MinHeapSize                              = 268435456                                 {product} {command line}
    uintx NonNMethodCodeHeapSize                   = 5839372                                {pd product} {ergonomic}
    uintx NonProfiledCodeHeapSize                  = 122909434                              {pd product} {ergonomic}
    uintx ProfiledCodeHeapSize                     = 122909434                              {pd product} {ergonomic}
    uintx ReservedCodeCacheSize                    = 251658240                              {pd product} {ergonomic}
     bool SegmentedCodeCache                       = true                                      {product} {ergonomic}
   size_t SoftMaxHeapSize                          = 536870912                              {manageable} {ergonomic}
     bool UseCompressedOops                        = true                           {product lp64_product} {ergonomic}
     bool UseG1GC                                  = true                                      {product} {ergonomic}
     bool UseLargePagesIndividualAllocation        = false                                  {pd product} {ergonomic}

Logging:
Log output configuration:
 #0: stdout all=warning uptime,level,tags foldmultilines=false
 #1: stderr all=off uptime,level,tags foldmultilines=false

Release file:
JAVA_VERSION="21.0.12.1" 
MODULES="java.base java.compiler java.datatransfer java.xml java.prefs java.desktop java.instrument java.logging java.management java.security.sasl java.naming java.rmi java.management.rmi java.net.http java.scripting java.security.jgss java.transaction.xa java.sql java.sql.rowset java.xml.crypto java.se java.smartcardio jdk.accessibility jdk.internal.jvmstat jdk.attach jdk.charsets jdk.internal.opt jdk.zipfs jdk.compiler jdk.crypto.ec jdk.crypto.cryptoki jdk.crypto.mscapi jdk.dynalink jdk.internal.ed jdk.editpad jdk.hotspot.agent jdk.httpserver jdk.internal.le jdk.internal.vm.ci jdk.internal.vm.compiler jdk.internal.vm.compiler.management jdk.jartool jdk.javadoc jdk.jcmd jdk.management jdk.management.agent jdk.jconsole jdk.jdeps jdk.jdwp.agent jdk.jdi jdk.jfr jdk.jshell jdk.jsobject jdk.jstatd jdk.localedata jdk.management.jfr jdk.naming.dns jdk.naming.rmi jdk.net jdk.nio.mapmode jdk.random jdk.sctp jdk.security.auth jdk.security.jgss jdk.unsupported jdk.unsupported.desktop jdk.xml.dom" 

Environment Variables:
JAVA_HOME=C:\Program Files\Eclipse Adoptium\jdk-21.0.11.10-hotspot
PATH=C:\Program Files\Eclipse Adoptium\jdk-21.0.11.10-hotspot\bin;C:\Program Files\Eclipse Adoptium\jdk-11.0.26.4-hotspot\bin;C:\Program Files\Eclipse Adoptium\jdk-17.0.14.7-hotspot\bin;C:\Program Files\Java\jdk-17\bin;C:\Program Files\nodejs;E:\Android\Sdk\platform-tools;E:\Android\Sdk\emulator;E:\Android\Sdk\cmdline-tools\latest\bin;C:\Users\NAGARAJU\AppData\Local\Android\Sdk\platform-tools;C:\Users\NAGARAJU\AppData\Local\Android\Sdk\emulator;C:\Users\NAGARAJU\AppData\Local\Android\Sdk\cmdline-tools\latest\bin;C:\Program Files\Eclipse Adoptium\jdk-21.0.11.10-hotspot\bin;C:\Program Files\Eclipse Adoptium\jdk-11.0.26.4-hotspot\bin;C:\Program Files\Eclipse Adoptium\jdk-17.0.14.7-hotspot\bin;C:\Program Files\Java\jdk-17\bin;C:\Program Files\nodejs;E:\Android\Sdk\platform-tools;E:\Android\Sdk\emulator;E:\Android\Sdk\cmdline-tools\latest\bin;C:\Users\NAGARAJU\AppData\Local\Android\Sdk\platform-tools;C:\Users\NAGARAJU\AppData\Local\Android\Sdk\emulator;C:\Users\NAGARAJU\AppData\Local\Android\Sdk\cmdline-tools\latest\bin;C:\Program Files\Eclipse Adoptium\jdk-21.0.11.10-hotspot\bin;C:\Program Files\Eclipse Adoptium\jdk-11.0.26.4-hotspot\bin;C:\Program Files\Eclipse Adoptium\jdk-17.0.14.7-hotspot\bin;C:\Program Files\Java\jdk-17\bin;C:\Program Files\nodejs;E:\Android\Sdk\platform-tools;E:\Android\Sdk\emulator;E:\Android\Sdk\cmdline-tools\latest\bin;C:\Users\NAGARAJU\AppData\Local\Android\Sdk\platform-tools;C:\Users\NAGARAJU\AppData\Local\Android\Sdk\emulator;C:\Users\NAGARAJU\AppData\Local\Android\Sdk\cmdline-tools\latest\bin;C:\WINDOWS\System32;C:\ProgramData\chocolatey\bin;C:\Program Files\nodejs\;C:\Program Files\Git\cmd;C:\Windows\System32;C:\Windows\System32\WindowsPowerShell\v1.0;C:\Windows\System32\OpenSSH;C:\Windows\System32\WindowsPowerShell\v1.0\;C:\Users\NAGARAJU\Downloads\stripe_1.30.0_windows_x86_64;C:\WINDOWS\system32;C:\WINDOWS;C:\WINDOWS\System32\Wbem;C:\WINDOWS\System32\WindowsPowerShell\v1.0\;C:\WINDOWS\System32\OpenSSH\;C:\ProgramData\chocolatey\bin;C:\Program Files\nodejs\;C:\Program Files\Git\cmd;C:\Windows\System32;C:\Windows\System32\WindowsPowerShell\v1.0;C:\Windows\System32\OpenSSH;C:\Windows\System32\WindowsPowerShell\v1.0\;C:\Users\NAGARAJU\Downloads\stripe_1.30.0_windows_x86_64;C:\WINDOWS\system32;C:\WINDOWS;C:\WINDOWS\System32\Wbem;C:\WINDOWS\System32\WindowsPowerShell\v1.0\;C:\WINDOWS\System32\OpenSSH\;C:\ProgramData\chocolatey\bin;C:\Program Files\nodejs\;C:\Program Files\Git\cmd;C:\Windows\System32;C:\Windows\System32\WindowsPowerShell\v1.0;C:\Windows\System32\OpenSSH;C:\Windows\System32\WindowsPowerShell\v1.0\;C:\Users\NAGARAJU\Downloads\stripe_1.30.0_windows_x86_64;C:\WINDOWS\system32;C:\WINDOWS;C:\WINDOWS\System32\Wbem;C:\WINDOWS\System32\WindowsPowerShell\v1.0\;C:\WINDOWS\System32\OpenSSH\;C:\Program Files\Eclipse Adoptium\jdk-21.0.11.10-hotspot\bin;C:\Program Files\Eclipse Adoptium\jdk-11.0.26.4-hotspot\bin;C:\Program Files\Eclipse Adoptium\jdk-17.0.14.7-hotspot\bin;C:\Program Files\Java\jdk-17\bin;C:\Program Files\nodejs;E:\Android\Sdk\platform-tools;E:\Android\Sdk\emulator;E:\Android\Sdk\cmdline-tools\latest\bin;C:\Users\NAGARAJU\AppData\Local\Android\Sdk\platform-tools;C:\Users\NAGARAJU\AppData\Local\Android\Sdk\emulator;C:\Users\NAGARAJU\AppData\Local\Android\Sdk\cmdline-tools\latest\bin;C:\Program Files\Eclipse Adoptium\jdk-21.0.11.10-hotspot\bin;C:\Program Files\Eclipse Adoptium\jdk-11.0.26.4-hotspot\bin;C:\Program Files\Eclipse Adoptium\jdk-17.0.14.7-hotspot\bin;C:\Program Files\Java\jdk-17\bin;C:\Program Files\nodejs;E:\Android\Sdk\platform-tools;E:\Android\Sdk\emulator;E:\Android\Sdk\cmdline-tools\latest\bin;C:\Users\NAGARAJU\AppData\Local\Android\Sdk\platform-tools;C:\Users\NAGARAJU\AppData\Local\Android\Sdk\emulator;C:\Users\NAGARAJU\AppData\Local\Android\Sdk\cmdline-tools\latest\bin;C:\Program Files\Eclipse Adoptium\jdk-21.0.11.10-hotspot\bin;C:\Program Files\Eclipse Adoptium\jdk-11.0.26.4-hotspot\bin;C:\Program Files\Eclipse Adoptium\jdk-17.0.14.7-hotspot\bin;C:\Program Files\Java\jdk-17\bin;C:\Program Files\nodejs;E:\Android\Sdk\platform-tools;E:\Android\Sdk\emulator;E:\Android\Sdk\cmdline-tools\latest\bin;C:\Users\NAGARAJU\AppData\Local\Android\Sdk\platform-tools;C:\Users\NAGARAJU\AppData\Local\Android\Sdk\emulator;C:\Users\NAGARAJU\AppData\Local\Android\Sdk\cmdline-tools\latest\bin;C:\WINDOWS\System32;C:\ProgramData\chocolatey\bin;C:\Program Files\nodejs\;C:\Program Files\Git\cmd;C:\Windows\System32;C:\Windows\System32\WindowsPowerShell\v1.0;C:\Windows\System32\OpenSSH;C:\Windows\System32\WindowsPowerShell\v1.0\;C:\Users\NAGARAJU\Downloads\stripe_1.30.0_windows_x86_64;C:\WINDOWS\system32;C:\WINDOWS;C:\WINDOWS\System32\Wbem;C:\WINDOWS\System32\WindowsPowerShell\v1.0\;C:\WINDOWS\System32\OpenSSH\;C:\ProgramData\chocolatey\bin;C:\Program Files\nodejs\;C:\Program Files\Git\cmd;C:\Windows\System32;C:\Windows\System32\WindowsPowerShell\v1.0;C:\Windows\System32\OpenSSH;C:\Windows\System32\WindowsPowerShell\v1.0\;C:\Users\NAGARAJU\Downloads\stripe_1.30.0_windows_x86_64;C:\WINDOWS\system32;C:\WINDOWS;C:\WINDOWS\System32\Wbem;C:\WINDOWS\System32\WindowsPowerShell\v1.0\;C:\WINDOWS\System32\OpenSSH\;C:\ProgramData\chocolatey\bin;C:\Program Files\nodejs\;C:\Program Files\Git\cmd;C:\Windows\System32;C:\Windows\System32\WindowsPowerShell\v1.0;C:\Windows\System32\OpenSSH;C:\Windows\System32\WindowsPowerShell\v1.0\;C:\Users\NAGARAJU\Downloads\stripe_1.30.0_windows_x86_64;C:\WINDOWS\system32;C:\WINDOWS;C:\WINDOWS\System32\Wbem;C:\WINDOWS\System32\WindowsPowerShell\v1.0\;C:\WINDOWS\System32\OpenSSH\;C:\Users\NAGARAJU\AppData\Local\Android\Sdk\platform-tools;C:\Users\NAGARAJU\AppData\Local\Android\Sdk\cmdline-tools\latest\bin;C:\Users\NAGARAJU\AppData\Roaming\npm;C:\Users\NAGARAJU\AppData\Local\Programs\Microsoft VS Code\bin;C:\Users\NAGARAJU\AppData\Local\Programs\Antigravity IDE\bin;C:\Users\NAGARAJU\AppData\Local\Microsoft\WindowsApps;C:\Users\NAGARAJU\AppData\Local\Kingsoft\WPS Office\12.1.0.27458\clitool
USERNAME=NAGARAJU
OS=Windows_NT
PROCESSOR_IDENTIFIER=AMD64 Family 23 Model 104 Stepping 1, AuthenticAMD
TMP=C:\Users\NAGARAJU\AppData\Local\Temp
TEMP=C:\Users\NAGARAJU\AppData\Local\Temp




Periodic native trim disabled

---------------  S Y S T E M  ---------------

OS:
 Windows 11 , 64 bit Build 26100 (10.0.26100.9168)
OS uptime: 0 days 1:33 hours

CPU: total 8 (initial active 8) (8 cores per cpu, 2 threads per core) family 23 model 104 stepping 1 microcode 0x8608109, cx8, cmov, fxsr, ht, mmx, 3dnowpref, sse, sse2, sse3, ssse3, sse4a, sse4.1, sse4.2, popcnt, lzcnt, tsc, tscinvbit, avx, avx2, aes, clmul, bmi1, bmi2, adx, sha, fma, vzeroupper, clflush, clflushopt, rdtscp, rdpid, f16c
Processor Information for the first 8 processors :
  Max Mhz: 2600, Current Mhz: 2600, Mhz Limit: 2600

Memory: 4k page, system-wide physical 7502M (703M free)
TotalPageFile size 40270M (AvailPageFile size 0M)
current process WorkingSet (physical memory assigned to process): 49M, peak: 108M
current process commit charge ("private bytes"): 392M, peak: 416M

vm_info: OpenJDK 64-Bit Server VM (21.0.12.1+1-LTS) for windows-amd64 JRE (21.0.12.1+1-LTS), built on 2026-08-18T00:00:00Z by "admin" with MS VC++ 17.12 (VS2022)

END.
