#
# There is insufficient memory for the Java Runtime Environment to continue.
# Native memory allocation (malloc) failed to allocate 1031376 bytes. Error detail: Chunk::new
# Possible reasons:
#   The system is out of physical RAM or swap space
#   This process is running with CompressedOops enabled, and the Java Heap may be blocking the growth of the native heap
# Possible solutions:
#   Reduce memory load on the system
#   Increase physical memory or swap space
#   Check if swap backing store is full
#   Decrease Java heap size (-Xmx/-Xms)
#   Decrease number of Java threads
#   Decrease Java thread stack sizes (-Xss)
#   Set larger code cache with -XX:ReservedCodeCacheSize=
#   JVM is running with Unscaled Compressed Oops mode in which the Java heap is
#     placed in the first 4GB address space. The Java Heap base address is the
#     maximum limit for the native heap growth. Please use -XX:HeapBaseMinAddress
#     to set the Java Heap base and to place the Java Heap above 4GB virtual address.
# This output file may be truncated or incomplete.
#
#  Out of Memory Error (arena.cpp:168), pid=33636, tid=37880
#
# JRE version: OpenJDK Runtime Environment Temurin-21.0.12.1+1 (21.0.12.1+1) (build 21.0.12.1+1-LTS)
# Java VM: OpenJDK 64-Bit Server VM Temurin-21.0.12.1+1 (21.0.12.1+1-LTS, mixed mode, sharing, tiered, compressed oops, compressed class ptrs, g1 gc, windows-amd64)
# No core dump will be written. Minidumps are not enabled by default on client versions of Windows
#

---------------  S U M M A R Y ------------

Command Line: --add-opens=java.base/java.util=ALL-UNNAMED --add-opens=java.base/java.lang=ALL-UNNAMED --add-opens=java.base/java.lang.invoke=ALL-UNNAMED --add-opens=java.prefs/java.util.prefs=ALL-UNNAMED --add-exports=jdk.compiler/com.sun.tools.javac.api=ALL-UNNAMED --add-exports=jdk.compiler/com.sun.tools.javac.util=ALL-UNNAMED --add-opens=java.base/java.nio.charset=ALL-UNNAMED --add-opens=java.base/java.net=ALL-UNNAMED --add-opens=java.base/java.util.concurrent.atomic=ALL-UNNAMED -XX:MaxMetaspaceSize=384m -XX:+HeapDumpOnOutOfMemoryError -Xms256m -Xmx512m -Dfile.encoding=utf8 -Duser.country=IN -Duser.language=en -Duser.variant -javaagent:C:\Users\NAGARAJU\.gradle\wrapper\dists\gradle-8.9-bin\90cnw93cvbtalezasaz0blq0a\gradle-8.9\lib\agents\gradle-instrumentation-agent-8.9.jar org.gradle.launcher.daemon.bootstrap.GradleDaemon 8.9

Host: AMD Ryzen 3 5300U with Radeon Graphics         , 8 cores, 7G,  Windows 11 , 64 bit Build 26100 (10.0.26100.9168)
Time: Wed Sep  9 15:48:59 2026 India Standard Time elapsed time: 124.525322 seconds (0d 0h 2m 4s)

---------------  T H R E A D  ---------------

Current thread (0x000001bb37997600):  JavaThread "C2 CompilerThread0" daemon [_thread_in_native, id=37880, stack(0x000000b9f1100000,0x000000b9f1200000) (1024K)]


Current CompileTask:
C2:124542 7061       4       java.lang.Class::getMethodsRecursive (99 bytes)

Stack: [0x000000b9f1100000,0x000000b9f1200000]
Native frames: (J=compiled Java code, j=interpreted, Vv=VM code, C=native code)
V  [jvm.dll+0x6d83e9]
V  [jvm.dll+0x8b5736]
V  [jvm.dll+0x8b7cee]
V  [jvm.dll+0x8b83d3]
V  [jvm.dll+0x284596]
V  [jvm.dll+0xc685d]
V  [jvm.dll+0xc6da1]
V  [jvm.dll+0x3bf18b]
V  [jvm.dll+0x38b6d2]
V  [jvm.dll+0x38ab1a]
V  [jvm.dll+0x24c700]
V  [jvm.dll+0x24bce0]
V  [jvm.dll+0x1cb4ae]
V  [jvm.dll+0x25baad]
V  [jvm.dll+0x25a03a]
V  [jvm.dll+0x3f8aae]
V  [jvm.dll+0x8600cd]
V  [jvm.dll+0x6d6c1d]
C  [ucrtbase.dll+0x2cd30]
C  [KERNEL32.DLL+0x2ccb7]
C  [ntdll.dll+0xaad6c]


---------------  P R O C E S S  ---------------

Threads class SMR info:
_java_thread_list=0x000001bb52ef0260, length=60, elements={
0x000001bb1fbe1650, 0x000001bb3797e430, 0x000001bb37980da0, 0x000001bb37983db0,
0x000001bb37986820, 0x000001bb37987280, 0x000001bb3798a4d0, 0x000001bb37997600,
0x000001bb3799f610, 0x000001bb37bbeb10, 0x000001bb37c506c0, 0x000001bb51c6e090,
0x000001bb525a5370, 0x000001bb37a6bf40, 0x000001bb37b2a980, 0x000001bb51a1c760,
0x000001bb52446050, 0x000001bb379d6350, 0x000001bb379d69e0, 0x000001bb379d7070,
0x000001bb379d7700, 0x000001bb379d7d90, 0x000001bb379d8420, 0x000001bb379d8ab0,
0x000001bb379d5630, 0x000001bb534988f0, 0x000001bb53497bd0, 0x000001bb53497540,
0x000001bb53496190, 0x000001bb53495470, 0x000001bb53495b00, 0x000001bb53498f80,
0x000001bb53499610, 0x000001bb53498260, 0x000001bb53499ca0, 0x000001bb5349b050,
0x000001bb5349a9c0, 0x000001bb5349ca90, 0x000001bb5349c400, 0x000001bb5371a4e0,
0x000001bb53717060, 0x000001bb537176f0, 0x000001bb53717d80, 0x000001bb53719130,
0x000001bb53718410, 0x000001bb53718aa0, 0x000001bb537197c0, 0x000001bb53719e50,
0x000001bb545d86f0, 0x000001bb545d8d80, 0x000001bb545d9410, 0x000001bb545d9aa0,
0x000001bb545d8060, 0x000001bb545db4e0, 0x000001bb545da7c0, 0x000001bb545da130,
0x000001bb545dae50, 0x000001bb5507da60, 0x000001bb5507e0f0, 0x000001bb5507e780
}

Java Threads: ( => current thread )
  0x000001bb1fbe1650 JavaThread "main"                              [_thread_blocked, id=30808, stack(0x000000b9f0300000,0x000000b9f0400000) (1024K)]
  0x000001bb3797e430 JavaThread "Reference Handler"          daemon [_thread_blocked, id=36464, stack(0x000000b9f0b00000,0x000000b9f0c00000) (1024K)]
  0x000001bb37980da0 JavaThread "Finalizer"                  daemon [_thread_blocked, id=34872, stack(0x000000b9f0c00000,0x000000b9f0d00000) (1024K)]
  0x000001bb37983db0 JavaThread "Signal Dispatcher"          daemon [_thread_blocked, id=28240, stack(0x000000b9f0d00000,0x000000b9f0e00000) (1024K)]
  0x000001bb37986820 JavaThread "Attach Listener"            daemon [_thread_blocked, id=35816, stack(0x000000b9f0e00000,0x000000b9f0f00000) (1024K)]
  0x000001bb37987280 JavaThread "Service Thread"             daemon [_thread_blocked, id=32520, stack(0x000000b9f0f00000,0x000000b9f1000000) (1024K)]
  0x000001bb3798a4d0 JavaThread "Monitor Deflation Thread"   daemon [_thread_blocked, id=33264, stack(0x000000b9f1000000,0x000000b9f1100000) (1024K)]
=>0x000001bb37997600 JavaThread "C2 CompilerThread0"         daemon [_thread_in_native, id=37880, stack(0x000000b9f1100000,0x000000b9f1200000) (1024K)]
  0x000001bb3799f610 JavaThread "C1 CompilerThread0"         daemon [_thread_blocked, id=29000, stack(0x000000b9f1200000,0x000000b9f1300000) (1024K)]
  0x000001bb37bbeb10 JavaThread "Common-Cleaner"             daemon [_thread_blocked, id=24044, stack(0x000000b9f1300000,0x000000b9f1400000) (1024K)]
  0x000001bb37c506c0 JavaThread "Notification Thread"        daemon [_thread_blocked, id=34336, stack(0x000000b9f1400000,0x000000b9f1500000) (1024K)]
  0x000001bb51c6e090 JavaThread "Daemon health stats"               [_thread_blocked, id=31280, stack(0x000000b9f1a00000,0x000000b9f1b00000) (1024K)]
  0x000001bb525a5370 JavaThread "Incoming local TCP Connector on port 62521"        [_thread_in_native, id=9672, stack(0x000000b9f1b00000,0x000000b9f1c00000) (1024K)]
  0x000001bb37a6bf40 JavaThread "Daemon periodic checks"            [_thread_blocked, id=36560, stack(0x000000b9f1c00000,0x000000b9f1d00000) (1024K)]
  0x000001bb37b2a980 JavaThread "Daemon"                            [_thread_blocked, id=34640, stack(0x000000b9f1d00000,0x000000b9f1e00000) (1024K)]
  0x000001bb51a1c760 JavaThread "Handler for socket connection from /127.0.0.1:62521 to /127.0.0.1:62522"        [_thread_in_native, id=35264, stack(0x000000b9f1e00000,0x000000b9f1f00000) (1024K)]
  0x000001bb52446050 JavaThread "Cancel handler"                    [_thread_blocked, id=33620, stack(0x000000b9f1f00000,0x000000b9f2000000) (1024K)]
  0x000001bb379d6350 JavaThread "Daemon worker"                     [_thread_in_Java, id=33796, stack(0x000000b9f2000000,0x000000b9f2100000) (1024K)]
  0x000001bb379d69e0 JavaThread "Asynchronous log dispatcher for DefaultDaemonConnection: socket connection from /127.0.0.1:62521 to /127.0.0.1:62522"        [_thread_blocked, id=33520, stack(0x000000b9f2300000,0x000000b9f2400000) (1024K)]
  0x000001bb379d7070 JavaThread "Stdin handler"                     [_thread_blocked, id=21832, stack(0x000000b9f2400000,0x000000b9f2500000) (1024K)]
  0x000001bb379d7700 JavaThread "Daemon client event forwarder"        [_thread_blocked, id=34224, stack(0x000000b9f2500000,0x000000b9f2600000) (1024K)]
  0x000001bb379d7d90 JavaThread "Cache worker for journal cache (C:\Users\NAGARAJU\.gradle\caches\journal-1)"        [_thread_blocked, id=33312, stack(0x000000b9f2600000,0x000000b9f2700000) (1024K)]
  0x000001bb379d8420 JavaThread "File lock request listener"        [_thread_in_native, id=24848, stack(0x000000b9f2700000,0x000000b9f2800000) (1024K)]
  0x000001bb379d8ab0 JavaThread "File lock release action executor"        [_thread_blocked, id=35208, stack(0x000000b9f2800000,0x000000b9f2900000) (1024K)]
  0x000001bb379d5630 JavaThread "Cache worker for file hash cache (C:\Users\NAGARAJU\.gradle\caches\8.9\fileHashes)"        [_thread_blocked, id=37724, stack(0x000000b9f2900000,0x000000b9f2a00000) (1024K)]
  0x000001bb534988f0 JavaThread "Cache worker for file hash cache (C:\zynnative\DocApp-CLI\node_modules\@react-native-async-storage\async-storage\android\.gradle\8.9\fileHashes)"        [_thread_blocked, id=24608, stack(0x000000b9f2a00000,0x000000b9f2b00000) (1024K)]
  0x000001bb53497bd0 JavaThread "Cache worker for Build Output Cleanup Cache (C:\zynnative\DocApp-CLI\node_modules\@react-native-async-storage\async-storage\android\.gradle\buildOutputCleanup)"        [_thread_blocked, id=28808, stack(0x000000b9f2b00000,0x000000b9f2c00000) (1024K)]
  0x000001bb53497540 JavaThread "File watcher server"        daemon [_thread_in_native, id=37712, stack(0x000000b9f2c00000,0x000000b9f2d00000) (1024K)]
  0x000001bb53496190 JavaThread "File watcher consumer"      daemon [_thread_blocked, id=34096, stack(0x000000b9f2d00000,0x000000b9f2e00000) (1024K)]
  0x000001bb53495470 JavaThread "Cache worker for checksums cache (C:\zynnative\DocApp-CLI\node_modules\@react-native-async-storage\async-storage\android\.gradle\8.9\checksums)"        [_thread_blocked, id=34440, stack(0x000000b9f2e00000,0x000000b9f2f00000) (1024K)]
  0x000001bb53495b00 JavaThread "Cache worker for file content cache (C:\Users\NAGARAJU\.gradle\caches\8.9\fileContent)"        [_thread_blocked, id=18504, stack(0x000000b9f2f00000,0x000000b9f3000000) (1024K)]
  0x000001bb53498f80 JavaThread "Cache worker for cache directory md-rule (C:\Users\NAGARAJU\.gradle\caches\8.9\md-rule)"        [_thread_blocked, id=36772, stack(0x000000b9f3000000,0x000000b9f3100000) (1024K)]
  0x000001bb53499610 JavaThread "Cache worker for cache directory md-supplier (C:\Users\NAGARAJU\.gradle\caches\8.9\md-supplier)"        [_thread_blocked, id=35472, stack(0x000000b9f3100000,0x000000b9f3200000) (1024K)]
  0x000001bb53498260 JavaThread "jar transforms"                    [_thread_blocked, id=17040, stack(0x000000b9f0100000,0x000000b9f0200000) (1024K)]
  0x000001bb53499ca0 JavaThread "jar transforms Thread 2"           [_thread_blocked, id=34396, stack(0x000000b9f0200000,0x000000b9f0300000) (1024K)]
  0x000001bb5349b050 JavaThread "jar transforms Thread 3"           [_thread_blocked, id=37176, stack(0x000000b9f3200000,0x000000b9f3300000) (1024K)]
  0x000001bb5349a9c0 JavaThread "jar transforms Thread 4"           [_thread_blocked, id=6604, stack(0x000000b9f3300000,0x000000b9f3400000) (1024K)]
  0x000001bb5349ca90 JavaThread "jar transforms Thread 5"           [_thread_blocked, id=34596, stack(0x000000b9f3400000,0x000000b9f3500000) (1024K)]
  0x000001bb5349c400 JavaThread "Unconstrained build operations"        [_thread_blocked, id=37736, stack(0x000000b9f3500000,0x000000b9f3600000) (1024K)]
  0x000001bb5371a4e0 JavaThread "Unconstrained build operations Thread 2"        [_thread_blocked, id=30580, stack(0x000000b9f3600000,0x000000b9f3700000) (1024K)]
  0x000001bb53717060 JavaThread "Unconstrained build operations Thread 3"        [_thread_blocked, id=34732, stack(0x000000b9f3700000,0x000000b9f3800000) (1024K)]
  0x000001bb537176f0 JavaThread "Unconstrained build operations Thread 4"        [_thread_blocked, id=27204, stack(0x000000b9f3800000,0x000000b9f3900000) (1024K)]
  0x000001bb53717d80 JavaThread "Unconstrained build operations Thread 5"        [_thread_blocked, id=32196, stack(0x000000b9f3900000,0x000000b9f3a00000) (1024K)]
  0x000001bb53719130 JavaThread "Unconstrained build operations Thread 6"        [_thread_blocked, id=37760, stack(0x000000b9f3a00000,0x000000b9f3b00000) (1024K)]
  0x000001bb53718410 JavaThread "Unconstrained build operations Thread 7"        [_thread_blocked, id=35292, stack(0x000000b9f3b00000,0x000000b9f3c00000) (1024K)]
  0x000001bb53718aa0 JavaThread "Unconstrained build operations Thread 8"        [_thread_blocked, id=36044, stack(0x000000b9f3c00000,0x000000b9f3d00000) (1024K)]
  0x000001bb537197c0 JavaThread "Unconstrained build operations Thread 9"        [_thread_blocked, id=30520, stack(0x000000b9f3d00000,0x000000b9f3e00000) (1024K)]
  0x000001bb53719e50 JavaThread "Unconstrained build operations Thread 10"        [_thread_blocked, id=33768, stack(0x000000b9f3e00000,0x000000b9f3f00000) (1024K)]
  0x000001bb545d86f0 JavaThread "Unconstrained build operations Thread 11"        [_thread_blocked, id=36808, stack(0x000000b9f3f00000,0x000000b9f4000000) (1024K)]
  0x000001bb545d8d80 JavaThread "Unconstrained build operations Thread 12"        [_thread_blocked, id=33652, stack(0x000000b9f4000000,0x000000b9f4100000) (1024K)]
  0x000001bb545d9410 JavaThread "Unconstrained build operations Thread 13"        [_thread_blocked, id=25208, stack(0x000000b9f4100000,0x000000b9f4200000) (1024K)]
  0x000001bb545d9aa0 JavaThread "Unconstrained build operations Thread 14"        [_thread_blocked, id=36992, stack(0x000000b9f4200000,0x000000b9f4300000) (1024K)]
  0x000001bb545d8060 JavaThread "Unconstrained build operations Thread 15"        [_thread_blocked, id=33772, stack(0x000000b9f4300000,0x000000b9f4400000) (1024K)]
  0x000001bb545db4e0 JavaThread "Unconstrained build operations Thread 16"        [_thread_blocked, id=30136, stack(0x000000b9f4400000,0x000000b9f4500000) (1024K)]
  0x000001bb545da7c0 JavaThread "Unconstrained build operations Thread 17"        [_thread_blocked, id=34796, stack(0x000000b9f4500000,0x000000b9f4600000) (1024K)]
  0x000001bb545da130 JavaThread "Unconstrained build operations Thread 18"        [_thread_blocked, id=37232, stack(0x000000b9f4600000,0x000000b9f4700000) (1024K)]
  0x000001bb545dae50 JavaThread "Unconstrained build operations Thread 19"        [_thread_blocked, id=37136, stack(0x000000b9f4700000,0x000000b9f4800000) (1024K)]
  0x000001bb5507da60 JavaThread "Unconstrained build operations Thread 20"        [_thread_blocked, id=28524, stack(0x000000b9f4800000,0x000000b9f4900000) (1024K)]
  0x000001bb5507e0f0 JavaThread "Unconstrained build operations Thread 21"        [_thread_blocked, id=31400, stack(0x000000b9f4900000,0x000000b9f4a00000) (1024K)]
  0x000001bb5507e780 JavaThread "jar transforms Thread 6"           [_thread_blocked, id=21524, stack(0x000000b9f4a00000,0x000000b9f4b00000) (1024K)]
Total: 60

Other Threads:
  0x000001bb3795fb60 VMThread "VM Thread"                           [id=35500, stack(0x000000b9f0a00000,0x000000b9f0b00000) (1024K)]
  0x000001bb37952560 WatcherThread "VM Periodic Task Thread"        [id=31376, stack(0x000000b9f0900000,0x000000b9f0a00000) (1024K)]
  0x000001bb21fe92b0 WorkerThread "GC Thread#0"                     [id=35856, stack(0x000000b9f0400000,0x000000b9f0500000) (1024K)]
  0x000001bb513153d0 WorkerThread "GC Thread#1"                     [id=30400, stack(0x000000b9f1500000,0x000000b9f1600000) (1024K)]
  0x000001bb5120aac0 WorkerThread "GC Thread#2"                     [id=34888, stack(0x000000b9f1600000,0x000000b9f1700000) (1024K)]
  0x000001bb5120ae70 WorkerThread "GC Thread#3"                     [id=22448, stack(0x000000b9f1700000,0x000000b9f1800000) (1024K)]
  0x000001bb511f7fd0 WorkerThread "GC Thread#4"                     [id=32860, stack(0x000000b9f1800000,0x000000b9f1900000) (1024K)]
  0x000001bb511f8380 WorkerThread "GC Thread#5"                     [id=11148, stack(0x000000b9f1900000,0x000000b9f1a00000) (1024K)]
  0x000001bb52bb5b40 WorkerThread "GC Thread#6"                     [id=35032, stack(0x000000b9f2100000,0x000000b9f2200000) (1024K)]
  0x000001bb52bb62a0 WorkerThread "GC Thread#7"                     [id=30760, stack(0x000000b9f2200000,0x000000b9f2300000) (1024K)]
  0x000001bb21fee0b0 ConcurrentGCThread "G1 Main Marker"            [id=37660, stack(0x000000b9f0500000,0x000000b9f0600000) (1024K)]
  0x000001bb21fee9d0 WorkerThread "G1 Conc#0"                       [id=36056, stack(0x000000b9f0600000,0x000000b9f0700000) (1024K)]
  0x000001bb52638270 WorkerThread "G1 Conc#1"                       [id=34256, stack(0x000000b9f0000000,0x000000b9f0100000) (1024K)]
  0x000001bb37820250 ConcurrentGCThread "G1 Refine#0"               [id=36656, stack(0x000000b9f0700000,0x000000b9f0800000) (1024K)]
  0x000001bb37822200 ConcurrentGCThread "G1 Service"                [id=36700, stack(0x000000b9f0800000,0x000000b9f0900000) (1024K)]
Total: 15

Threads with active compile tasks:
C2 CompilerThread0  124842 7061       4       java.lang.Class::getMethodsRecursive (99 bytes)
Total: 1

VM state: not at safepoint (normal execution)

VM Mutex/Monitor currently owned by a thread: None

Heap address: 0x00000000e0000000, size: 512 MB, Compressed Oops mode: 32-bit

CDS archive(s) mapped at: [0x000001bb38000000-0x000001bb38ba0000-0x000001bb38ba0000), size 12189696, SharedBaseAddress: 0x000001bb38000000, ArchiveRelocationMode: 1.
Compressed class space mapped at: 0x000001bb39000000-0x000001bb4d000000, reserved size: 335544320
Narrow klass base: 0x000001bb38000000, Narrow klass shift: 0, Narrow klass range: 0x100000000

GC Precious Log:
 CardTable entry size: 512
 Card Set container configuration: InlinePtr #cards 5 size 8 Array Of Cards #cards 12 size 40 Howl #buckets 4 coarsen threshold 1843 Howl Bitmap #cards 512 size 80 coarsen threshold 460 Card regions per heap region 1 cards per card region 2048
 CPUs: 8 total, 8 available
 Memory: 7502M
 Large Page Support: Disabled
 NUMA Support: Disabled
 Compressed Oops: Enabled (32-bit)
 Heap Region Size: 1M
 Heap Min Capacity: 256M
 Heap Initial Capacity: 256M
 Heap Max Capacity: 512M
 Pre-touch: Disabled
 Parallel Workers: 8
 Concurrent Workers: 2
 Concurrent Refinement Workers: 8
 Periodic GC: Disabled

Heap:
 garbage-first heap   total 262144K, used 91086K [0x00000000e0000000, 0x0000000100000000)
  region size 1024K, 64 young (65536K), 19 survivors (19456K)
 Metaspace       used 49224K, committed 51008K, reserved 393216K
  class space    used 7111K, committed 8000K, reserved 327680K

Heap Regions: E=young(eden), S=young(survivor), O=old, HS=humongous(starts), HC=humongous(continues), CS=collection set, F=free, TAMS=top-at-mark-start, PB=parsable bottom
|   0|0x00000000e0000000, 0x00000000e0100000, 0x00000000e0100000|100%|HS|  |TAMS 0x00000000e0000000| PB 0x00000000e0000000| Complete 
|   1|0x00000000e0100000, 0x00000000e0200000, 0x00000000e0200000|100%|HC|  |TAMS 0x00000000e0100000| PB 0x00000000e0100000| Complete 
|   2|0x00000000e0200000, 0x00000000e0300000, 0x00000000e0300000|100%|HC|  |TAMS 0x00000000e0200000| PB 0x00000000e0200000| Complete 
|   3|0x00000000e0300000, 0x00000000e0400000, 0x00000000e0400000|100%|HC|  |TAMS 0x00000000e0300000| PB 0x00000000e0300000| Complete 
|   4|0x00000000e0400000, 0x00000000e0500000, 0x00000000e0500000|100%| O|  |TAMS 0x00000000e0400000| PB 0x00000000e0400000| Untracked 
|   5|0x00000000e0500000, 0x00000000e0600000, 0x00000000e0600000|100%| O|  |TAMS 0x00000000e0500000| PB 0x00000000e0500000| Untracked 
|   6|0x00000000e0600000, 0x00000000e0700000, 0x00000000e0700000|100%| O|  |TAMS 0x00000000e0600000| PB 0x00000000e0600000| Untracked 
|   7|0x00000000e0700000, 0x00000000e0700000, 0x00000000e0800000|  0%| F|  |TAMS 0x00000000e0700000| PB 0x00000000e0700000| Untracked 
|   8|0x00000000e0800000, 0x00000000e0900000, 0x00000000e0900000|100%| O|  |TAMS 0x00000000e0800000| PB 0x00000000e0800000| Untracked 
|   9|0x00000000e0900000, 0x00000000e0a00000, 0x00000000e0a00000|100%| O|  |TAMS 0x00000000e0900000| PB 0x00000000e0900000| Untracked 
|  10|0x00000000e0a00000, 0x00000000e0b00000, 0x00000000e0b00000|100%| O|  |TAMS 0x00000000e0a00000| PB 0x00000000e0a00000| Untracked 
|  11|0x00000000e0b00000, 0x00000000e0c00000, 0x00000000e0c00000|100%|HS|  |TAMS 0x00000000e0b00000| PB 0x00000000e0b00000| Complete 
|  12|0x00000000e0c00000, 0x00000000e0d00000, 0x00000000e0d00000|100%| O|  |TAMS 0x00000000e0c00000| PB 0x00000000e0c00000| Untracked 
|  13|0x00000000e0d00000, 0x00000000e0e00000, 0x00000000e0e00000|100%| O|  |TAMS 0x00000000e0d00000| PB 0x00000000e0d00000| Untracked 
|  14|0x00000000e0e00000, 0x00000000e0f00000, 0x00000000e0f00000|100%| O|  |TAMS 0x00000000e0e00000| PB 0x00000000e0e00000| Untracked 
|  15|0x00000000e0f00000, 0x00000000e1000000, 0x00000000e1000000|100%| O|  |TAMS 0x00000000e0f00000| PB 0x00000000e0f00000| Untracked 
|  16|0x00000000e1000000, 0x00000000e1100000, 0x00000000e1100000|100%| O|  |TAMS 0x00000000e1000000| PB 0x00000000e1000000| Untracked 
|  17|0x00000000e1100000, 0x00000000e1200000, 0x00000000e1200000|100%| O|  |TAMS 0x00000000e1100000| PB 0x00000000e1100000| Untracked 
|  18|0x00000000e1200000, 0x00000000e1300000, 0x00000000e1300000|100%| O|  |TAMS 0x00000000e1200000| PB 0x00000000e1200000| Untracked 
|  19|0x00000000e1300000, 0x00000000e1400000, 0x00000000e1400000|100%| O|Cm|TAMS 0x00000000e1300000| PB 0x00000000e1300000| Complete 
|  20|0x00000000e1400000, 0x00000000e1500000, 0x00000000e1500000|100%| O|  |TAMS 0x00000000e1400000| PB 0x00000000e1400000| Untracked 
|  21|0x00000000e1500000, 0x00000000e1600000, 0x00000000e1600000|100%| O|  |TAMS 0x00000000e1500000| PB 0x00000000e1500000| Untracked 
|  22|0x00000000e1600000, 0x00000000e1700000, 0x00000000e1700000|100%| O|  |TAMS 0x00000000e1600000| PB 0x00000000e1600000| Untracked 
|  23|0x00000000e1700000, 0x00000000e1800000, 0x00000000e1800000|100%| O|  |TAMS 0x00000000e1700000| PB 0x00000000e1700000| Untracked 
|  24|0x00000000e1800000, 0x00000000e1900000, 0x00000000e1900000|100%| O|  |TAMS 0x00000000e1800000| PB 0x00000000e1800000| Untracked 
|  25|0x00000000e1900000, 0x00000000e1953e98, 0x00000000e1a00000| 32%| O|  |TAMS 0x00000000e1900000| PB 0x00000000e1900000| Untracked 
|  26|0x00000000e1a00000, 0x00000000e1b00000, 0x00000000e1b00000|100%|HS|  |TAMS 0x00000000e1a00000| PB 0x00000000e1a00000| Complete 
|  27|0x00000000e1b00000, 0x00000000e1c00000, 0x00000000e1c00000|100%|HC|  |TAMS 0x00000000e1b00000| PB 0x00000000e1b00000| Complete 
|  28|0x00000000e1c00000, 0x00000000e1c00000, 0x00000000e1d00000|  0%| F|  |TAMS 0x00000000e1c00000| PB 0x00000000e1c00000| Untracked 
|  29|0x00000000e1d00000, 0x00000000e1d00000, 0x00000000e1e00000|  0%| F|  |TAMS 0x00000000e1d00000| PB 0x00000000e1d00000| Untracked 
|  30|0x00000000e1e00000, 0x00000000e1e00000, 0x00000000e1f00000|  0%| F|  |TAMS 0x00000000e1e00000| PB 0x00000000e1e00000| Untracked 
|  31|0x00000000e1f00000, 0x00000000e1f00000, 0x00000000e2000000|  0%| F|  |TAMS 0x00000000e1f00000| PB 0x00000000e1f00000| Untracked 
|  32|0x00000000e2000000, 0x00000000e2000000, 0x00000000e2100000|  0%| F|  |TAMS 0x00000000e2000000| PB 0x00000000e2000000| Untracked 
|  33|0x00000000e2100000, 0x00000000e2100000, 0x00000000e2200000|  0%| F|  |TAMS 0x00000000e2100000| PB 0x00000000e2100000| Untracked 
|  34|0x00000000e2200000, 0x00000000e2200000, 0x00000000e2300000|  0%| F|  |TAMS 0x00000000e2200000| PB 0x00000000e2200000| Untracked 
|  35|0x00000000e2300000, 0x00000000e2300000, 0x00000000e2400000|  0%| F|  |TAMS 0x00000000e2300000| PB 0x00000000e2300000| Untracked 
|  36|0x00000000e2400000, 0x00000000e2400000, 0x00000000e2500000|  0%| F|  |TAMS 0x00000000e2400000| PB 0x00000000e2400000| Untracked 
|  37|0x00000000e2500000, 0x00000000e2500000, 0x00000000e2600000|  0%| F|  |TAMS 0x00000000e2500000| PB 0x00000000e2500000| Untracked 
|  38|0x00000000e2600000, 0x00000000e2600000, 0x00000000e2700000|  0%| F|  |TAMS 0x00000000e2600000| PB 0x00000000e2600000| Untracked 
|  39|0x00000000e2700000, 0x00000000e2700000, 0x00000000e2800000|  0%| F|  |TAMS 0x00000000e2700000| PB 0x00000000e2700000| Untracked 
|  40|0x00000000e2800000, 0x00000000e2800000, 0x00000000e2900000|  0%| F|  |TAMS 0x00000000e2800000| PB 0x00000000e2800000| Untracked 
|  41|0x00000000e2900000, 0x00000000e2900000, 0x00000000e2a00000|  0%| F|  |TAMS 0x00000000e2900000| PB 0x00000000e2900000| Untracked 
|  42|0x00000000e2a00000, 0x00000000e2a00000, 0x00000000e2b00000|  0%| F|  |TAMS 0x00000000e2a00000| PB 0x00000000e2a00000| Untracked 
|  43|0x00000000e2b00000, 0x00000000e2b00000, 0x00000000e2c00000|  0%| F|  |TAMS 0x00000000e2b00000| PB 0x00000000e2b00000| Untracked 
|  44|0x00000000e2c00000, 0x00000000e2c00000, 0x00000000e2d00000|  0%| F|  |TAMS 0x00000000e2c00000| PB 0x00000000e2c00000| Untracked 
|  45|0x00000000e2d00000, 0x00000000e2d00000, 0x00000000e2e00000|  0%| F|  |TAMS 0x00000000e2d00000| PB 0x00000000e2d00000| Untracked 
|  46|0x00000000e2e00000, 0x00000000e2e00000, 0x00000000e2f00000|  0%| F|  |TAMS 0x00000000e2e00000| PB 0x00000000e2e00000| Untracked 
|  47|0x00000000e2f00000, 0x00000000e2f00000, 0x00000000e3000000|  0%| F|  |TAMS 0x00000000e2f00000| PB 0x00000000e2f00000| Untracked 
|  48|0x00000000e3000000, 0x00000000e3000000, 0x00000000e3100000|  0%| F|  |TAMS 0x00000000e3000000| PB 0x00000000e3000000| Untracked 
|  49|0x00000000e3100000, 0x00000000e3100000, 0x00000000e3200000|  0%| F|  |TAMS 0x00000000e3100000| PB 0x00000000e3100000| Untracked 
|  50|0x00000000e3200000, 0x00000000e3200000, 0x00000000e3300000|  0%| F|  |TAMS 0x00000000e3200000| PB 0x00000000e3200000| Untracked 
|  51|0x00000000e3300000, 0x00000000e3300000, 0x00000000e3400000|  0%| F|  |TAMS 0x00000000e3300000| PB 0x00000000e3300000| Untracked 
|  52|0x00000000e3400000, 0x00000000e3400000, 0x00000000e3500000|  0%| F|  |TAMS 0x00000000e3400000| PB 0x00000000e3400000| Untracked 
|  53|0x00000000e3500000, 0x00000000e3500000, 0x00000000e3600000|  0%| F|  |TAMS 0x00000000e3500000| PB 0x00000000e3500000| Untracked 
|  54|0x00000000e3600000, 0x00000000e3600000, 0x00000000e3700000|  0%| F|  |TAMS 0x00000000e3600000| PB 0x00000000e3600000| Untracked 
|  55|0x00000000e3700000, 0x00000000e3700000, 0x00000000e3800000|  0%| F|  |TAMS 0x00000000e3700000| PB 0x00000000e3700000| Untracked 
|  56|0x00000000e3800000, 0x00000000e3800000, 0x00000000e3900000|  0%| F|  |TAMS 0x00000000e3800000| PB 0x00000000e3800000| Untracked 
|  57|0x00000000e3900000, 0x00000000e3900000, 0x00000000e3a00000|  0%| F|  |TAMS 0x00000000e3900000| PB 0x00000000e3900000| Untracked 
|  58|0x00000000e3a00000, 0x00000000e3a00000, 0x00000000e3b00000|  0%| F|  |TAMS 0x00000000e3a00000| PB 0x00000000e3a00000| Untracked 
|  59|0x00000000e3b00000, 0x00000000e3b00000, 0x00000000e3c00000|  0%| F|  |TAMS 0x00000000e3b00000| PB 0x00000000e3b00000| Untracked 
|  60|0x00000000e3c00000, 0x00000000e3c00000, 0x00000000e3d00000|  0%| F|  |TAMS 0x00000000e3c00000| PB 0x00000000e3c00000| Untracked 
|  61|0x00000000e3d00000, 0x00000000e3d00000, 0x00000000e3e00000|  0%| F|  |TAMS 0x00000000e3d00000| PB 0x00000000e3d00000| Untracked 
|  62|0x00000000e3e00000, 0x00000000e3e00000, 0x00000000e3f00000|  0%| F|  |TAMS 0x00000000e3e00000| PB 0x00000000e3e00000| Untracked 
|  63|0x00000000e3f00000, 0x00000000e3f00000, 0x00000000e4000000|  0%| F|  |TAMS 0x00000000e3f00000| PB 0x00000000e3f00000| Untracked 
|  64|0x00000000e4000000, 0x00000000e4000000, 0x00000000e4100000|  0%| F|  |TAMS 0x00000000e4000000| PB 0x00000000e4000000| Untracked 
|  65|0x00000000e4100000, 0x00000000e4100000, 0x00000000e4200000|  0%| F|  |TAMS 0x00000000e4100000| PB 0x00000000e4100000| Untracked 
|  66|0x00000000e4200000, 0x00000000e4200000, 0x00000000e4300000|  0%| F|  |TAMS 0x00000000e4200000| PB 0x00000000e4200000| Untracked 
|  67|0x00000000e4300000, 0x00000000e4300000, 0x00000000e4400000|  0%| F|  |TAMS 0x00000000e4300000| PB 0x00000000e4300000| Untracked 
|  68|0x00000000e4400000, 0x00000000e4400000, 0x00000000e4500000|  0%| F|  |TAMS 0x00000000e4400000| PB 0x00000000e4400000| Untracked 
|  69|0x00000000e4500000, 0x00000000e4500000, 0x00000000e4600000|  0%| F|  |TAMS 0x00000000e4500000| PB 0x00000000e4500000| Untracked 
|  70|0x00000000e4600000, 0x00000000e4600000, 0x00000000e4700000|  0%| F|  |TAMS 0x00000000e4600000| PB 0x00000000e4600000| Untracked 
|  71|0x00000000e4700000, 0x00000000e4700000, 0x00000000e4800000|  0%| F|  |TAMS 0x00000000e4700000| PB 0x00000000e4700000| Untracked 
|  72|0x00000000e4800000, 0x00000000e4800000, 0x00000000e4900000|  0%| F|  |TAMS 0x00000000e4800000| PB 0x00000000e4800000| Untracked 
|  73|0x00000000e4900000, 0x00000000e4900000, 0x00000000e4a00000|  0%| F|  |TAMS 0x00000000e4900000| PB 0x00000000e4900000| Untracked 
|  74|0x00000000e4a00000, 0x00000000e4a00000, 0x00000000e4b00000|  0%| F|  |TAMS 0x00000000e4a00000| PB 0x00000000e4a00000| Untracked 
|  75|0x00000000e4b00000, 0x00000000e4b00000, 0x00000000e4c00000|  0%| F|  |TAMS 0x00000000e4b00000| PB 0x00000000e4b00000| Untracked 
|  76|0x00000000e4c00000, 0x00000000e4c00000, 0x00000000e4d00000|  0%| F|  |TAMS 0x00000000e4c00000| PB 0x00000000e4c00000| Untracked 
|  77|0x00000000e4d00000, 0x00000000e4d00000, 0x00000000e4e00000|  0%| F|  |TAMS 0x00000000e4d00000| PB 0x00000000e4d00000| Untracked 
|  78|0x00000000e4e00000, 0x00000000e4e00000, 0x00000000e4f00000|  0%| F|  |TAMS 0x00000000e4e00000| PB 0x00000000e4e00000| Untracked 
|  79|0x00000000e4f00000, 0x00000000e4f00000, 0x00000000e5000000|  0%| F|  |TAMS 0x00000000e4f00000| PB 0x00000000e4f00000| Untracked 
|  80|0x00000000e5000000, 0x00000000e5000000, 0x00000000e5100000|  0%| F|  |TAMS 0x00000000e5000000| PB 0x00000000e5000000| Untracked 
|  81|0x00000000e5100000, 0x00000000e5100000, 0x00000000e5200000|  0%| F|  |TAMS 0x00000000e5100000| PB 0x00000000e5100000| Untracked 
|  82|0x00000000e5200000, 0x00000000e5200000, 0x00000000e5300000|  0%| F|  |TAMS 0x00000000e5200000| PB 0x00000000e5200000| Untracked 
|  83|0x00000000e5300000, 0x00000000e5300000, 0x00000000e5400000|  0%| F|  |TAMS 0x00000000e5300000| PB 0x00000000e5300000| Untracked 
|  84|0x00000000e5400000, 0x00000000e549f978, 0x00000000e5500000| 62%| S|CS|TAMS 0x00000000e5400000| PB 0x00000000e5400000| Complete 
|  85|0x00000000e5500000, 0x00000000e5600000, 0x00000000e5600000|100%| S|CS|TAMS 0x00000000e5500000| PB 0x00000000e5500000| Complete 
|  86|0x00000000e5600000, 0x00000000e5700000, 0x00000000e5700000|100%| S|CS|TAMS 0x00000000e5600000| PB 0x00000000e5600000| Complete 
|  87|0x00000000e5700000, 0x00000000e5800000, 0x00000000e5800000|100%| S|CS|TAMS 0x00000000e5700000| PB 0x00000000e5700000| Complete 
|  88|0x00000000e5800000, 0x00000000e5900000, 0x00000000e5900000|100%| S|CS|TAMS 0x00000000e5800000| PB 0x00000000e5800000| Complete 
|  89|0x00000000e5900000, 0x00000000e5a00000, 0x00000000e5a00000|100%| S|CS|TAMS 0x00000000e5900000| PB 0x00000000e5900000| Complete 
|  90|0x00000000e5a00000, 0x00000000e5b00000, 0x00000000e5b00000|100%| S|CS|TAMS 0x00000000e5a00000| PB 0x00000000e5a00000| Complete 
|  91|0x00000000e5b00000, 0x00000000e5c00000, 0x00000000e5c00000|100%| S|CS|TAMS 0x00000000e5b00000| PB 0x00000000e5b00000| Complete 
|  92|0x00000000e5c00000, 0x00000000e5d00000, 0x00000000e5d00000|100%| S|CS|TAMS 0x00000000e5c00000| PB 0x00000000e5c00000| Complete 
|  93|0x00000000e5d00000, 0x00000000e5e00000, 0x00000000e5e00000|100%| S|CS|TAMS 0x00000000e5d00000| PB 0x00000000e5d00000| Complete 
|  94|0x00000000e5e00000, 0x00000000e5f00000, 0x00000000e5f00000|100%| S|CS|TAMS 0x00000000e5e00000| PB 0x00000000e5e00000| Complete 
|  95|0x00000000e5f00000, 0x00000000e6000000, 0x00000000e6000000|100%| S|CS|TAMS 0x00000000e5f00000| PB 0x00000000e5f00000| Complete 
|  96|0x00000000e6000000, 0x00000000e6100000, 0x00000000e6100000|100%| S|CS|TAMS 0x00000000e6000000| PB 0x00000000e6000000| Complete 
|  97|0x00000000e6100000, 0x00000000e6200000, 0x00000000e6200000|100%| S|CS|TAMS 0x00000000e6100000| PB 0x00000000e6100000| Complete 
|  98|0x00000000e6200000, 0x00000000e6300000, 0x00000000e6300000|100%| S|CS|TAMS 0x00000000e6200000| PB 0x00000000e6200000| Complete 
|  99|0x00000000e6300000, 0x00000000e6400000, 0x00000000e6400000|100%| S|CS|TAMS 0x00000000e6300000| PB 0x00000000e6300000| Complete 
| 100|0x00000000e6400000, 0x00000000e6500000, 0x00000000e6500000|100%| S|CS|TAMS 0x00000000e6400000| PB 0x00000000e6400000| Complete 
| 101|0x00000000e6500000, 0x00000000e6600000, 0x00000000e6600000|100%| S|CS|TAMS 0x00000000e6500000| PB 0x00000000e6500000| Complete 
| 102|0x00000000e6600000, 0x00000000e6700000, 0x00000000e6700000|100%| S|CS|TAMS 0x00000000e6600000| PB 0x00000000e6600000| Complete 
| 103|0x00000000e6700000, 0x00000000e6700000, 0x00000000e6800000|  0%| F|  |TAMS 0x00000000e6700000| PB 0x00000000e6700000| Untracked 
| 104|0x00000000e6800000, 0x00000000e6800000, 0x00000000e6900000|  0%| F|  |TAMS 0x00000000e6800000| PB 0x00000000e6800000| Untracked 
| 105|0x00000000e6900000, 0x00000000e6900000, 0x00000000e6a00000|  0%| F|  |TAMS 0x00000000e6900000| PB 0x00000000e6900000| Untracked 
| 106|0x00000000e6a00000, 0x00000000e6a00000, 0x00000000e6b00000|  0%| F|  |TAMS 0x00000000e6a00000| PB 0x00000000e6a00000| Untracked 
| 107|0x00000000e6b00000, 0x00000000e6b00000, 0x00000000e6c00000|  0%| F|  |TAMS 0x00000000e6b00000| PB 0x00000000e6b00000| Untracked 
| 108|0x00000000e6c00000, 0x00000000e6c00000, 0x00000000e6d00000|  0%| F|  |TAMS 0x00000000e6c00000| PB 0x00000000e6c00000| Untracked 
| 109|0x00000000e6d00000, 0x00000000e6d00000, 0x00000000e6e00000|  0%| F|  |TAMS 0x00000000e6d00000| PB 0x00000000e6d00000| Untracked 
| 110|0x00000000e6e00000, 0x00000000e6e00000, 0x00000000e6f00000|  0%| F|  |TAMS 0x00000000e6e00000| PB 0x00000000e6e00000| Untracked 
| 111|0x00000000e6f00000, 0x00000000e6f00000, 0x00000000e7000000|  0%| F|  |TAMS 0x00000000e6f00000| PB 0x00000000e6f00000| Untracked 
| 112|0x00000000e7000000, 0x00000000e7000000, 0x00000000e7100000|  0%| F|  |TAMS 0x00000000e7000000| PB 0x00000000e7000000| Untracked 
| 113|0x00000000e7100000, 0x00000000e7100000, 0x00000000e7200000|  0%| F|  |TAMS 0x00000000e7100000| PB 0x00000000e7100000| Untracked 
| 114|0x00000000e7200000, 0x00000000e7200000, 0x00000000e7300000|  0%| F|  |TAMS 0x00000000e7200000| PB 0x00000000e7200000| Untracked 
| 115|0x00000000e7300000, 0x00000000e7300000, 0x00000000e7400000|  0%| F|  |TAMS 0x00000000e7300000| PB 0x00000000e7300000| Untracked 
| 116|0x00000000e7400000, 0x00000000e7400000, 0x00000000e7500000|  0%| F|  |TAMS 0x00000000e7400000| PB 0x00000000e7400000| Untracked 
| 117|0x00000000e7500000, 0x00000000e7500000, 0x00000000e7600000|  0%| F|  |TAMS 0x00000000e7500000| PB 0x00000000e7500000| Untracked 
| 118|0x00000000e7600000, 0x00000000e7600000, 0x00000000e7700000|  0%| F|  |TAMS 0x00000000e7600000| PB 0x00000000e7600000| Untracked 
| 119|0x00000000e7700000, 0x00000000e7700000, 0x00000000e7800000|  0%| F|  |TAMS 0x00000000e7700000| PB 0x00000000e7700000| Untracked 
| 120|0x00000000e7800000, 0x00000000e7800000, 0x00000000e7900000|  0%| F|  |TAMS 0x00000000e7800000| PB 0x00000000e7800000| Untracked 
| 121|0x00000000e7900000, 0x00000000e7900000, 0x00000000e7a00000|  0%| F|  |TAMS 0x00000000e7900000| PB 0x00000000e7900000| Untracked 
| 122|0x00000000e7a00000, 0x00000000e7a00000, 0x00000000e7b00000|  0%| F|  |TAMS 0x00000000e7a00000| PB 0x00000000e7a00000| Untracked 
| 123|0x00000000e7b00000, 0x00000000e7b00000, 0x00000000e7c00000|  0%| F|  |TAMS 0x00000000e7b00000| PB 0x00000000e7b00000| Untracked 
| 124|0x00000000e7c00000, 0x00000000e7c00000, 0x00000000e7d00000|  0%| F|  |TAMS 0x00000000e7c00000| PB 0x00000000e7c00000| Untracked 
| 125|0x00000000e7d00000, 0x00000000e7d00000, 0x00000000e7e00000|  0%| F|  |TAMS 0x00000000e7d00000| PB 0x00000000e7d00000| Untracked 
| 126|0x00000000e7e00000, 0x00000000e7e00000, 0x00000000e7f00000|  0%| F|  |TAMS 0x00000000e7e00000| PB 0x00000000e7e00000| Untracked 
| 127|0x00000000e7f00000, 0x00000000e7f00000, 0x00000000e8000000|  0%| F|  |TAMS 0x00000000e7f00000| PB 0x00000000e7f00000| Untracked 
| 128|0x00000000e8000000, 0x00000000e8000000, 0x00000000e8100000|  0%| F|  |TAMS 0x00000000e8000000| PB 0x00000000e8000000| Untracked 
| 129|0x00000000e8100000, 0x00000000e8100000, 0x00000000e8200000|  0%| F|  |TAMS 0x00000000e8100000| PB 0x00000000e8100000| Untracked 
| 130|0x00000000e8200000, 0x00000000e8200000, 0x00000000e8300000|  0%| F|  |TAMS 0x00000000e8200000| PB 0x00000000e8200000| Untracked 
| 131|0x00000000e8300000, 0x00000000e8300000, 0x00000000e8400000|  0%| F|  |TAMS 0x00000000e8300000| PB 0x00000000e8300000| Untracked 
| 132|0x00000000e8400000, 0x00000000e8400000, 0x00000000e8500000|  0%| F|  |TAMS 0x00000000e8400000| PB 0x00000000e8400000| Untracked 
| 133|0x00000000e8500000, 0x00000000e8500000, 0x00000000e8600000|  0%| F|  |TAMS 0x00000000e8500000| PB 0x00000000e8500000| Untracked 
| 134|0x00000000e8600000, 0x00000000e8600000, 0x00000000e8700000|  0%| F|  |TAMS 0x00000000e8600000| PB 0x00000000e8600000| Untracked 
| 135|0x00000000e8700000, 0x00000000e8700000, 0x00000000e8800000|  0%| F|  |TAMS 0x00000000e8700000| PB 0x00000000e8700000| Untracked 
| 136|0x00000000e8800000, 0x00000000e8800000, 0x00000000e8900000|  0%| F|  |TAMS 0x00000000e8800000| PB 0x00000000e8800000| Untracked 
| 137|0x00000000e8900000, 0x00000000e8900000, 0x00000000e8a00000|  0%| F|  |TAMS 0x00000000e8900000| PB 0x00000000e8900000| Untracked 
| 138|0x00000000e8a00000, 0x00000000e8a00000, 0x00000000e8b00000|  0%| F|  |TAMS 0x00000000e8a00000| PB 0x00000000e8a00000| Untracked 
| 139|0x00000000e8b00000, 0x00000000e8b00000, 0x00000000e8c00000|  0%| F|  |TAMS 0x00000000e8b00000| PB 0x00000000e8b00000| Untracked 
| 140|0x00000000e8c00000, 0x00000000e8c00000, 0x00000000e8d00000|  0%| F|  |TAMS 0x00000000e8c00000| PB 0x00000000e8c00000| Untracked 
| 141|0x00000000e8d00000, 0x00000000e8d00000, 0x00000000e8e00000|  0%| F|  |TAMS 0x00000000e8d00000| PB 0x00000000e8d00000| Untracked 
| 142|0x00000000e8e00000, 0x00000000e8e00000, 0x00000000e8f00000|  0%| F|  |TAMS 0x00000000e8e00000| PB 0x00000000e8e00000| Untracked 
| 143|0x00000000e8f00000, 0x00000000e8f00000, 0x00000000e9000000|  0%| F|  |TAMS 0x00000000e8f00000| PB 0x00000000e8f00000| Untracked 
| 144|0x00000000e9000000, 0x00000000e9000000, 0x00000000e9100000|  0%| F|  |TAMS 0x00000000e9000000| PB 0x00000000e9000000| Untracked 
| 145|0x00000000e9100000, 0x00000000e9100000, 0x00000000e9200000|  0%| F|  |TAMS 0x00000000e9100000| PB 0x00000000e9100000| Untracked 
| 146|0x00000000e9200000, 0x00000000e9200000, 0x00000000e9300000|  0%| F|  |TAMS 0x00000000e9200000| PB 0x00000000e9200000| Untracked 
| 147|0x00000000e9300000, 0x00000000e9300000, 0x00000000e9400000|  0%| F|  |TAMS 0x00000000e9300000| PB 0x00000000e9300000| Untracked 
| 148|0x00000000e9400000, 0x00000000e9400000, 0x00000000e9500000|  0%| F|  |TAMS 0x00000000e9400000| PB 0x00000000e9400000| Untracked 
| 149|0x00000000e9500000, 0x00000000e9500000, 0x00000000e9600000|  0%| F|  |TAMS 0x00000000e9500000| PB 0x00000000e9500000| Untracked 
| 150|0x00000000e9600000, 0x00000000e9600000, 0x00000000e9700000|  0%| F|  |TAMS 0x00000000e9600000| PB 0x00000000e9600000| Untracked 
| 151|0x00000000e9700000, 0x00000000e9700000, 0x00000000e9800000|  0%| F|  |TAMS 0x00000000e9700000| PB 0x00000000e9700000| Untracked 
| 152|0x00000000e9800000, 0x00000000e9800000, 0x00000000e9900000|  0%| F|  |TAMS 0x00000000e9800000| PB 0x00000000e9800000| Untracked 
| 153|0x00000000e9900000, 0x00000000e9900000, 0x00000000e9a00000|  0%| F|  |TAMS 0x00000000e9900000| PB 0x00000000e9900000| Untracked 
| 154|0x00000000e9a00000, 0x00000000e9a00000, 0x00000000e9b00000|  0%| F|  |TAMS 0x00000000e9a00000| PB 0x00000000e9a00000| Untracked 
| 155|0x00000000e9b00000, 0x00000000e9b00000, 0x00000000e9c00000|  0%| F|  |TAMS 0x00000000e9b00000| PB 0x00000000e9b00000| Untracked 
| 156|0x00000000e9c00000, 0x00000000e9c00000, 0x00000000e9d00000|  0%| F|  |TAMS 0x00000000e9c00000| PB 0x00000000e9c00000| Untracked 
| 157|0x00000000e9d00000, 0x00000000e9d00000, 0x00000000e9e00000|  0%| F|  |TAMS 0x00000000e9d00000| PB 0x00000000e9d00000| Untracked 
| 158|0x00000000e9e00000, 0x00000000e9e00000, 0x00000000e9f00000|  0%| F|  |TAMS 0x00000000e9e00000| PB 0x00000000e9e00000| Untracked 
| 159|0x00000000e9f00000, 0x00000000e9f00000, 0x00000000ea000000|  0%| F|  |TAMS 0x00000000e9f00000| PB 0x00000000e9f00000| Untracked 
| 160|0x00000000ea000000, 0x00000000ea000000, 0x00000000ea100000|  0%| F|  |TAMS 0x00000000ea000000| PB 0x00000000ea000000| Untracked 
| 161|0x00000000ea100000, 0x00000000ea100000, 0x00000000ea200000|  0%| F|  |TAMS 0x00000000ea100000| PB 0x00000000ea100000| Untracked 
| 162|0x00000000ea200000, 0x00000000ea200000, 0x00000000ea300000|  0%| F|  |TAMS 0x00000000ea200000| PB 0x00000000ea200000| Untracked 
| 163|0x00000000ea300000, 0x00000000ea300000, 0x00000000ea400000|  0%| F|  |TAMS 0x00000000ea300000| PB 0x00000000ea300000| Untracked 
| 164|0x00000000ea400000, 0x00000000ea400000, 0x00000000ea500000|  0%| F|  |TAMS 0x00000000ea400000| PB 0x00000000ea400000| Untracked 
| 165|0x00000000ea500000, 0x00000000ea500000, 0x00000000ea600000|  0%| F|  |TAMS 0x00000000ea500000| PB 0x00000000ea500000| Untracked 
| 166|0x00000000ea600000, 0x00000000ea600000, 0x00000000ea700000|  0%| F|  |TAMS 0x00000000ea600000| PB 0x00000000ea600000| Untracked 
| 167|0x00000000ea700000, 0x00000000ea700000, 0x00000000ea800000|  0%| F|  |TAMS 0x00000000ea700000| PB 0x00000000ea700000| Untracked 
| 168|0x00000000ea800000, 0x00000000ea800000, 0x00000000ea900000|  0%| F|  |TAMS 0x00000000ea800000| PB 0x00000000ea800000| Untracked 
| 169|0x00000000ea900000, 0x00000000ea900000, 0x00000000eaa00000|  0%| F|  |TAMS 0x00000000ea900000| PB 0x00000000ea900000| Untracked 
| 170|0x00000000eaa00000, 0x00000000eaa00000, 0x00000000eab00000|  0%| F|  |TAMS 0x00000000eaa00000| PB 0x00000000eaa00000| Untracked 
| 171|0x00000000eab00000, 0x00000000eab00000, 0x00000000eac00000|  0%| F|  |TAMS 0x00000000eab00000| PB 0x00000000eab00000| Untracked 
| 172|0x00000000eac00000, 0x00000000eac00000, 0x00000000ead00000|  0%| F|  |TAMS 0x00000000eac00000| PB 0x00000000eac00000| Untracked 
| 173|0x00000000ead00000, 0x00000000ead00000, 0x00000000eae00000|  0%| F|  |TAMS 0x00000000ead00000| PB 0x00000000ead00000| Untracked 
| 174|0x00000000eae00000, 0x00000000eae00000, 0x00000000eaf00000|  0%| F|  |TAMS 0x00000000eae00000| PB 0x00000000eae00000| Untracked 
| 175|0x00000000eaf00000, 0x00000000eaf00000, 0x00000000eb000000|  0%| F|  |TAMS 0x00000000eaf00000| PB 0x00000000eaf00000| Untracked 
| 176|0x00000000eb000000, 0x00000000eb000000, 0x00000000eb100000|  0%| F|  |TAMS 0x00000000eb000000| PB 0x00000000eb000000| Untracked 
| 177|0x00000000eb100000, 0x00000000eb100000, 0x00000000eb200000|  0%| F|  |TAMS 0x00000000eb100000| PB 0x00000000eb100000| Untracked 
| 178|0x00000000eb200000, 0x00000000eb200000, 0x00000000eb300000|  0%| F|  |TAMS 0x00000000eb200000| PB 0x00000000eb200000| Untracked 
| 179|0x00000000eb300000, 0x00000000eb300000, 0x00000000eb400000|  0%| F|  |TAMS 0x00000000eb300000| PB 0x00000000eb300000| Untracked 
| 180|0x00000000eb400000, 0x00000000eb400000, 0x00000000eb500000|  0%| F|  |TAMS 0x00000000eb400000| PB 0x00000000eb400000| Untracked 
| 181|0x00000000eb500000, 0x00000000eb500000, 0x00000000eb600000|  0%| F|  |TAMS 0x00000000eb500000| PB 0x00000000eb500000| Untracked 
| 182|0x00000000eb600000, 0x00000000eb600000, 0x00000000eb700000|  0%| F|  |TAMS 0x00000000eb600000| PB 0x00000000eb600000| Untracked 
| 183|0x00000000eb700000, 0x00000000eb700000, 0x00000000eb800000|  0%| F|  |TAMS 0x00000000eb700000| PB 0x00000000eb700000| Untracked 
| 184|0x00000000eb800000, 0x00000000eb800000, 0x00000000eb900000|  0%| F|  |TAMS 0x00000000eb800000| PB 0x00000000eb800000| Untracked 
| 185|0x00000000eb900000, 0x00000000eb900000, 0x00000000eba00000|  0%| F|  |TAMS 0x00000000eb900000| PB 0x00000000eb900000| Untracked 
| 186|0x00000000eba00000, 0x00000000eba00000, 0x00000000ebb00000|  0%| F|  |TAMS 0x00000000eba00000| PB 0x00000000eba00000| Untracked 
| 187|0x00000000ebb00000, 0x00000000ebb00000, 0x00000000ebc00000|  0%| F|  |TAMS 0x00000000ebb00000| PB 0x00000000ebb00000| Untracked 
| 188|0x00000000ebc00000, 0x00000000ebc00000, 0x00000000ebd00000|  0%| F|  |TAMS 0x00000000ebc00000| PB 0x00000000ebc00000| Untracked 
| 189|0x00000000ebd00000, 0x00000000ebd00000, 0x00000000ebe00000|  0%| F|  |TAMS 0x00000000ebd00000| PB 0x00000000ebd00000| Untracked 
| 190|0x00000000ebe00000, 0x00000000ebe00000, 0x00000000ebf00000|  0%| F|  |TAMS 0x00000000ebe00000| PB 0x00000000ebe00000| Untracked 
| 191|0x00000000ebf00000, 0x00000000ebf00000, 0x00000000ec000000|  0%| F|  |TAMS 0x00000000ebf00000| PB 0x00000000ebf00000| Untracked 
| 192|0x00000000ec000000, 0x00000000ec000000, 0x00000000ec100000|  0%| F|  |TAMS 0x00000000ec000000| PB 0x00000000ec000000| Untracked 
| 193|0x00000000ec100000, 0x00000000ec100000, 0x00000000ec200000|  0%| F|  |TAMS 0x00000000ec100000| PB 0x00000000ec100000| Untracked 
| 194|0x00000000ec200000, 0x00000000ec200000, 0x00000000ec300000|  0%| F|  |TAMS 0x00000000ec200000| PB 0x00000000ec200000| Untracked 
| 195|0x00000000ec300000, 0x00000000ec300000, 0x00000000ec400000|  0%| F|  |TAMS 0x00000000ec300000| PB 0x00000000ec300000| Untracked 
| 196|0x00000000ec400000, 0x00000000ec400000, 0x00000000ec500000|  0%| F|  |TAMS 0x00000000ec400000| PB 0x00000000ec400000| Untracked 
| 197|0x00000000ec500000, 0x00000000ec500000, 0x00000000ec600000|  0%| F|  |TAMS 0x00000000ec500000| PB 0x00000000ec500000| Untracked 
| 198|0x00000000ec600000, 0x00000000ec600000, 0x00000000ec700000|  0%| F|  |TAMS 0x00000000ec600000| PB 0x00000000ec600000| Untracked 
| 199|0x00000000ec700000, 0x00000000ec700000, 0x00000000ec800000|  0%| F|  |TAMS 0x00000000ec700000| PB 0x00000000ec700000| Untracked 
| 200|0x00000000ec800000, 0x00000000ec800000, 0x00000000ec900000|  0%| F|  |TAMS 0x00000000ec800000| PB 0x00000000ec800000| Untracked 
| 201|0x00000000ec900000, 0x00000000ec900000, 0x00000000eca00000|  0%| F|  |TAMS 0x00000000ec900000| PB 0x00000000ec900000| Untracked 
| 202|0x00000000eca00000, 0x00000000eca00000, 0x00000000ecb00000|  0%| F|  |TAMS 0x00000000eca00000| PB 0x00000000eca00000| Untracked 
| 203|0x00000000ecb00000, 0x00000000ecb00000, 0x00000000ecc00000|  0%| F|  |TAMS 0x00000000ecb00000| PB 0x00000000ecb00000| Untracked 
| 204|0x00000000ecc00000, 0x00000000ecc00000, 0x00000000ecd00000|  0%| F|  |TAMS 0x00000000ecc00000| PB 0x00000000ecc00000| Untracked 
| 205|0x00000000ecd00000, 0x00000000ecd00000, 0x00000000ece00000|  0%| F|  |TAMS 0x00000000ecd00000| PB 0x00000000ecd00000| Untracked 
| 206|0x00000000ece00000, 0x00000000ece00000, 0x00000000ecf00000|  0%| F|  |TAMS 0x00000000ece00000| PB 0x00000000ece00000| Untracked 
| 207|0x00000000ecf00000, 0x00000000ecf00000, 0x00000000ed000000|  0%| F|  |TAMS 0x00000000ecf00000| PB 0x00000000ecf00000| Untracked 
| 208|0x00000000ed000000, 0x00000000ed000000, 0x00000000ed100000|  0%| F|  |TAMS 0x00000000ed000000| PB 0x00000000ed000000| Untracked 
| 209|0x00000000ed100000, 0x00000000ed100000, 0x00000000ed200000|  0%| F|  |TAMS 0x00000000ed100000| PB 0x00000000ed100000| Untracked 
| 210|0x00000000ed200000, 0x00000000ed200000, 0x00000000ed300000|  0%| F|  |TAMS 0x00000000ed200000| PB 0x00000000ed200000| Untracked 
| 211|0x00000000ed300000, 0x00000000ed400000, 0x00000000ed400000|100%| E|  |TAMS 0x00000000ed300000| PB 0x00000000ed300000| Complete 
| 212|0x00000000ed400000, 0x00000000ed500000, 0x00000000ed500000|100%| E|CS|TAMS 0x00000000ed400000| PB 0x00000000ed400000| Complete 
| 213|0x00000000ed500000, 0x00000000ed600000, 0x00000000ed600000|100%| E|CS|TAMS 0x00000000ed500000| PB 0x00000000ed500000| Complete 
| 214|0x00000000ed600000, 0x00000000ed700000, 0x00000000ed700000|100%| E|CS|TAMS 0x00000000ed600000| PB 0x00000000ed600000| Complete 
| 215|0x00000000ed700000, 0x00000000ed800000, 0x00000000ed800000|100%| E|CS|TAMS 0x00000000ed700000| PB 0x00000000ed700000| Complete 
| 216|0x00000000ed800000, 0x00000000ed900000, 0x00000000ed900000|100%| E|CS|TAMS 0x00000000ed800000| PB 0x00000000ed800000| Complete 
| 217|0x00000000ed900000, 0x00000000eda00000, 0x00000000eda00000|100%| E|CS|TAMS 0x00000000ed900000| PB 0x00000000ed900000| Complete 
| 218|0x00000000eda00000, 0x00000000edb00000, 0x00000000edb00000|100%| E|CS|TAMS 0x00000000eda00000| PB 0x00000000eda00000| Complete 
| 219|0x00000000edb00000, 0x00000000edc00000, 0x00000000edc00000|100%| E|CS|TAMS 0x00000000edb00000| PB 0x00000000edb00000| Complete 
| 220|0x00000000edc00000, 0x00000000edd00000, 0x00000000edd00000|100%| E|CS|TAMS 0x00000000edc00000| PB 0x00000000edc00000| Complete 
| 221|0x00000000edd00000, 0x00000000ede00000, 0x00000000ede00000|100%| E|CS|TAMS 0x00000000edd00000| PB 0x00000000edd00000| Complete 
| 222|0x00000000ede00000, 0x00000000edf00000, 0x00000000edf00000|100%| E|CS|TAMS 0x00000000ede00000| PB 0x00000000ede00000| Complete 
| 223|0x00000000edf00000, 0x00000000ee000000, 0x00000000ee000000|100%| E|CS|TAMS 0x00000000edf00000| PB 0x00000000edf00000| Complete 
| 224|0x00000000ee000000, 0x00000000ee100000, 0x00000000ee100000|100%| E|CS|TAMS 0x00000000ee000000| PB 0x00000000ee000000| Complete 
| 225|0x00000000ee100000, 0x00000000ee200000, 0x00000000ee200000|100%| E|CS|TAMS 0x00000000ee100000| PB 0x00000000ee100000| Complete 
| 226|0x00000000ee200000, 0x00000000ee300000, 0x00000000ee300000|100%| E|CS|TAMS 0x00000000ee200000| PB 0x00000000ee200000| Complete 
| 227|0x00000000ee300000, 0x00000000ee400000, 0x00000000ee400000|100%| E|CS|TAMS 0x00000000ee300000| PB 0x00000000ee300000| Complete 
| 228|0x00000000ee400000, 0x00000000ee500000, 0x00000000ee500000|100%| E|CS|TAMS 0x00000000ee400000| PB 0x00000000ee400000| Complete 
| 229|0x00000000ee500000, 0x00000000ee600000, 0x00000000ee600000|100%| E|CS|TAMS 0x00000000ee500000| PB 0x00000000ee500000| Complete 
| 230|0x00000000ee600000, 0x00000000ee700000, 0x00000000ee700000|100%| E|CS|TAMS 0x00000000ee600000| PB 0x00000000ee600000| Complete 
| 231|0x00000000ee700000, 0x00000000ee800000, 0x00000000ee800000|100%| E|CS|TAMS 0x00000000ee700000| PB 0x00000000ee700000| Complete 
| 232|0x00000000ee800000, 0x00000000ee900000, 0x00000000ee900000|100%| E|CS|TAMS 0x00000000ee800000| PB 0x00000000ee800000| Complete 
| 233|0x00000000ee900000, 0x00000000eea00000, 0x00000000eea00000|100%| E|CS|TAMS 0x00000000ee900000| PB 0x00000000ee900000| Complete 
| 234|0x00000000eea00000, 0x00000000eeb00000, 0x00000000eeb00000|100%| E|CS|TAMS 0x00000000eea00000| PB 0x00000000eea00000| Complete 
| 235|0x00000000eeb00000, 0x00000000eec00000, 0x00000000eec00000|100%| E|CS|TAMS 0x00000000eeb00000| PB 0x00000000eeb00000| Complete 
| 236|0x00000000eec00000, 0x00000000eed00000, 0x00000000eed00000|100%| E|CS|TAMS 0x00000000eec00000| PB 0x00000000eec00000| Complete 
| 237|0x00000000eed00000, 0x00000000eee00000, 0x00000000eee00000|100%| E|CS|TAMS 0x00000000eed00000| PB 0x00000000eed00000| Complete 
| 238|0x00000000eee00000, 0x00000000eef00000, 0x00000000eef00000|100%| E|CS|TAMS 0x00000000eee00000| PB 0x00000000eee00000| Complete 
| 239|0x00000000eef00000, 0x00000000ef000000, 0x00000000ef000000|100%| E|CS|TAMS 0x00000000eef00000| PB 0x00000000eef00000| Complete 
| 240|0x00000000ef000000, 0x00000000ef100000, 0x00000000ef100000|100%| E|CS|TAMS 0x00000000ef000000| PB 0x00000000ef000000| Complete 
| 241|0x00000000ef100000, 0x00000000ef200000, 0x00000000ef200000|100%| E|CS|TAMS 0x00000000ef100000| PB 0x00000000ef100000| Complete 
| 242|0x00000000ef200000, 0x00000000ef300000, 0x00000000ef300000|100%| E|CS|TAMS 0x00000000ef200000| PB 0x00000000ef200000| Complete 
| 243|0x00000000ef300000, 0x00000000ef400000, 0x00000000ef400000|100%| E|CS|TAMS 0x00000000ef300000| PB 0x00000000ef300000| Complete 
| 244|0x00000000ef400000, 0x00000000ef500000, 0x00000000ef500000|100%| E|CS|TAMS 0x00000000ef400000| PB 0x00000000ef400000| Complete 
| 245|0x00000000ef500000, 0x00000000ef600000, 0x00000000ef600000|100%| E|CS|TAMS 0x00000000ef500000| PB 0x00000000ef500000| Complete 
| 246|0x00000000ef600000, 0x00000000ef700000, 0x00000000ef700000|100%| E|CS|TAMS 0x00000000ef600000| PB 0x00000000ef600000| Complete 
| 247|0x00000000ef700000, 0x00000000ef800000, 0x00000000ef800000|100%| E|CS|TAMS 0x00000000ef700000| PB 0x00000000ef700000| Complete 
| 248|0x00000000ef800000, 0x00000000ef900000, 0x00000000ef900000|100%| E|CS|TAMS 0x00000000ef800000| PB 0x00000000ef800000| Complete 
| 249|0x00000000ef900000, 0x00000000efa00000, 0x00000000efa00000|100%| E|CS|TAMS 0x00000000ef900000| PB 0x00000000ef900000| Complete 
| 250|0x00000000efa00000, 0x00000000efb00000, 0x00000000efb00000|100%| E|CS|TAMS 0x00000000efa00000| PB 0x00000000efa00000| Complete 
| 251|0x00000000efb00000, 0x00000000efc00000, 0x00000000efc00000|100%| E|CS|TAMS 0x00000000efb00000| PB 0x00000000efb00000| Complete 
| 252|0x00000000efc00000, 0x00000000efd00000, 0x00000000efd00000|100%| E|CS|TAMS 0x00000000efc00000| PB 0x00000000efc00000| Complete 
| 253|0x00000000efd00000, 0x00000000efe00000, 0x00000000efe00000|100%| E|CS|TAMS 0x00000000efd00000| PB 0x00000000efd00000| Complete 
| 254|0x00000000efe00000, 0x00000000eff00000, 0x00000000eff00000|100%| E|CS|TAMS 0x00000000efe00000| PB 0x00000000efe00000| Complete 
| 255|0x00000000eff00000, 0x00000000f0000000, 0x00000000f0000000|100%| E|CS|TAMS 0x00000000eff00000| PB 0x00000000eff00000| Complete 

Card table byte_map: [0x000001bb345e0000,0x000001bb346e0000] _byte_map_base: 0x000001bb33ee0000

Marking Bits: (CMBitMap*) 0x000001bb21fe97d0
 Bits: [0x000001bb346e0000, 0x000001bb34ee0000)

Polling page: 0x000001bb1fe10000

Metaspace:

Usage:
  Non-class:     41.13 MB used.
      Class:      6.94 MB used.
       Both:     48.07 MB used.

Virtual space:
  Non-class space:       64.00 MB reserved,      42.00 MB ( 66%) committed,  1 nodes.
      Class space:      320.00 MB reserved,       7.81 MB (  2%) committed,  1 nodes.
             Both:      384.00 MB reserved,      49.81 MB ( 13%) committed. 

Chunk freelists:
   Non-Class:  5.67 MB
       Class:  8.12 MB
        Both:  13.79 MB

MaxMetaspaceSize: 384.00 MB
CompressedClassSpaceSize: 320.00 MB
Initial GC threshold: 21.00 MB
Current GC threshold: 59.69 MB
CDS: on
 - commit_granule_bytes: 65536.
 - commit_granule_words: 8192.
 - virtual_space_node_default_size: 8388608.
 - enlarge_chunks_in_place: 1.
 - use_allocation_guard: 0.


Internal statistics:

num_allocs_failed_limit: 12.
num_arena_births: 2980.
num_arena_deaths: 0.
num_vsnodes_births: 2.
num_vsnodes_deaths: 0.
num_space_committed: 797.
num_space_uncommitted: 0.
num_chunks_returned_to_freelist: 12.
num_chunks_taken_from_freelist: 5327.
num_chunk_merges: 9.
num_chunk_splits: 3439.
num_chunks_enlarged: 2110.
num_inconsistent_stats: 0.

CodeHeap 'non-profiled nmethods': size=120000Kb used=3807Kb max_used=3807Kb free=116192Kb
 bounds [0x000001bb2cc80000, 0x000001bb2d040000, 0x000001bb341b0000]
CodeHeap 'profiled nmethods': size=120000Kb used=12839Kb max_used=12839Kb free=107160Kb
 bounds [0x000001bb251b0000, 0x000001bb25e40000, 0x000001bb2c6e0000]
CodeHeap 'non-nmethods': size=5760Kb used=2590Kb max_used=2640Kb free=3169Kb
 bounds [0x000001bb2c6e0000, 0x000001bb2c980000, 0x000001bb2cc80000]
CodeCache: size=245760Kb, used=19236Kb, max_used=19286Kb, free=226521Kb
 total_blobs=7418, nmethods=6560, adapters=762, full_count=0
Compilation: enabled, stopped_count=0, restarted_count=0

Compilation events (20 events):
Event: 120.456 Thread 0x000001bb3799f610 7085       3       java.util.ArrayDeque$$Lambda/0x000001bb394f71e0::<init> (10 bytes)
Event: 120.456 Thread 0x000001bb3799f610 nmethod 7085 0x000001bb25e35f10 code [0x000001bb25e360c0, 0x000001bb25e36278]
Event: 120.462 Thread 0x000001bb3799f610 7086       3       groovy.lang.MetaClassImpl::addFields (41 bytes)
Event: 120.463 Thread 0x000001bb3799f610 nmethod 7086 0x000001bb25e36310 code [0x000001bb25e36500, 0x000001bb25e36c00]
Event: 120.463 Thread 0x000001bb3799f610 7087       3       org.codehaus.groovy.reflection.CachedClass::getFields (11 bytes)
Event: 120.463 Thread 0x000001bb3799f610 nmethod 7087 0x000001bb25e36f10 code [0x000001bb25e370c0, 0x000001bb25e37380]
Event: 120.465 Thread 0x000001bb3799f610 7088       3       groovy.lang.MetaClassImpl$Index::put (10 bytes)
Event: 120.465 Thread 0x000001bb3799f610 nmethod 7088 0x000001bb25e37490 code [0x000001bb25e37640, 0x000001bb25e37868]
Event: 120.466 Thread 0x000001bb3799f610 7089       1       org.gradle.internal.metaobject.BeanDynamicObject::access$500 (5 bytes)
Event: 120.466 Thread 0x000001bb3799f610 nmethod 7089 0x000001bb2d037790 code [0x000001bb2d037920, 0x000001bb2d0379d0]
Event: 120.471 Thread 0x000001bb3799f610 7090       3       groovyjarjarasm.asm.SymbolTable::addConstantClass (8 bytes)
Event: 120.471 Thread 0x000001bb3799f610 nmethod 7090 0x000001bb25e37990 code [0x000001bb25e37b40, 0x000001bb25e37c88]
Event: 120.471 Thread 0x000001bb3799f610 7091       3       groovyjarjarasm.asm.SymbolTable::addConstantUtf8Reference (101 bytes)
Event: 120.473 Thread 0x000001bb3799f610 nmethod 7091 0x000001bb25e37d10 code [0x000001bb25e37f40, 0x000001bb25e38520]
Event: 120.473 Thread 0x000001bb3799f610 7092       3       groovyjarjarasm.asm.MethodWriter::visitVarInsn (302 bytes)
Event: 120.474 Thread 0x000001bb3799f610 nmethod 7092 0x000001bb25e38890 code [0x000001bb25e38b00, 0x000001bb25e39490]
Event: 122.438 Thread 0x000001bb3799f610 7093       1       java.util.concurrent.ThreadPoolExecutor::getQueue (5 bytes)
Event: 122.439 Thread 0x000001bb3799f610 nmethod 7093 0x000001bb2d037a90 code [0x000001bb2d037c20, 0x000001bb2d037ce8]
Event: 123.430 Thread 0x000001bb3799f610 7094       3       java.util.Collections::singleton (9 bytes)
Event: 124.418 Thread 0x000001bb3799f610 nmethod 7094 0x000001bb25e39710 code [0x000001bb25e398e0, 0x000001bb25e39bf8]

GC Heap History (16 events):
Event: 2.218 GC heap before
{Heap before GC invocations=0 (full 0):
 garbage-first heap   total 262144K, used 26624K [0x00000000e0000000, 0x0000000100000000)
  region size 1024K, 23 young (23552K), 0 survivors (0K)
 Metaspace       used 1121K, committed 1216K, reserved 393216K
  class space    used 80K, committed 128K, reserved 327680K
}
Event: 2.316 GC heap after
{Heap after GC invocations=1 (full 0):
 garbage-first heap   total 262144K, used 9983K [0x00000000e0000000, 0x0000000100000000)
  region size 1024K, 3 young (3072K), 3 survivors (3072K)
 Metaspace       used 1121K, committed 1216K, reserved 393216K
  class space    used 80K, committed 128K, reserved 327680K
}
Event: 4.758 GC heap before
{Heap before GC invocations=1 (full 0):
 garbage-first heap   total 262144K, used 39679K [0x00000000e0000000, 0x0000000100000000)
  region size 1024K, 33 young (33792K), 3 survivors (3072K)
 Metaspace       used 4323K, committed 4480K, reserved 393216K
  class space    used 545K, committed 640K, reserved 327680K
}
Event: 4.763 GC heap after
{Heap after GC invocations=2 (full 0):
 garbage-first heap   total 262144K, used 12313K [0x00000000e0000000, 0x0000000100000000)
  region size 1024K, 2 young (2048K), 2 survivors (2048K)
 Metaspace       used 4323K, committed 4480K, reserved 393216K
  class space    used 545K, committed 640K, reserved 327680K
}
Event: 11.179 GC heap before
{Heap before GC invocations=2 (full 0):
 garbage-first heap   total 262144K, used 75801K [0x00000000e0000000, 0x0000000100000000)
  region size 1024K, 62 young (63488K), 2 survivors (2048K)
 Metaspace       used 10429K, committed 10752K, reserved 393216K
  class space    used 1414K, committed 1536K, reserved 327680K
}
Event: 11.198 GC heap after
{Heap after GC invocations=3 (full 0):
 garbage-first heap   total 262144K, used 20791K [0x00000000e0000000, 0x0000000100000000)
  region size 1024K, 8 young (8192K), 8 survivors (8192K)
 Metaspace       used 10429K, committed 10752K, reserved 393216K
  class space    used 1414K, committed 1536K, reserved 327680K
}
Event: 41.151 GC heap before
{Heap before GC invocations=3 (full 0):
 garbage-first heap   total 262144K, used 89399K [0x00000000e0000000, 0x0000000100000000)
  region size 1024K, 76 young (77824K), 8 survivors (8192K)
 Metaspace       used 20808K, committed 21504K, reserved 393216K
  class space    used 3053K, committed 3392K, reserved 327680K
}
Event: 41.169 GC heap after
{Heap after GC invocations=4 (full 0):
 garbage-first heap   total 262144K, used 25593K [0x00000000e0000000, 0x0000000100000000)
  region size 1024K, 13 young (13312K), 13 survivors (13312K)
 Metaspace       used 20808K, committed 21504K, reserved 393216K
  class space    used 3053K, committed 3392K, reserved 327680K
}
Event: 70.503 GC heap before
{Heap before GC invocations=5 (full 0):
 garbage-first heap   total 262144K, used 120825K [0x00000000e0000000, 0x0000000100000000)
  region size 1024K, 107 young (109568K), 13 survivors (13312K)
 Metaspace       used 34739K, committed 35968K, reserved 393216K
  class space    used 5170K, committed 5760K, reserved 327680K
}
Event: 70.672 GC heap after
{Heap after GC invocations=6 (full 0):
 garbage-first heap   total 262144K, used 32180K [0x00000000e0000000, 0x0000000100000000)
  region size 1024K, 11 young (11264K), 11 survivors (11264K)
 Metaspace       used 34739K, committed 35968K, reserved 393216K
  class space    used 5170K, committed 5760K, reserved 327680K
}
Event: 71.064 GC heap before
{Heap before GC invocations=6 (full 0):
 garbage-first heap   total 262144K, used 33204K [0x00000000e0000000, 0x0000000100000000)
  region size 1024K, 14 young (14336K), 11 survivors (11264K)
 Metaspace       used 35006K, committed 36288K, reserved 393216K
  class space    used 5190K, committed 5824K, reserved 327680K
}
Event: 71.124 GC heap after
{Heap after GC invocations=7 (full 0):
 garbage-first heap   total 262144K, used 32837K [0x00000000e0000000, 0x0000000100000000)
  region size 1024K, 8 young (8192K), 8 survivors (8192K)
 Metaspace       used 35006K, committed 36288K, reserved 393216K
  class space    used 5190K, committed 5824K, reserved 327680K
}
Event: 71.560 GC heap before
{Heap before GC invocations=7 (full 0):
 garbage-first heap   total 262144K, used 33861K [0x00000000e0000000, 0x0000000100000000)
  region size 1024K, 10 young (10240K), 8 survivors (8192K)
 Metaspace       used 35377K, committed 36608K, reserved 393216K
  class space    used 5220K, committed 5824K, reserved 327680K
}
Event: 71.571 GC heap after
{Heap after GC invocations=8 (full 0):
 garbage-first heap   total 262144K, used 32262K [0x00000000e0000000, 0x0000000100000000)
  region size 1024K, 8 young (8192K), 8 survivors (8192K)
 Metaspace       used 35377K, committed 36608K, reserved 393216K
  class space    used 5220K, committed 5824K, reserved 327680K
}
Event: 109.323 GC heap before
{Heap before GC invocations=9 (full 0):
 garbage-first heap   total 262144K, used 186886K [0x00000000e0000000, 0x0000000100000000)
  region size 1024K, 153 young (156672K), 8 survivors (8192K)
 Metaspace       used 48361K, committed 50048K, reserved 393216K
  class space    used 7050K, committed 7872K, reserved 327680K
}
Event: 109.422 GC heap after
{Heap after GC invocations=10 (full 0):
 garbage-first heap   total 262144K, used 43982K [0x00000000e0000000, 0x0000000100000000)
  region size 1024K, 19 young (19456K), 19 survivors (19456K)
 Metaspace       used 48361K, committed 50048K, reserved 393216K
  class space    used 7050K, committed 7872K, reserved 327680K
}

Dll operation events (20 events):
Event: 0.832 Attempting to load shared library C:\Users\NAGARAJU\.antigravity-ide\extensions\redhat.java-1.56.0-win32-x64\jre\21.0.12.1-win32-x86_64\bin\nio.dll
Event: 0.834 Loaded shared library C:\Users\NAGARAJU\.antigravity-ide\extensions\redhat.java-1.56.0-win32-x64\jre\21.0.12.1-win32-x86_64\bin\nio.dll
Event: 0.842 Attempting to load shared library C:\Users\NAGARAJU\.antigravity-ide\extensions\redhat.java-1.56.0-win32-x64\jre\21.0.12.1-win32-x86_64\bin\zip.dll
Event: 0.842 Loaded shared library C:\Users\NAGARAJU\.antigravity-ide\extensions\redhat.java-1.56.0-win32-x64\jre\21.0.12.1-win32-x86_64\bin\zip.dll
Event: 1.789 Attempting to load shared library C:\Users\NAGARAJU\.antigravity-ide\extensions\redhat.java-1.56.0-win32-x64\jre\21.0.12.1-win32-x86_64\bin\jimage.dll
Event: 1.789 Loaded shared library C:\Users\NAGARAJU\.antigravity-ide\extensions\redhat.java-1.56.0-win32-x64\jre\21.0.12.1-win32-x86_64\bin\jimage.dll
Event: 2.345 Attempting to load shared library C:\Users\NAGARAJU\.antigravity-ide\extensions\redhat.java-1.56.0-win32-x64\jre\21.0.12.1-win32-x86_64\bin\verify.dll
Event: 2.353 Loaded shared library C:\Users\NAGARAJU\.antigravity-ide\extensions\redhat.java-1.56.0-win32-x64\jre\21.0.12.1-win32-x86_64\bin\verify.dll
Event: 2.847 Attempting to load shared library C:\Users\NAGARAJU\.gradle\native\c067742578af261105cb4f569cf0c3c89f3d7b1fecec35dd04571415982c5e48\windows-amd64\native-platform.dll
Event: 2.854 Loaded shared library C:\Users\NAGARAJU\.gradle\native\c067742578af261105cb4f569cf0c3c89f3d7b1fecec35dd04571415982c5e48\windows-amd64\native-platform.dll
Event: 2.873 Attempting to load shared library C:\Users\NAGARAJU\.gradle\native\100fb08df4bc3b14c8652ba06237920a3bd2aa13389f12d3474272988ae205f9\windows-amd64\native-platform-file-events.dll
Event: 2.901 Loaded shared library C:\Users\NAGARAJU\.gradle\native\100fb08df4bc3b14c8652ba06237920a3bd2aa13389f12d3474272988ae205f9\windows-amd64\native-platform-file-events.dll
Event: 7.263 Attempting to load shared library C:\Users\NAGARAJU\.antigravity-ide\extensions\redhat.java-1.56.0-win32-x64\jre\21.0.12.1-win32-x86_64\bin\management.dll
Event: 7.271 Loaded shared library C:\Users\NAGARAJU\.antigravity-ide\extensions\redhat.java-1.56.0-win32-x64\jre\21.0.12.1-win32-x86_64\bin\management.dll
Event: 7.287 Attempting to load shared library C:\Users\NAGARAJU\.antigravity-ide\extensions\redhat.java-1.56.0-win32-x64\jre\21.0.12.1-win32-x86_64\bin\management_ext.dll
Event: 7.296 Loaded shared library C:\Users\NAGARAJU\.antigravity-ide\extensions\redhat.java-1.56.0-win32-x64\jre\21.0.12.1-win32-x86_64\bin\management_ext.dll
Event: 8.552 Attempting to load shared library C:\Users\NAGARAJU\.antigravity-ide\extensions\redhat.java-1.56.0-win32-x64\jre\21.0.12.1-win32-x86_64\bin\extnet.dll
Event: 8.562 Loaded shared library C:\Users\NAGARAJU\.antigravity-ide\extensions\redhat.java-1.56.0-win32-x64\jre\21.0.12.1-win32-x86_64\bin\extnet.dll
Event: 10.177 Attempting to load shared library C:\Users\NAGARAJU\.antigravity-ide\extensions\redhat.java-1.56.0-win32-x64\jre\21.0.12.1-win32-x86_64\bin\sunmscapi.dll
Event: 10.446 Loaded shared library C:\Users\NAGARAJU\.antigravity-ide\extensions\redhat.java-1.56.0-win32-x64\jre\21.0.12.1-win32-x86_64\bin\sunmscapi.dll

Deoptimization events (20 events):
Event: 117.760 Thread 0x000001bb379d6350 Uncommon trap: trap_request=0xffffffec fr.pc=0x000001bb2ccd9e58 relative=0x00000000000001d8
Event: 117.760 Thread 0x000001bb379d6350 Uncommon trap: reason=null_assert_or_unreached0 action=make_not_entrant pc=0x000001bb2ccd9e58 method=java.security.AccessController.doPrivileged(Ljava/security/PrivilegedExceptionAction;Ljava/security/AccessControlContext;)Ljava/lang/Object; @ 25 c2
Event: 117.760 Thread 0x000001bb379d6350 DEOPT PACKING pc=0x000001bb2ccd9e58 sp=0x000000b9f20f74e0
Event: 117.760 Thread 0x000001bb379d6350 DEOPT UNPACKING pc=0x000001bb2c734422 sp=0x000000b9f20f7400 mode 2
Event: 117.760 Thread 0x000001bb379d6350 Uncommon trap: trap_request=0x00000091 fr.pc=0x000001bb2cde31a8 relative=0x00000000000000e8
Event: 117.760 Thread 0x000001bb379d6350 Uncommon trap: reason=unloaded action=reinterpret pc=0x000001bb2cde31a8 method=java.security.AccessController.wrapException(Ljava/lang/Exception;)Ljava/security/PrivilegedActionException; @ 0 c2
Event: 117.760 Thread 0x000001bb379d6350 DEOPT PACKING pc=0x000001bb2cde31a8 sp=0x000000b9f20f76b0
Event: 117.760 Thread 0x000001bb379d6350 DEOPT UNPACKING pc=0x000001bb2c734422 sp=0x000000b9f20f75d8 mode 2
Event: 117.760 Thread 0x000001bb379d6350 Uncommon trap: trap_request=0xffffffad fr.pc=0x000001bb2cebb4e0 relative=0x0000000000001680
Event: 117.760 Thread 0x000001bb379d6350 Uncommon trap: reason=uninitialized action=reinterpret pc=0x000001bb2cebb4e0 method=jdk.internal.loader.URLClassPath.getLoader(Ljava/net/URL;)Ljdk/internal/loader/URLClassPath$Loader; @ 22 c2
Event: 117.760 Thread 0x000001bb379d6350 DEOPT PACKING pc=0x000001bb2cebb4e0 sp=0x000000b9f20f76e0
Event: 117.760 Thread 0x000001bb379d6350 DEOPT UNPACKING pc=0x000001bb2c734422 sp=0x000000b9f20f7660 mode 2
Event: 120.302 Thread 0x000001bb379d6350 Uncommon trap: trap_request=0xffffff45 fr.pc=0x000001bb2cd3f9c4 relative=0x00000000000000a4
Event: 120.302 Thread 0x000001bb379d6350 Uncommon trap: reason=unstable_if action=reinterpret pc=0x000001bb2cd3f9c4 method=java.lang.ref.ReferenceQueue.poll()Ljava/lang/ref/Reference; @ 4 c2
Event: 120.302 Thread 0x000001bb379d6350 DEOPT PACKING pc=0x000001bb2cd3f9c4 sp=0x000000b9f20f7000
Event: 120.302 Thread 0x000001bb379d6350 DEOPT UNPACKING pc=0x000001bb2c734422 sp=0x000000b9f20f6ee8 mode 2
Event: 120.302 Thread 0x000001bb379d6350 Uncommon trap: trap_request=0xffffff45 fr.pc=0x000001bb2cd3ba90 relative=0x0000000000000070
Event: 120.302 Thread 0x000001bb379d6350 Uncommon trap: reason=unstable_if action=reinterpret pc=0x000001bb2cd3ba90 method=java.lang.ref.ReferenceQueue.poll()Ljava/lang/ref/Reference; @ 4 c2
Event: 120.302 Thread 0x000001bb379d6350 DEOPT PACKING pc=0x000001bb2cd3ba90 sp=0x000000b9f20f6f40
Event: 120.302 Thread 0x000001bb379d6350 DEOPT UNPACKING pc=0x000001bb2c734422 sp=0x000000b9f20f6ed0 mode 2

Classes loaded (20 events):
Event: 108.852 Loading class jdk/internal/reflect/SerializationConstructorAccessorImpl
Event: 108.852 Loading class jdk/internal/reflect/SerializationConstructorAccessorImpl done
Event: 109.429 Loading class java/nio/channels/Channels
Event: 109.429 Loading class java/nio/channels/Channels done
Event: 109.429 Loading class sun/nio/ch/Streams
Event: 109.429 Loading class sun/nio/ch/Streams done
Event: 109.429 Loading class sun/nio/ch/ChannelInputStream
Event: 109.429 Loading class sun/nio/ch/ChannelInputStream done
Event: 112.776 Loading class java/util/stream/SortedOps
Event: 112.777 Loading class java/util/stream/SortedOps done
Event: 112.777 Loading class java/util/stream/SortedOps$OfRef
Event: 112.778 Loading class java/util/stream/SortedOps$OfRef done
Event: 112.780 Loading class java/util/stream/SortedOps$SizedRefSortingSink
Event: 112.780 Loading class java/util/stream/SortedOps$AbstractRefSortingSink
Event: 112.780 Loading class java/util/stream/SortedOps$AbstractRefSortingSink done
Event: 112.780 Loading class java/util/stream/SortedOps$SizedRefSortingSink done
Event: 119.116 Loading class java/lang/ThreadDeath
Event: 119.119 Loading class java/lang/ThreadDeath done
Event: 119.119 Loading class sun/misc/SharedSecrets
Event: 119.120 Loading class sun/misc/SharedSecrets done

Classes unloaded (0 events):
No events

Classes redefined (0 events):
No events

Internal exceptions (20 events):
Event: 107.538 Thread 0x000001bb379d6350 Exception <a 'java/lang/NoSuchMethodError'{0x00000000e712dcd0}: 'void java.lang.invoke.DirectMethodHandle$Holder.invokeStatic(java.lang.Object, java.lang.Object, java.lang.Object, int, java.lang.Object)'> (0x00000000e712dcd0) 
thrown [s\src\hotspot\share\interpreter\linkResolver.cpp, line 773]
Event: 108.879 Thread 0x000001bb379d6350 Exception <a 'java/lang/NoSuchMethodError'{0x00000000e6bbc620}: 'java.lang.Object java.lang.invoke.DirectMethodHandle$Holder.newInvokeSpecial(java.lang.Object, java.lang.Object, java.lang.Object, java.lang.Object, int, java.lang.Object)'> (0x00000000e6bbc620) 
thrown [s\src\hotspot\share\interpreter\linkResolver.cpp, line 773]
Event: 108.880 Thread 0x000001bb379d6350 Exception <a 'java/lang/NoSuchMethodError'{0x00000000e6bc4d10}: 'java.lang.Object java.lang.invoke.Invokers$Holder.linkToTargetMethod(java.lang.Object, java.lang.Object, java.lang.Object, int, java.lang.Object, java.lang.Object)'> (0x00000000e6bc4d10) 
thrown [s\src\hotspot\share\interpreter\linkResolver.cpp, line 773]
Event: 110.809 Thread 0x000001bb379d6350 Exception <a 'java/lang/NoSuchMethodError'{0x00000000ef6e5630}: 'java.lang.Object java.lang.invoke.DirectMethodHandle$Holder.invokeSpecialIFC(java.lang.Object, java.lang.Object, java.lang.Object)'> (0x00000000ef6e5630) 
thrown [s\src\hotspot\share\interpreter\linkResolver.cpp, line 773]
Event: 116.006 Thread 0x000001bb379d6350 Exception <a 'java/lang/ClassNotFoundException'{0x00000000edb5f558}: build_axny669f7zi2xj9j9ykexxgbkBeanInfo> (0x00000000edb5f558) 
thrown [s\src\hotspot\share\classfile\systemDictionary.cpp, line 313]
Event: 116.023 Thread 0x000001bb379d6350 Exception <a 'java/lang/ClassNotFoundException'{0x00000000edb65ee0}: build_axny669f7zi2xj9j9ykexxgbkCustomizer> (0x00000000edb65ee0) 
thrown [s\src\hotspot\share\classfile\systemDictionary.cpp, line 313]
Event: 117.721 Thread 0x000001bb379d6350 Exception <a 'java/io/IOException'{0x00000000eda5f010}> (0x00000000eda5f010) 
thrown [s\src\hotspot\share\prims\jni.cpp, line 520]
Event: 119.120 Thread 0x000001bb379d6350 Exception <a 'java/lang/ClassNotFoundException'{0x00000000ed912cb8}: sun/misc/SharedSecrets> (0x00000000ed912cb8) 
thrown [s\src\hotspot\share\classfile\systemDictionary.cpp, line 313]
Event: 119.121 Thread 0x000001bb379d6350 Exception <a 'java/lang/ClassNotFoundException'{0x00000000ed914028}: org/gradle/api/internal/NamedDomainObjectContainerConfigureDelegateBeanInfo> (0x00000000ed914028) 
thrown [s\src\hotspot\share\classfile\systemDictionary.cpp, line 313]
Event: 119.125 Thread 0x000001bb379d6350 Exception <a 'java/lang/ClassNotFoundException'{0x00000000ed924cb8}: org/gradle/api/internal/NamedDomainObjectContainerConfigureDelegateCustomizer> (0x00000000ed924cb8) 
thrown [s\src\hotspot\share\classfile\systemDictionary.cpp, line 313]
Event: 120.202 Thread 0x000001bb379d6350 Exception <a 'java/lang/ClassNotFoundException'{0x00000000ed6a53d0}: org/gradle/api/internal/artifacts/configurations/DefaultConfigurationContainer_DecoratedBeanInfo> (0x00000000ed6a53d0) 
thrown [s\src\hotspot\share\classfile\systemDictionary.cpp, line 313]
Event: 120.230 Thread 0x000001bb379d6350 Exception <a 'java/lang/ClassNotFoundException'{0x00000000ed6baac8}: org/gradle/api/internal/artifacts/configurations/DefaultConfigurationContainerBeanInfo> (0x00000000ed6baac8) 
thrown [s\src\hotspot\share\classfile\systemDictionary.cpp, line 313]
Event: 120.250 Thread 0x000001bb379d6350 Exception <a 'java/lang/ClassNotFoundException'{0x00000000ed6cd908}: org/gradle/api/internal/AbstractValidatingNamedDomainObjectContainerBeanInfo> (0x00000000ed6cd908) 
thrown [s\src\hotspot\share\classfile\systemDictionary.cpp, line 313]
Event: 120.280 Thread 0x000001bb379d6350 Exception <a 'java/lang/ClassNotFoundException'{0x00000000ed6e0540}: org/gradle/api/internal/AbstractNamedDomainObjectContainerBeanInfo> (0x00000000ed6e0540) 
thrown [s\src\hotspot\share\classfile\systemDictionary.cpp, line 313]
Event: 120.288 Thread 0x000001bb379d6350 Exception <a 'java/lang/ClassNotFoundException'{0x00000000ed6f3360}: org/gradle/api/internal/DefaultNamedDomainObjectSetBeanInfo> (0x00000000ed6f3360) 
thrown [s\src\hotspot\share\classfile\systemDictionary.cpp, line 313]
Event: 120.299 Thread 0x000001bb379d6350 Exception <a 'java/lang/ClassNotFoundException'{0x00000000ed505e78}: org/gradle/api/internal/DefaultNamedDomainObjectSetCustomizer> (0x00000000ed505e78) 
thrown [s\src\hotspot\share\classfile\systemDictionary.cpp, line 313]
Event: 120.342 Thread 0x000001bb379d6350 Exception <a 'java/lang/ClassNotFoundException'{0x00000000ed591d60}: org/gradle/api/internal/AbstractNamedDomainObjectContainerCustomizer> (0x00000000ed591d60) 
thrown [s\src\hotspot\share\classfile\systemDictionary.cpp, line 313]
Event: 120.388 Thread 0x000001bb379d6350 Exception <a 'java/lang/ClassNotFoundException'{0x00000000ed424968}: org/gradle/api/internal/AbstractValidatingNamedDomainObjectContainerCustomizer> (0x00000000ed424968) 
thrown [s\src\hotspot\share\classfile\systemDictionary.cpp, line 313]
Event: 120.400 Thread 0x000001bb379d6350 Exception <a 'java/lang/ClassNotFoundException'{0x00000000ed446c40}: org/gradle/api/internal/artifacts/configurations/DefaultConfigurationContainerCustomizer> (0x00000000ed446c40) 
thrown [s\src\hotspot\share\classfile\systemDictionary.cpp, line 313]
Event: 120.454 Thread 0x000001bb379d6350 Exception <a 'java/lang/ClassNotFoundException'{0x00000000ed311f60}: org/gradle/api/internal/artifacts/configurations/DefaultConfigurationContainer_DecoratedCustomizer> (0x00000000ed311f60) 
thrown [s\src\hotspot\share\classfile\systemDictionary.cpp, line 313]

ZGC Phase Switch (0 events):
No events

VM Operations (20 events):
Event: 114.358 Executing safepoint VM operation: Cleanup
Event: 114.358 Executing safepoint VM operation: Cleanup done
Event: 115.371 Executing safepoint VM operation: Cleanup
Event: 115.371 Executing safepoint VM operation: Cleanup done
Event: 116.377 Executing safepoint VM operation: Cleanup
Event: 116.424 Executing safepoint VM operation: Cleanup done
Event: 117.425 Executing safepoint VM operation: Cleanup
Event: 117.425 Executing safepoint VM operation: Cleanup done
Event: 117.759 Executing non-safepoint VM operation: HandshakeAllThreads (Deoptimize)
Event: 117.760 Executing non-safepoint VM operation: HandshakeAllThreads (Deoptimize) done
Event: 118.773 Executing safepoint VM operation: Cleanup
Event: 118.788 Executing safepoint VM operation: Cleanup done
Event: 119.792 Executing safepoint VM operation: Cleanup
Event: 119.808 Executing safepoint VM operation: Cleanup done
Event: 120.326 Executing non-safepoint VM operation: HandshakeAllThreads (HandshakeForDeflation)
Event: 120.327 Executing non-safepoint VM operation: HandshakeAllThreads (HandshakeForDeflation) done
Event: 120.328 Executing non-safepoint VM operation: RendezvousGCThreads
Event: 120.328 Executing non-safepoint VM operation: RendezvousGCThreads done
Event: 121.334 Executing safepoint VM operation: Cleanup
Event: 121.334 Executing safepoint VM operation: Cleanup done

Memory protections (0 events):
No events

Nmethod flushes (20 events):
Event: 71.618 Thread 0x000001bb3795fb60 flushing  nmethod 0x000001bb253e8610
Event: 71.618 Thread 0x000001bb3795fb60 flushing  nmethod 0x000001bb253f7790
Event: 71.618 Thread 0x000001bb3795fb60 flushing  nmethod 0x000001bb253f7e10
Event: 71.618 Thread 0x000001bb3795fb60 flushing  nmethod 0x000001bb254f5910
Event: 71.618 Thread 0x000001bb3795fb60 flushing  nmethod 0x000001bb254f8690
Event: 71.618 Thread 0x000001bb3795fb60 flushing  nmethod 0x000001bb254f9090
Event: 71.618 Thread 0x000001bb3795fb60 flushing  nmethod 0x000001bb254f9c90
Event: 71.618 Thread 0x000001bb3795fb60 flushing  nmethod 0x000001bb254fa910
Event: 71.618 Thread 0x000001bb3795fb60 flushing  nmethod 0x000001bb254fc590
Event: 71.618 Thread 0x000001bb3795fb60 flushing  nmethod 0x000001bb254fd390
Event: 71.618 Thread 0x000001bb3795fb60 flushing  nmethod 0x000001bb254fda90
Event: 71.618 Thread 0x000001bb3795fb60 flushing  nmethod 0x000001bb25545210
Event: 71.618 Thread 0x000001bb3795fb60 flushing  nmethod 0x000001bb25548b90
Event: 71.618 Thread 0x000001bb3795fb60 flushing  nmethod 0x000001bb2554a110
Event: 71.618 Thread 0x000001bb3795fb60 flushing  nmethod 0x000001bb2554d690
Event: 71.618 Thread 0x000001bb3795fb60 flushing  nmethod 0x000001bb25572d90
Event: 71.618 Thread 0x000001bb3795fb60 flushing  nmethod 0x000001bb2557c810
Event: 71.618 Thread 0x000001bb3795fb60 flushing  nmethod 0x000001bb255d5710
Event: 71.618 Thread 0x000001bb3795fb60 flushing  nmethod 0x000001bb256cb290
Event: 71.618 Thread 0x000001bb3795fb60 flushing  nmethod 0x000001bb256dfa90

Events (20 events):
Event: 108.037 Thread 0x000001bb379d6350 Thread added: 0x000001bb53717060
Event: 108.052 Thread 0x000001bb379d6350 Thread added: 0x000001bb537176f0
Event: 108.053 Thread 0x000001bb379d6350 Thread added: 0x000001bb53717d80
Event: 108.053 Thread 0x000001bb379d6350 Thread added: 0x000001bb53719130
Event: 108.053 Thread 0x000001bb379d6350 Thread added: 0x000001bb53718410
Event: 109.212 Thread 0x000001bb379d6350 Thread added: 0x000001bb53718aa0
Event: 109.234 Thread 0x000001bb379d6350 Thread added: 0x000001bb537197c0
Event: 109.240 Thread 0x000001bb379d6350 Thread added: 0x000001bb53719e50
Event: 109.247 Thread 0x000001bb379d6350 Thread added: 0x000001bb545d86f0
Event: 109.252 Thread 0x000001bb379d6350 Thread added: 0x000001bb545d8d80
Event: 109.431 Thread 0x000001bb379d6350 Thread added: 0x000001bb545d9410
Event: 109.445 Thread 0x000001bb379d6350 Thread added: 0x000001bb545d9aa0
Event: 110.811 Thread 0x000001bb379d6350 Thread added: 0x000001bb545d8060
Event: 110.812 Thread 0x000001bb379d6350 Thread added: 0x000001bb545db4e0
Event: 110.815 Thread 0x000001bb379d6350 Thread added: 0x000001bb545da7c0
Event: 110.816 Thread 0x000001bb379d6350 Thread added: 0x000001bb545da130
Event: 110.817 Thread 0x000001bb379d6350 Thread added: 0x000001bb545dae50
Event: 110.819 Thread 0x000001bb379d6350 Thread added: 0x000001bb5507da60
Event: 110.821 Thread 0x000001bb379d6350 Thread added: 0x000001bb5507e0f0
Event: 115.163 Thread 0x000001bb379d6350 Thread added: 0x000001bb5507e780


Dynamic libraries:
0x00007ff6aaf70000 - 0x00007ff6aaf7e000 	C:\Users\NAGARAJU\.antigravity-ide\extensions\redhat.java-1.56.0-win32-x64\jre\21.0.12.1-win32-x86_64\bin\java.exe
0x00007ffba2e60000 - 0x00007ffba30c6000 	C:\WINDOWS\SYSTEM32\ntdll.dll
0x00007ffba16f0000 - 0x00007ffba17b9000 	C:\WINDOWS\System32\KERNEL32.DLL
0x00007ffba01d0000 - 0x00007ffba05cf000 	C:\WINDOWS\System32\KERNELBASE.dll
0x00007ffba0070000 - 0x00007ffba01bc000 	C:\WINDOWS\System32\ucrtbase.dll
0x00007ffb616c0000 - 0x00007ffb616d8000 	C:\Users\NAGARAJU\.antigravity-ide\extensions\redhat.java-1.56.0-win32-x64\jre\21.0.12.1-win32-x86_64\bin\jli.dll
0x00007ffba2320000 - 0x00007ffba24e6000 	C:\WINDOWS\System32\USER32.dll
0x00007ffba08a0000 - 0x00007ffba08c7000 	C:\WINDOWS\System32\win32u.dll
0x00007ffba2df0000 - 0x00007ffba2e1b000 	C:\WINDOWS\System32\GDI32.dll
0x00007ffba05e0000 - 0x00007ffba0709000 	C:\WINDOWS\System32\gdi32full.dll
0x00007ffba0ae0000 - 0x00007ffba0b83000 	C:\WINDOWS\System32\msvcp_win.dll
0x00007ffb88780000 - 0x00007ffb88a11000 	C:\WINDOWS\WinSxS\amd64_microsoft.windows.common-controls_6595b64144ccf1df_6.0.26100.8972_none_3e0da176e32f9d4b\COMCTL32.dll
0x00007ffb616e0000 - 0x00007ffb616fe000 	C:\Users\NAGARAJU\.antigravity-ide\extensions\redhat.java-1.56.0-win32-x64\jre\21.0.12.1-win32-x86_64\bin\VCRUNTIME140.dll
0x00007ffba24f0000 - 0x00007ffba2599000 	C:\WINDOWS\System32\msvcrt.dll
0x00007ffba2150000 - 0x00007ffba2182000 	C:\WINDOWS\System32\IMM32.DLL
0x00007ffb83500000 - 0x00007ffb8350c000 	C:\Users\NAGARAJU\.antigravity-ide\extensions\redhat.java-1.56.0-win32-x64\jre\21.0.12.1-win32-x86_64\bin\vcruntime140_1.dll
0x00007ffb1bac0000 - 0x00007ffb1bb4d000 	C:\Users\NAGARAJU\.antigravity-ide\extensions\redhat.java-1.56.0-win32-x64\jre\21.0.12.1-win32-x86_64\bin\msvcp140.dll
0x00007ffac8530000 - 0x00007ffac92d2000 	C:\Users\NAGARAJU\.antigravity-ide\extensions\redhat.java-1.56.0-win32-x64\jre\21.0.12.1-win32-x86_64\bin\server\jvm.dll
0x00007ffba0d00000 - 0x00007ffba0dbc000 	C:\WINDOWS\System32\ADVAPI32.dll
0x00007ffba28a0000 - 0x00007ffba294a000 	C:\WINDOWS\System32\sechost.dll
0x00007ffba25a0000 - 0x00007ffba26b8000 	C:\WINDOWS\System32\RPCRT4.dll
0x00007ffba1ab0000 - 0x00007ffba1b32000 	C:\WINDOWS\System32\WS2_32.dll
0x00007ffb99840000 - 0x00007ffb99876000 	C:\WINDOWS\SYSTEM32\WINMM.dll
0x00007ffb9fed0000 - 0x00007ffb9ff2e000 	C:\WINDOWS\SYSTEM32\POWRPROF.dll
0x00007ffb99880000 - 0x00007ffb9988b000 	C:\WINDOWS\SYSTEM32\VERSION.dll
0x00007ffb9feb0000 - 0x00007ffb9fec5000 	C:\WINDOWS\SYSTEM32\UMPDC.dll
0x00007ffb9ed60000 - 0x00007ffb9ed7b000 	C:\WINDOWS\SYSTEM32\kernel.appcore.dll
0x00007ffb82eb0000 - 0x00007ffb82eba000 	C:\Users\NAGARAJU\.antigravity-ide\extensions\redhat.java-1.56.0-win32-x64\jre\21.0.12.1-win32-x86_64\bin\jimage.dll
0x00007ffb94900000 - 0x00007ffb94b42000 	C:\WINDOWS\SYSTEM32\DBGHELP.DLL
0x00007ffba2a10000 - 0x00007ffba2d95000 	C:\WINDOWS\System32\combase.dll
0x00007ffba21c0000 - 0x00007ffba2299000 	C:\WINDOWS\System32\OLEAUT32.dll
0x00007ffb81c30000 - 0x00007ffb81c6b000 	C:\WINDOWS\SYSTEM32\dbgcore.DLL
0x00007ffba08d0000 - 0x00007ffba097c000 	C:\WINDOWS\System32\bcryptPrimitives.dll
0x00007ffb65d80000 - 0x00007ffb65d8f000 	C:\Users\NAGARAJU\.antigravity-ide\extensions\redhat.java-1.56.0-win32-x64\jre\21.0.12.1-win32-x86_64\bin\instrument.dll
0x00007ffb5fe50000 - 0x00007ffb5fe70000 	C:\Users\NAGARAJU\.antigravity-ide\extensions\redhat.java-1.56.0-win32-x64\jre\21.0.12.1-win32-x86_64\bin\java.dll
0x00007ffba0f50000 - 0x00007ffba16d8000 	C:\WINDOWS\System32\SHELL32.dll
0x00007ffb9db40000 - 0x00007ffb9e3db000 	C:\WINDOWS\SYSTEM32\windows.storage.dll
0x00007ffba0dd0000 - 0x00007ffba0ec9000 	C:\WINDOWS\System32\SHCORE.dll
0x00007ffba0c90000 - 0x00007ffba0cf6000 	C:\WINDOWS\System32\shlwapi.dll
0x00007ffb9ff90000 - 0x00007ffb9ffb9000 	C:\WINDOWS\SYSTEM32\profapi.dll
0x00007ffb4d020000 - 0x00007ffb4d038000 	C:\Users\NAGARAJU\.antigravity-ide\extensions\redhat.java-1.56.0-win32-x64\jre\21.0.12.1-win32-x86_64\bin\zip.dll
0x00007ffb72940000 - 0x00007ffb72950000 	C:\Users\NAGARAJU\.antigravity-ide\extensions\redhat.java-1.56.0-win32-x64\jre\21.0.12.1-win32-x86_64\bin\net.dll
0x00007ffb95940000 - 0x00007ffb95a68000 	C:\WINDOWS\SYSTEM32\WINHTTP.dll
0x00007ffb9f310000 - 0x00007ffb9f37c000 	C:\WINDOWS\system32\mswsock.dll
0x00007ffb5f9d0000 - 0x00007ffb5f9e6000 	C:\Users\NAGARAJU\.antigravity-ide\extensions\redhat.java-1.56.0-win32-x64\jre\21.0.12.1-win32-x86_64\bin\nio.dll
0x00007ffb62900000 - 0x00007ffb62910000 	C:\Users\NAGARAJU\.antigravity-ide\extensions\redhat.java-1.56.0-win32-x64\jre\21.0.12.1-win32-x86_64\bin\verify.dll
0x00007ffb83540000 - 0x00007ffb83567000 	C:\Users\NAGARAJU\.gradle\native\c067742578af261105cb4f569cf0c3c89f3d7b1fecec35dd04571415982c5e48\windows-amd64\native-platform.dll
0x00007ffb597c0000 - 0x00007ffb59904000 	C:\Users\NAGARAJU\.gradle\native\100fb08df4bc3b14c8652ba06237920a3bd2aa13389f12d3474272988ae205f9\windows-amd64\native-platform-file-events.dll
0x00007ffb95860000 - 0x00007ffb9586a000 	C:\Users\NAGARAJU\.antigravity-ide\extensions\redhat.java-1.56.0-win32-x64\jre\21.0.12.1-win32-x86_64\bin\management.dll
0x00007ffb831e0000 - 0x00007ffb831ec000 	C:\Users\NAGARAJU\.antigravity-ide\extensions\redhat.java-1.56.0-win32-x64\jre\21.0.12.1-win32-x86_64\bin\management_ext.dll
0x00007ffba1cb0000 - 0x00007ffba1cb8000 	C:\WINDOWS\System32\PSAPI.DLL
0x00007ffb9f600000 - 0x00007ffb9f61b000 	C:\WINDOWS\SYSTEM32\CRYPTSP.dll
0x00007ffb9ecc0000 - 0x00007ffb9ecf9000 	C:\WINDOWS\system32\rsaenh.dll
0x00007ffb9f3c0000 - 0x00007ffb9f3f2000 	C:\WINDOWS\SYSTEM32\USERENV.dll
0x00007ffb9ff60000 - 0x00007ffb9ff8a000 	C:\WINDOWS\SYSTEM32\bcrypt.dll
0x00007ffb9f620000 - 0x00007ffb9f62c000 	C:\WINDOWS\SYSTEM32\CRYPTBASE.dll
0x00007ffb9e6b0000 - 0x00007ffb9e6e3000 	C:\WINDOWS\SYSTEM32\IPHLPAPI.DLL
0x00007ffba16e0000 - 0x00007ffba16ea000 	C:\WINDOWS\System32\NSI.dll
0x00007ffb831d0000 - 0x00007ffb831d9000 	C:\Users\NAGARAJU\.antigravity-ide\extensions\redhat.java-1.56.0-win32-x64\jre\21.0.12.1-win32-x86_64\bin\extnet.dll
0x00007ffb831c0000 - 0x00007ffb831ce000 	C:\Users\NAGARAJU\.antigravity-ide\extensions\redhat.java-1.56.0-win32-x64\jre\21.0.12.1-win32-x86_64\bin\sunmscapi.dll
0x00007ffba0710000 - 0x00007ffba088e000 	C:\WINDOWS\System32\CRYPT32.dll
0x00007ffb9f840000 - 0x00007ffb9f870000 	C:\WINDOWS\SYSTEM32\ncrypt.dll
0x00007ffb9f7f0000 - 0x00007ffb9f82f000 	C:\WINDOWS\SYSTEM32\NTASN1.dll
0x00007ffb15860000 - 0x00007ffb15868000 	C:\WINDOWS\system32\wshunix.dll

JVMTI agents:
C:\Users\NAGARAJU\.gradle\wrapper\dists\gradle-8.9-bin\90cnw93cvbtalezasaz0blq0a\gradle-8.9\lib\agents\gradle-instrumentation-agent-8.9.jar path:C:\Users\NAGARAJU\.antigravity-ide\extensions\redhat.java-1.56.0-win32-x64\jre\21.0.12.1-win32-x86_64\bin\instrument.dll, loaded, initialized, instrumentlib options:none

dbghelp: loaded successfully - version: 4.0.5 - missing functions: none
symbol engine: initialized successfully - sym options: 0x614 - pdb path: .;C:\Users\NAGARAJU\.antigravity-ide\extensions\redhat.java-1.56.0-win32-x64\jre\21.0.12.1-win32-x86_64\bin;C:\WINDOWS\SYSTEM32;C:\WINDOWS\WinSxS\amd64_microsoft.windows.common-controls_6595b64144ccf1df_6.0.26100.8972_none_3e0da176e32f9d4b;C:\Users\NAGARAJU\.antigravity-ide\extensions\redhat.java-1.56.0-win32-x64\jre\21.0.12.1-win32-x86_64\bin\server;C:\Users\NAGARAJU\.gradle\native\c067742578af261105cb4f569cf0c3c89f3d7b1fecec35dd04571415982c5e48\windows-amd64;C:\Users\NAGARAJU\.gradle\native\100fb08df4bc3b14c8652ba06237920a3bd2aa13389f12d3474272988ae205f9\windows-amd64

VM Arguments:
jvm_args: --add-opens=java.base/java.util=ALL-UNNAMED --add-opens=java.base/java.lang=ALL-UNNAMED --add-opens=java.base/java.lang.invoke=ALL-UNNAMED --add-opens=java.prefs/java.util.prefs=ALL-UNNAMED --add-exports=jdk.compiler/com.sun.tools.javac.api=ALL-UNNAMED --add-exports=jdk.compiler/com.sun.tools.javac.util=ALL-UNNAMED --add-opens=java.base/java.nio.charset=ALL-UNNAMED --add-opens=java.base/java.net=ALL-UNNAMED --add-opens=java.base/java.util.concurrent.atomic=ALL-UNNAMED -XX:MaxMetaspaceSize=384m -XX:+HeapDumpOnOutOfMemoryError -Xms256m -Xmx512m -Dfile.encoding=utf8 -Duser.country=IN -Duser.language=en -Duser.variant -javaagent:C:\Users\NAGARAJU\.gradle\wrapper\dists\gradle-8.9-bin\90cnw93cvbtalezasaz0blq0a\gradle-8.9\lib\agents\gradle-instrumentation-agent-8.9.jar 
java_command: org.gradle.launcher.daemon.bootstrap.GradleDaemon 8.9
java_class_path (initial): C:\Users\NAGARAJU\.gradle\wrapper\dists\gradle-8.9-bin\90cnw93cvbtalezasaz0blq0a\gradle-8.9\lib\gradle-daemon-main-8.9.jar
Launcher Type: SUN_STANDARD

[Global flags]
     intx CICompilerCount                          = 4                                         {product} {ergonomic}
   size_t CompressedClassSpaceSize                 = 335544320                                 {product} {ergonomic}
     uint ConcGCThreads                            = 2                                         {product} {ergonomic}
     uint G1ConcRefinementThreads                  = 8                                         {product} {ergonomic}
   size_t G1HeapRegionSize                         = 1048576                                   {product} {ergonomic}
    uintx GCDrainStackTargetSize                   = 64                                        {product} {ergonomic}
     bool HeapDumpOnOutOfMemoryError               = true                                   {manageable} {command line}
   size_t InitialHeapSize                          = 268435456                                 {product} {command line}
   size_t MarkStackSize                            = 4194304                                   {product} {ergonomic}
   size_t MaxHeapSize                              = 536870912                                 {product} {command line}
   size_t MaxMetaspaceSize                         = 402653184                                 {product} {command line}
   size_t MaxNewSize                               = 321912832                                 {product} {ergonomic}
   size_t MinHeapDeltaBytes                        = 1048576                                   {product} {ergonomic}
   size_t MinHeapSize                              = 268435456                                 {product} {command line}
    uintx NonNMethodCodeHeapSize                   = 5839372                                {pd product} {ergonomic}
    uintx NonProfiledCodeHeapSize                  = 122909434                              {pd product} {ergonomic}
    uintx ProfiledCodeHeapSize                     = 122909434                              {pd product} {ergonomic}
    uintx ReservedCodeCacheSize                    = 251658240                              {pd product} {ergonomic}
     bool SegmentedCodeCache                       = true                                      {product} {ergonomic}
   size_t SoftMaxHeapSize                          = 536870912                              {manageable} {ergonomic}
     bool UseCompressedOops                        = true                           {product lp64_product} {ergonomic}
     bool UseG1GC                                  = true                                      {product} {ergonomic}
     bool UseLargePagesIndividualAllocation        = false                                  {pd product} {ergonomic}

Logging:
Log output configuration:
 #0: stdout all=warning uptime,level,tags foldmultilines=false
 #1: stderr all=off uptime,level,tags foldmultilines=false

Release file:
JAVA_VERSION="21.0.12.1" 
MODULES="java.base java.compiler java.datatransfer java.xml java.prefs java.desktop java.instrument java.logging java.management java.security.sasl java.naming java.rmi java.management.rmi java.net.http java.scripting java.security.jgss java.transaction.xa java.sql java.sql.rowset java.xml.crypto java.se java.smartcardio jdk.accessibility jdk.internal.jvmstat jdk.attach jdk.charsets jdk.internal.opt jdk.zipfs jdk.compiler jdk.crypto.ec jdk.crypto.cryptoki jdk.crypto.mscapi jdk.dynalink jdk.internal.ed jdk.editpad jdk.hotspot.agent jdk.httpserver jdk.internal.le jdk.internal.vm.ci jdk.internal.vm.compiler jdk.internal.vm.compiler.management jdk.jartool jdk.javadoc jdk.jcmd jdk.management jdk.management.agent jdk.jconsole jdk.jdeps jdk.jdwp.agent jdk.jdi jdk.jfr jdk.jshell jdk.jsobject jdk.jstatd jdk.localedata jdk.management.jfr jdk.naming.dns jdk.naming.rmi jdk.net jdk.nio.mapmode jdk.random jdk.sctp jdk.security.auth jdk.security.jgss jdk.unsupported jdk.unsupported.desktop jdk.xml.dom" 

Environment Variables:
JAVA_HOME=C:\Program Files\Eclipse Adoptium\jdk-21.0.11.10-hotspot
PATH=C:\Program Files\Eclipse Adoptium\jdk-21.0.11.10-hotspot\bin;C:\Program Files\Eclipse Adoptium\jdk-11.0.26.4-hotspot\bin;C:\Program Files\Eclipse Adoptium\jdk-17.0.14.7-hotspot\bin;C:\Program Files\Java\jdk-17\bin;C:\Program Files\nodejs;E:\Android\Sdk\platform-tools;E:\Android\Sdk\emulator;E:\Android\Sdk\cmdline-tools\latest\bin;C:\Users\NAGARAJU\AppData\Local\Android\Sdk\platform-tools;C:\Users\NAGARAJU\AppData\Local\Android\Sdk\emulator;C:\Users\NAGARAJU\AppData\Local\Android\Sdk\cmdline-tools\latest\bin;C:\Program Files\Eclipse Adoptium\jdk-21.0.11.10-hotspot\bin;C:\Program Files\Eclipse Adoptium\jdk-11.0.26.4-hotspot\bin;C:\Program Files\Eclipse Adoptium\jdk-17.0.14.7-hotspot\bin;C:\Program Files\Java\jdk-17\bin;C:\Program Files\nodejs;E:\Android\Sdk\platform-tools;E:\Android\Sdk\emulator;E:\Android\Sdk\cmdline-tools\latest\bin;C:\Users\NAGARAJU\AppData\Local\Android\Sdk\platform-tools;C:\Users\NAGARAJU\AppData\Local\Android\Sdk\emulator;C:\Users\NAGARAJU\AppData\Local\Android\Sdk\cmdline-tools\latest\bin;C:\Program Files\Eclipse Adoptium\jdk-21.0.11.10-hotspot\bin;C:\Program Files\Eclipse Adoptium\jdk-11.0.26.4-hotspot\bin;C:\Program Files\Eclipse Adoptium\jdk-17.0.14.7-hotspot\bin;C:\Program Files\Java\jdk-17\bin;C:\Program Files\nodejs;E:\Android\Sdk\platform-tools;E:\Android\Sdk\emulator;E:\Android\Sdk\cmdline-tools\latest\bin;C:\Users\NAGARAJU\AppData\Local\Android\Sdk\platform-tools;C:\Users\NAGARAJU\AppData\Local\Android\Sdk\emulator;C:\Users\NAGARAJU\AppData\Local\Android\Sdk\cmdline-tools\latest\bin;C:\WINDOWS\System32;C:\ProgramData\chocolatey\bin;C:\Program Files\nodejs\;C:\Program Files\Git\cmd;C:\Windows\System32;C:\Windows\System32\WindowsPowerShell\v1.0;C:\Windows\System32\OpenSSH;C:\Windows\System32\WindowsPowerShell\v1.0\;C:\Users\NAGARAJU\Downloads\stripe_1.30.0_windows_x86_64;C:\WINDOWS\system32;C:\WINDOWS;C:\WINDOWS\System32\Wbem;C:\WINDOWS\System32\WindowsPowerShell\v1.0\;C:\WINDOWS\System32\OpenSSH\;C:\ProgramData\chocolatey\bin;C:\Program Files\nodejs\;C:\Program Files\Git\cmd;C:\Windows\System32;C:\Windows\System32\WindowsPowerShell\v1.0;C:\Windows\System32\OpenSSH;C:\Windows\System32\WindowsPowerShell\v1.0\;C:\Users\NAGARAJU\Downloads\stripe_1.30.0_windows_x86_64;C:\WINDOWS\system32;C:\WINDOWS;C:\WINDOWS\System32\Wbem;C:\WINDOWS\System32\WindowsPowerShell\v1.0\;C:\WINDOWS\System32\OpenSSH\;C:\ProgramData\chocolatey\bin;C:\Program Files\nodejs\;C:\Program Files\Git\cmd;C:\Windows\System32;C:\Windows\System32\WindowsPowerShell\v1.0;C:\Windows\System32\OpenSSH;C:\Windows\System32\WindowsPowerShell\v1.0\;C:\Users\NAGARAJU\Downloads\stripe_1.30.0_windows_x86_64;C:\WINDOWS\system32;C:\WINDOWS;C:\WINDOWS\System32\Wbem;C:\WINDOWS\System32\WindowsPowerShell\v1.0\;C:\WINDOWS\System32\OpenSSH\;C:\Program Files\Eclipse Adoptium\jdk-21.0.11.10-hotspot\bin;C:\Program Files\Eclipse Adoptium\jdk-11.0.26.4-hotspot\bin;C:\Program Files\Eclipse Adoptium\jdk-17.0.14.7-hotspot\bin;C:\Program Files\Java\jdk-17\bin;C:\Program Files\nodejs;E:\Android\Sdk\platform-tools;E:\Android\Sdk\emulator;E:\Android\Sdk\cmdline-tools\latest\bin;C:\Users\NAGARAJU\AppData\Local\Android\Sdk\platform-tools;C:\Users\NAGARAJU\AppData\Local\Android\Sdk\emulator;C:\Users\NAGARAJU\AppData\Local\Android\Sdk\cmdline-tools\latest\bin;C:\Program Files\Eclipse Adoptium\jdk-21.0.11.10-hotspot\bin;C:\Program Files\Eclipse Adoptium\jdk-11.0.26.4-hotspot\bin;C:\Program Files\Eclipse Adoptium\jdk-17.0.14.7-hotspot\bin;C:\Program Files\Java\jdk-17\bin;C:\Program Files\nodejs;E:\Android\Sdk\platform-tools;E:\Android\Sdk\emulator;E:\Android\Sdk\cmdline-tools\latest\bin;C:\Users\NAGARAJU\AppData\Local\Android\Sdk\platform-tools;C:\Users\NAGARAJU\AppData\Local\Android\Sdk\emulator;C:\Users\NAGARAJU\AppData\Local\Android\Sdk\cmdline-tools\latest\bin;C:\Program Files\Eclipse Adoptium\jdk-21.0.11.10-hotspot\bin;C:\Program Files\Eclipse Adoptium\jdk-11.0.26.4-hotspot\bin;C:\Program Files\Eclipse Adoptium\jdk-17.0.14.7-hotspot\bin;C:\Program Files\Java\jdk-17\bin;C:\Program Files\nodejs;E:\Android\Sdk\platform-tools;E:\Android\Sdk\emulator;E:\Android\Sdk\cmdline-tools\latest\bin;C:\Users\NAGARAJU\AppData\Local\Android\Sdk\platform-tools;C:\Users\NAGARAJU\AppData\Local\Android\Sdk\emulator;C:\Users\NAGARAJU\AppData\Local\Android\Sdk\cmdline-tools\latest\bin;C:\WINDOWS\System32;C:\ProgramData\chocolatey\bin;C:\Program Files\nodejs\;C:\Program Files\Git\cmd;C:\Windows\System32;C:\Windows\System32\WindowsPowerShell\v1.0;C:\Windows\System32\OpenSSH;C:\Windows\System32\WindowsPowerShell\v1.0\;C:\Users\NAGARAJU\Downloads\stripe_1.30.0_windows_x86_64;C:\WINDOWS\system32;C:\WINDOWS;C:\WINDOWS\System32\Wbem;C:\WINDOWS\System32\WindowsPowerShell\v1.0\;C:\WINDOWS\System32\OpenSSH\;C:\ProgramData\chocolatey\bin;C:\Program Files\nodejs\;C:\Program Files\Git\cmd;C:\Windows\System32;C:\Windows\System32\WindowsPowerShell\v1.0;C:\Windows\System32\OpenSSH;C:\Windows\System32\WindowsPowerShell\v1.0\;C:\Users\NAGARAJU\Downloads\stripe_1.30.0_windows_x86_64;C:\WINDOWS\system32;C:\WINDOWS;C:\WINDOWS\System32\Wbem;C:\WINDOWS\System32\WindowsPowerShell\v1.0\;C:\WINDOWS\System32\OpenSSH\;C:\ProgramData\chocolatey\bin;C:\Program Files\nodejs\;C:\Program Files\Git\cmd;C:\Windows\System32;C:\Windows\System32\WindowsPowerShell\v1.0;C:\Windows\System32\OpenSSH;C:\Windows\System32\WindowsPowerShell\v1.0\;C:\Users\NAGARAJU\Downloads\stripe_1.30.0_windows_x86_64;C:\WINDOWS\system32;C:\WINDOWS;C:\WINDOWS\System32\Wbem;C:\WINDOWS\System32\WindowsPowerShell\v1.0\;C:\WINDOWS\System32\OpenSSH\;C:\Users\NAGARAJU\AppData\Local\Android\Sdk\platform-tools;C:\Users\NAGARAJU\AppData\Local\Android\Sdk\cmdline-tools\latest\bin;C:\Users\NAGARAJU\AppData\Roaming\npm;C:\Users\NAGARAJU\AppData\Local\Programs\Microsoft VS Code\bin;C:\Users\NAGARAJU\AppData\Local\Programs\Antigravity IDE\bin;C:\Users\NAGARAJU\AppData\Local\Microsoft\WindowsApps;C:\Users\NAGARAJU\AppData\Local\Kingsoft\WPS Office\12.1.0.27458\clitool
USERNAME=NAGARAJU
OS=Windows_NT
PROCESSOR_IDENTIFIER=AMD64 Family 23 Model 104 Stepping 1, AuthenticAMD
TMP=C:\Users\NAGARAJU\AppData\Local\Temp
TEMP=C:\Users\NAGARAJU\AppData\Local\Temp




Periodic native trim disabled

---------------  S Y S T E M  ---------------

OS:
 Windows 11 , 64 bit Build 26100 (10.0.26100.9168)
OS uptime: 0 days 0:55 hours

CPU: total 8 (initial active 8) (8 cores per cpu, 2 threads per core) family 23 model 104 stepping 1 microcode 0x8608109, cx8, cmov, fxsr, ht, mmx, 3dnowpref, sse, sse2, sse3, ssse3, sse4a, sse4.1, sse4.2, popcnt, lzcnt, tsc, tscinvbit, avx, avx2, aes, clmul, bmi1, bmi2, adx, sha, fma, vzeroupper, clflush, clflushopt, rdtscp, rdpid, f16c
Processor Information for the first 8 processors :
  Max Mhz: 2600, Current Mhz: 2600, Mhz Limit: 2600

Memory: 4k page, system-wide physical 7502M (324M free)
TotalPageFile size 40270M (AvailPageFile size 0M)
current process WorkingSet (physical memory assigned to process): 121M, peak: 273M
current process commit charge ("private bytes"): 463M, peak: 472M

vm_info: OpenJDK 64-Bit Server VM (21.0.12.1+1-LTS) for windows-amd64 JRE (21.0.12.1+1-LTS), built on 2026-08-18T00:00:00Z by "admin" with MS VC++ 17.12 (VS2022)

END.
