#
# There is insufficient memory for the Java Runtime Environment to continue.
# Native memory allocation (malloc) failed to allocate 1303376 bytes. Error detail: Chunk::new
# Possible reasons:
#   The system is out of physical RAM or swap space
#   This process is running with CompressedOops enabled, and the Java Heap may be blocking the growth of the native heap
# Possible solutions:
#   Reduce memory load on the system
#   Increase physical memory or swap space
#   Check if swap backing store is full
#   Decrease Java heap size (-Xmx/-Xms)
#   Decrease number of Java threads
#   Decrease Java thread stack sizes (-Xss)
#   Set larger code cache with -XX:ReservedCodeCacheSize=
#   JVM is running with Zero Based Compressed Oops mode in which the Java heap is
#     placed in the first 32GB address space. The Java Heap base address is the
#     maximum limit for the native heap growth. Please use -XX:HeapBaseMinAddress
#     to set the Java Heap base and to place the Java Heap above 32GB virtual address.
# This output file may be truncated or incomplete.
#
#  Out of Memory Error (arena.cpp:168), pid=29888, tid=30336
#
# JRE version: OpenJDK Runtime Environment Temurin-21.0.11+10 (21.0.11+10) (build 21.0.11+10-LTS)
# Java VM: OpenJDK 64-Bit Server VM Temurin-21.0.11+10 (21.0.11+10-LTS, mixed mode, sharing, tiered, compressed oops, compressed class ptrs, g1 gc, windows-amd64)
# No core dump will be written. Minidumps are not enabled by default on client versions of Windows
#

---------------  S U M M A R Y ------------

Command Line: --add-opens=java.base/java.lang=ALL-UNNAMED --add-opens=java.base/java.lang.invoke=ALL-UNNAMED --add-opens=java.base/java.util=ALL-UNNAMED --add-opens=java.prefs/java.util.prefs=ALL-UNNAMED --add-exports=jdk.compiler/com.sun.tools.javac.api=ALL-UNNAMED --add-exports=jdk.compiler/com.sun.tools.javac.util=ALL-UNNAMED --add-opens=java.base/java.util=ALL-UNNAMED --add-opens=java.prefs/java.util.prefs=ALL-UNNAMED --add-opens=java.base/java.nio.charset=ALL-UNNAMED --add-opens=java.base/java.net=ALL-UNNAMED --add-opens=java.base/java.util.concurrent.atomic=ALL-UNNAMED --add-opens=java.xml/javax.xml.namespace=ALL-UNNAMED -Xmx4096m -Dfile.encoding=UTF-8 -Duser.country=IN -Duser.language=en -Duser.variant -javaagent:C:\Users\NAGARAJU\.gradle\wrapper\dists\gradle-8.14.1-bin\baw1sv0jfoi8rxs14qo3h49cs\gradle-8.14.1\lib\agents\gradle-instrumentation-agent-8.14.1.jar org.gradle.launcher.daemon.bootstrap.GradleDaemon 8.14.1

Host: AMD Ryzen 3 5300U with Radeon Graphics         , 8 cores, 7G,  Windows 11 , 64 bit Build 26100 (10.0.26100.8521)
Time: Fri Aug 14 17:49:22 2026 India Standard Time elapsed time: 87.812329 seconds (0d 0h 1m 27s)

---------------  T H R E A D  ---------------

Current thread (0x00000188d789c120):  JavaThread "C2 CompilerThread0" daemon [_thread_in_native, id=30336, stack(0x0000002675800000,0x0000002675900000) (1024K)]


Current CompileTask:
C2:87812 16565   !   4       org.gradle.internal.execution.history.impl.DefaultImmutableWorkspaceMetadataStore::loadWorkspaceMetadata (185 bytes)

Stack: [0x0000002675800000,0x0000002675900000]
Native frames: (J=compiled Java code, j=interpreted, Vv=VM code, C=native code)
V  [jvm.dll+0x6d7e19]
V  [jvm.dll+0x8b5096]
V  [jvm.dll+0x8b764e]
V  [jvm.dll+0x8b7d33]
V  [jvm.dll+0x284596]
V  [jvm.dll+0xc685d]
V  [jvm.dll+0xc6da1]
V  [jvm.dll+0x3bed31]
V  [jvm.dll+0x38b2b2]
V  [jvm.dll+0x38a6fa]
V  [jvm.dll+0x24c700]
V  [jvm.dll+0x24bce0]
V  [jvm.dll+0x1cb4ae]
V  [jvm.dll+0x25baad]
V  [jvm.dll+0x25a03a]
V  [jvm.dll+0x3f868e]
V  [jvm.dll+0x85fb0d]
V  [jvm.dll+0x6d664d]
C  [ucrtbase.dll+0x2cd30]
C  [KERNEL32.DLL+0x2e957]
C  [ntdll.dll+0x87c1c]


---------------  P R O C E S S  ---------------

Threads class SMR info:
_java_thread_list=0x0000018920b6b890, length=148, elements={
0x00000188bd937430, 0x00000188d7888230, 0x00000188d7888c90, 0x00000188d788ba60,
0x00000188d788c720, 0x00000188d788f900, 0x00000188d7890640, 0x00000188d789c120,
0x00000188d78a5540, 0x00000188d7b33960, 0x00000188d7ad94a0, 0x000001891e6f5990,
0x000001891e6dd8c0, 0x000001891e8c2990, 0x000001891ea20370, 0x000001891ea219f0,
0x000001891ea333d0, 0x000001891ea54400, 0x000001891ea54a90, 0x000001891ea564d0,
0x000001891ea55e40, 0x000001891ea55120, 0x000001891ea57880, 0x000001891ea56b60,
0x000001891ea557b0, 0x00000189215b98b0, 0x00000189215b8500, 0x00000189215b7150,
0x00000189215b77e0, 0x00000189215b6430, 0x00000189215ba5d0, 0x00000189215bb2f0,
0x00000189215bc010, 0x00000189215b8b90, 0x00000189215bc6a0, 0x00000189215b9f40,
0x0000018920cb6140, 0x0000018920cb5ab0, 0x0000018920cb6e60, 0x0000018920cb7b80,
0x0000018920cb5420, 0x0000018920cb4d90, 0x0000018920cbb000, 0x0000018920cbb690,
0x0000018920cbbd20, 0x0000018920cbc3b0, 0x000001891f77fc60, 0x000001891f7802f0,
0x000001891f77f5d0, 0x000001891f77e8b0, 0x000001891f781010, 0x000001891f780980,
0x000001891f7816a0, 0x000001891f77ef40, 0x000001891f77e220, 0x000001891f7823c0,
0x000001891f785840, 0x000001891f782a50, 0x000001891f784b20, 0x000001891f783770,
0x000001891f7851b0, 0x000001891f7830e0, 0x000001891f783e00, 0x000001891ebb2330,
0x0000018924b9a500, 0x0000018924b9b8b0, 0x0000018924b99150, 0x0000018924b9cc60,
0x0000018924b99e70, 0x0000018924b9e010, 0x0000018924b9ed30, 0x0000018924ba00e0,
0x0000018924b9e6a0, 0x0000018924b9f3c0, 0x0000018924b9fa50, 0x00000189222cdfb0,
0x00000189222cd290, 0x00000189222cbee0, 0x00000189222cc570, 0x00000189222cd920,
0x00000189222ce640, 0x00000189222cb1c0, 0x00000189222cecd0, 0x00000189222cf360,
0x00000189222cf9f0, 0x00000189222d0080, 0x00000189222ccc00, 0x00000189222d0710,
0x00000189222d2150, 0x00000189222d1430, 0x00000189222d0da0, 0x00000189222d1ac0,
0x000001892096a2e0, 0x000001892096a970, 0x00000189209695c0, 0x000001892096b000,
0x0000018920969c50, 0x000001892096b690, 0x0000018920968210, 0x00000189209688a0,
0x0000018920968f30, 0x000001891dc395a0, 0x000001891dc381f0, 0x000001891dc39c30,
0x000001891dc3a950, 0x000001891dc374d0, 0x000001891dc3afe0, 0x000001891dc37b60,
0x000001891dc3b670, 0x000001891dc3bd00, 0x000001891dc38880, 0x000001891dc38f10,
0x000001891dc3eaf0, 0x000001891dc3c390, 0x000001891dc3d0b0, 0x000001891dc3ca20,
0x000001891dc3d740, 0x000001891dc3ddd0, 0x000001891dc3e460, 0x0000018924b997e0,
0x0000018924ba0770, 0x0000018924b9d2f0, 0x0000018924b9d980, 0x000001891ebb36e0,
0x000001891ebb3d70, 0x000001891ebb4400, 0x00000189222cab30, 0x00000189222cb850,
0x000001891d899090, 0x000001891d896fc0, 0x000001891d89aad0, 0x000001891d899720,
0x000001891d899db0, 0x000001891d898370, 0x000001891d898a00, 0x000001891d897650,
0x000001891d897ce0, 0x000001891d89df50, 0x000001891d89c510, 0x000001891ff5f9d0,
0x000001891ff5cbe0, 0x000001891ff61aa0, 0x000001891ff59760, 0x000001891ff5b830,
0x00000189241c1ef0, 0x00000189241c2580, 0x00000189241c4ce0, 0x000001892403c770
}

Java Threads: ( => current thread )
  0x00000188bd937430 JavaThread "main"                              [_thread_blocked, id=28340, stack(0x0000002674a00000,0x0000002674b00000) (1024K)]
  0x00000188d7888230 JavaThread "Reference Handler"          daemon [_thread_blocked, id=18108, stack(0x0000002675200000,0x0000002675300000) (1024K)]
  0x00000188d7888c90 JavaThread "Finalizer"                  daemon [_thread_blocked, id=29872, stack(0x0000002675300000,0x0000002675400000) (1024K)]
  0x00000188d788ba60 JavaThread "Signal Dispatcher"          daemon [_thread_blocked, id=2580, stack(0x0000002675400000,0x0000002675500000) (1024K)]
  0x00000188d788c720 JavaThread "Attach Listener"            daemon [_thread_blocked, id=24092, stack(0x0000002675500000,0x0000002675600000) (1024K)]
  0x00000188d788f900 JavaThread "Service Thread"             daemon [_thread_blocked, id=19576, stack(0x0000002675600000,0x0000002675700000) (1024K)]
  0x00000188d7890640 JavaThread "Monitor Deflation Thread"   daemon [_thread_blocked, id=5324, stack(0x0000002675700000,0x0000002675800000) (1024K)]
=>0x00000188d789c120 JavaThread "C2 CompilerThread0"         daemon [_thread_in_native, id=30336, stack(0x0000002675800000,0x0000002675900000) (1024K)]
  0x00000188d78a5540 JavaThread "C1 CompilerThread0"         daemon [_thread_blocked, id=30376, stack(0x0000002675900000,0x0000002675a00000) (1024K)]
  0x00000188d7b33960 JavaThread "Common-Cleaner"             daemon [_thread_blocked, id=30172, stack(0x0000002675a00000,0x0000002675b00000) (1024K)]
  0x00000188d7ad94a0 JavaThread "Notification Thread"        daemon [_thread_blocked, id=10916, stack(0x0000002675b00000,0x0000002675c00000) (1024K)]
  0x000001891e6f5990 JavaThread "Daemon health stats"               [_thread_blocked, id=29396, stack(0x0000002676100000,0x0000002676200000) (1024K)]
  0x000001891e6dd8c0 JavaThread "Incoming local TCP Connector on port 55943"        [_thread_in_native, id=30220, stack(0x0000002676200000,0x0000002676300000) (1024K)]
  0x000001891e8c2990 JavaThread "Daemon periodic checks"            [_thread_blocked, id=16476, stack(0x0000002676300000,0x0000002676400000) (1024K)]
  0x000001891ea20370 JavaThread "Daemon"                            [_thread_blocked, id=31352, stack(0x0000002676700000,0x0000002676800000) (1024K)]
  0x000001891ea219f0 JavaThread "Handler for socket connection from /127.0.0.1:55943 to /127.0.0.1:55944"        [_thread_in_native, id=680, stack(0x0000002676800000,0x0000002676900000) (1024K)]
  0x000001891ea333d0 JavaThread "Cancel handler"                    [_thread_blocked, id=9880, stack(0x0000002676900000,0x0000002676a00000) (1024K)]
  0x000001891ea54400 JavaThread "Daemon worker"                     [_thread_in_native, id=31540, stack(0x0000002676a00000,0x0000002676b00000) (1024K)]
  0x000001891ea54a90 JavaThread "Asynchronous log dispatcher for DefaultDaemonConnection: socket connection from /127.0.0.1:55943 to /127.0.0.1:55944"        [_thread_blocked, id=5304, stack(0x0000002676b00000,0x0000002676c00000) (1024K)]
  0x000001891ea564d0 JavaThread "Stdin handler"                     [_thread_blocked, id=17724, stack(0x0000002676c00000,0x0000002676d00000) (1024K)]
  0x000001891ea55e40 JavaThread "Daemon client event forwarder"        [_thread_blocked, id=2740, stack(0x0000002676d00000,0x0000002676e00000) (1024K)]
  0x000001891ea55120 JavaThread "Cache worker for journal cache (C:\Users\NAGARAJU\.gradle\caches\journal-1)"        [_thread_blocked, id=4936, stack(0x0000002675c00000,0x0000002675d00000) (1024K)]
  0x000001891ea57880 JavaThread "File lock request listener"        [_thread_in_native, id=29876, stack(0x0000002676e00000,0x0000002676f00000) (1024K)]
  0x000001891ea56b60 JavaThread "Cache worker for file hash cache (C:\Users\NAGARAJU\.gradle\caches\8.14.1\fileHashes)"        [_thread_blocked, id=10484, stack(0x0000002676f00000,0x0000002677000000) (1024K)]
  0x000001891ea557b0 JavaThread "Cache worker for file hash cache (C:\zynnative\DocApp-CLI\android\.gradle\8.14.1\fileHashes)"        [_thread_blocked, id=21412, stack(0x0000002677300000,0x0000002677400000) (1024K)]
  0x00000189215b98b0 JavaThread "Cache worker for Build Output Cleanup Cache (C:\zynnative\DocApp-CLI\android\.gradle\buildOutputCleanup)"        [_thread_blocked, id=29744, stack(0x0000002677400000,0x0000002677500000) (1024K)]
  0x00000189215b8500 JavaThread "File watcher server"        daemon [_thread_in_native, id=29716, stack(0x0000002677500000,0x0000002677600000) (1024K)]
  0x00000189215b7150 JavaThread "File watcher consumer"      daemon [_thread_blocked, id=19340, stack(0x0000002677600000,0x0000002677700000) (1024K)]
  0x00000189215b77e0 JavaThread "jar transforms"                    [_thread_blocked, id=30108, stack(0x0000002677100000,0x0000002677200000) (1024K)]
  0x00000189215b6430 JavaThread "jar transforms Thread 2"           [_thread_blocked, id=14028, stack(0x0000002677700000,0x0000002677800000) (1024K)]
  0x00000189215ba5d0 JavaThread "Cache worker for checksums cache (C:\zynnative\DocApp-CLI\android\.gradle\8.14.1\checksums)"        [_thread_blocked, id=8400, stack(0x0000002677900000,0x0000002677a00000) (1024K)]
  0x00000189215bb2f0 JavaThread "Cache worker for file content cache (C:\Users\NAGARAJU\.gradle\caches\8.14.1\fileContent)"        [_thread_blocked, id=320, stack(0x0000002677a00000,0x0000002677b00000) (1024K)]
  0x00000189215bc010 JavaThread "jar transforms Thread 3"           [_thread_blocked, id=10892, stack(0x0000002677b00000,0x0000002677c00000) (1024K)]
  0x00000189215b8b90 JavaThread "Cache worker for cache directory md-supplier (C:\Users\NAGARAJU\.gradle\caches\8.14.1\md-supplier)"        [_thread_blocked, id=31216, stack(0x0000002677c00000,0x0000002677d00000) (1024K)]
  0x00000189215bc6a0 JavaThread "Cache worker for cache directory md-rule (C:\Users\NAGARAJU\.gradle\caches\8.14.1\md-rule)"        [_thread_blocked, id=31336, stack(0x0000002677800000,0x0000002677900000) (1024K)]
  0x00000189215b9f40 JavaThread "Cache worker for Build Output Cleanup Cache (C:\zynnative\DocApp-CLI\node_modules\@react-native\gradle-plugin\.gradle\buildOutputCleanup)"        [_thread_blocked, id=31592, stack(0x0000002677d00000,0x0000002677e00000) (1024K)]
  0x0000018920cb6140 JavaThread "Unconstrained build operations"        [_thread_blocked, id=23428, stack(0x0000002677e00000,0x0000002677f00000) (1024K)]
  0x0000018920cb5ab0 JavaThread "Unconstrained build operations Thread 2"        [_thread_blocked, id=10456, stack(0x0000002677f00000,0x0000002678000000) (1024K)]
  0x0000018920cb6e60 JavaThread "Unconstrained build operations Thread 3"        [_thread_blocked, id=26816, stack(0x0000002678000000,0x0000002678100000) (1024K)]
  0x0000018920cb7b80 JavaThread "Unconstrained build operations Thread 4"        [_thread_blocked, id=21528, stack(0x0000002678100000,0x0000002678200000) (1024K)]
  0x0000018920cb5420 JavaThread "Unconstrained build operations Thread 5"        [_thread_blocked, id=25396, stack(0x0000002678200000,0x0000002678300000) (1024K)]
  0x0000018920cb4d90 JavaThread "Unconstrained build operations Thread 6"        [_thread_blocked, id=23264, stack(0x0000002678300000,0x0000002678400000) (1024K)]
  0x0000018920cbb000 JavaThread "Unconstrained build operations Thread 7"        [_thread_blocked, id=28588, stack(0x0000002677000000,0x0000002677100000) (1024K)]
  0x0000018920cbb690 JavaThread "Unconstrained build operations Thread 8"        [_thread_blocked, id=24208, stack(0x0000002678400000,0x0000002678500000) (1024K)]
  0x0000018920cbbd20 JavaThread "Unconstrained build operations Thread 9"        [_thread_blocked, id=31448, stack(0x0000002678500000,0x0000002678600000) (1024K)]
  0x0000018920cbc3b0 JavaThread "Unconstrained build operations Thread 10"        [_thread_blocked, id=18688, stack(0x0000002678600000,0x0000002678700000) (1024K)]
  0x000001891f77fc60 JavaThread "Unconstrained build operations Thread 11"        [_thread_blocked, id=11300, stack(0x0000002678700000,0x0000002678800000) (1024K)]
  0x000001891f7802f0 JavaThread "Unconstrained build operations Thread 12"        [_thread_blocked, id=4724, stack(0x0000002678800000,0x0000002678900000) (1024K)]
  0x000001891f77f5d0 JavaThread "Unconstrained build operations Thread 13"        [_thread_blocked, id=8444, stack(0x0000002678900000,0x0000002678a00000) (1024K)]
  0x000001891f77e8b0 JavaThread "Unconstrained build operations Thread 14"        [_thread_blocked, id=11700, stack(0x0000002678a00000,0x0000002678b00000) (1024K)]
  0x000001891f781010 JavaThread "Unconstrained build operations Thread 15"        [_thread_blocked, id=30324, stack(0x0000002678b00000,0x0000002678c00000) (1024K)]
  0x000001891f780980 JavaThread "Unconstrained build operations Thread 16"        [_thread_blocked, id=14436, stack(0x0000002678c00000,0x0000002678d00000) (1024K)]
  0x000001891f7816a0 JavaThread "Unconstrained build operations Thread 17"        [_thread_blocked, id=30164, stack(0x0000002678d00000,0x0000002678e00000) (1024K)]
  0x000001891f77ef40 JavaThread "Unconstrained build operations Thread 18"        [_thread_blocked, id=24724, stack(0x0000002678e00000,0x0000002678f00000) (1024K)]
  0x000001891f77e220 JavaThread "Unconstrained build operations Thread 19"        [_thread_blocked, id=31520, stack(0x0000002678f00000,0x0000002679000000) (1024K)]
  0x000001891f7823c0 JavaThread "Unconstrained build operations Thread 20"        [_thread_blocked, id=9380, stack(0x0000002679000000,0x0000002679100000) (1024K)]
  0x000001891f785840 JavaThread "Unconstrained build operations Thread 21"        [_thread_blocked, id=30356, stack(0x0000002679100000,0x0000002679200000) (1024K)]
  0x000001891f782a50 JavaThread "Unconstrained build operations Thread 22"        [_thread_blocked, id=31412, stack(0x0000002679200000,0x0000002679300000) (1024K)]
  0x000001891f784b20 JavaThread "Unconstrained build operations Thread 23"        [_thread_blocked, id=11784, stack(0x0000002679300000,0x0000002679400000) (1024K)]
  0x000001891f783770 JavaThread "Unconstrained build operations Thread 24"        [_thread_blocked, id=29844, stack(0x0000002679400000,0x0000002679500000) (1024K)]
  0x000001891f7851b0 JavaThread "Unconstrained build operations Thread 25"        [_thread_blocked, id=30360, stack(0x0000002679500000,0x0000002679600000) (1024K)]
  0x000001891f7830e0 JavaThread "Unconstrained build operations Thread 26"        [_thread_blocked, id=31076, stack(0x0000002679600000,0x0000002679700000) (1024K)]
  0x000001891f783e00 JavaThread "Unconstrained build operations Thread 27"        [_thread_blocked, id=14840, stack(0x0000002679700000,0x0000002679800000) (1024K)]
  0x000001891ebb2330 JavaThread "build event listener"              [_thread_blocked, id=27096, stack(0x0000002679800000,0x0000002679900000) (1024K)]
  0x0000018924b9a500 JavaThread "Memory manager"                    [_thread_blocked, id=31436, stack(0x0000002679900000,0x0000002679a00000) (1024K)]
  0x0000018924b9b8b0 JavaThread "ForkJoinPool.commonPool-worker-1" daemon [_thread_blocked, id=16396, stack(0x0000002679b00000,0x0000002679c00000) (1024K)]
  0x0000018924b99150 JavaThread "ForkJoinPool.commonPool-worker-2" daemon [_thread_blocked, id=30516, stack(0x0000002679c00000,0x0000002679d00000) (1024K)]
  0x0000018924b9cc60 JavaThread "ForkJoinPool.commonPool-worker-3" daemon [_thread_blocked, id=29400, stack(0x0000002679d00000,0x0000002679e00000) (1024K)]
  0x0000018924b99e70 JavaThread "ForkJoinPool.commonPool-worker-4" daemon [_thread_blocked, id=14888, stack(0x0000002679e00000,0x0000002679f00000) (1024K)]
  0x0000018924b9e010 JavaThread "ForkJoinPool.commonPool-worker-5" daemon [_thread_blocked, id=24752, stack(0x0000002679f00000,0x000000267a000000) (1024K)]
  0x0000018924b9ed30 JavaThread "ForkJoinPool.commonPool-worker-6" daemon [_thread_blocked, id=31404, stack(0x000000267a000000,0x000000267a100000) (1024K)]
  0x0000018924ba00e0 JavaThread "ForkJoinPool.commonPool-worker-7" daemon [_thread_blocked, id=30704, stack(0x000000267a100000,0x000000267a200000) (1024K)]
  0x0000018924b9e6a0 JavaThread "Exec process"               daemon [_thread_blocked, id=30624, stack(0x000000267a200000,0x000000267a300000) (1024K)]
  0x0000018924b9f3c0 JavaThread "Exec process Thread 2"      daemon [_thread_blocked, id=27376, stack(0x000000267a300000,0x000000267a400000) (1024K)]
  0x0000018924b9fa50 JavaThread "Exec process Thread 3"      daemon [_thread_blocked, id=5340, stack(0x000000267a400000,0x000000267a500000) (1024K)]
  0x00000189222cdfb0 JavaThread "included builds"                   [_thread_blocked, id=17900, stack(0x0000002679a00000,0x0000002679b00000) (1024K)]
  0x00000189222cd290 JavaThread "Execution worker"                  [_thread_blocked, id=18696, stack(0x000000267a500000,0x000000267a600000) (1024K)]
  0x00000189222cbee0 JavaThread "Execution worker Thread 2"         [_thread_blocked, id=30184, stack(0x000000267a600000,0x000000267a700000) (1024K)]
  0x00000189222cc570 JavaThread "Execution worker Thread 3"         [_thread_blocked, id=13860, stack(0x000000267a700000,0x000000267a800000) (1024K)]
  0x00000189222cd920 JavaThread "Execution worker Thread 4"         [_thread_blocked, id=31468, stack(0x000000267a800000,0x000000267a900000) (1024K)]
  0x00000189222ce640 JavaThread "Execution worker Thread 5"         [_thread_blocked, id=31384, stack(0x000000267a900000,0x000000267aa00000) (1024K)]
  0x00000189222cb1c0 JavaThread "Execution worker Thread 6"         [_thread_blocked, id=11572, stack(0x000000267aa00000,0x000000267ab00000) (1024K)]
  0x00000189222cecd0 JavaThread "Execution worker Thread 7"         [_thread_blocked, id=13856, stack(0x000000267ab00000,0x000000267ac00000) (1024K)]
  0x00000189222cf360 JavaThread "Cache worker for execution history cache (C:\zynnative\DocApp-CLI\node_modules\@react-native\gradle-plugin\.gradle\8.14.1\executionHistory)"        [_thread_blocked, id=20848, stack(0x000000267ac00000,0x000000267ad00000) (1024K)]
  0x00000189222cf9f0 JavaThread "Unconstrained build operations Thread 28"        [_thread_blocked, id=8496, stack(0x0000002674700000,0x0000002674800000) (1024K)]
  0x00000189222d0080 JavaThread "Unconstrained build operations Thread 29"        [_thread_blocked, id=8360, stack(0x000000267ad00000,0x000000267ae00000) (1024K)]
  0x00000189222ccc00 JavaThread "Unconstrained build operations Thread 30"        [_thread_blocked, id=30972, stack(0x000000267ae00000,0x000000267af00000) (1024K)]
  0x00000189222d0710 JavaThread "Unconstrained build operations Thread 31"        [_thread_blocked, id=29736, stack(0x000000267af00000,0x000000267b000000) (1024K)]
  0x00000189222d2150 JavaThread "Unconstrained build operations Thread 32"        [_thread_blocked, id=31596, stack(0x000000267b000000,0x000000267b100000) (1024K)]
  0x00000189222d1430 JavaThread "Unconstrained build operations Thread 33"        [_thread_blocked, id=29712, stack(0x000000267b100000,0x000000267b200000) (1024K)]
  0x00000189222d0da0 JavaThread "Unconstrained build operations Thread 34"        [_thread_blocked, id=28708, stack(0x000000267b200000,0x000000267b300000) (1024K)]
  0x00000189222d1ac0 JavaThread "Unconstrained build operations Thread 35"        [_thread_blocked, id=29800, stack(0x000000267b300000,0x000000267b400000) (1024K)]
  0x000001892096a2e0 JavaThread "Unconstrained build operations Thread 36"        [_thread_blocked, id=31252, stack(0x000000267b400000,0x000000267b500000) (1024K)]
  0x000001892096a970 JavaThread "Unconstrained build operations Thread 37"        [_thread_blocked, id=30404, stack(0x000000267b500000,0x000000267b600000) (1024K)]
  0x00000189209695c0 JavaThread "Unconstrained build operations Thread 38"        [_thread_blocked, id=17028, stack(0x000000267b600000,0x000000267b700000) (1024K)]
  0x000001892096b000 JavaThread "Unconstrained build operations Thread 39"        [_thread_blocked, id=18068, stack(0x000000267b700000,0x000000267b800000) (1024K)]
  0x0000018920969c50 JavaThread "Unconstrained build operations Thread 40"        [_thread_blocked, id=29488, stack(0x000000267b800000,0x000000267b900000) (1024K)]
  0x000001892096b690 JavaThread "Unconstrained build operations Thread 41"        [_thread_blocked, id=7500, stack(0x000000267b900000,0x000000267ba00000) (1024K)]
  0x0000018920968210 JavaThread "Unconstrained build operations Thread 42"        [_thread_blocked, id=31096, stack(0x000000267ba00000,0x000000267bb00000) (1024K)]
  0x00000189209688a0 JavaThread "Unconstrained build operations Thread 43"        [_thread_blocked, id=25172, stack(0x000000267bb00000,0x000000267bc00000) (1024K)]
  0x0000018920968f30 JavaThread "Unconstrained build operations Thread 44"        [_thread_blocked, id=316, stack(0x000000267bc00000,0x000000267bd00000) (1024K)]
  0x000001891dc395a0 JavaThread "Unconstrained build operations Thread 45"        [_thread_blocked, id=21700, stack(0x000000267bd00000,0x000000267be00000) (1024K)]
  0x000001891dc381f0 JavaThread "Unconstrained build operations Thread 46"        [_thread_blocked, id=23612, stack(0x000000267be00000,0x000000267bf00000) (1024K)]
  0x000001891dc39c30 JavaThread "Unconstrained build operations Thread 47"        [_thread_blocked, id=14884, stack(0x000000267bf00000,0x000000267c000000) (1024K)]
  0x000001891dc3a950 JavaThread "Unconstrained build operations Thread 48"        [_thread_blocked, id=14024, stack(0x000000267c000000,0x000000267c100000) (1024K)]
  0x000001891dc374d0 JavaThread "Unconstrained build operations Thread 49"        [_thread_blocked, id=31028, stack(0x000000267c100000,0x000000267c200000) (1024K)]
  0x000001891dc3afe0 JavaThread "Unconstrained build operations Thread 50"        [_thread_in_native, id=17000, stack(0x000000267c200000,0x000000267c300000) (1024K)]
  0x000001891dc37b60 JavaThread "Unconstrained build operations Thread 51"        [_thread_blocked, id=17500, stack(0x000000267c300000,0x000000267c400000) (1024K)]
  0x000001891dc3b670 JavaThread "Unconstrained build operations Thread 52"        [_thread_blocked, id=9452, stack(0x000000267c400000,0x000000267c500000) (1024K)]
  0x000001891dc3bd00 JavaThread "Unconstrained build operations Thread 53"        [_thread_blocked, id=13256, stack(0x000000267c500000,0x000000267c600000) (1024K)]
  0x000001891dc38880 JavaThread "Unconstrained build operations Thread 54"        [_thread_blocked, id=13524, stack(0x000000267c600000,0x000000267c700000) (1024K)]
  0x000001891dc38f10 JavaThread "Unconstrained build operations Thread 55"        [_thread_blocked, id=9332, stack(0x000000267c700000,0x000000267c800000) (1024K)]
  0x000001891dc3eaf0 JavaThread "Unconstrained build operations Thread 56"        [_thread_blocked, id=29784, stack(0x000000267c800000,0x000000267c900000) (1024K)]
  0x000001891dc3c390 JavaThread "Unconstrained build operations Thread 57"        [_thread_blocked, id=21904, stack(0x000000267c900000,0x000000267ca00000) (1024K)]
  0x000001891dc3d0b0 JavaThread "Unconstrained build operations Thread 58"        [_thread_in_native, id=30980, stack(0x000000267ca00000,0x000000267cb00000) (1024K)]
  0x000001891dc3ca20 JavaThread "Unconstrained build operations Thread 59"        [_thread_in_native, id=12556, stack(0x000000267cb00000,0x000000267cc00000) (1024K)]
  0x000001891dc3d740 JavaThread "Unconstrained build operations Thread 60"        [_thread_in_native, id=1532, stack(0x000000267cc00000,0x000000267cd00000) (1024K)]
  0x000001891dc3ddd0 JavaThread "Unconstrained build operations Thread 61"        [_thread_in_native, id=6668, stack(0x000000267cd00000,0x000000267ce00000) (1024K)]
  0x000001891dc3e460 JavaThread "Unconstrained build operations Thread 62"        [_thread_in_native, id=11356, stack(0x000000267ce00000,0x000000267cf00000) (1024K)]
  0x0000018924b997e0 JavaThread "Unconstrained build operations Thread 63"        [_thread_blocked, id=9740, stack(0x000000267cf00000,0x000000267d000000) (1024K)]
  0x0000018924ba0770 JavaThread "Unconstrained build operations Thread 64"        [_thread_in_native, id=14728, stack(0x000000267d000000,0x000000267d100000) (1024K)]
  0x0000018924b9d2f0 JavaThread "Unconstrained build operations Thread 65"        [_thread_blocked, id=26672, stack(0x000000267d100000,0x000000267d200000) (1024K)]
  0x0000018924b9d980 JavaThread "Unconstrained build operations Thread 66"        [_thread_blocked, id=27244, stack(0x000000267d200000,0x000000267d300000) (1024K)]
  0x000001891ebb36e0 JavaThread "Unconstrained build operations Thread 67"        [_thread_blocked, id=11040, stack(0x000000267d300000,0x000000267d400000) (1024K)]
  0x000001891ebb3d70 JavaThread "Unconstrained build operations Thread 68"        [_thread_blocked, id=25480, stack(0x000000267d400000,0x000000267d500000) (1024K)]
  0x000001891ebb4400 JavaThread "Unconstrained build operations Thread 69"        [_thread_blocked, id=29796, stack(0x000000267d500000,0x000000267d600000) (1024K)]
  0x00000189222cab30 JavaThread "Unconstrained build operations Thread 70"        [_thread_blocked, id=29824, stack(0x000000267d600000,0x000000267d700000) (1024K)]
  0x00000189222cb850 JavaThread "Unconstrained build operations Thread 71"        [_thread_blocked, id=12404, stack(0x000000267d700000,0x000000267d800000) (1024K)]
  0x000001891d899090 JavaThread "Unconstrained build operations Thread 72"        [_thread_blocked, id=29812, stack(0x000000267d800000,0x000000267d900000) (1024K)]
  0x000001891d896fc0 JavaThread "Unconstrained build operations Thread 73"        [_thread_blocked, id=24060, stack(0x000000267d900000,0x000000267da00000) (1024K)]
  0x000001891d89aad0 JavaThread "Unconstrained build operations Thread 74"        [_thread_blocked, id=30592, stack(0x000000267da00000,0x000000267db00000) (1024K)]
  0x000001891d899720 JavaThread "Unconstrained build operations Thread 75"        [_thread_blocked, id=11032, stack(0x000000267db00000,0x000000267dc00000) (1024K)]
  0x000001891d899db0 JavaThread "Unconstrained build operations Thread 76"        [_thread_blocked, id=31416, stack(0x000000267dc00000,0x000000267dd00000) (1024K)]
  0x000001891d898370 JavaThread "Unconstrained build operations Thread 77"        [_thread_blocked, id=3464, stack(0x000000267dd00000,0x000000267de00000) (1024K)]
  0x000001891d898a00 JavaThread "jar transforms Thread 4"           [_thread_blocked, id=28700, stack(0x000000267de00000,0x000000267df00000) (1024K)]
  0x000001891d897650 JavaThread "jar transforms Thread 5"           [_thread_blocked, id=21436, stack(0x000000267e000000,0x000000267e100000) (1024K)]
  0x000001891d897ce0 JavaThread "Unconstrained build operations Thread 78"        [_thread_blocked, id=2364, stack(0x000000267df00000,0x000000267e000000) (1024K)]
  0x000001891d89df50 JavaThread "Unconstrained build operations Thread 79"        [_thread_blocked, id=10500, stack(0x000000267e100000,0x000000267e200000) (1024K)]
  0x000001891d89c510 JavaThread "Unconstrained build operations Thread 80"        [_thread_blocked, id=31600, stack(0x000000267e200000,0x000000267e300000) (1024K)]
  0x000001891ff5f9d0 JavaThread "jar transforms Thread 6"           [_thread_blocked, id=3752, stack(0x000000267e300000,0x000000267e400000) (1024K)]
  0x000001891ff5cbe0 JavaThread "jar transforms Thread 7"           [_thread_blocked, id=21116, stack(0x000000267e400000,0x000000267e500000) (1024K)]
  0x000001891ff61aa0 JavaThread "jar transforms Thread 8"           [_thread_blocked, id=27248, stack(0x000000267e500000,0x000000267e600000) (1024K)]
  0x000001891ff59760 JavaThread "Problems report writer"            [_thread_blocked, id=12604, stack(0x000000267e700000,0x000000267e800000) (1024K)]
  0x000001891ff5b830 JavaThread "build event listener"              [_thread_blocked, id=30300, stack(0x000000267e800000,0x000000267e900000) (1024K)]
  0x00000189241c1ef0 JavaThread "Exec process"                      [_thread_blocked, id=31316, stack(0x0000002674800000,0x0000002674900000) (1024K)]
  0x00000189241c2580 JavaThread "Exec process Thread 2"             [_thread_blocked, id=6916, stack(0x0000002674900000,0x0000002674a00000) (1024K)]
  0x00000189241c4ce0 JavaThread "Exec process Thread 3"             [_thread_blocked, id=1084, stack(0x000000267e600000,0x000000267e700000) (1024K)]
  0x000001892403c770 JavaThread "C2 CompilerThread1"         daemon [_thread_blocked, id=25824, stack(0x000000267e900000,0x000000267ea00000) (1024K)]
Total: 148

Other Threads:
  0x00000188d786fba0 VMThread "VM Thread"                           [id=9372, stack(0x0000002675100000,0x0000002675200000) (1024K)]
  0x00000188d785d790 WatcherThread "VM Periodic Task Thread"        [id=5204, stack(0x0000002675000000,0x0000002675100000) (1024K)]
  0x00000188bd9a4030 WorkerThread "GC Thread#0"                     [id=29980, stack(0x0000002674b00000,0x0000002674c00000) (1024K)]
  0x00000188d7cca450 WorkerThread "GC Thread#1"                     [id=29908, stack(0x0000002675d00000,0x0000002675e00000) (1024K)]
  0x000001891d1872a0 WorkerThread "GC Thread#2"                     [id=13316, stack(0x0000002675e00000,0x0000002675f00000) (1024K)]
  0x000001891d87f4f0 WorkerThread "GC Thread#3"                     [id=27160, stack(0x0000002675f00000,0x0000002676000000) (1024K)]
  0x000001891db3c990 WorkerThread "GC Thread#4"                     [id=31012, stack(0x0000002676000000,0x0000002676100000) (1024K)]
  0x000001891d7be9c0 WorkerThread "GC Thread#5"                     [id=6824, stack(0x0000002676400000,0x0000002676500000) (1024K)]
  0x000001891e8c3ce0 WorkerThread "GC Thread#6"                     [id=20540, stack(0x0000002676500000,0x0000002676600000) (1024K)]
  0x000001891e8c4090 WorkerThread "GC Thread#7"                     [id=30628, stack(0x0000002676600000,0x0000002676700000) (1024K)]
  0x00000188bd9b7550 ConcurrentGCThread "G1 Main Marker"            [id=31024, stack(0x0000002674c00000,0x0000002674d00000) (1024K)]
  0x00000188bd9b7f60 WorkerThread "G1 Conc#0"                       [id=29828, stack(0x0000002674d00000,0x0000002674e00000) (1024K)]
  0x0000018920b26a80 WorkerThread "G1 Conc#1"                       [id=6424, stack(0x0000002677200000,0x0000002677300000) (1024K)]
  0x00000188d7724b50 ConcurrentGCThread "G1 Refine#0"               [id=21772, stack(0x0000002674e00000,0x0000002674f00000) (1024K)]
  0x00000188d7725fa0 ConcurrentGCThread "G1 Service"                [id=30936, stack(0x0000002674f00000,0x0000002675000000) (1024K)]
Total: 15

Threads with active compile tasks:
C2 CompilerThread0  87882 16565   !   4       org.gradle.internal.execution.history.impl.DefaultImmutableWorkspaceMetadataStore::loadWorkspaceMetadata (185 bytes)
Total: 1

VM state: not at safepoint (normal execution)

VM Mutex/Monitor currently owned by a thread: None

Heap address: 0x0000000700000000, size: 4096 MB, Compressed Oops mode: Zero based, Oop shift amount: 3

CDS archive(s) mapped at: [0x00000188d8000000-0x00000188d8ba0000-0x00000188d8ba0000), size 12189696, SharedBaseAddress: 0x00000188d8000000, ArchiveRelocationMode: 1.
Compressed class space mapped at: 0x00000188d9000000-0x0000018919000000, reserved size: 1073741824
Narrow klass base: 0x00000188d8000000, Narrow klass shift: 0, Narrow klass range: 0x100000000

GC Precious Log:
 CardTable entry size: 512
 Card Set container configuration: InlinePtr #cards 4 size 8 Array Of Cards #cards 16 size 48 Howl #buckets 8 coarsen threshold 3686 Howl Bitmap #cards 512 size 80 coarsen threshold 460 Card regions per heap region 1 cards per card region 4096
 CPUs: 8 total, 8 available
 Memory: 7502M
 Large Page Support: Disabled
 NUMA Support: Disabled
 Compressed Oops: Enabled (Zero based)
 Heap Region Size: 2M
 Heap Min Capacity: 8M
 Heap Initial Capacity: 118M
 Heap Max Capacity: 4G
 Pre-touch: Disabled
 Parallel Workers: 8
 Concurrent Workers: 2
 Concurrent Refinement Workers: 8
 Periodic GC: Disabled

Heap:
 garbage-first heap   total 358400K, used 230934K [0x0000000700000000, 0x0000000800000000)
  region size 2048K, 16 young (32768K), 6 survivors (12288K)
 Metaspace       used 114549K, committed 117568K, reserved 1179648K
  class space    used 16237K, committed 17664K, reserved 1048576K

Heap Regions: E=young(eden), S=young(survivor), O=old, HS=humongous(starts), HC=humongous(continues), CS=collection set, F=free, TAMS=top-at-mark-start, PB=parsable bottom
|   0|0x0000000700000000, 0x0000000700200000, 0x0000000700200000|100%|HS|  |TAMS 0x0000000700000000| PB 0x0000000700000000| Complete 
|   1|0x0000000700200000, 0x0000000700400000, 0x0000000700400000|100%|HC|  |TAMS 0x0000000700200000| PB 0x0000000700200000| Complete 
|   2|0x0000000700400000, 0x0000000700600000, 0x0000000700600000|100%| O|  |TAMS 0x0000000700400000| PB 0x0000000700400000| Untracked 
|   3|0x0000000700600000, 0x0000000700800000, 0x0000000700800000|100%| O|  |TAMS 0x0000000700600000| PB 0x0000000700600000| Untracked 
|   4|0x0000000700800000, 0x0000000700a00000, 0x0000000700a00000|100%| O|  |TAMS 0x0000000700800000| PB 0x0000000700800000| Untracked 
|   5|0x0000000700a00000, 0x0000000700c00000, 0x0000000700c00000|100%| O|  |TAMS 0x0000000700a00000| PB 0x0000000700a00000| Untracked 
|   6|0x0000000700c00000, 0x0000000700e00000, 0x0000000700e00000|100%| O|  |TAMS 0x0000000700c00000| PB 0x0000000700c00000| Untracked 
|   7|0x0000000700e00000, 0x0000000701000000, 0x0000000701000000|100%| O|  |TAMS 0x0000000700e00000| PB 0x0000000700e00000| Untracked 
|   8|0x0000000701000000, 0x0000000701200000, 0x0000000701200000|100%| O|  |TAMS 0x0000000701000000| PB 0x0000000701000000| Untracked 
|   9|0x0000000701200000, 0x0000000701400000, 0x0000000701400000|100%| O|  |TAMS 0x0000000701200000| PB 0x0000000701200000| Untracked 
|  10|0x0000000701400000, 0x0000000701600000, 0x0000000701600000|100%| O|  |TAMS 0x0000000701400000| PB 0x0000000701400000| Untracked 
|  11|0x0000000701600000, 0x0000000701800000, 0x0000000701800000|100%| O|  |TAMS 0x0000000701600000| PB 0x0000000701600000| Untracked 
|  12|0x0000000701800000, 0x0000000701a00000, 0x0000000701a00000|100%| O|  |TAMS 0x0000000701800000| PB 0x0000000701800000| Untracked 
|  13|0x0000000701a00000, 0x0000000701c00000, 0x0000000701c00000|100%| O|  |TAMS 0x0000000701a00000| PB 0x0000000701a00000| Untracked 
|  14|0x0000000701c00000, 0x0000000701e00000, 0x0000000701e00000|100%| O|  |TAMS 0x0000000701c00000| PB 0x0000000701c00000| Untracked 
|  15|0x0000000701e00000, 0x0000000702000000, 0x0000000702000000|100%| O|  |TAMS 0x0000000701e00000| PB 0x0000000701e00000| Untracked 
|  16|0x0000000702000000, 0x0000000702200000, 0x0000000702200000|100%| O|  |TAMS 0x0000000702000000| PB 0x0000000702000000| Untracked 
|  17|0x0000000702200000, 0x0000000702400000, 0x0000000702400000|100%| O|  |TAMS 0x0000000702200000| PB 0x0000000702200000| Untracked 
|  18|0x0000000702400000, 0x0000000702600000, 0x0000000702600000|100%| O|  |TAMS 0x0000000702400000| PB 0x0000000702400000| Untracked 
|  19|0x0000000702600000, 0x0000000702800000, 0x0000000702800000|100%| O|  |TAMS 0x0000000702600000| PB 0x0000000702600000| Untracked 
|  20|0x0000000702800000, 0x0000000702a00000, 0x0000000702a00000|100%|HS|  |TAMS 0x0000000702800000| PB 0x0000000702800000| Complete 
|  21|0x0000000702a00000, 0x0000000702c00000, 0x0000000702c00000|100%|HC|  |TAMS 0x0000000702a00000| PB 0x0000000702a00000| Complete 
|  22|0x0000000702c00000, 0x0000000702e00000, 0x0000000702e00000|100%| O|  |TAMS 0x0000000702c00000| PB 0x0000000702c00000| Untracked 
|  23|0x0000000702e00000, 0x0000000703000000, 0x0000000703000000|100%|HS|  |TAMS 0x0000000702e00000| PB 0x0000000702e00000| Complete 
|  24|0x0000000703000000, 0x0000000703200000, 0x0000000703200000|100%|HC|  |TAMS 0x0000000703000000| PB 0x0000000703000000| Complete 
|  25|0x0000000703200000, 0x0000000703400000, 0x0000000703400000|100%| O|  |TAMS 0x0000000703200000| PB 0x0000000703200000| Untracked 
|  26|0x0000000703400000, 0x0000000703600000, 0x0000000703600000|100%| O|  |TAMS 0x0000000703400000| PB 0x0000000703400000| Untracked 
|  27|0x0000000703600000, 0x0000000703800000, 0x0000000703800000|100%| O|  |TAMS 0x0000000703600000| PB 0x0000000703600000| Untracked 
|  28|0x0000000703800000, 0x0000000703a00000, 0x0000000703a00000|100%| O|  |TAMS 0x0000000703800000| PB 0x0000000703800000| Untracked 
|  29|0x0000000703a00000, 0x0000000703c00000, 0x0000000703c00000|100%| O|  |TAMS 0x0000000703a00000| PB 0x0000000703a00000| Untracked 
|  30|0x0000000703c00000, 0x0000000703e00000, 0x0000000703e00000|100%| O|  |TAMS 0x0000000703c00000| PB 0x0000000703c00000| Untracked 
|  31|0x0000000703e00000, 0x0000000704000000, 0x0000000704000000|100%| O|  |TAMS 0x0000000703e00000| PB 0x0000000703e00000| Untracked 
|  32|0x0000000704000000, 0x0000000704200000, 0x0000000704200000|100%| O|  |TAMS 0x0000000704000000| PB 0x0000000704000000| Untracked 
|  33|0x0000000704200000, 0x0000000704400000, 0x0000000704400000|100%| O|  |TAMS 0x0000000704200000| PB 0x0000000704200000| Untracked 
|  34|0x0000000704400000, 0x0000000704600000, 0x0000000704600000|100%| O|  |TAMS 0x0000000704400000| PB 0x0000000704400000| Untracked 
|  35|0x0000000704600000, 0x0000000704800000, 0x0000000704800000|100%| O|  |TAMS 0x0000000704600000| PB 0x0000000704600000| Untracked 
|  36|0x0000000704800000, 0x0000000704a00000, 0x0000000704a00000|100%| O|  |TAMS 0x0000000704800000| PB 0x0000000704800000| Untracked 
|  37|0x0000000704a00000, 0x0000000704c00000, 0x0000000704c00000|100%| O|  |TAMS 0x0000000704a00000| PB 0x0000000704a00000| Untracked 
|  38|0x0000000704c00000, 0x0000000704e00000, 0x0000000704e00000|100%| O|  |TAMS 0x0000000704c00000| PB 0x0000000704c00000| Untracked 
|  39|0x0000000704e00000, 0x0000000705000000, 0x0000000705000000|100%| O|  |TAMS 0x0000000704e00000| PB 0x0000000704e00000| Untracked 
|  40|0x0000000705000000, 0x0000000705200000, 0x0000000705200000|100%| O|  |TAMS 0x0000000705000000| PB 0x0000000705000000| Untracked 
|  41|0x0000000705200000, 0x0000000705400000, 0x0000000705400000|100%| O|  |TAMS 0x0000000705200000| PB 0x0000000705200000| Untracked 
|  42|0x0000000705400000, 0x0000000705600000, 0x0000000705600000|100%| O|  |TAMS 0x0000000705400000| PB 0x0000000705400000| Untracked 
|  43|0x0000000705600000, 0x0000000705800000, 0x0000000705800000|100%| O|  |TAMS 0x0000000705600000| PB 0x0000000705600000| Untracked 
|  44|0x0000000705800000, 0x0000000705a00000, 0x0000000705a00000|100%| O|  |TAMS 0x0000000705800000| PB 0x0000000705800000| Untracked 
|  45|0x0000000705a00000, 0x0000000705c00000, 0x0000000705c00000|100%| O|  |TAMS 0x0000000705a00000| PB 0x0000000705a00000| Untracked 
|  46|0x0000000705c00000, 0x0000000705e00000, 0x0000000705e00000|100%| O|  |TAMS 0x0000000705c00000| PB 0x0000000705c00000| Untracked 
|  47|0x0000000705e00000, 0x0000000706000000, 0x0000000706000000|100%| O|  |TAMS 0x0000000705e00000| PB 0x0000000705e00000| Untracked 
|  48|0x0000000706000000, 0x0000000706200000, 0x0000000706200000|100%| O|  |TAMS 0x0000000706000000| PB 0x0000000706000000| Untracked 
|  49|0x0000000706200000, 0x0000000706400000, 0x0000000706400000|100%| O|  |TAMS 0x0000000706200000| PB 0x0000000706200000| Untracked 
|  50|0x0000000706400000, 0x0000000706600000, 0x0000000706600000|100%| O|  |TAMS 0x0000000706400000| PB 0x0000000706400000| Untracked 
|  51|0x0000000706600000, 0x0000000706800000, 0x0000000706800000|100%| O|  |TAMS 0x0000000706600000| PB 0x0000000706600000| Untracked 
|  52|0x0000000706800000, 0x0000000706a00000, 0x0000000706a00000|100%|HS|  |TAMS 0x0000000706800000| PB 0x0000000706800000| Complete 
|  53|0x0000000706a00000, 0x0000000706c00000, 0x0000000706c00000|100%|HC|  |TAMS 0x0000000706a00000| PB 0x0000000706a00000| Complete 
|  54|0x0000000706c00000, 0x0000000706e00000, 0x0000000706e00000|100%| O|  |TAMS 0x0000000706c00000| PB 0x0000000706c00000| Untracked 
|  55|0x0000000706e00000, 0x0000000707000000, 0x0000000707000000|100%| O|  |TAMS 0x0000000706e00000| PB 0x0000000706e00000| Untracked 
|  56|0x0000000707000000, 0x0000000707200000, 0x0000000707200000|100%| O|  |TAMS 0x0000000707000000| PB 0x0000000707000000| Untracked 
|  57|0x0000000707200000, 0x0000000707400000, 0x0000000707400000|100%| O|  |TAMS 0x0000000707200000| PB 0x0000000707200000| Untracked 
|  58|0x0000000707400000, 0x0000000707600000, 0x0000000707600000|100%| O|  |TAMS 0x0000000707400000| PB 0x0000000707400000| Untracked 
|  59|0x0000000707600000, 0x0000000707800000, 0x0000000707800000|100%| O|  |TAMS 0x0000000707600000| PB 0x0000000707600000| Untracked 
|  60|0x0000000707800000, 0x0000000707a00000, 0x0000000707a00000|100%|HS|  |TAMS 0x0000000707800000| PB 0x0000000707800000| Complete 
|  61|0x0000000707a00000, 0x0000000707c00000, 0x0000000707c00000|100%|HS|  |TAMS 0x0000000707a00000| PB 0x0000000707a00000| Complete 
|  62|0x0000000707c00000, 0x0000000707e00000, 0x0000000707e00000|100%|HC|  |TAMS 0x0000000707c00000| PB 0x0000000707c00000| Complete 
|  63|0x0000000707e00000, 0x0000000708000000, 0x0000000708000000|100%| O|  |TAMS 0x0000000707e00000| PB 0x0000000707e00000| Untracked 
|  64|0x0000000708000000, 0x0000000708200000, 0x0000000708200000|100%| O|  |TAMS 0x0000000708000000| PB 0x0000000708000000| Untracked 
|  65|0x0000000708200000, 0x0000000708400000, 0x0000000708400000|100%| O|  |TAMS 0x0000000708200000| PB 0x0000000708200000| Untracked 
|  66|0x0000000708400000, 0x0000000708600000, 0x0000000708600000|100%| O|  |TAMS 0x0000000708400000| PB 0x0000000708400000| Untracked 
|  67|0x0000000708600000, 0x0000000708800000, 0x0000000708800000|100%| O|  |TAMS 0x0000000708600000| PB 0x0000000708600000| Untracked 
|  68|0x0000000708800000, 0x0000000708a00000, 0x0000000708a00000|100%| O|  |TAMS 0x0000000708800000| PB 0x0000000708800000| Untracked 
|  69|0x0000000708a00000, 0x0000000708c00000, 0x0000000708c00000|100%| O|  |TAMS 0x0000000708a00000| PB 0x0000000708a00000| Untracked 
|  70|0x0000000708c00000, 0x0000000708e00000, 0x0000000708e00000|100%| O|  |TAMS 0x0000000708c00000| PB 0x0000000708c00000| Untracked 
|  71|0x0000000708e00000, 0x0000000709000000, 0x0000000709000000|100%| O|  |TAMS 0x0000000708e00000| PB 0x0000000708e00000| Untracked 
|  72|0x0000000709000000, 0x0000000709200000, 0x0000000709200000|100%| O|  |TAMS 0x0000000709000000| PB 0x0000000709000000| Untracked 
|  73|0x0000000709200000, 0x0000000709400000, 0x0000000709400000|100%| O|  |TAMS 0x0000000709200000| PB 0x0000000709200000| Untracked 
|  74|0x0000000709400000, 0x0000000709600000, 0x0000000709600000|100%|HS|  |TAMS 0x0000000709400000| PB 0x0000000709400000| Complete 
|  75|0x0000000709600000, 0x0000000709800000, 0x0000000709800000|100%| O|  |TAMS 0x0000000709600000| PB 0x0000000709600000| Untracked 
|  76|0x0000000709800000, 0x0000000709a00000, 0x0000000709a00000|100%| O|  |TAMS 0x0000000709800000| PB 0x0000000709800000| Untracked 
|  77|0x0000000709a00000, 0x0000000709c00000, 0x0000000709c00000|100%| O|  |TAMS 0x0000000709a00000| PB 0x0000000709a00000| Untracked 
|  78|0x0000000709c00000, 0x0000000709e00000, 0x0000000709e00000|100%| O|  |TAMS 0x0000000709c00000| PB 0x0000000709c00000| Untracked 
|  79|0x0000000709e00000, 0x000000070a000000, 0x000000070a000000|100%| O|  |TAMS 0x0000000709e00000| PB 0x0000000709e00000| Untracked 
|  80|0x000000070a000000, 0x000000070a200000, 0x000000070a200000|100%| O|  |TAMS 0x000000070a000000| PB 0x000000070a000000| Untracked 
|  81|0x000000070a200000, 0x000000070a400000, 0x000000070a400000|100%| O|  |TAMS 0x000000070a200000| PB 0x000000070a200000| Untracked 
|  82|0x000000070a400000, 0x000000070a600000, 0x000000070a600000|100%| O|Cm|TAMS 0x000000070a400000| PB 0x000000070a400000| Complete 
|  83|0x000000070a600000, 0x000000070a800000, 0x000000070a800000|100%| O|  |TAMS 0x000000070a600000| PB 0x000000070a600000| Untracked 
|  84|0x000000070a800000, 0x000000070aa00000, 0x000000070aa00000|100%| O|  |TAMS 0x000000070a800000| PB 0x000000070a800000| Untracked 
|  85|0x000000070aa00000, 0x000000070ac00000, 0x000000070ac00000|100%| O|  |TAMS 0x000000070aa00000| PB 0x000000070aa00000| Untracked 
|  86|0x000000070ac00000, 0x000000070ae00000, 0x000000070ae00000|100%| O|  |TAMS 0x000000070ac00000| PB 0x000000070ac00000| Untracked 
|  87|0x000000070ae00000, 0x000000070b000000, 0x000000070b000000|100%| O|Cm|TAMS 0x000000070ae00000| PB 0x000000070ae00000| Complete 
|  88|0x000000070b000000, 0x000000070b200000, 0x000000070b200000|100%| O|  |TAMS 0x000000070b000000| PB 0x000000070b000000| Untracked 
|  89|0x000000070b200000, 0x000000070b400000, 0x000000070b400000|100%| O|  |TAMS 0x000000070b200000| PB 0x000000070b200000| Untracked 
|  90|0x000000070b400000, 0x000000070b600000, 0x000000070b600000|100%| O|  |TAMS 0x000000070b400000| PB 0x000000070b400000| Untracked 
|  91|0x000000070b600000, 0x000000070b800000, 0x000000070b800000|100%| O|  |TAMS 0x000000070b600000| PB 0x000000070b600000| Untracked 
|  92|0x000000070b800000, 0x000000070ba00000, 0x000000070ba00000|100%| O|Cm|TAMS 0x000000070b800000| PB 0x000000070b800000| Complete 
|  93|0x000000070ba00000, 0x000000070bc00000, 0x000000070bc00000|100%| O|  |TAMS 0x000000070ba00000| PB 0x000000070ba00000| Untracked 
|  94|0x000000070bc00000, 0x000000070be00000, 0x000000070be00000|100%| O|  |TAMS 0x000000070bc00000| PB 0x000000070bc00000| Untracked 
|  95|0x000000070be00000, 0x000000070bf4b418, 0x000000070c000000| 64%| O|  |TAMS 0x000000070be00000| PB 0x000000070be00000| Untracked 
|  96|0x000000070c000000, 0x000000070c000000, 0x000000070c200000|  0%| F|  |TAMS 0x000000070c000000| PB 0x000000070c000000| Untracked 
|  97|0x000000070c200000, 0x000000070c200000, 0x000000070c400000|  0%| F|  |TAMS 0x000000070c200000| PB 0x000000070c200000| Untracked 
|  98|0x000000070c400000, 0x000000070c400000, 0x000000070c600000|  0%| F|  |TAMS 0x000000070c400000| PB 0x000000070c400000| Untracked 
|  99|0x000000070c600000, 0x000000070c600000, 0x000000070c800000|  0%| F|  |TAMS 0x000000070c600000| PB 0x000000070c600000| Untracked 
| 100|0x000000070c800000, 0x000000070c800000, 0x000000070ca00000|  0%| F|  |TAMS 0x000000070c800000| PB 0x000000070c800000| Untracked 
| 101|0x000000070ca00000, 0x000000070ca00000, 0x000000070cc00000|  0%| F|  |TAMS 0x000000070ca00000| PB 0x000000070ca00000| Untracked 
| 102|0x000000070cc00000, 0x000000070cc00000, 0x000000070ce00000|  0%| F|  |TAMS 0x000000070cc00000| PB 0x000000070cc00000| Untracked 
| 103|0x000000070ce00000, 0x000000070ce00000, 0x000000070d000000|  0%| F|  |TAMS 0x000000070ce00000| PB 0x000000070ce00000| Untracked 
| 104|0x000000070d000000, 0x000000070d000000, 0x000000070d200000|  0%| F|  |TAMS 0x000000070d000000| PB 0x000000070d000000| Untracked 
| 105|0x000000070d200000, 0x000000070d200000, 0x000000070d400000|  0%| F|  |TAMS 0x000000070d200000| PB 0x000000070d200000| Untracked 
| 106|0x000000070d400000, 0x000000070d400000, 0x000000070d600000|  0%| F|  |TAMS 0x000000070d400000| PB 0x000000070d400000| Untracked 
| 107|0x000000070d600000, 0x000000070d63a550, 0x000000070d800000| 11%| S|CS|TAMS 0x000000070d600000| PB 0x000000070d600000| Complete 
| 108|0x000000070d800000, 0x000000070da00000, 0x000000070da00000|100%| S|CS|TAMS 0x000000070d800000| PB 0x000000070d800000| Complete 
| 109|0x000000070da00000, 0x000000070dc00000, 0x000000070dc00000|100%| S|CS|TAMS 0x000000070da00000| PB 0x000000070da00000| Complete 
| 110|0x000000070dc00000, 0x000000070de00000, 0x000000070de00000|100%| S|CS|TAMS 0x000000070dc00000| PB 0x000000070dc00000| Complete 
| 111|0x000000070de00000, 0x000000070e000000, 0x000000070e000000|100%| S|CS|TAMS 0x000000070de00000| PB 0x000000070de00000| Complete 
| 112|0x000000070e000000, 0x000000070e200000, 0x000000070e200000|100%| S|CS|TAMS 0x000000070e000000| PB 0x000000070e000000| Complete 
| 113|0x000000070e200000, 0x000000070e200000, 0x000000070e400000|  0%| F|  |TAMS 0x000000070e200000| PB 0x000000070e200000| Untracked 
| 114|0x000000070e400000, 0x000000070e400000, 0x000000070e600000|  0%| F|  |TAMS 0x000000070e400000| PB 0x000000070e400000| Untracked 
| 115|0x000000070e600000, 0x000000070e600000, 0x000000070e800000|  0%| F|  |TAMS 0x000000070e600000| PB 0x000000070e600000| Untracked 
| 116|0x000000070e800000, 0x000000070e800000, 0x000000070ea00000|  0%| F|  |TAMS 0x000000070e800000| PB 0x000000070e800000| Untracked 
| 117|0x000000070ea00000, 0x000000070ea00000, 0x000000070ec00000|  0%| F|  |TAMS 0x000000070ea00000| PB 0x000000070ea00000| Untracked 
| 118|0x000000070ec00000, 0x000000070ec00000, 0x000000070ee00000|  0%| F|  |TAMS 0x000000070ec00000| PB 0x000000070ec00000| Untracked 
| 119|0x000000070ee00000, 0x000000070ee00000, 0x000000070f000000|  0%| F|  |TAMS 0x000000070ee00000| PB 0x000000070ee00000| Untracked 
| 120|0x000000070f000000, 0x000000070f000000, 0x000000070f200000|  0%| F|  |TAMS 0x000000070f000000| PB 0x000000070f000000| Untracked 
| 121|0x000000070f200000, 0x000000070f200000, 0x000000070f400000|  0%| F|  |TAMS 0x000000070f200000| PB 0x000000070f200000| Untracked 
| 122|0x000000070f400000, 0x000000070f400000, 0x000000070f600000|  0%| F|  |TAMS 0x000000070f400000| PB 0x000000070f400000| Untracked 
| 123|0x000000070f600000, 0x000000070f600000, 0x000000070f800000|  0%| F|  |TAMS 0x000000070f600000| PB 0x000000070f600000| Untracked 
| 124|0x000000070f800000, 0x000000070f800000, 0x000000070fa00000|  0%| F|  |TAMS 0x000000070f800000| PB 0x000000070f800000| Untracked 
| 125|0x000000070fa00000, 0x000000070fa00000, 0x000000070fc00000|  0%| F|  |TAMS 0x000000070fa00000| PB 0x000000070fa00000| Untracked 
| 126|0x000000070fc00000, 0x000000070fc00000, 0x000000070fe00000|  0%| F|  |TAMS 0x000000070fc00000| PB 0x000000070fc00000| Untracked 
| 127|0x000000070fe00000, 0x000000070fe00000, 0x0000000710000000|  0%| F|  |TAMS 0x000000070fe00000| PB 0x000000070fe00000| Untracked 
| 128|0x0000000710000000, 0x0000000710000000, 0x0000000710200000|  0%| F|  |TAMS 0x0000000710000000| PB 0x0000000710000000| Untracked 
| 129|0x0000000710200000, 0x0000000710200000, 0x0000000710400000|  0%| F|  |TAMS 0x0000000710200000| PB 0x0000000710200000| Untracked 
| 130|0x0000000710400000, 0x0000000710400000, 0x0000000710600000|  0%| F|  |TAMS 0x0000000710400000| PB 0x0000000710400000| Untracked 
| 131|0x0000000710600000, 0x0000000710600000, 0x0000000710800000|  0%| F|  |TAMS 0x0000000710600000| PB 0x0000000710600000| Untracked 
| 132|0x0000000710800000, 0x0000000710800000, 0x0000000710a00000|  0%| F|  |TAMS 0x0000000710800000| PB 0x0000000710800000| Untracked 
| 133|0x0000000710a00000, 0x0000000710a00000, 0x0000000710c00000|  0%| F|  |TAMS 0x0000000710a00000| PB 0x0000000710a00000| Untracked 
| 134|0x0000000710c00000, 0x0000000710c00000, 0x0000000710e00000|  0%| F|  |TAMS 0x0000000710c00000| PB 0x0000000710c00000| Untracked 
| 135|0x0000000710e00000, 0x0000000710e00000, 0x0000000711000000|  0%| F|  |TAMS 0x0000000710e00000| PB 0x0000000710e00000| Untracked 
| 136|0x0000000711000000, 0x0000000711000000, 0x0000000711200000|  0%| F|  |TAMS 0x0000000711000000| PB 0x0000000711000000| Untracked 
| 137|0x0000000711200000, 0x0000000711200000, 0x0000000711400000|  0%| F|  |TAMS 0x0000000711200000| PB 0x0000000711200000| Untracked 
| 138|0x0000000711400000, 0x0000000711400000, 0x0000000711600000|  0%| F|  |TAMS 0x0000000711400000| PB 0x0000000711400000| Untracked 
| 139|0x0000000711600000, 0x0000000711600000, 0x0000000711800000|  0%| F|  |TAMS 0x0000000711600000| PB 0x0000000711600000| Untracked 
| 140|0x0000000711800000, 0x0000000711800000, 0x0000000711a00000|  0%| F|  |TAMS 0x0000000711800000| PB 0x0000000711800000| Untracked 
| 141|0x0000000711a00000, 0x0000000711a00000, 0x0000000711c00000|  0%| F|  |TAMS 0x0000000711a00000| PB 0x0000000711a00000| Untracked 
| 142|0x0000000711c00000, 0x0000000711c00000, 0x0000000711e00000|  0%| F|  |TAMS 0x0000000711c00000| PB 0x0000000711c00000| Untracked 
| 143|0x0000000711e00000, 0x0000000711e00000, 0x0000000712000000|  0%| F|  |TAMS 0x0000000711e00000| PB 0x0000000711e00000| Untracked 
| 144|0x0000000712000000, 0x0000000712000000, 0x0000000712200000|  0%| F|  |TAMS 0x0000000712000000| PB 0x0000000712000000| Untracked 
| 145|0x0000000712200000, 0x0000000712200000, 0x0000000712400000|  0%| F|  |TAMS 0x0000000712200000| PB 0x0000000712200000| Untracked 
| 146|0x0000000712400000, 0x0000000712600000, 0x0000000712600000|100%| E|CS|TAMS 0x0000000712400000| PB 0x0000000712400000| Complete 
| 147|0x0000000712600000, 0x0000000712800000, 0x0000000712800000|100%| E|CS|TAMS 0x0000000712600000| PB 0x0000000712600000| Complete 
| 148|0x0000000712800000, 0x0000000712a00000, 0x0000000712a00000|100%| E|CS|TAMS 0x0000000712800000| PB 0x0000000712800000| Complete 
| 149|0x0000000712a00000, 0x0000000712c00000, 0x0000000712c00000|100%| E|CS|TAMS 0x0000000712a00000| PB 0x0000000712a00000| Complete 
| 150|0x0000000712c00000, 0x0000000712c00000, 0x0000000712e00000|  0%| F|  |TAMS 0x0000000712c00000| PB 0x0000000712c00000| Untracked 
| 151|0x0000000712e00000, 0x0000000712e00000, 0x0000000713000000|  0%| F|  |TAMS 0x0000000712e00000| PB 0x0000000712e00000| Untracked 
| 152|0x0000000713000000, 0x0000000713000000, 0x0000000713200000|  0%| F|  |TAMS 0x0000000713000000| PB 0x0000000713000000| Untracked 
| 153|0x0000000713200000, 0x0000000713200000, 0x0000000713400000|  0%| F|  |TAMS 0x0000000713200000| PB 0x0000000713200000| Untracked 
| 154|0x0000000713400000, 0x0000000713400000, 0x0000000713600000|  0%| F|  |TAMS 0x0000000713400000| PB 0x0000000713400000| Untracked 
| 155|0x0000000713600000, 0x0000000713600000, 0x0000000713800000|  0%| F|  |TAMS 0x0000000713600000| PB 0x0000000713600000| Untracked 
| 156|0x0000000713800000, 0x0000000713800000, 0x0000000713a00000|  0%| F|  |TAMS 0x0000000713800000| PB 0x0000000713800000| Untracked 
| 157|0x0000000713a00000, 0x0000000713a00000, 0x0000000713c00000|  0%| F|  |TAMS 0x0000000713a00000| PB 0x0000000713a00000| Untracked 
| 158|0x0000000713c00000, 0x0000000713c00000, 0x0000000713e00000|  0%| F|  |TAMS 0x0000000713c00000| PB 0x0000000713c00000| Untracked 
| 159|0x0000000713e00000, 0x0000000713e00000, 0x0000000714000000|  0%| F|  |TAMS 0x0000000713e00000| PB 0x0000000713e00000| Untracked 
| 160|0x0000000714000000, 0x0000000714000000, 0x0000000714200000|  0%| F|  |TAMS 0x0000000714000000| PB 0x0000000714000000| Untracked 
| 161|0x0000000714200000, 0x0000000714200000, 0x0000000714400000|  0%| F|  |TAMS 0x0000000714200000| PB 0x0000000714200000| Untracked 
| 162|0x0000000714400000, 0x0000000714400000, 0x0000000714600000|  0%| F|  |TAMS 0x0000000714400000| PB 0x0000000714400000| Untracked 
| 163|0x0000000714600000, 0x0000000714600000, 0x0000000714800000|  0%| F|  |TAMS 0x0000000714600000| PB 0x0000000714600000| Untracked 
| 164|0x0000000714800000, 0x0000000714800000, 0x0000000714a00000|  0%| F|  |TAMS 0x0000000714800000| PB 0x0000000714800000| Untracked 
| 165|0x0000000714a00000, 0x0000000714a00000, 0x0000000714c00000|  0%| F|  |TAMS 0x0000000714a00000| PB 0x0000000714a00000| Untracked 
| 166|0x0000000714c00000, 0x0000000714dbc190, 0x0000000714e00000| 86%| E|  |TAMS 0x0000000714c00000| PB 0x0000000714c00000| Complete 
| 167|0x0000000714e00000, 0x0000000715000000, 0x0000000715000000|100%| E|CS|TAMS 0x0000000714e00000| PB 0x0000000714e00000| Complete 
| 168|0x0000000715000000, 0x0000000715200000, 0x0000000715200000|100%| E|CS|TAMS 0x0000000715000000| PB 0x0000000715000000| Complete 
| 169|0x0000000715200000, 0x0000000715400000, 0x0000000715400000|100%| E|CS|TAMS 0x0000000715200000| PB 0x0000000715200000| Complete 
|2043|0x00000007ff600000, 0x00000007ff800000, 0x00000007ff800000|100%| O|  |TAMS 0x00000007ff600000| PB 0x00000007ff600000| Untracked 
|2044|0x00000007ff800000, 0x00000007ffa00000, 0x00000007ffa00000|100%| O|  |TAMS 0x00000007ff800000| PB 0x00000007ff800000| Untracked 
|2045|0x00000007ffa00000, 0x00000007ffc00000, 0x00000007ffc00000|100%| E|CS|TAMS 0x00000007ffa00000| PB 0x00000007ffa00000| Complete 
|2046|0x00000007ffc00000, 0x00000007ffe00000, 0x00000007ffe00000|100%| E|CS|TAMS 0x00000007ffc00000| PB 0x00000007ffc00000| Complete 
|2047|0x00000007ffe00000, 0x0000000800000000, 0x0000000800000000|100%| O|  |TAMS 0x00000007ffe00000| PB 0x00000007ffe00000| Untracked 

Card table byte_map: [0x00000188d0670000,0x00000188d0e70000] _byte_map_base: 0x00000188cce70000

Marking Bits: (CMBitMap*) 0x00000188bd9a5650
 Bits: [0x00000188d0e70000, 0x00000188d4e70000)

Polling page: 0x00000188bbaf0000

Metaspace:

Usage:
  Non-class:     96.01 MB used.
      Class:     15.86 MB used.
       Both:    111.86 MB used.

Virtual space:
  Non-class space:      128.00 MB reserved,      97.56 MB ( 76%) committed,  2 nodes.
      Class space:        1.00 GB reserved,      17.25 MB (  2%) committed,  1 nodes.
             Both:        1.12 GB reserved,     114.81 MB ( 10%) committed. 

Chunk freelists:
   Non-Class:  13.80 MB
       Class:  14.72 MB
        Both:  28.52 MB

MaxMetaspaceSize: unlimited
CompressedClassSpaceSize: 1.00 GB
Initial GC threshold: 21.00 MB
Current GC threshold: 191.38 MB
CDS: on
 - commit_granule_bytes: 65536.
 - commit_granule_words: 8192.
 - virtual_space_node_default_size: 8388608.
 - enlarge_chunks_in_place: 1.
 - use_allocation_guard: 0.


Internal statistics:

num_allocs_failed_limit: 6.
num_arena_births: 4682.
num_arena_deaths: 0.
num_vsnodes_births: 3.
num_vsnodes_deaths: 0.
num_space_committed: 1837.
num_space_uncommitted: 0.
num_chunks_returned_to_freelist: 6.
num_chunks_taken_from_freelist: 10186.
num_chunk_merges: 6.
num_chunk_splits: 6642.
num_chunks_enlarged: 4192.
num_inconsistent_stats: 0.

CodeHeap 'non-profiled nmethods': size=120000Kb used=9490Kb max_used=9627Kb free=110510Kb
 bounds [0x00000188c8600000, 0x00000188c8f70000, 0x00000188cfb30000]
CodeHeap 'profiled nmethods': size=120000Kb used=25476Kb max_used=26640Kb free=94523Kb
 bounds [0x00000188c0b30000, 0x00000188c2540000, 0x00000188c8060000]
CodeHeap 'non-nmethods': size=5760Kb used=2764Kb max_used=2825Kb free=2995Kb
 bounds [0x00000188c8060000, 0x00000188c8330000, 0x00000188c8600000]
CodeCache: size=245760Kb, used=37730Kb, max_used=39092Kb, free=208028Kb
 total_blobs=14527, nmethods=13508, adapters=922, full_count=0
Compilation: enabled, stopped_count=0, restarted_count=0

Compilation events (20 events):
Event: 87.287 Thread 0x000001892403c770 16557       4       org.gradle.internal.snapshot.AbstractFileSystemLocationSnapshot::roots (5 bytes)
Event: 87.290 Thread 0x000001892403c770 nmethod 16557 0x00000188c8f50f10 code [0x00000188c8f510a0, 0x00000188c8f51240]
Event: 87.338 Thread 0x000001892403c770 16558       4       java.util.concurrent.ArrayBlockingQueue::enqueue (53 bytes)
Event: 87.353 Thread 0x000001892403c770 nmethod 16558 0x00000188c8f51390 code [0x00000188c8f51580, 0x00000188c8f51f18]
Event: 87.353 Thread 0x000001892403c770 16560   !   4       java.util.concurrent.ArrayBlockingQueue::put (58 bytes)
Event: 87.404 Thread 0x000001892403c770 nmethod 16560 0x00000188c8f52210 code [0x00000188c8f52460, 0x00000188c8f53430]
Event: 87.404 Thread 0x000001892403c770 16559       4       org.gradle.internal.Deferrable$1::completeAndGet (18 bytes)
Event: 87.426 Thread 0x000001892403c770 nmethod 16559 0x00000188c8f53b10 code [0x00000188c8f53d80, 0x00000188c8f54978]
Event: 87.442 Thread 0x00000188d789c120 nmethod 16549 0x00000188c8f55110 code [0x00000188c8f55b20, 0x00000188c8f5d220]
Event: 87.442 Thread 0x000001892403c770 16561       4       org.gradle.api.internal.artifacts.transform.TransformWorkspaceIdentity::equals (41 bytes)
Event: 87.444 Thread 0x000001892403c770 nmethod 16561 0x00000188c8f63d10 code [0x00000188c8f63ea0, 0x00000188c8f64108]
Event: 87.495 Thread 0x000001892403c770 16562   !   4       java.util.concurrent.LinkedBlockingQueue::poll (128 bytes)
Event: 87.507 Thread 0x000001892403c770 nmethod 16562 0x00000188c8f64290 code [0x00000188c8f644c0, 0x00000188c8f64e38]
Event: 87.511 Thread 0x000001892403c770 16563       4       org.gradle.launcher.daemon.server.exec.DaemonConnectionBackedEventConsumer$ForwardEvents::moreMessagesToSend (35 bytes)
Event: 87.511 Thread 0x00000188d789c120 16564   !   4       org.gradle.launcher.daemon.server.exec.DaemonConnectionBackedEventConsumer$ForwardEvents::getNextEvent (27 bytes)
Event: 87.512 Thread 0x000001892403c770 nmethod 16563 0x00000188c8f65510 code [0x00000188c8f656a0, 0x00000188c8f65770]
Event: 87.526 Thread 0x00000188d789c120 nmethod 16564 0x00000188c8f65810 code [0x00000188c8f65a40, 0x00000188c8f66510]
Event: 87.599 Thread 0x00000188d789c120 16565   !   4       org.gradle.internal.execution.history.impl.DefaultImmutableWorkspaceMetadataStore::loadWorkspaceMetadata (185 bytes)
Event: 87.675 Thread 0x000001892403c770 16566  s    4       java.io.FileDescriptor::attach (73 bytes)
Event: 87.677 Thread 0x000001892403c770 nmethod 16566 0x00000188c8cbf910 code [0x00000188c8cbfaa0, 0x00000188c8cbfd90]

GC Heap History (20 events):
Event: 54.579 GC heap before
{Heap before GC invocations=49 (full 0):
 garbage-first heap   total 212992K, used 184203K [0x0000000700000000, 0x0000000800000000)
  region size 2048K, 32 young (65536K), 4 survivors (8192K)
 Metaspace       used 108721K, committed 111296K, reserved 1179648K
  class space    used 15433K, committed 16704K, reserved 1048576K
}
Event: 54.594 GC heap after
{Heap after GC invocations=50 (full 0):
 garbage-first heap   total 212992K, used 134844K [0x0000000700000000, 0x0000000800000000)
  region size 2048K, 3 young (6144K), 3 survivors (6144K)
 Metaspace       used 108721K, committed 111296K, reserved 1179648K
  class space    used 15433K, committed 16704K, reserved 1048576K
}
Event: 57.247 GC heap before
{Heap before GC invocations=51 (full 0):
 garbage-first heap   total 229376K, used 204476K [0x0000000700000000, 0x0000000800000000)
  region size 2048K, 34 young (69632K), 3 survivors (6144K)
 Metaspace       used 111708K, committed 114432K, reserved 1179648K
  class space    used 15881K, committed 17216K, reserved 1048576K
}
Event: 57.263 GC heap after
{Heap after GC invocations=52 (full 0):
 garbage-first heap   total 229376K, used 152220K [0x0000000700000000, 0x0000000800000000)
  region size 2048K, 5 young (10240K), 5 survivors (10240K)
 Metaspace       used 111708K, committed 114432K, reserved 1179648K
  class space    used 15881K, committed 17216K, reserved 1048576K
}
Event: 59.548 GC heap before
{Heap before GC invocations=52 (full 0):
 garbage-first heap   total 229376K, used 207516K [0x0000000700000000, 0x0000000800000000)
  region size 2048K, 33 young (67584K), 5 survivors (10240K)
 Metaspace       used 112063K, committed 114752K, reserved 1179648K
  class space    used 15900K, committed 17216K, reserved 1048576K
}
Event: 59.563 GC heap after
{Heap after GC invocations=53 (full 0):
 garbage-first heap   total 233472K, used 157804K [0x0000000700000000, 0x0000000800000000)
  region size 2048K, 4 young (8192K), 4 survivors (8192K)
 Metaspace       used 112063K, committed 114752K, reserved 1179648K
  class space    used 15900K, committed 17216K, reserved 1048576K
}
Event: 60.921 GC heap before
{Heap before GC invocations=53 (full 0):
 garbage-first heap   total 233472K, used 211052K [0x0000000700000000, 0x0000000800000000)
  region size 2048K, 31 young (63488K), 4 survivors (8192K)
 Metaspace       used 112064K, committed 114752K, reserved 1179648K
  class space    used 15900K, committed 17216K, reserved 1048576K
}
Event: 60.931 GC heap after
{Heap after GC invocations=54 (full 0):
 garbage-first heap   total 233472K, used 160494K [0x0000000700000000, 0x0000000800000000)
  region size 2048K, 3 young (6144K), 3 survivors (6144K)
 Metaspace       used 112064K, committed 114752K, reserved 1179648K
  class space    used 15900K, committed 17216K, reserved 1048576K
}
Event: 62.003 GC heap before
{Heap before GC invocations=55 (full 0):
 garbage-first heap   total 274432K, used 211694K [0x0000000700000000, 0x0000000800000000)
  region size 2048K, 29 young (59392K), 3 survivors (6144K)
 Metaspace       used 112108K, committed 114880K, reserved 1179648K
  class space    used 15905K, committed 17280K, reserved 1048576K
}
Event: 62.008 GC heap after
{Heap after GC invocations=56 (full 0):
 garbage-first heap   total 274432K, used 161996K [0x0000000700000000, 0x0000000800000000)
  region size 2048K, 3 young (6144K), 3 survivors (6144K)
 Metaspace       used 112108K, committed 114880K, reserved 1179648K
  class space    used 15905K, committed 17280K, reserved 1048576K
}
Event: 73.956 GC heap before
{Heap before GC invocations=56 (full 0):
 garbage-first heap   total 274432K, used 241868K [0x0000000700000000, 0x0000000800000000)
  region size 2048K, 42 young (86016K), 3 survivors (6144K)
 Metaspace       used 112695K, committed 115520K, reserved 1179648K
  class space    used 15987K, committed 17344K, reserved 1048576K
}
Event: 73.972 GC heap after
{Heap after GC invocations=57 (full 0):
 garbage-first heap   total 274432K, used 176025K [0x0000000700000000, 0x0000000800000000)
  region size 2048K, 6 young (12288K), 6 survivors (12288K)
 Metaspace       used 112695K, committed 115520K, reserved 1179648K
  class space    used 15987K, committed 17344K, reserved 1048576K
}
Event: 77.203 GC heap before
{Heap before GC invocations=57 (full 0):
 garbage-first heap   total 274432K, used 245657K [0x0000000700000000, 0x0000000800000000)
  region size 2048K, 41 young (83968K), 6 survivors (12288K)
 Metaspace       used 113844K, committed 116736K, reserved 1179648K
  class space    used 16140K, committed 17536K, reserved 1048576K
}
Event: 77.218 GC heap after
{Heap after GC invocations=58 (full 0):
 garbage-first heap   total 274432K, used 189504K [0x0000000700000000, 0x0000000800000000)
  region size 2048K, 6 young (12288K), 6 survivors (12288K)
 Metaspace       used 113844K, committed 116736K, reserved 1179648K
  class space    used 16140K, committed 17536K, reserved 1048576K
}
Event: 78.252 GC heap before
{Heap before GC invocations=59 (full 0):
 garbage-first heap   total 317440K, used 246848K [0x0000000700000000, 0x0000000800000000)
  region size 2048K, 35 young (71680K), 6 survivors (12288K)
 Metaspace       used 113845K, committed 116736K, reserved 1179648K
  class space    used 16140K, committed 17536K, reserved 1048576K
}
Event: 78.262 GC heap after
{Heap after GC invocations=60 (full 0):
 garbage-first heap   total 317440K, used 193199K [0x0000000700000000, 0x0000000800000000)
  region size 2048K, 3 young (6144K), 3 survivors (6144K)
 Metaspace       used 113845K, committed 116736K, reserved 1179648K
  class space    used 16140K, committed 17536K, reserved 1048576K
}
Event: 85.149 GC heap before
{Heap before GC invocations=60 (full 0):
 garbage-first heap   total 317440K, used 277167K [0x0000000700000000, 0x0000000800000000)
  region size 2048K, 45 young (92160K), 3 survivors (6144K)
 Metaspace       used 114234K, committed 117120K, reserved 1179648K
  class space    used 16204K, committed 17600K, reserved 1048576K
}
Event: 85.159 GC heap after
{Heap after GC invocations=61 (full 0):
 garbage-first heap   total 317440K, used 202752K [0x0000000700000000, 0x0000000800000000)
  region size 2048K, 6 young (12288K), 6 survivors (12288K)
 Metaspace       used 114234K, committed 117120K, reserved 1179648K
  class space    used 16204K, committed 17600K, reserved 1048576K
}
Event: 87.388 GC heap before
{Heap before GC invocations=61 (full 0):
 garbage-first heap   total 317440K, used 280575K [0x0000000700000000, 0x0000000800000000)
  region size 2048K, 45 young (92160K), 6 survivors (12288K)
 Metaspace       used 114549K, committed 117568K, reserved 1179648K
  class space    used 16237K, committed 17664K, reserved 1048576K
}
Event: 87.403 GC heap after
{Heap after GC invocations=62 (full 0):
 garbage-first heap   total 317440K, used 212502K [0x0000000700000000, 0x0000000800000000)
  region size 2048K, 6 young (12288K), 6 survivors (12288K)
 Metaspace       used 114549K, committed 117568K, reserved 1179648K
  class space    used 16237K, committed 17664K, reserved 1048576K
}

Dll operation events (14 events):
Event: 0.018 Loaded shared library C:\Users\NAGARAJU\.antigravity-ide\extensions\redhat.java-1.55.0-win32-x64\jre\21.0.11-win32-x86_64\bin\java.dll
Event: 0.097 Loaded shared library C:\Users\NAGARAJU\.antigravity-ide\extensions\redhat.java-1.55.0-win32-x64\jre\21.0.11-win32-x86_64\bin\zip.dll
Event: 0.119 Loaded shared library C:\Users\NAGARAJU\.antigravity-ide\extensions\redhat.java-1.55.0-win32-x64\jre\21.0.11-win32-x86_64\bin\instrument.dll
Event: 0.127 Loaded shared library C:\Users\NAGARAJU\.antigravity-ide\extensions\redhat.java-1.55.0-win32-x64\jre\21.0.11-win32-x86_64\bin\net.dll
Event: 0.132 Loaded shared library C:\Users\NAGARAJU\.antigravity-ide\extensions\redhat.java-1.55.0-win32-x64\jre\21.0.11-win32-x86_64\bin\nio.dll
Event: 0.136 Loaded shared library C:\Users\NAGARAJU\.antigravity-ide\extensions\redhat.java-1.55.0-win32-x64\jre\21.0.11-win32-x86_64\bin\zip.dll
Event: 0.483 Loaded shared library C:\Users\NAGARAJU\.antigravity-ide\extensions\redhat.java-1.55.0-win32-x64\jre\21.0.11-win32-x86_64\bin\jimage.dll
Event: 0.695 Loaded shared library C:\Users\NAGARAJU\.antigravity-ide\extensions\redhat.java-1.55.0-win32-x64\jre\21.0.11-win32-x86_64\bin\verify.dll
Event: 0.825 Loaded shared library C:\Users\NAGARAJU\.gradle\native\1def1411415f61bf3af743bc5b6707747c0891f09f0c88961ee8f79bc544acac\windows-amd64\native-platform.dll
Event: 0.932 Loaded shared library C:\Users\NAGARAJU\.gradle\native\0.2.7\x86_64-windows-gnu\gradle-fileevents.dll
Event: 2.244 Loaded shared library C:\Users\NAGARAJU\.antigravity-ide\extensions\redhat.java-1.55.0-win32-x64\jre\21.0.11-win32-x86_64\bin\management.dll
Event: 2.247 Loaded shared library C:\Users\NAGARAJU\.antigravity-ide\extensions\redhat.java-1.55.0-win32-x64\jre\21.0.11-win32-x86_64\bin\management_ext.dll
Event: 2.393 Loaded shared library C:\Users\NAGARAJU\.antigravity-ide\extensions\redhat.java-1.55.0-win32-x64\jre\21.0.11-win32-x86_64\bin\extnet.dll
Event: 2.751 Loaded shared library C:\Users\NAGARAJU\.antigravity-ide\extensions\redhat.java-1.55.0-win32-x64\jre\21.0.11-win32-x86_64\bin\sunmscapi.dll

Deoptimization events (20 events):
Event: 84.878 Thread 0x000001891ea54400 DEOPT PACKING pc=0x00000188c8c01198 sp=0x0000002676af98e0
Event: 84.878 Thread 0x000001891ea54400 DEOPT UNPACKING pc=0x00000188c80b4422 sp=0x0000002676af9898 mode 2
Event: 84.900 Thread 0x000001891ea54400 Uncommon trap: trap_request=0xffffffbe fr.pc=0x00000188c8ef2640 relative=0x00000000000002a0
Event: 84.900 Thread 0x000001891ea54400 Uncommon trap: reason=profile_predicate action=maybe_recompile pc=0x00000188c8ef2640 method=java.util.HashMap.valuesToArray([Ljava/lang/Object;)[Ljava/lang/Object; @ 36 c2
Event: 84.900 Thread 0x000001891ea54400 DEOPT PACKING pc=0x00000188c8ef2640 sp=0x0000002676af9490
Event: 84.900 Thread 0x000001891ea54400 DEOPT UNPACKING pc=0x00000188c80b4422 sp=0x0000002676af9440 mode 2
Event: 85.808 Thread 0x000001891ea54400 Uncommon trap: trap_request=0xffffffbe fr.pc=0x00000188c8b2ffa4 relative=0x0000000000000364
Event: 85.808 Thread 0x000001891ea54400 Uncommon trap: reason=profile_predicate action=maybe_recompile pc=0x00000188c8b2ffa4 method=java.util.HashMap.valuesToArray([Ljava/lang/Object;)[Ljava/lang/Object; @ 32 c2
Event: 85.808 Thread 0x000001891ea54400 DEOPT PACKING pc=0x00000188c8b2ffa4 sp=0x0000002676af9320
Event: 85.808 Thread 0x000001891ea54400 DEOPT UNPACKING pc=0x00000188c80b4422 sp=0x0000002676af92e0 mode 2
Event: 86.580 Thread 0x000001891dc3afe0 Uncommon trap: trap_request=0xffffffbe fr.pc=0x00000188c8dd2188 relative=0x0000000000001f48
Event: 86.580 Thread 0x000001891dc3afe0 Uncommon trap: reason=profile_predicate action=maybe_recompile pc=0x00000188c8dd2188 method=com.google.common.collect.MapMakerInternalMap$Segment.expand()V @ 59 c2
Event: 86.580 Thread 0x000001891dc3afe0 DEOPT PACKING pc=0x00000188c8dd2188 sp=0x000000267c2fca30
Event: 86.580 Thread 0x000001891dc3afe0 DEOPT UNPACKING pc=0x00000188c80b4422 sp=0x000000267c2fc9d8 mode 2
Event: 86.758 Thread 0x000001891dc3ca20 Uncommon trap: trap_request=0xffffffbe fr.pc=0x00000188c8dd2188 relative=0x0000000000001f48
Event: 86.758 Thread 0x000001891dc3ca20 Uncommon trap: reason=profile_predicate action=maybe_recompile pc=0x00000188c8dd2188 method=com.google.common.collect.MapMakerInternalMap$Segment.expand()V @ 59 c2
Event: 86.758 Thread 0x000001891dc3ca20 DEOPT PACKING pc=0x00000188c8dd2188 sp=0x000000267cbfc9a0
Event: 86.758 Thread 0x000001891dc3ca20 DEOPT UNPACKING pc=0x00000188c80b4422 sp=0x000000267cbfc948 mode 2
Event: 86.966 Thread 0x000001891dc3ca20 DEOPT PACKING pc=0x00000188c1852930 sp=0x000000267cbfc600
Event: 86.966 Thread 0x000001891dc3ca20 DEOPT UNPACKING pc=0x00000188c80b4bc2 sp=0x000000267cbfbc68 mode 0

Classes loaded (20 events):
Event: 84.874 Loading class java/util/HashtableBeanInfo
Event: 84.874 Loading class java/util/HashtableBeanInfo done
Event: 84.874 Loading class java/util/HashtableBeanInfo
Event: 84.874 Loading class java/util/HashtableBeanInfo done
Event: 84.874 Loading class java/util/DictionaryBeanInfo
Event: 84.874 Loading class java/util/DictionaryBeanInfo done
Event: 84.875 Loading class java/util/DictionaryBeanInfo
Event: 84.875 Loading class java/util/DictionaryBeanInfo done
Event: 84.875 Loading class java/util/DictionaryCustomizer
Event: 84.875 Loading class java/util/DictionaryCustomizer done
Event: 84.875 Loading class java/util/DictionaryCustomizer
Event: 84.875 Loading class java/util/DictionaryCustomizer done
Event: 84.876 Loading class java/util/HashtableCustomizer
Event: 84.876 Loading class java/util/HashtableCustomizer done
Event: 84.876 Loading class java/util/HashtableCustomizer
Event: 84.876 Loading class java/util/HashtableCustomizer done
Event: 84.877 Loading class java/util/PropertiesCustomizer
Event: 84.877 Loading class java/util/PropertiesCustomizer done
Event: 84.877 Loading class java/util/PropertiesCustomizer
Event: 84.877 Loading class java/util/PropertiesCustomizer done

Classes unloaded (0 events):
No events

Classes redefined (0 events):
No events

Internal exceptions (20 events):
Event: 84.878 Thread 0x000001891ea54400 Exception <a 'java/lang/ClassNotFoundException'{0x000000070d85fbb0}: java/util/PropertiesCustomizer> (0x000000070d85fbb0) 
thrown [s\src\hotspot\share\classfile\systemDictionary.cpp, line 313]
Event: 84.899 Thread 0x000001891ea54400 Exception <a 'java/lang/ClassNotFoundException'{0x000000070d8b9ea8}: groovy/runtime/metaclass/[Ljava/lang/String;MetaClass> (0x000000070d8b9ea8) 
thrown [s\src\hotspot\share\prims\jni.cpp, line 539]
Event: 84.899 Thread 0x000001891ea54400 Exception <a 'java/lang/ClassNotFoundException'{0x000000070d8c1eb8}: [Ljava/lang/String;BeanInfo> (0x000000070d8c1eb8) 
thrown [s\src\hotspot\share\prims\jni.cpp, line 539]
Event: 84.899 Thread 0x000001891ea54400 Exception <a 'java/lang/ClassNotFoundException'{0x000000070d8c2f48}: [Ljava/lang/String;BeanInfo> (0x000000070d8c2f48) 
thrown [s\src\hotspot\share\prims\jni.cpp, line 539]
Event: 84.899 Thread 0x000001891ea54400 Exception <a 'java/lang/ClassNotFoundException'{0x000000070d8c4098}: [Ljava/lang/String;Customizer> (0x000000070d8c4098) 
thrown [s\src\hotspot\share\prims\jni.cpp, line 539]
Event: 84.899 Thread 0x000001891ea54400 Exception <a 'java/lang/ClassNotFoundException'{0x000000070d8c5128}: [Ljava/lang/String;Customizer> (0x000000070d8c5128) 
thrown [s\src\hotspot\share\prims\jni.cpp, line 539]
Event: 84.969 Thread 0x000001891ea54400 Exception <a 'java/lang/ClassNotFoundException'{0x000000070d93cf30}: build_7yo4a85zgm7gdhmc1tg79pb0k$_run_closure3BeanInfo> (0x000000070d93cf30) 
thrown [s\src\hotspot\share\classfile\systemDictionary.cpp, line 313]
Event: 84.970 Thread 0x000001891ea54400 Exception <a 'java/lang/ClassNotFoundException'{0x000000070d949ae8}: build_7yo4a85zgm7gdhmc1tg79pb0k$_run_closure3Customizer> (0x000000070d949ae8) 
thrown [s\src\hotspot\share\classfile\systemDictionary.cpp, line 313]
Event: 85.285 Thread 0x000001891ea54400 Exception <a 'java/lang/ClassNotFoundException'{0x00000007128da308}: build_723jyls5tzxzf6a0dswk7juirBeanInfo> (0x00000007128da308) 
thrown [s\src\hotspot\share\classfile\systemDictionary.cpp, line 313]
Event: 85.285 Thread 0x000001891ea54400 Exception <a 'java/lang/ClassNotFoundException'{0x00000007128e10e0}: build_723jyls5tzxzf6a0dswk7juirCustomizer> (0x00000007128e10e0) 
thrown [s\src\hotspot\share\classfile\systemDictionary.cpp, line 313]
Event: 85.346 Thread 0x000001891ea54400 Exception <a 'java/lang/ClassNotFoundException'{0x0000000712698ac8}: build_723jyls5tzxzf6a0dswk7juir$_run_closure1BeanInfo> (0x0000000712698ac8) 
thrown [s\src\hotspot\share\classfile\systemDictionary.cpp, line 313]
Event: 85.347 Thread 0x000001891ea54400 Exception <a 'java/lang/ClassNotFoundException'{0x00000007126a33d8}: build_723jyls5tzxzf6a0dswk7juir$_run_closure1Customizer> (0x00000007126a33d8) 
thrown [s\src\hotspot\share\classfile\systemDictionary.cpp, line 313]
Event: 85.537 Thread 0x000001891ea54400 Exception <a 'java/lang/ClassNotFoundException'{0x0000000712303d50}: build_czejydcblonfgrr6wz2ux3bj9BeanInfo> (0x0000000712303d50) 
thrown [s\src\hotspot\share\classfile\systemDictionary.cpp, line 313]
Event: 85.538 Thread 0x000001891ea54400 Exception <a 'java/lang/ClassNotFoundException'{0x000000071230ab30}: build_czejydcblonfgrr6wz2ux3bj9Customizer> (0x000000071230ab30) 
thrown [s\src\hotspot\share\classfile\systemDictionary.cpp, line 313]
Event: 85.594 Thread 0x000001891ea54400 Exception <a 'java/lang/ClassNotFoundException'{0x000000071202bd08}: build_czejydcblonfgrr6wz2ux3bj9BeanInfo> (0x000000071202bd08) 
thrown [s\src\hotspot\share\classfile\systemDictionary.cpp, line 313]
Event: 85.595 Thread 0x000001891ea54400 Exception <a 'java/lang/ClassNotFoundException'{0x0000000712032a80}: build_czejydcblonfgrr6wz2ux3bj9Customizer> (0x0000000712032a80) 
thrown [s\src\hotspot\share\classfile\systemDictionary.cpp, line 313]
Event: 85.649 Thread 0x000001891ea54400 Exception <a 'java/lang/ClassNotFoundException'{0x00000007121d1f60}: build_czejydcblonfgrr6wz2ux3bj9$_run_closure1BeanInfo> (0x00000007121d1f60) 
thrown [s\src\hotspot\share\classfile\systemDictionary.cpp, line 313]
Event: 85.650 Thread 0x000001891ea54400 Exception <a 'java/lang/ClassNotFoundException'{0x00000007121dc868}: build_czejydcblonfgrr6wz2ux3bj9$_run_closure1Customizer> (0x00000007121dc868) 
thrown [s\src\hotspot\share\classfile\systemDictionary.cpp, line 313]
Event: 85.807 Thread 0x000001891ea54400 Exception <a 'java/lang/ClassNotFoundException'{0x0000000711dd00c8}: build_co32ukhpmviz098yq4firudf5BeanInfo> (0x0000000711dd00c8) 
thrown [s\src\hotspot\share\classfile\systemDictionary.cpp, line 313]
Event: 85.807 Thread 0x000001891ea54400 Exception <a 'java/lang/ClassNotFoundException'{0x0000000711dd6ea8}: build_co32ukhpmviz098yq4firudf5Customizer> (0x0000000711dd6ea8) 
thrown [s\src\hotspot\share\classfile\systemDictionary.cpp, line 313]

ZGC Phase Switch (0 events):
No events

VM Operations (20 events):
Event: 77.492 Executing safepoint VM operation: G1PauseCleanup
Event: 77.492 Executing safepoint VM operation: G1PauseCleanup done
Event: 78.252 Executing safepoint VM operation: G1CollectForAllocation (G1 Evacuation Pause)
Event: 78.262 Executing safepoint VM operation: G1CollectForAllocation (G1 Evacuation Pause) done
Event: 79.272 Executing safepoint VM operation: Cleanup
Event: 79.272 Executing safepoint VM operation: Cleanup done
Event: 80.285 Executing safepoint VM operation: Cleanup
Event: 80.285 Executing safepoint VM operation: Cleanup done
Event: 85.149 Executing safepoint VM operation: G1CollectForAllocation (G1 Evacuation Pause)
Event: 85.159 Executing safepoint VM operation: G1CollectForAllocation (G1 Evacuation Pause) done
Event: 86.160 Executing safepoint VM operation: Cleanup
Event: 86.160 Executing safepoint VM operation: Cleanup done
Event: 87.161 Executing safepoint VM operation: Cleanup
Event: 87.162 Executing safepoint VM operation: Cleanup done
Event: 87.387 Executing safepoint VM operation: G1CollectForAllocation (G1 Evacuation Pause)
Event: 87.403 Executing safepoint VM operation: G1CollectForAllocation (G1 Evacuation Pause) done
Event: 87.631 Executing safepoint VM operation: G1PauseRemark
Event: 87.641 Executing safepoint VM operation: G1PauseRemark done
Event: 87.730 Executing safepoint VM operation: G1PauseCleanup
Event: 87.731 Executing safepoint VM operation: G1PauseCleanup done

Memory protections (0 events):
No events

Nmethod flushes (20 events):
Event: 87.639 Thread 0x00000188d786fba0 flushing  nmethod 0x00000188c1ae6910
Event: 87.639 Thread 0x00000188d786fba0 flushing  nmethod 0x00000188c1b57010
Event: 87.639 Thread 0x00000188d786fba0 flushing  nmethod 0x00000188c1bdaa90
Event: 87.639 Thread 0x00000188d786fba0 flushing  nmethod 0x00000188c1d26c10
Event: 87.639 Thread 0x00000188d786fba0 flushing  nmethod 0x00000188c1d63410
Event: 87.639 Thread 0x00000188d786fba0 flushing  nmethod 0x00000188c1d68890
Event: 87.639 Thread 0x00000188d786fba0 flushing  nmethod 0x00000188c22cfc10
Event: 87.639 Thread 0x00000188d786fba0 flushing  nmethod 0x00000188c0b83010
Event: 87.639 Thread 0x00000188d786fba0 flushing  nmethod 0x00000188c0cb7790
Event: 87.639 Thread 0x00000188d786fba0 flushing  nmethod 0x00000188c0cce290
Event: 87.639 Thread 0x00000188d786fba0 flushing  nmethod 0x00000188c0f21090
Event: 87.639 Thread 0x00000188d786fba0 flushing  nmethod 0x00000188c1064890
Event: 87.639 Thread 0x00000188d786fba0 flushing  nmethod 0x00000188c106bb90
Event: 87.639 Thread 0x00000188d786fba0 flushing  nmethod 0x00000188c10bae90
Event: 87.639 Thread 0x00000188d786fba0 flushing  nmethod 0x00000188c1df7990
Event: 87.639 Thread 0x00000188d786fba0 flushing  nmethod 0x00000188c1e01610
Event: 87.639 Thread 0x00000188d786fba0 flushing  nmethod 0x00000188c1f76e90
Event: 87.639 Thread 0x00000188d786fba0 flushing  nmethod 0x00000188c1f7f610
Event: 87.639 Thread 0x00000188d786fba0 flushing  nmethod 0x00000188c1f80610
Event: 87.639 Thread 0x00000188d786fba0 flushing  nmethod 0x00000188c2146990

Events (20 events):
Event: 57.238 Thread 0x00000188d78a5540 Thread added: 0x0000018923e959e0
Event: 57.347 Thread 0x0000018923e959e0 Thread exited: 0x0000018923e959e0
Event: 59.345 Thread 0x00000188d78a5540 Thread added: 0x0000018923e97520
Event: 60.274 Thread 0x0000018923e97520 Thread exited: 0x0000018923e97520
Event: 70.255 Thread 0x00000188d78a5540 Thread added: 0x0000018923e982c0
Event: 70.435 Thread 0x0000018923e982c0 Thread exited: 0x0000018923e982c0
Event: 74.070 Thread 0x00000188d78a5540 Thread added: 0x0000018923e982c0
Event: 74.224 Thread 0x0000018923e982c0 Thread exited: 0x0000018923e982c0
Event: 74.513 Thread 0x00000188d78a5540 Thread added: 0x000001892403c770
Event: 74.824 Thread 0x000001892403c770 Thread exited: 0x000001892403c770
Event: 74.854 Thread 0x00000188d789c120 Thread added: 0x000001892403b9d0
Event: 75.107 Thread 0x000001892403b9d0 Thread exited: 0x000001892403b9d0
Event: 75.309 Thread 0x00000188d78a5540 Thread added: 0x000001892403c770
Event: 75.527 Thread 0x000001892403c770 Thread exited: 0x000001892403c770
Event: 84.558 Thread 0x000001891ea54400 Thread added: 0x00000189241c1ef0
Event: 84.578 Thread 0x00000189241c1ef0 Thread added: 0x00000189241c2580
Event: 84.578 Thread 0x00000189241c1ef0 Thread added: 0x00000189241c4ce0
Event: 85.196 Thread 0x00000188d78a5540 Thread added: 0x000001892403c770
Event: 85.893 Thread 0x000001892403c770 Thread exited: 0x000001892403c770
Event: 86.556 Thread 0x00000188d78a5540 Thread added: 0x000001892403c770


Dynamic libraries:
0x00007ff609ea0000 - 0x00007ff609eae000 	C:\Users\NAGARAJU\.antigravity-ide\extensions\redhat.java-1.55.0-win32-x64\jre\21.0.11-win32-x86_64\bin\java.exe
0x00007ffebd520000 - 0x00007ffebd786000 	C:\WINDOWS\SYSTEM32\ntdll.dll
0x00007ffebc5b0000 - 0x00007ffebc679000 	C:\WINDOWS\System32\KERNEL32.DLL
0x00007ffebaa80000 - 0x00007ffebae7a000 	C:\WINDOWS\System32\KERNELBASE.dll
0x00007ffebae80000 - 0x00007ffebafcc000 	C:\WINDOWS\System32\ucrtbase.dll
0x00007ffeac3c0000 - 0x00007ffeac3de000 	C:\Users\NAGARAJU\.antigravity-ide\extensions\redhat.java-1.55.0-win32-x64\jre\21.0.11-win32-x86_64\bin\VCRUNTIME140.dll
0x00007ffeac350000 - 0x00007ffeac368000 	C:\Users\NAGARAJU\.antigravity-ide\extensions\redhat.java-1.55.0-win32-x64\jre\21.0.11-win32-x86_64\bin\jli.dll
0x00007ffebbec0000 - 0x00007ffebc087000 	C:\WINDOWS\System32\USER32.dll
0x00007ffea72c0000 - 0x00007ffea7552000 	C:\WINDOWS\WinSxS\amd64_microsoft.windows.common-controls_6595b64144ccf1df_6.0.26100.8521_none_3e08b75ce33403b3\COMCTL32.dll
0x00007ffebb1b0000 - 0x00007ffebb1d7000 	C:\WINDOWS\System32\win32u.dll
0x00007ffebcc60000 - 0x00007ffebcd09000 	C:\WINDOWS\System32\msvcrt.dll
0x00007ffebbe80000 - 0x00007ffebbeab000 	C:\WINDOWS\System32\GDI32.dll
0x00007ffebafd0000 - 0x00007ffebb0fb000 	C:\WINDOWS\System32\gdi32full.dll
0x00007ffebb1e0000 - 0x00007ffebb283000 	C:\WINDOWS\System32\msvcp_win.dll
0x00007ffebbc60000 - 0x00007ffebbc92000 	C:\WINDOWS\System32\IMM32.DLL
0x00007ffeac340000 - 0x00007ffeac34c000 	C:\Users\NAGARAJU\.antigravity-ide\extensions\redhat.java-1.55.0-win32-x64\jre\21.0.11-win32-x86_64\bin\vcruntime140_1.dll
0x00007ffe93c10000 - 0x00007ffe93c9d000 	C:\Users\NAGARAJU\.antigravity-ide\extensions\redhat.java-1.55.0-win32-x64\jre\21.0.11-win32-x86_64\bin\msvcp140.dll
0x00007ffe160d0000 - 0x00007ffe16e72000 	C:\Users\NAGARAJU\.antigravity-ide\extensions\redhat.java-1.55.0-win32-x64\jre\21.0.11-win32-x86_64\bin\server\jvm.dll
0x00007ffebc6e0000 - 0x00007ffebc796000 	C:\WINDOWS\System32\ADVAPI32.dll
0x00007ffebba20000 - 0x00007ffebbaca000 	C:\WINDOWS\System32\sechost.dll
0x00007ffebd280000 - 0x00007ffebd398000 	C:\WINDOWS\System32\RPCRT4.dll
0x00007ffebbad0000 - 0x00007ffebbb50000 	C:\WINDOWS\System32\WS2_32.dll
0x00007ffeba610000 - 0x00007ffeba66e000 	C:\WINDOWS\SYSTEM32\POWRPROF.dll
0x00007ffeb3750000 - 0x00007ffeb3786000 	C:\WINDOWS\SYSTEM32\WINMM.dll
0x00007ffeb3790000 - 0x00007ffeb379b000 	C:\WINDOWS\SYSTEM32\VERSION.dll
0x00007ffeba5f0000 - 0x00007ffeba604000 	C:\WINDOWS\SYSTEM32\UMPDC.dll
0x00007ffeb9540000 - 0x00007ffeb955b000 	C:\WINDOWS\SYSTEM32\kernel.appcore.dll
0x00007ffeac330000 - 0x00007ffeac33a000 	C:\Users\NAGARAJU\.antigravity-ide\extensions\redhat.java-1.55.0-win32-x64\jre\21.0.11-win32-x86_64\bin\jimage.dll
0x00007ffeae2e0000 - 0x00007ffeae522000 	C:\WINDOWS\SYSTEM32\DBGHELP.DLL
0x00007ffebcd10000 - 0x00007ffebd093000 	C:\WINDOWS\System32\combase.dll
0x00007ffebc7a0000 - 0x00007ffebc879000 	C:\WINDOWS\System32\OLEAUT32.dll
0x00007ffea16e0000 - 0x00007ffea171b000 	C:\WINDOWS\SYSTEM32\dbgcore.DLL
0x00007ffebb100000 - 0x00007ffebb1a8000 	C:\WINDOWS\System32\bcryptPrimitives.dll
0x00007ffeac320000 - 0x00007ffeac32f000 	C:\Users\NAGARAJU\.antigravity-ide\extensions\redhat.java-1.55.0-win32-x64\jre\21.0.11-win32-x86_64\bin\instrument.dll
0x00007ffea4750000 - 0x00007ffea4770000 	C:\Users\NAGARAJU\.antigravity-ide\extensions\redhat.java-1.55.0-win32-x64\jre\21.0.11-win32-x86_64\bin\java.dll
0x00007ffebb290000 - 0x00007ffebba14000 	C:\WINDOWS\System32\SHELL32.dll
0x00007ffeb8390000 - 0x00007ffeb8c10000 	C:\WINDOWS\SYSTEM32\windows.storage.dll
0x00007ffebbb60000 - 0x00007ffebbc56000 	C:\WINDOWS\System32\SHCORE.dll
0x00007ffebd3d0000 - 0x00007ffebd437000 	C:\WINDOWS\System32\shlwapi.dll
0x00007ffeba6d0000 - 0x00007ffeba6f9000 	C:\WINDOWS\SYSTEM32\profapi.dll
0x00007ffe9c2c0000 - 0x00007ffe9c2d8000 	C:\Users\NAGARAJU\.antigravity-ide\extensions\redhat.java-1.55.0-win32-x64\jre\21.0.11-win32-x86_64\bin\zip.dll
0x00007ffe93c00000 - 0x00007ffe93c10000 	C:\Users\NAGARAJU\.antigravity-ide\extensions\redhat.java-1.55.0-win32-x64\jre\21.0.11-win32-x86_64\bin\net.dll
0x00007ffeb0fb0000 - 0x00007ffeb10d9000 	C:\WINDOWS\SYSTEM32\WINHTTP.dll
0x00007ffeb9ab0000 - 0x00007ffeb9b1c000 	C:\WINDOWS\system32\mswsock.dll
0x00007ffe93be0000 - 0x00007ffe93bf6000 	C:\Users\NAGARAJU\.antigravity-ide\extensions\redhat.java-1.55.0-win32-x64\jre\21.0.11-win32-x86_64\bin\nio.dll
0x00007ffe93bd0000 - 0x00007ffe93be0000 	C:\Users\NAGARAJU\.antigravity-ide\extensions\redhat.java-1.55.0-win32-x64\jre\21.0.11-win32-x86_64\bin\verify.dll
0x00007ffe3ee60000 - 0x00007ffe3ee87000 	C:\Users\NAGARAJU\.gradle\native\1def1411415f61bf3af743bc5b6707747c0891f09f0c88961ee8f79bc544acac\windows-amd64\native-platform.dll
0x00007ffe30140000 - 0x00007ffe301b8000 	C:\Users\NAGARAJU\.gradle\native\0.2.7\x86_64-windows-gnu\gradle-fileevents.dll
0x00007ffe93bc0000 - 0x00007ffe93bca000 	C:\Users\NAGARAJU\.antigravity-ide\extensions\redhat.java-1.55.0-win32-x64\jre\21.0.11-win32-x86_64\bin\management.dll
0x00007ffe93bb0000 - 0x00007ffe93bbc000 	C:\Users\NAGARAJU\.antigravity-ide\extensions\redhat.java-1.55.0-win32-x64\jre\21.0.11-win32-x86_64\bin\management_ext.dll
0x00007ffebd4d0000 - 0x00007ffebd4d8000 	C:\WINDOWS\System32\PSAPI.DLL
0x00007ffeb8f40000 - 0x00007ffeb8f73000 	C:\WINDOWS\SYSTEM32\IPHLPAPI.DLL
0x00007ffebcbd0000 - 0x00007ffebcbda000 	C:\WINDOWS\System32\NSI.dll
0x00007ffeadc90000 - 0x00007ffeadc99000 	C:\Users\NAGARAJU\.antigravity-ide\extensions\redhat.java-1.55.0-win32-x64\jre\21.0.11-win32-x86_64\bin\extnet.dll
0x00007ffeb9d90000 - 0x00007ffeb9dab000 	C:\WINDOWS\SYSTEM32\CRYPTSP.dll
0x00007ffeb94a0000 - 0x00007ffeb94d9000 	C:\WINDOWS\system32\rsaenh.dll
0x00007ffeb9b60000 - 0x00007ffeb9b93000 	C:\WINDOWS\SYSTEM32\USERENV.dll
0x00007ffeba6a0000 - 0x00007ffeba6ca000 	C:\WINDOWS\SYSTEM32\bcrypt.dll
0x00007ffeb9db0000 - 0x00007ffeb9dbc000 	C:\WINDOWS\SYSTEM32\CRYPTBASE.dll
0x00007ffe93ba0000 - 0x00007ffe93bae000 	C:\Users\NAGARAJU\.antigravity-ide\extensions\redhat.java-1.55.0-win32-x64\jre\21.0.11-win32-x86_64\bin\sunmscapi.dll
0x00007ffeba7b0000 - 0x00007ffeba928000 	C:\WINDOWS\System32\CRYPT32.dll
0x00007ffeb9fb0000 - 0x00007ffeb9fe0000 	C:\WINDOWS\SYSTEM32\ncrypt.dll
0x00007ffeb9f60000 - 0x00007ffeb9f9f000 	C:\WINDOWS\SYSTEM32\NTASN1.dll
0x00007ffe86920000 - 0x00007ffe86928000 	C:\WINDOWS\system32\wshunix.dll
0x00007ffeb77d0000 - 0x00007ffeb7870000 	C:\WINDOWS\system32\apphelp.dll

JVMTI agents:
C:\Users\NAGARAJU\.gradle\wrapper\dists\gradle-8.14.1-bin\baw1sv0jfoi8rxs14qo3h49cs\gradle-8.14.1\lib\agents\gradle-instrumentation-agent-8.14.1.jar path:C:\Users\NAGARAJU\.antigravity-ide\extensions\redhat.java-1.55.0-win32-x64\jre\21.0.11-win32-x86_64\bin\instrument.dll, loaded, initialized, instrumentlib options:none

dbghelp: loaded successfully - version: 4.0.5 - missing functions: none
symbol engine: initialized successfully - sym options: 0x614 - pdb path: .;C:\Users\NAGARAJU\.antigravity-ide\extensions\redhat.java-1.55.0-win32-x64\jre\21.0.11-win32-x86_64\bin;C:\WINDOWS\SYSTEM32;C:\WINDOWS\WinSxS\amd64_microsoft.windows.common-controls_6595b64144ccf1df_6.0.26100.8521_none_3e08b75ce33403b3;C:\Users\NAGARAJU\.antigravity-ide\extensions\redhat.java-1.55.0-win32-x64\jre\21.0.11-win32-x86_64\bin\server;C:\Users\NAGARAJU\.gradle\native\1def1411415f61bf3af743bc5b6707747c0891f09f0c88961ee8f79bc544acac\windows-amd64;C:\Users\NAGARAJU\.gradle\native\0.2.7\x86_64-windows-gnu

VM Arguments:
jvm_args: --add-opens=java.base/java.lang=ALL-UNNAMED --add-opens=java.base/java.lang.invoke=ALL-UNNAMED --add-opens=java.base/java.util=ALL-UNNAMED --add-opens=java.prefs/java.util.prefs=ALL-UNNAMED --add-exports=jdk.compiler/com.sun.tools.javac.api=ALL-UNNAMED --add-exports=jdk.compiler/com.sun.tools.javac.util=ALL-UNNAMED --add-opens=java.base/java.util=ALL-UNNAMED --add-opens=java.prefs/java.util.prefs=ALL-UNNAMED --add-opens=java.base/java.nio.charset=ALL-UNNAMED --add-opens=java.base/java.net=ALL-UNNAMED --add-opens=java.base/java.util.concurrent.atomic=ALL-UNNAMED --add-opens=java.xml/javax.xml.namespace=ALL-UNNAMED -Xmx4096m -Dfile.encoding=UTF-8 -Duser.country=IN -Duser.language=en -Duser.variant -javaagent:C:\Users\NAGARAJU\.gradle\wrapper\dists\gradle-8.14.1-bin\baw1sv0jfoi8rxs14qo3h49cs\gradle-8.14.1\lib\agents\gradle-instrumentation-agent-8.14.1.jar 
java_command: org.gradle.launcher.daemon.bootstrap.GradleDaemon 8.14.1
java_class_path (initial): C:\Users\NAGARAJU\.gradle\wrapper\dists\gradle-8.14.1-bin\baw1sv0jfoi8rxs14qo3h49cs\gradle-8.14.1\lib\gradle-daemon-main-8.14.1.jar
Launcher Type: SUN_STANDARD

[Global flags]
     intx CICompilerCount                          = 4                                         {product} {ergonomic}
     uint ConcGCThreads                            = 2                                         {product} {ergonomic}
     uint G1ConcRefinementThreads                  = 8                                         {product} {ergonomic}
   size_t G1HeapRegionSize                         = 2097152                                   {product} {ergonomic}
    uintx GCDrainStackTargetSize                   = 64                                        {product} {ergonomic}
   size_t InitialHeapSize                          = 123731968                                 {product} {ergonomic}
   size_t MarkStackSize                            = 4194304                                   {product} {ergonomic}
   size_t MaxHeapSize                              = 4294967296                                {product} {command line}
   size_t MaxNewSize                               = 2575302656                                {product} {ergonomic}
   size_t MinHeapDeltaBytes                        = 2097152                                   {product} {ergonomic}
   size_t MinHeapSize                              = 8388608                                   {product} {ergonomic}
    uintx NonNMethodCodeHeapSize                   = 5839372                                {pd product} {ergonomic}
    uintx NonProfiledCodeHeapSize                  = 122909434                              {pd product} {ergonomic}
    uintx ProfiledCodeHeapSize                     = 122909434                              {pd product} {ergonomic}
    uintx ReservedCodeCacheSize                    = 251658240                              {pd product} {ergonomic}
     bool SegmentedCodeCache                       = true                                      {product} {ergonomic}
   size_t SoftMaxHeapSize                          = 4294967296                             {manageable} {ergonomic}
     bool UseCompressedOops                        = true                           {product lp64_product} {ergonomic}
     bool UseG1GC                                  = true                                      {product} {ergonomic}
     bool UseLargePagesIndividualAllocation        = false                                  {pd product} {ergonomic}

Logging:
Log output configuration:
 #0: stdout all=warning uptime,level,tags foldmultilines=false
 #1: stderr all=off uptime,level,tags foldmultilines=false

Release file:
JAVA_VERSION="21.0.11" 
MODULES="java.base java.compiler java.datatransfer java.xml java.prefs java.desktop java.instrument java.logging java.management java.security.sasl java.naming java.rmi java.management.rmi java.net.http java.scripting java.security.jgss java.transaction.xa java.sql java.sql.rowset java.xml.crypto java.se java.smartcardio jdk.accessibility jdk.internal.jvmstat jdk.attach jdk.charsets jdk.internal.opt jdk.zipfs jdk.compiler jdk.crypto.ec jdk.crypto.cryptoki jdk.crypto.mscapi jdk.dynalink jdk.internal.ed jdk.editpad jdk.hotspot.agent jdk.httpserver jdk.internal.le jdk.internal.vm.ci jdk.internal.vm.compiler jdk.internal.vm.compiler.management jdk.jartool jdk.javadoc jdk.jcmd jdk.management jdk.management.agent jdk.jconsole jdk.jdeps jdk.jdwp.agent jdk.jdi jdk.jfr jdk.jshell jdk.jsobject jdk.jstatd jdk.localedata jdk.management.jfr jdk.naming.dns jdk.naming.rmi jdk.net jdk.nio.mapmode jdk.random jdk.sctp jdk.security.auth jdk.security.jgss jdk.unsupported jdk.unsupported.desktop jdk.xml.dom" 

Environment Variables:
JAVA_HOME=C:\Program Files\Eclipse Adoptium\jdk-21.0.11.10-hotspot
PATH=C:\Program Files\Eclipse Adoptium\jdk-21.0.11.10-hotspot\bin;C:\Program Files\Eclipse Adoptium\jdk-11.0.26.4-hotspot\bin;C:\Program Files\Eclipse Adoptium\jdk-17.0.14.7-hotspot\bin;C:\Program Files\Java\jdk-17\bin;C:\Program Files\nodejs;E:\Android\Sdk\platform-tools;E:\Android\Sdk\emulator;E:\Android\Sdk\cmdline-tools\latest\bin;C:\Users\NAGARAJU\AppData\Local\Android\Sdk\platform-tools;C:\Users\NAGARAJU\AppData\Local\Android\Sdk\emulator;C:\Users\NAGARAJU\AppData\Local\Android\Sdk\cmdline-tools\latest\bin;C:\Program Files\Eclipse Adoptium\jdk-21.0.11.10-hotspot\bin;C:\Program Files\Eclipse Adoptium\jdk-11.0.26.4-hotspot\bin;C:\Program Files\Eclipse Adoptium\jdk-17.0.14.7-hotspot\bin;C:\Program Files\Java\jdk-17\bin;C:\Program Files\nodejs;E:\Android\Sdk\platform-tools;E:\Android\Sdk\emulator;E:\Android\Sdk\cmdline-tools\latest\bin;C:\Users\NAGARAJU\AppData\Local\Android\Sdk\platform-tools;C:\Users\NAGARAJU\AppData\Local\Android\Sdk\emulator;C:\Users\NAGARAJU\AppData\Local\Android\Sdk\cmdline-tools\latest\bin;C:\Program Files\Eclipse Adoptium\jdk-21.0.11.10-hotspot\bin;C:\Program Files\Eclipse Adoptium\jdk-11.0.26.4-hotspot\bin;C:\Program Files\Eclipse Adoptium\jdk-17.0.14.7-hotspot\bin;C:\Program Files\Java\jdk-17\bin;C:\Program Files\nodejs;E:\Android\Sdk\platform-tools;E:\Android\Sdk\emulator;E:\Android\Sdk\cmdline-tools\latest\bin;C:\Users\NAGARAJU\AppData\Local\Android\Sdk\platform-tools;C:\Users\NAGARAJU\AppData\Local\Android\Sdk\emulator;C:\Users\NAGARAJU\AppData\Local\Android\Sdk\cmdline-tools\latest\bin;C:\WINDOWS\System32;C:\ProgramData\chocolatey\bin;C:\Program Files\nodejs\;C:\Program Files\Git\cmd;C:\Windows\System32;C:\Windows\System32\WindowsPowerShell\v1.0;C:\Windows\System32\OpenSSH;C:\Windows\System32\WindowsPowerShell\v1.0\;C:\Users\NAGARAJU\Downloads\stripe_1.30.0_windows_x86_64;C:\WINDOWS\system32;C:\WINDOWS;C:\WINDOWS\System32\Wbem;C:\WINDOWS\System32\WindowsPowerShell\v1.0\;C:\WINDOWS\System32\OpenSSH\;C:\ProgramData\chocolatey\bin;C:\Program Files\nodejs\;C:\Program Files\Git\cmd;C:\Windows\System32;C:\Windows\System32\WindowsPowerShell\v1.0;C:\Windows\System32\OpenSSH;C:\Windows\System32\WindowsPowerShell\v1.0\;C:\Users\NAGARAJU\Downloads\stripe_1.30.0_windows_x86_64;C:\WINDOWS\system32;C:\WINDOWS;C:\WINDOWS\System32\Wbem;C:\WINDOWS\System32\WindowsPowerShell\v1.0\;C:\WINDOWS\System32\OpenSSH\;C:\ProgramData\chocolatey\bin;C:\Program Files\nodejs\;C:\Program Files\Git\cmd;C:\Windows\System32;C:\Windows\System32\WindowsPowerShell\v1.0;C:\Windows\System32\OpenSSH;C:\Windows\System32\WindowsPowerShell\v1.0\;C:\Users\NAGARAJU\Downloads\stripe_1.30.0_windows_x86_64;C:\WINDOWS\system32;C:\WINDOWS;C:\WINDOWS\System32\Wbem;C:\WINDOWS\System32\WindowsPowerShell\v1.0\;C:\WINDOWS\System32\OpenSSH\;C:\Program Files\Eclipse Adoptium\jdk-21.0.11.10-hotspot\bin;C:\Program Files\Eclipse Adoptium\jdk-11.0.26.4-hotspot\bin;C:\Program Files\Eclipse Adoptium\jdk-17.0.14.7-hotspot\bin;C:\Program Files\Java\jdk-17\bin;C:\Program Files\nodejs;E:\Android\Sdk\platform-tools;E:\Android\Sdk\emulator;E:\Android\Sdk\cmdline-tools\latest\bin;C:\Users\NAGARAJU\AppData\Local\Android\Sdk\platform-tools;C:\Users\NAGARAJU\AppData\Local\Android\Sdk\emulator;C:\Users\NAGARAJU\AppData\Local\Android\Sdk\cmdline-tools\latest\bin;C:\Program Files\Eclipse Adoptium\jdk-21.0.11.10-hotspot\bin;C:\Program Files\Eclipse Adoptium\jdk-11.0.26.4-hotspot\bin;C:\Program Files\Eclipse Adoptium\jdk-17.0.14.7-hotspot\bin;C:\Program Files\Java\jdk-17\bin;C:\Program Files\nodejs;E:\Android\Sdk\platform-tools;E:\Android\Sdk\emulator;E:\Android\Sdk\cmdline-tools\latest\bin;C:\Users\NAGARAJU\AppData\Local\Android\Sdk\platform-tools;C:\Users\NAGARAJU\AppData\Local\Android\Sdk\emulator;C:\Users\NAGARAJU\AppData\Local\Android\Sdk\cmdline-tools\latest\bin;C:\Program Files\Eclipse Adoptium\jdk-21.0.11.10-hotspot\bin;C:\Program Files\Eclipse Adoptium\jdk-11.0.26.4-hotspot\bin;C:\Program Files\Eclipse Adoptium\jdk-17.0.14.7-hotspot\bin;C:\Program Files\Java\jdk-17\bin;C:\Program Files\nodejs;E:\Android\Sdk\platform-tools;E:\Android\Sdk\emulator;E:\Android\Sdk\cmdline-tools\latest\bin;C:\Users\NAGARAJU\AppData\Local\Android\Sdk\platform-tools;C:\Users\NAGARAJU\AppData\Local\Android\Sdk\emulator;C:\Users\NAGARAJU\AppData\Local\Android\Sdk\cmdline-tools\latest\bin;C:\WINDOWS\System32;C:\ProgramData\chocolatey\bin;C:\Program Files\nodejs\;C:\Program Files\Git\cmd;C:\Windows\System32;C:\Windows\System32\WindowsPowerShell\v1.0;C:\Windows\System32\OpenSSH;C:\Windows\System32\WindowsPowerShell\v1.0\;C:\Users\NAGARAJU\Downloads\stripe_1.30.0_windows_x86_64;C:\WINDOWS\system32;C:\WINDOWS;C:\WINDOWS\System32\Wbem;C:\WINDOWS\System32\WindowsPowerShell\v1.0\;C:\WINDOWS\System32\OpenSSH\;C:\ProgramData\chocolatey\bin;C:\Program Files\nodejs\;C:\Program Files\Git\cmd;C:\Windows\System32;C:\Windows\System32\WindowsPowerShell\v1.0;C:\Windows\System32\OpenSSH;C:\Windows\System32\WindowsPowerShell\v1.0\;C:\Users\NAGARAJU\Downloads\stripe_1.30.0_windows_x86_64;C:\WINDOWS\system32;C:\WINDOWS;C:\WINDOWS\System32\Wbem;C:\WINDOWS\System32\WindowsPowerShell\v1.0\;C:\WINDOWS\System32\OpenSSH\;C:\ProgramData\chocolatey\bin;C:\Program Files\nodejs\;C:\Program Files\Git\cmd;C:\Windows\System32;C:\Windows\System32\WindowsPowerShell\v1.0;C:\Windows\System32\OpenSSH;C:\Windows\System32\WindowsPowerShell\v1.0\;C:\Users\NAGARAJU\Downloads\stripe_1.30.0_windows_x86_64;C:\WINDOWS\system32;C:\WINDOWS;C:\WINDOWS\System32\Wbem;C:\WINDOWS\System32\WindowsPowerShell\v1.0\;C:\WINDOWS\System32\OpenSSH\;C:\Users\NAGARAJU\AppData\Local\Android\Sdk\platform-tools;C:\Users\NAGARAJU\AppData\Local\Android\Sdk\cmdline-tools\latest\bin;C:\Users\NAGARAJU\AppData\Roaming\npm;C:\Users\NAGARAJU\AppData\Local\Programs\Microsoft VS Code\bin;C:\Users\NAGARAJU\AppData\Local\Programs\Antigravity IDE\bin;C:\Users\NAGARAJU\AppData\Local\Microsoft\WindowsApps;C:\Users\NAGARAJU\AppData\Local\Kingsoft\WPS Office\12.1.0.27458\clitool
USERNAME=NAGARAJU
OS=Windows_NT
PROCESSOR_IDENTIFIER=AMD64 Family 23 Model 104 Stepping 1, AuthenticAMD
TMP=C:\Users\NAGARAJU\AppData\Local\Temp
TEMP=C:\Users\NAGARAJU\AppData\Local\Temp




Periodic native trim disabled

---------------  S Y S T E M  ---------------

OS:
 Windows 11 , 64 bit Build 26100 (10.0.26100.8521)
OS uptime: 0 days 20:23 hours

CPU: total 8 (initial active 8) (8 cores per cpu, 2 threads per core) family 23 model 104 stepping 1 microcode 0x8608109, cx8, cmov, fxsr, ht, mmx, 3dnowpref, sse, sse2, sse3, ssse3, sse4a, sse4.1, sse4.2, popcnt, lzcnt, tsc, tscinvbit, avx, avx2, aes, clmul, bmi1, bmi2, adx, sha, fma, vzeroupper, clflush, clflushopt, rdtscp, rdpid, f16c
Processor Information for the first 8 processors :
  Max Mhz: 2600, Current Mhz: 2600, Mhz Limit: 2600

Memory: 4k page, system-wide physical 7502M (669M free)
TotalPageFile size 24586M (AvailPageFile size 2M)
current process WorkingSet (physical memory assigned to process): 635M, peak: 635M
current process commit charge ("private bytes"): 726M, peak: 727M

vm_info: OpenJDK 64-Bit Server VM (21.0.11+10-LTS) for windows-amd64 JRE (21.0.11+10-LTS), built on 2026-04-21T00:00:00Z by "admin" with MS VC++ 17.12 (VS2022)

END.
