#
# There is insufficient memory for the Java Runtime Environment to continue.
# Native memory allocation (mmap) failed to map 65536 bytes. Error detail: Failed to commit metaspace.
# Possible reasons:
#   The system is out of physical RAM or swap space
#   This process is running with CompressedOops enabled, and the Java Heap may be blocking the growth of the native heap
# Possible solutions:
#   Reduce memory load on the system
#   Increase physical memory or swap space
#   Check if swap backing store is full
#   Decrease Java heap size (-Xmx/-Xms)
#   Decrease number of Java threads
#   Decrease Java thread stack sizes (-Xss)
#   Set larger code cache with -XX:ReservedCodeCacheSize=
#   JVM is running with Unscaled Compressed Oops mode in which the Java heap is
#     placed in the first 4GB address space. The Java Heap base address is the
#     maximum limit for the native heap growth. Please use -XX:HeapBaseMinAddress
#     to set the Java Heap base and to place the Java Heap above 4GB virtual address.
# This output file may be truncated or incomplete.
#
#  Out of Memory Error (virtualSpaceNode.cpp:113), pid=9080, tid=24496
#
# JRE version: OpenJDK Runtime Environment Temurin-21.0.12.1+1 (21.0.12.1+1) (build 21.0.12.1+1-LTS)
# Java VM: OpenJDK 64-Bit Server VM Temurin-21.0.12.1+1 (21.0.12.1+1-LTS, mixed mode, sharing, tiered, compressed oops, compressed class ptrs, g1 gc, windows-amd64)
# No core dump will be written. Minidumps are not enabled by default on client versions of Windows
#

---------------  S U M M A R Y ------------

Command Line: --add-opens=java.base/java.util=ALL-UNNAMED --add-opens=java.base/java.lang=ALL-UNNAMED --add-opens=java.base/java.lang.invoke=ALL-UNNAMED --add-opens=java.prefs/java.util.prefs=ALL-UNNAMED --add-exports=jdk.compiler/com.sun.tools.javac.api=ALL-UNNAMED --add-exports=jdk.compiler/com.sun.tools.javac.util=ALL-UNNAMED --add-opens=java.base/java.nio.charset=ALL-UNNAMED --add-opens=java.base/java.net=ALL-UNNAMED --add-opens=java.base/java.util.concurrent.atomic=ALL-UNNAMED -XX:MaxMetaspaceSize=384m -XX:+HeapDumpOnOutOfMemoryError -Xms256m -Xmx512m -Dfile.encoding=utf8 -Duser.country=IN -Duser.language=en -Duser.variant -javaagent:C:\Users\NAGARAJU\.gradle\wrapper\dists\gradle-8.9-bin\90cnw93cvbtalezasaz0blq0a\gradle-8.9\lib\agents\gradle-instrumentation-agent-8.9.jar org.gradle.launcher.daemon.bootstrap.GradleDaemon 8.9

Host: AMD Ryzen 3 5300U with Radeon Graphics         , 8 cores, 7G,  Windows 11 , 64 bit Build 26100 (10.0.26100.9168)
Time: Tue Sep  8 17:50:12 2026 India Standard Time elapsed time: 335.288819 seconds (0d 0h 5m 35s)

---------------  T H R E A D  ---------------

Current thread (0x000001c637d2d3f0):  JavaThread "Daemon worker"        [_thread_in_vm, id=24496, stack(0x000000ac6ca00000,0x000000ac6cb00000) (1024K)]

Stack: [0x000000ac6ca00000,0x000000ac6cb00000]
Native frames: (J=compiled Java code, j=interpreted, Vv=VM code, C=native code)
V  [jvm.dll+0x6d83e9]
V  [jvm.dll+0x8b5736]
V  [jvm.dll+0x8b7cee]
V  [jvm.dll+0x8b83d3]
V  [jvm.dll+0x284596]
V  [jvm.dll+0x8b147e]
V  [jvm.dll+0x679ad4]
V  [jvm.dll+0x1e849b]
V  [jvm.dll+0x1e825e]
V  [jvm.dll+0x67c3d2]
V  [jvm.dll+0x67c202]
V  [jvm.dll+0x67a4ae]
V  [jvm.dll+0x26f864]
V  [jvm.dll+0x21a11f]
V  [jvm.dll+0x20f80e]
V  [jvm.dll+0x5b6a7f]
V  [jvm.dll+0x82f606]
V  [jvm.dll+0x4792f8]
V  [jvm.dll+0x47f128]
C  [java.dll+0x17ec]

Java frames: (J=compiled Java code, j=interpreted, Vv=VM code)
J 811  java.lang.ClassLoader.defineClass1(Ljava/lang/ClassLoader;Ljava/lang/String;[BIILjava/security/ProtectionDomain;Ljava/lang/String;)Ljava/lang/Class; java.base@21.0.12.1 (0 bytes) @ 0x000001c62cd14911 [0x000001c62cd14840+0x00000000000000d1]
J 1534 c1 java.lang.ClassLoader.defineClass(Ljava/lang/String;[BIILjava/security/ProtectionDomain;)Ljava/lang/Class; java.base@21.0.12.1 (43 bytes) @ 0x000001c6254eef74 [0x000001c6254eec20+0x0000000000000354]
J 1150 c1 java.security.SecureClassLoader.defineClass(Ljava/lang/String;[BIILjava/security/CodeSource;)Ljava/lang/Class; java.base@21.0.12.1 (16 bytes) @ 0x000001c6253d8e1c [0x000001c6253d8d40+0x00000000000000dc]
J 3599 c2 java.net.URLClassLoader.findClass(Ljava/lang/String;)Ljava/lang/Class; java.base@21.0.12.1 (47 bytes) @ 0x000001c62ce95704 [0x000001c62ce93820+0x0000000000001ee4]
J 3516 c1 org.gradle.internal.classloader.TransformingClassLoader.findClass(Ljava/lang/String;)Ljava/lang/Class; (203 bytes) @ 0x000001c625896ef4 [0x000001c625895ea0+0x0000000000001054]
J 3346 c2 java.lang.ClassLoader.loadClass(Ljava/lang/String;Z)Ljava/lang/Class; java.base@21.0.12.1 (121 bytes) @ 0x000001c62ce532bc [0x000001c62ce4fa40+0x000000000000387c]
J 4150 c2 java.lang.ClassLoader.loadClass(Ljava/lang/String;)Ljava/lang/Class; java.base@21.0.12.1 (7 bytes) @ 0x000001c62cef39ec [0x000001c62cef39a0+0x000000000000004c]
v  ~StubRoutines::call_stub 0x000001c62c72100d
j  org.gradle.api.internal.artifacts.dsl.dependencies.GradlePluginVariantsSupport.configureSchema(Lorg/gradle/api/internal/attributes/AttributesSchemaInternal;)V+39
j  org.gradle.api.internal.artifacts.DefaultDependencyManagementServices$DependencyResolutionScopeServices.createConfigurationAttributesSchema(Lorg/gradle/internal/instantiation/InstantiatorFactory;Lorg/gradle/internal/isolation/IsolatableFactory;Lorg/gradle/api/internal/artifacts/dsl/dependencies/PlatformSupport;Lorg/gradle/internal/service/ServiceRegistry;)Lorg/gradle/api/internal/attributes/AttributesSchemaInternal;+45
j  java.lang.invoke.LambdaForm$DMH+0x000001c6390e1c00.invokeVirtual(Ljava/lang/Object;Ljava/lang/Object;Ljava/lang/Object;Ljava/lang/Object;Ljava/lang/Object;Ljava/lang/Object;)Ljava/lang/Object;+18 java.base@21.0.12.1
j  java.lang.invoke.LambdaForm$MH+0x000001c639492800.invoke(Ljava/lang/Object;Ljava/lang/Object;Ljava/lang/Object;)Ljava/lang/Object;+143 java.base@21.0.12.1
J 2262 c1 jdk.internal.reflect.DirectMethodHandleAccessor.invoke(Ljava/lang/Object;[Ljava/lang/Object;)Ljava/lang/Object; java.base@21.0.12.1 (92 bytes) @ 0x000001c62565e0a4 [0x000001c62565d840+0x0000000000000864]
J 3929 c1 org.gradle.internal.reflect.JavaMethod.invoke(Ljava/lang/Object;[Ljava/lang/Object;)Ljava/lang/Object; (74 bytes) @ 0x000001c6259755bc [0x000001c625975040+0x000000000000057c]
J 3928 c1 org.gradle.internal.service.ReflectionBasedServiceMethod.invoke(Ljava/lang/Object;[Ljava/lang/Object;)Ljava/lang/Object; (16 bytes) @ 0x000001c625974a54 [0x000001c6259749c0+0x0000000000000094]
J 3986 c1 org.gradle.internal.service.DefaultServiceRegistry$FactoryMethodService.invokeMethod([Ljava/lang/Object;)Ljava/lang/Object; (151 bytes) @ 0x000001c6259974e4 [0x000001c6259973c0+0x0000000000000124]
J 3848 c1 org.gradle.internal.service.DefaultServiceRegistry$FactoryService.createServiceInstance()Ljava/lang/Object; (18 bytes) @ 0x000001c62593f384 [0x000001c62593f240+0x0000000000000144]
J 2766 c1 org.gradle.internal.service.DefaultServiceRegistry$ManagedObjectServiceProvider.getInstance()Ljava/lang/Object; (47 bytes) @ 0x000001c62575790c [0x000001c625757760+0x00000000000001ac]
J 2765 c1 org.gradle.internal.service.DefaultServiceRegistry$SingletonService.get()Ljava/lang/Object; (5 bytes) @ 0x000001c62575743c [0x000001c6257573c0+0x000000000000007c]
J 3849 c1 org.gradle.internal.service.DefaultServiceRegistry$FactoryService.assembleParameters()[Ljava/lang/Object; (58 bytes) @ 0x000001c62593f9b4 [0x000001c62593f780+0x0000000000000234]
J 3848 c1 org.gradle.internal.service.DefaultServiceRegistry$FactoryService.createServiceInstance()Ljava/lang/Object; (18 bytes) @ 0x000001c62593f2cc [0x000001c62593f240+0x000000000000008c]
J 2766 c1 org.gradle.internal.service.DefaultServiceRegistry$ManagedObjectServiceProvider.getInstance()Ljava/lang/Object; (47 bytes) @ 0x000001c62575790c [0x000001c625757760+0x00000000000001ac]
J 2765 c1 org.gradle.internal.service.DefaultServiceRegistry$SingletonService.get()Ljava/lang/Object; (5 bytes) @ 0x000001c62575743c [0x000001c6257573c0+0x000000000000007c]
J 3849 c1 org.gradle.internal.service.DefaultServiceRegistry$FactoryService.assembleParameters()[Ljava/lang/Object; (58 bytes) @ 0x000001c62593f9b4 [0x000001c62593f780+0x0000000000000234]
J 3848 c1 org.gradle.internal.service.DefaultServiceRegistry$FactoryService.createServiceInstance()Ljava/lang/Object; (18 bytes) @ 0x000001c62593f2cc [0x000001c62593f240+0x000000000000008c]
J 2766 c1 org.gradle.internal.service.DefaultServiceRegistry$ManagedObjectServiceProvider.getInstance()Ljava/lang/Object; (47 bytes) @ 0x000001c62575790c [0x000001c625757760+0x00000000000001ac]
J 2765 c1 org.gradle.internal.service.DefaultServiceRegistry$SingletonService.get()Ljava/lang/Object; (5 bytes) @ 0x000001c62575743c [0x000001c6257573c0+0x000000000000007c]
J 3849 c1 org.gradle.internal.service.DefaultServiceRegistry$FactoryService.assembleParameters()[Ljava/lang/Object; (58 bytes) @ 0x000001c62593f9b4 [0x000001c62593f780+0x0000000000000234]
J 3848 c1 org.gradle.internal.service.DefaultServiceRegistry$FactoryService.createServiceInstance()Ljava/lang/Object; (18 bytes) @ 0x000001c62593f2cc [0x000001c62593f240+0x000000000000008c]
J 2766 c1 org.gradle.internal.service.DefaultServiceRegistry$ManagedObjectServiceProvider.getInstance()Ljava/lang/Object; (47 bytes) @ 0x000001c62575790c [0x000001c625757760+0x00000000000001ac]
J 2765 c1 org.gradle.internal.service.DefaultServiceRegistry$SingletonService.get()Ljava/lang/Object; (5 bytes) @ 0x000001c62575743c [0x000001c6257573c0+0x000000000000007c]
J 3849 c1 org.gradle.internal.service.DefaultServiceRegistry$FactoryService.assembleParameters()[Ljava/lang/Object; (58 bytes) @ 0x000001c62593f9b4 [0x000001c62593f780+0x0000000000000234]
J 3848 c1 org.gradle.internal.service.DefaultServiceRegistry$FactoryService.createServiceInstance()Ljava/lang/Object; (18 bytes) @ 0x000001c62593f2cc [0x000001c62593f240+0x000000000000008c]
J 2766 c1 org.gradle.internal.service.DefaultServiceRegistry$ManagedObjectServiceProvider.getInstance()Ljava/lang/Object; (47 bytes) @ 0x000001c62575790c [0x000001c625757760+0x00000000000001ac]
J 2765 c1 org.gradle.internal.service.DefaultServiceRegistry$SingletonService.get()Ljava/lang/Object; (5 bytes) @ 0x000001c62575743c [0x000001c6257573c0+0x000000000000007c]
j  org.gradle.internal.service.DefaultServiceRegistry.find(Ljava/lang/reflect/Type;)Ljava/lang/Object;+22
j  org.gradle.internal.service.DefaultServiceRegistry.get(Ljava/lang/reflect/Type;)Ljava/lang/Object;+2
j  org.gradle.internal.service.DefaultServiceRegistry.get(Ljava/lang/Class;)Ljava/lang/Object;+3
j  org.gradle.api.internal.artifacts.DefaultDependencyManagementServices$DefaultDependencyResolutionServices.getDependencyLockingHandler()Lorg/gradle/api/artifacts/dsl/DependencyLockingHandler;+6
j  org.gradle.api.internal.initialization.DefaultScriptHandler.<init>(Lorg/gradle/groovy/scripts/ScriptSource;Lorg/gradle/api/internal/artifacts/DependencyResolutionServices;Lorg/gradle/api/internal/initialization/ClassLoaderScope;Lorg/gradle/api/internal/initialization/BuildLogicBuilder;)V+31
j  org.gradle.api.internal.initialization.DefaultScriptHandler_Decorated.<init>(Lorg/gradle/groovy/scripts/ScriptSource;Lorg/gradle/api/internal/artifacts/DependencyResolutionServices;Lorg/gradle/api/internal/initialization/ClassLoaderScope;Lorg/gradle/api/internal/initialization/BuildLogicBuilder;)V+6
j  java.lang.invoke.LambdaForm$DMH+0x000001c6391d0000.newInvokeSpecial(Ljava/lang/Object;Ljava/lang/Object;Ljava/lang/Object;Ljava/lang/Object;Ljava/lang/Object;)Ljava/lang/Object;+24 java.base@21.0.12.1
j  java.lang.invoke.LambdaForm$MH+0x000001c639410000.invoke(Ljava/lang/Object;Ljava/lang/Object;)Ljava/lang/Object;+122 java.base@21.0.12.1
J 1636 c1 java.lang.invoke.Invokers$Holder.invokeExact_MT(Ljava/lang/Object;Ljava/lang/Object;Ljava/lang/Object;)Ljava/lang/Object; java.base@21.0.12.1 (23 bytes) @ 0x000001c62551dddc [0x000001c62551d7a0+0x000000000000063c]
J 1834 c1 jdk.internal.reflect.DirectConstructorHandleAccessor.newInstance([Ljava/lang/Object;)Ljava/lang/Object; java.base@21.0.12.1 (130 bytes) @ 0x000001c62558c5ac [0x000001c62558c2c0+0x00000000000002ec]
J 1833 c1 java.lang.reflect.Constructor.newInstanceWithCaller([Ljava/lang/Object;ZLjava/lang/Class;)Ljava/lang/Object; java.base@21.0.12.1 (51 bytes) @ 0x000001c62558bbcc [0x000001c62558b9e0+0x00000000000001ec]
J 1886 c1 java.lang.reflect.Constructor.newInstance([Ljava/lang/Object;)Ljava/lang/Object; java.base@21.0.12.1 (34 bytes) @ 0x000001c6255a50c4 [0x000001c6255a4f60+0x0000000000000164]
j  org.gradle.internal.instantiation.generator.AsmBackedClassGenerator$InvokeConstructorStrategy.newInstance(Lorg/gradle/internal/service/ServiceLookup;Lorg/gradle/internal/instantiation/InstanceGenerator;Lorg/gradle/api/Describable;[Ljava/lang/Object;)Ljava/lang/Object;+37
j  org.gradle.internal.instantiation.generator.AbstractClassGenerator$GeneratedClassImpl$GeneratedConstructorImpl.newInstance(Lorg/gradle/internal/service/ServiceLookup;Lorg/gradle/internal/instantiation/InstanceGenerator;Lorg/gradle/api/Describable;[Ljava/lang/Object;)Ljava/lang/Object;+9
j  org.gradle.internal.instantiation.generator.DependencyInjectingInstantiator.doCreate(Ljava/lang/Class;Lorg/gradle/api/Describable;[Ljava/lang/Object;)Ljava/lang/Object;+37
j  org.gradle.internal.instantiation.generator.DependencyInjectingInstantiator.newInstance(Ljava/lang/Class;[Ljava/lang/Object;)Ljava/lang/Object;+4
j  org.gradle.api.internal.model.DefaultObjectFactory.newInstance(Ljava/lang/Class;[Ljava/lang/Object;)Ljava/lang/Object;+6
j  org.gradle.api.internal.initialization.DefaultScriptHandlerFactory.create(Lorg/gradle/groovy/scripts/ScriptSource;Lorg/gradle/api/internal/initialization/ClassLoaderScope;Lorg/gradle/api/internal/DomainObjectContext;)Lorg/gradle/api/internal/initialization/ScriptHandlerInternal;+61
j  org.gradle.api.internal.initialization.DefaultScriptHandlerFactory.create(Lorg/gradle/groovy/scripts/ScriptSource;Lorg/gradle/api/internal/initialization/ClassLoaderScope;)Lorg/gradle/api/internal/initialization/ScriptHandlerInternal;+6
j  org.gradle.configuration.DefaultInitScriptProcessor.process(Lorg/gradle/groovy/scripts/ScriptSource;Lorg/gradle/api/internal/GradleInternal;)V+91
j  org.gradle.initialization.InitScriptHandler$1.run(Lorg/gradle/internal/operations/BuildOperationContext;)V+66
j  org.gradle.internal.operations.DefaultBuildOperationRunner$1.execute(Lorg/gradle/internal/operations/RunnableBuildOperation;Lorg/gradle/internal/operations/BuildOperationContext;)V+2
j  org.gradle.internal.operations.DefaultBuildOperationRunner$1.execute(Lorg/gradle/internal/operations/BuildOperation;Lorg/gradle/internal/operations/BuildOperationContext;)V+6
j  org.gradle.internal.operations.DefaultBuildOperationRunner$2.execute(Lorg/gradle/internal/operations/BuildOperationDescriptor;Lorg/gradle/internal/operations/BuildOperationState;Lorg/gradle/internal/operations/BuildOperationState;Lorg/gradle/internal/operations/DefaultBuildOperationRunner$ReadableBuildOperationContext;Lorg/gradle/internal/operations/DefaultBuildOperationRunner$BuildOperationExecutionListener;)Lorg/gradle/internal/operations/BuildOperation;+22
j  org.gradle.internal.operations.DefaultBuildOperationRunner$2.execute(Lorg/gradle/internal/operations/BuildOperationDescriptor;Lorg/gradle/internal/operations/BuildOperationState;Lorg/gradle/internal/operations/BuildOperationState;Lorg/gradle/internal/operations/DefaultBuildOperationRunner$ReadableBuildOperationContext;Lorg/gradle/internal/operations/DefaultBuildOperationRunner$BuildOperationExecutionListener;)Ljava/lang/Object;+8
j  org.gradle.internal.operations.DefaultBuildOperationRunner.execute(Lorg/gradle/internal/operations/BuildOperationDescriptor$Builder;Lorg/gradle/internal/operations/BuildOperationState;Lorg/gradle/internal/operations/DefaultBuildOperationRunner$BuildOperationExecution;)Ljava/lang/Object;+141
j  org.gradle.internal.operations.DefaultBuildOperationRunner.execute(Lorg/gradle/internal/operations/BuildOperation;Lorg/gradle/internal/operations/BuildOperationWorker;Lorg/gradle/internal/operations/BuildOperationState;)V+18
j  org.gradle.internal.operations.DefaultBuildOperationRunner.run(Lorg/gradle/internal/operations/RunnableBuildOperation;)V+9
j  org.gradle.initialization.InitScriptHandler.executeScripts(Lorg/gradle/api/internal/GradleInternal;)V+34
j  org.gradle.initialization.InitScriptHandlingSettingsLoader.findAndLoadSettings(Lorg/gradle/api/internal/GradleInternal;)Lorg/gradle/initialization/SettingsState;+5
j  org.gradle.api.internal.initialization.CacheConfigurationsHandlingSettingsLoader.findAndLoadSettings(Lorg/gradle/api/internal/GradleInternal;)Lorg/gradle/initialization/SettingsState;+15
j  org.gradle.initialization.GradlePropertiesHandlingSettingsLoader.findAndLoadSettings(Lorg/gradle/api/internal/GradleInternal;)Lorg/gradle/initialization/SettingsState;+40
j  org.gradle.initialization.DefaultSettingsPreparer.prepareSettings(Lorg/gradle/api/internal/GradleInternal;)V+33
j  org.gradle.initialization.BuildOperationFiringSettingsPreparer$LoadBuild.doLoadBuild()V+11
j  org.gradle.initialization.BuildOperationFiringSettingsPreparer$LoadBuild.run(Lorg/gradle/internal/operations/BuildOperationContext;)V+1
j  org.gradle.internal.operations.DefaultBuildOperationRunner$1.execute(Lorg/gradle/internal/operations/RunnableBuildOperation;Lorg/gradle/internal/operations/BuildOperationContext;)V+2
j  org.gradle.internal.operations.DefaultBuildOperationRunner$1.execute(Lorg/gradle/internal/operations/BuildOperation;Lorg/gradle/internal/operations/BuildOperationContext;)V+6
j  org.gradle.internal.operations.DefaultBuildOperationRunner$2.execute(Lorg/gradle/internal/operations/BuildOperationDescriptor;Lorg/gradle/internal/operations/BuildOperationState;Lorg/gradle/internal/operations/BuildOperationState;Lorg/gradle/internal/operations/DefaultBuildOperationRunner$ReadableBuildOperationContext;Lorg/gradle/internal/operations/DefaultBuildOperationRunner$BuildOperationExecutionListener;)Lorg/gradle/internal/operations/BuildOperation;+22
j  org.gradle.internal.operations.DefaultBuildOperationRunner$2.execute(Lorg/gradle/internal/operations/BuildOperationDescriptor;Lorg/gradle/internal/operations/BuildOperationState;Lorg/gradle/internal/operations/BuildOperationState;Lorg/gradle/internal/operations/DefaultBuildOperationRunner$ReadableBuildOperationContext;Lorg/gradle/internal/operations/DefaultBuildOperationRunner$BuildOperationExecutionListener;)Ljava/lang/Object;+8
j  org.gradle.internal.operations.DefaultBuildOperationRunner.execute(Lorg/gradle/internal/operations/BuildOperationDescriptor$Builder;Lorg/gradle/internal/operations/BuildOperationState;Lorg/gradle/internal/operations/DefaultBuildOperationRunner$BuildOperationExecution;)Ljava/lang/Object;+141
j  org.gradle.internal.operations.DefaultBuildOperationRunner.execute(Lorg/gradle/internal/operations/BuildOperation;Lorg/gradle/internal/operations/BuildOperationWorker;Lorg/gradle/internal/operations/BuildOperationState;)V+18
j  org.gradle.internal.operations.DefaultBuildOperationRunner.run(Lorg/gradle/internal/operations/RunnableBuildOperation;)V+9
j  org.gradle.initialization.BuildOperationFiringSettingsPreparer.prepareSettings(Lorg/gradle/api/internal/GradleInternal;)V+31
j  org.gradle.initialization.VintageBuildModelController.lambda$prepareSettings$1()V+8
j  org.gradle.initialization.VintageBuildModelController$$Lambda+0x000001c6393f4400.run()V+4
j  org.gradle.internal.model.StateTransitionController.lambda$doTransition$14(Ljava/lang/Runnable;)Lorg/gradle/internal/build/ExecutionResult;+1
j  org.gradle.internal.model.StateTransitionController$$Lambda+0x000001c6393f4c50.get()Ljava/lang/Object;+4
j  org.gradle.internal.model.StateTransitionController.doTransition(Lorg/gradle/internal/model/StateTransitionController$State;Lorg/gradle/internal/model/StateTransitionController$State;Ljava/util/function/Supplier;)Lorg/gradle/internal/build/ExecutionResult;+24
j  org.gradle.internal.model.StateTransitionController.doTransition(Lorg/gradle/internal/model/StateTransitionController$State;Lorg/gradle/internal/model/StateTransitionController$State;Ljava/lang/Runnable;)V+9
j  org.gradle.internal.model.StateTransitionController.lambda$transitionIfNotPreviously$11(Lorg/gradle/internal/model/StateTransitionController$State;Lorg/gradle/internal/model/StateTransitionController$State;Ljava/lang/Runnable;)V+16
j  org.gradle.internal.model.StateTransitionController$$Lambda+0x000001c6393f8000.run()V+16
j  org.gradle.internal.work.DefaultSynchronizer.withLock(Ljava/lang/Runnable;)V+6
j  org.gradle.internal.model.StateTransitionController.transitionIfNotPreviously(Lorg/gradle/internal/model/StateTransitionController$State;Lorg/gradle/internal/model/StateTransitionController$State;Ljava/lang/Runnable;)V+13
j  org.gradle.initialization.VintageBuildModelController.prepareSettings()V+16
j  org.gradle.initialization.VintageBuildModelController.prepareToScheduleTasks()V+1
j  org.gradle.internal.build.DefaultBuildLifecycleController.lambda$prepareToScheduleTasks$6()V+9
j  org.gradle.internal.build.DefaultBuildLifecycleController$$Lambda+0x000001c6393f4800.run()V+4
j  org.gradle.internal.model.StateTransitionController.lambda$doTransition$14(Ljava/lang/Runnable;)Lorg/gradle/internal/build/ExecutionResult;+1
j  org.gradle.internal.model.StateTransitionController$$Lambda+0x000001c6393f4c50.get()Ljava/lang/Object;+4
j  org.gradle.internal.model.StateTransitionController.doTransition(Lorg/gradle/internal/model/StateTransitionController$State;Lorg/gradle/internal/model/StateTransitionController$State;Ljava/util/function/Supplier;)Lorg/gradle/internal/build/ExecutionResult;+24
j  org.gradle.internal.model.StateTransitionController.doTransition(Lorg/gradle/internal/model/StateTransitionController$State;Lorg/gradle/internal/model/StateTransitionController$State;Ljava/lang/Runnable;)V+9
j  org.gradle.internal.model.StateTransitionController.lambda$maybeTransition$9(Lorg/gradle/internal/model/StateTransitionController$State;Lorg/gradle/internal/model/StateTransitionController$State;Ljava/lang/Runnable;)V+16
j  org.gradle.internal.model.StateTransitionController$$Lambda+0x000001c6393f4a28.run()V+16
j  org.gradle.internal.work.DefaultSynchronizer.withLock(Ljava/lang/Runnable;)V+6
j  org.gradle.internal.model.StateTransitionController.maybeTransition(Lorg/gradle/internal/model/StateTransitionController$State;Lorg/gradle/internal/model/StateTransitionController$State;Ljava/lang/Runnable;)V+13
j  org.gradle.internal.build.DefaultBuildLifecycleController.prepareToScheduleTasks()V+16
j  org.gradle.internal.buildtree.DefaultBuildTreeWorkPreparer.scheduleRequestedTasks(Lorg/gradle/internal/buildtree/BuildTreeWorkGraph;Lorg/gradle/execution/EntryTaskSelector;)Lorg/gradle/internal/buildtree/BuildTreeWorkGraph$FinalizedGraph;+4
j  org.gradle.internal.cc.impl.VintageBuildTreeWorkController$scheduleAndRunRequestedTasks$1.apply(Lorg/gradle/internal/buildtree/BuildTreeWorkGraph;)Lorg/gradle/internal/build/ExecutionResult;+18
j  org.gradle.internal.cc.impl.VintageBuildTreeWorkController$scheduleAndRunRequestedTasks$1.apply(Ljava/lang/Object;)Ljava/lang/Object;+5
j  org.gradle.composite.internal.DefaultIncludedBuildTaskGraph.withNewWorkGraph(Ljava/util/function/Function;)Ljava/lang/Object;+30
j  org.gradle.internal.cc.impl.VintageBuildTreeWorkController.scheduleAndRunRequestedTasks(Lorg/gradle/execution/EntryTaskSelector;)Lorg/gradle/internal/build/ExecutionResult;+16
j  org.gradle.internal.buildtree.DefaultBuildTreeLifecycleController.lambda$scheduleAndRunTasks$1(Lorg/gradle/execution/EntryTaskSelector;)Lorg/gradle/internal/build/ExecutionResult;+5
j  org.gradle.internal.buildtree.DefaultBuildTreeLifecycleController$$Lambda+0x000001c6393f5000.get()Ljava/lang/Object;+8
j  org.gradle.internal.buildtree.DefaultBuildTreeLifecycleController.lambda$runBuild$4(Ljava/util/function/Supplier;)Ljava/lang/Object;+1
j  org.gradle.internal.buildtree.DefaultBuildTreeLifecycleController$$Lambda+0x000001c6393f5228.get()Ljava/lang/Object;+8
j  org.gradle.internal.model.StateTransitionController.lambda$transition$6(Ljava/util/function/Supplier;)Lorg/gradle/internal/build/ExecutionResult;+1
j  org.gradle.internal.model.StateTransitionController$$Lambda+0x000001c6393f5678.get()Ljava/lang/Object;+4
j  org.gradle.internal.model.StateTransitionController.doTransition(Lorg/gradle/internal/model/StateTransitionController$State;Lorg/gradle/internal/model/StateTransitionController$State;Ljava/util/function/Supplier;)Lorg/gradle/internal/build/ExecutionResult;+24
j  org.gradle.internal.model.StateTransitionController.lambda$transition$7(Lorg/gradle/internal/model/StateTransitionController$State;Lorg/gradle/internal/model/StateTransitionController$State;Ljava/util/function/Supplier;)Ljava/lang/Object;+9
j  org.gradle.internal.model.StateTransitionController$$Lambda+0x000001c6393f5450.create()Ljava/lang/Object;+16
j  org.gradle.internal.work.DefaultSynchronizer.withLock(Lorg/gradle/internal/Factory;)Ljava/lang/Object;+6
j  org.gradle.internal.model.StateTransitionController.transition(Lorg/gradle/internal/model/StateTransitionController$State;Lorg/gradle/internal/model/StateTransitionController$State;Ljava/util/function/Supplier;)Ljava/lang/Object;+13
j  org.gradle.internal.buildtree.DefaultBuildTreeLifecycleController.runBuild(Ljava/util/function/Supplier;)Ljava/lang/Object;+17
j  org.gradle.internal.buildtree.DefaultBuildTreeLifecycleController.scheduleAndRunTasks(Lorg/gradle/execution/EntryTaskSelector;)V+8
j  org.gradle.internal.buildtree.DefaultBuildTreeLifecycleController.scheduleAndRunTasks()V+2
j  org.gradle.tooling.internal.provider.runner.BuildModelActionRunner.run(Lorg/gradle/internal/invocation/BuildAction;Lorg/gradle/internal/buildtree/BuildTreeLifecycleController;)Lorg/gradle/internal/buildtree/BuildActionRunner$Result;+65
j  org.gradle.launcher.exec.ChainingBuildActionRunner.run(Lorg/gradle/internal/invocation/BuildAction;Lorg/gradle/internal/buildtree/BuildTreeLifecycleController;)Lorg/gradle/internal/buildtree/BuildActionRunner$Result;+34
j  org.gradle.internal.buildtree.ProblemReportingBuildActionRunner.run(Lorg/gradle/internal/invocation/BuildAction;Lorg/gradle/internal/buildtree/BuildTreeLifecycleController;)Lorg/gradle/internal/buildtree/BuildActionRunner$Result;+12
j  org.gradle.launcher.exec.BuildOutcomeReportingBuildActionRunner.run(Lorg/gradle/internal/invocation/BuildAction;Lorg/gradle/internal/buildtree/BuildTreeLifecycleController;)Lorg/gradle/internal/buildtree/BuildActionRunner$Result;+69
j  org.gradle.tooling.internal.provider.FileSystemWatchingBuildActionRunner.run(Lorg/gradle/internal/invocation/BuildAction;Lorg/gradle/internal/buildtree/BuildTreeLifecycleController;)Lorg/gradle/internal/buildtree/BuildActionRunner$Result;+335
j  org.gradle.launcher.exec.BuildCompletionNotifyingBuildActionRunner.run(Lorg/gradle/internal/invocation/BuildAction;Lorg/gradle/internal/buildtree/BuildTreeLifecycleController;)Lorg/gradle/internal/buildtree/BuildActionRunner$Result;+6
j  org.gradle.launcher.exec.RootBuildLifecycleBuildActionExecutor.lambda$execute$0(Lorg/gradle/internal/invocation/BuildAction;Lorg/gradle/internal/buildtree/BuildTreeLifecycleController;)Lorg/gradle/internal/buildtree/BuildActionRunner$Result;+6
j  org.gradle.launcher.exec.RootBuildLifecycleBuildActionExecutor$$Lambda+0x000001c6393e4690.apply(Ljava/lang/Object;)Ljava/lang/Object;+12
j  org.gradle.composite.internal.DefaultRootBuildState.run(Ljava/util/function/Function;)Ljava/lang/Object;+87
j  org.gradle.launcher.exec.RootBuildLifecycleBuildActionExecutor.execute(Lorg/gradle/internal/invocation/BuildAction;Lorg/gradle/internal/buildtree/BuildTreeContext;)Lorg/gradle/internal/buildtree/BuildActionRunner$Result;+28
j  org.gradle.internal.buildtree.InitDeprecationLoggingActionExecutor.execute(Lorg/gradle/internal/invocation/BuildAction;Lorg/gradle/internal/buildtree/BuildTreeContext;)Lorg/gradle/internal/buildtree/BuildActionRunner$Result;+83
j  org.gradle.internal.buildtree.InitProblems.execute(Lorg/gradle/internal/invocation/BuildAction;Lorg/gradle/internal/buildtree/BuildTreeContext;)Lorg/gradle/internal/buildtree/BuildActionRunner$Result;+13
j  org.gradle.internal.buildtree.DefaultBuildTreeContext.execute(Lorg/gradle/internal/invocation/BuildAction;)Lorg/gradle/internal/buildtree/BuildActionRunner$Result;+64
j  org.gradle.launcher.exec.BuildTreeLifecycleBuildActionExecutor.lambda$execute$0(Lorg/gradle/internal/invocation/BuildAction;Lorg/gradle/internal/buildtree/BuildTreeContext;)Lorg/gradle/internal/buildtree/BuildActionRunner$Result;+2
j  org.gradle.launcher.exec.BuildTreeLifecycleBuildActionExecutor$$Lambda+0x000001c63929fb98.apply(Ljava/lang/Object;)Ljava/lang/Object;+8
j  org.gradle.internal.buildtree.BuildTreeState.run(Ljava/util/function/Function;)Ljava/lang/Object;+45
j  org.gradle.launcher.exec.BuildTreeLifecycleBuildActionExecutor.execute(Lorg/gradle/internal/invocation/BuildAction;Lorg/gradle/internal/session/BuildSessionContext;)Lorg/gradle/internal/buildtree/BuildActionRunner$Result;+74
j  org.gradle.launcher.exec.RunAsBuildOperationBuildActionExecutor$3.call(Lorg/gradle/internal/operations/BuildOperationContext;)Lorg/gradle/internal/buildtree/BuildActionRunner$Result;+25
j  org.gradle.launcher.exec.RunAsBuildOperationBuildActionExecutor$3.call(Lorg/gradle/internal/operations/BuildOperationContext;)Ljava/lang/Object;+2
j  org.gradle.internal.operations.DefaultBuildOperationRunner$CallableBuildOperationWorker.execute(Lorg/gradle/internal/operations/CallableBuildOperation;Lorg/gradle/internal/operations/BuildOperationContext;)V+3
j  org.gradle.internal.operations.DefaultBuildOperationRunner$CallableBuildOperationWorker.execute(Lorg/gradle/internal/operations/BuildOperation;Lorg/gradle/internal/operations/BuildOperationContext;)V+6
j  org.gradle.internal.operations.DefaultBuildOperationRunner$2.execute(Lorg/gradle/internal/operations/BuildOperationDescriptor;Lorg/gradle/internal/operations/BuildOperationState;Lorg/gradle/internal/operations/BuildOperationState;Lorg/gradle/internal/operations/DefaultBuildOperationRunner$ReadableBuildOperationContext;Lorg/gradle/internal/operations/DefaultBuildOperationRunner$BuildOperationExecutionListener;)Lorg/gradle/internal/operations/BuildOperation;+22
j  org.gradle.internal.operations.DefaultBuildOperationRunner$2.execute(Lorg/gradle/internal/operations/BuildOperationDescriptor;Lorg/gradle/internal/operations/BuildOperationState;Lorg/gradle/internal/operations/BuildOperationState;Lorg/gradle/internal/operations/DefaultBuildOperationRunner$ReadableBuildOperationContext;Lorg/gradle/internal/operations/DefaultBuildOperationRunner$BuildOperationExecutionListener;)Ljava/lang/Object;+8
j  org.gradle.internal.operations.DefaultBuildOperationRunner.execute(Lorg/gradle/internal/operations/BuildOperationDescriptor$Builder;Lorg/gradle/internal/operations/BuildOperationState;Lorg/gradle/internal/operations/DefaultBuildOperationRunner$BuildOperationExecution;)Ljava/lang/Object;+141
j  org.gradle.internal.operations.DefaultBuildOperationRunner.execute(Lorg/gradle/internal/operations/BuildOperation;Lorg/gradle/internal/operations/BuildOperationWorker;Lorg/gradle/internal/operations/BuildOperationState;)V+18
j  org.gradle.internal.operations.DefaultBuildOperationRunner.call(Lorg/gradle/internal/operations/CallableBuildOperation;)Ljava/lang/Object;+16
j  org.gradle.launcher.exec.RunAsBuildOperationBuildActionExecutor.execute(Lorg/gradle/internal/invocation/BuildAction;Lorg/gradle/internal/session/BuildSessionContext;)Lorg/gradle/internal/buildtree/BuildActionRunner$Result;+23
j  org.gradle.launcher.exec.RunAsWorkerThreadBuildActionExecutor.lambda$execute$0(Lorg/gradle/internal/invocation/BuildAction;Lorg/gradle/internal/session/BuildSessionContext;)Lorg/gradle/internal/buildtree/BuildActionRunner$Result;+6
j  org.gradle.launcher.exec.RunAsWorkerThreadBuildActionExecutor$$Lambda+0x000001c639276de0.create()Ljava/lang/Object;+12
j  org.gradle.internal.work.DefaultWorkerLeaseService.withLocks(Ljava/util/Collection;Lorg/gradle/internal/Factory;)Ljava/lang/Object;+28
j  org.gradle.internal.work.DefaultWorkerLeaseService.runAsWorkerThread(Lorg/gradle/internal/Factory;)Ljava/lang/Object;+33
j  org.gradle.launcher.exec.RunAsWorkerThreadBuildActionExecutor.execute(Lorg/gradle/internal/invocation/BuildAction;Lorg/gradle/internal/session/BuildSessionContext;)Lorg/gradle/internal/buildtree/BuildActionRunner$Result;+12
j  org.gradle.tooling.internal.provider.continuous.ContinuousBuildActionExecutor.execute(Lorg/gradle/internal/invocation/BuildAction;Lorg/gradle/internal/session/BuildSessionContext;)Lorg/gradle/internal/buildtree/BuildActionRunner$Result;+58
j  org.gradle.tooling.internal.provider.SubscribableBuildActionExecutor.execute(Lorg/gradle/internal/invocation/BuildAction;Lorg/gradle/internal/session/BuildSessionContext;)Lorg/gradle/internal/buildtree/BuildActionRunner$Result;+30
j  org.gradle.internal.session.DefaultBuildSessionContext.execute(Lorg/gradle/internal/invocation/BuildAction;)Lorg/gradle/internal/buildtree/BuildActionRunner$Result;+64
j  org.gradle.internal.buildprocess.execution.BuildSessionLifecycleBuildActionExecutor$ActionImpl.apply(Lorg/gradle/internal/session/BuildSessionContext;)Lorg/gradle/launcher/exec/BuildActionResult;+6
j  org.gradle.internal.buildprocess.execution.BuildSessionLifecycleBuildActionExecutor$ActionImpl.apply(Ljava/lang/Object;)Ljava/lang/Object;+5
j  org.gradle.internal.session.BuildSessionState.run(Ljava/util/function/Function;)Ljava/lang/Object;+5
j  org.gradle.internal.buildprocess.execution.BuildSessionLifecycleBuildActionExecutor.execute(Lorg/gradle/internal/invocation/BuildAction;Lorg/gradle/launcher/exec/BuildActionParameters;Lorg/gradle/initialization/BuildRequestContext;)Lorg/gradle/launcher/exec/BuildActionResult;+95
j  org.gradle.internal.buildprocess.execution.BuildSessionLifecycleBuildActionExecutor.execute(Lorg/gradle/internal/invocation/BuildAction;Ljava/lang/Object;Ljava/lang/Object;)Lorg/gradle/launcher/exec/BuildActionResult;+10
j  org.gradle.internal.buildprocess.execution.StartParamsValidatingActionExecutor.execute(Lorg/gradle/internal/invocation/BuildAction;Lorg/gradle/launcher/exec/BuildActionParameters;Lorg/gradle/initialization/BuildRequestContext;)Lorg/gradle/launcher/exec/BuildActionResult;+203
j  org.gradle.internal.buildprocess.execution.StartParamsValidatingActionExecutor.execute(Lorg/gradle/internal/invocation/BuildAction;Ljava/lang/Object;Ljava/lang/Object;)Lorg/gradle/launcher/exec/BuildActionResult;+10
j  org.gradle.internal.buildprocess.execution.SessionFailureReportingActionExecutor.execute(Lorg/gradle/internal/invocation/BuildAction;Lorg/gradle/launcher/exec/BuildActionParameters;Lorg/gradle/initialization/BuildRequestContext;)Lorg/gradle/launcher/exec/BuildActionResult;+7
j  org.gradle.internal.buildprocess.execution.SessionFailureReportingActionExecutor.execute(Lorg/gradle/internal/invocation/BuildAction;Ljava/lang/Object;Ljava/lang/Object;)Lorg/gradle/launcher/exec/BuildActionResult;+10
j  org.gradle.internal.buildprocess.execution.SetupLoggingActionExecutor.execute(Lorg/gradle/internal/invocation/BuildAction;Lorg/gradle/launcher/exec/BuildActionParameters;Lorg/gradle/initialization/BuildRequestContext;)Lorg/gradle/launcher/exec/BuildActionResult;+50
j  org.gradle.internal.buildprocess.execution.SetupLoggingActionExecutor.execute(Lorg/gradle/internal/invocation/BuildAction;Ljava/lang/Object;Ljava/lang/Object;)Lorg/gradle/launcher/exec/BuildActionResult;+10
j  org.gradle.launcher.daemon.server.exec.ExecuteBuild.doBuild(Lorg/gradle/launcher/daemon/server/api/DaemonCommandExecution;Lorg/gradle/launcher/daemon/protocol/Build;)V+147
j  org.gradle.launcher.daemon.server.exec.BuildCommandOnly.execute(Lorg/gradle/launcher/daemon/server/api/DaemonCommandExecution;)V+49
j  org.gradle.launcher.daemon.server.api.DaemonCommandExecution.proceed()Z+23
j  org.gradle.launcher.daemon.server.exec.WatchForDisconnection.execute(Lorg/gradle/launcher/daemon/server/api/DaemonCommandExecution;)V+19
j  org.gradle.launcher.daemon.server.api.DaemonCommandExecution.proceed()Z+23
j  org.gradle.launcher.daemon.server.exec.ResetDeprecationLogger.execute(Lorg/gradle/launcher/daemon/server/api/DaemonCommandExecution;)V+7
j  org.gradle.launcher.daemon.server.api.DaemonCommandExecution.proceed()Z+23
j  org.gradle.launcher.daemon.server.exec.RequestStopIfSingleUsedDaemon.execute(Lorg/gradle/launcher/daemon/server/api/DaemonCommandExecution;)V+33
j  org.gradle.launcher.daemon.server.api.DaemonCommandExecution.proceed()Z+23
j  org.gradle.launcher.daemon.server.exec.ForwardClientInput.lambda$execute$0(Lorg/gradle/launcher/daemon/server/api/DaemonCommandExecution;Lorg/gradle/internal/daemon/clientinput/StdinHandler;)Ljava/lang/Object;+11
j  org.gradle.launcher.daemon.server.exec.ForwardClientInput$$Lambda+0x000001c63918cdb0.apply(Ljava/lang/Object;)Ljava/lang/Object;+8
j  org.gradle.internal.daemon.clientinput.ClientInputForwarder.forwardInput(Ljava/util/function/Function;)Ljava/lang/Object;+46
j  org.gradle.launcher.daemon.server.exec.ForwardClientInput.execute(Lorg/gradle/launcher/daemon/server/api/DaemonCommandExecution;)V+10
j  org.gradle.launcher.daemon.server.api.DaemonCommandExecution.proceed()Z+23
j  org.gradle.launcher.daemon.server.exec.LogAndCheckHealth.execute(Lorg/gradle/launcher/daemon/server/api/DaemonCommandExecution;)V+51
j  org.gradle.launcher.daemon.server.api.DaemonCommandExecution.proceed()Z+23
j  org.gradle.launcher.daemon.server.exec.LogToClient.doBuild(Lorg/gradle/launcher/daemon/server/api/DaemonCommandExecution;Lorg/gradle/launcher/daemon/protocol/Build;)V+87
j  org.gradle.launcher.daemon.server.exec.BuildCommandOnly.execute(Lorg/gradle/launcher/daemon/server/api/DaemonCommandExecution;)V+49
j  org.gradle.launcher.daemon.server.api.DaemonCommandExecution.proceed()Z+23
j  org.gradle.launcher.daemon.server.exec.EstablishBuildEnvironment.doBuild(Lorg/gradle/launcher/daemon/server/api/DaemonCommandExecution;Lorg/gradle/launcher/daemon/protocol/Build;)V+356
j  org.gradle.launcher.daemon.server.exec.BuildCommandOnly.execute(Lorg/gradle/launcher/daemon/server/api/DaemonCommandExecution;)V+49
j  org.gradle.launcher.daemon.server.api.DaemonCommandExecution.proceed()Z+23
j  org.gradle.launcher.daemon.server.exec.StartBuildOrRespondWithBusy$1.run()V+44
j  org.gradle.launcher.daemon.server.DaemonStateCoordinator.lambda$runCommand$0(Ljava/lang/Runnable;)V+1
j  org.gradle.launcher.daemon.server.DaemonStateCoordinator$$Lambda+0x000001c639187708.run()V+8
j  org.gradle.internal.concurrent.ExecutorPolicy$CatchAndRecordFailures.onExecute(Ljava/lang/Runnable;)V+1
j  org.gradle.internal.concurrent.AbstractManagedExecutor$1.run()V+25
j  java.util.concurrent.ThreadPoolExecutor.runWorker(Ljava/util/concurrent/ThreadPoolExecutor$Worker;)V+92 java.base@21.0.12.1
j  java.util.concurrent.ThreadPoolExecutor$Worker.run()V+5 java.base@21.0.12.1
j  java.lang.Thread.runWith(Ljava/lang/Object;Ljava/lang/Runnable;)V+5 java.base@21.0.12.1
j  java.lang.Thread.run()V+19 java.base@21.0.12.1
v  ~StubRoutines::call_stub 0x000001c62c72100d

Compiled method (n/a) 337101  811     n 0       java.lang.ClassLoader::defineClass1 (native)
 total in heap  [0x000001c62cd14690,0x000001c62cd14c28] = 1432
 relocation     [0x000001c62cd147f0,0x000001c62cd14828] = 56
 main code      [0x000001c62cd14840,0x000001c62cd14c21] = 993
 stub code      [0x000001c62cd14c21,0x000001c62cd14c28] = 7

[Constant Pool (empty)]

[MachCode]
[Entry Point]
  # {method} {0x000001c638434c38} 'defineClass1' '(Ljava/lang/ClassLoader;Ljava/lang/String;[BIILjava/security/ProtectionDomain;Ljava/lang/String;)Ljava/lang/Class;' in 'java/lang/ClassLoader'
  # parm0:    rdx:rdx   = 'java/lang/ClassLoader'
  # parm1:    r8:r8     = 'java/lang/String'
  # parm2:    r9:r9     = '[B'
  # parm3:    rdi       = int
  # parm4:    rsi       = int
  # parm5:    rcx:rcx   = 'java/security/ProtectionDomain'
  # parm6:    [sp+0xa0]   = 'java/lang/String'  (sp of caller)
  0x000001c62cd14840: 448b 5208 | 49bb 0000 | 0038 c601 | 0000 4d03 | d349 3bc2 | 0f84 0600 

  0x000001c62cd14858: ;   {runtime_call ic_miss_stub}
  0x000001c62cd14858: 0000 e921 | 9fa5 ff90 
[Verified Entry Point]
  0x000001c62cd14860: 8984 2400 | 80ff ff55 | 488b ec48 | 81ec 9000 | 0000 6690 | 4181 7f20 | 0300 0000 

  0x000001c62cd1487c: ;   {runtime_call StubRoutines (final stubs)}
  0x000001c62cd1487c: 7405 e81d | 1ca4 ff48 | 837d 1000 | 488d 4510 | 480f 4445 | 1048 8944 | 2440 4889 | 4c24 7048 
  0x000001c62cd1489c: 83f9 0048 | 8d44 2470 | 480f 4444 | 2470 4889 | 4424 3848 | 8974 2430 | 4889 7c24 | 284c 894c 
  0x000001c62cd148bc: 2458 4983 | f900 488d | 4424 5848 | 0f44 4424 | 5848 8944 | 2420 4c89 | 4424 5049 | 83f8 004c 
  0x000001c62cd148dc: 8d4c 2450 | 4c0f 444c | 2450 4889 | 5424 4848 | 83fa 004c | 8d44 2448 | 4c0f 4444 

  0x000001c62cd148f8: ;   {oop(a 'java/lang/Class'{0x00000000e06c5690} = 'java/lang/ClassLoader')}
  0x000001c62cd148f8: 2448 49be | 9056 6ce0 | 0000 0000 | 4c89 7424 | 784c 8d74 | 2478 498b | d6c5 f877 

  0x000001c62cd14914: ;   {internal_word}
  0x000001c62cd14914: 49ba 1149 | d12c c601 | 0000 4d89 | 97a8 0300 | 0049 89a7 | a003 0000 

  0x000001c62cd1492c: ;   {external_word}
  0x000001c62cd1492c: 49ba 066d | 8cfd f87f | 0000 4180 | 3a00 0f84 | 4e00 0000 | 5241 5041 

  0x000001c62cd14944: ;   {metadata({method} {0x000001c638434c38} 'defineClass1' '(Ljava/lang/ClassLoader;Ljava/lang/String;[BIILjava/security/ProtectionDomain;Ljava/lang/String;)Ljava/lang/Class;' in 'java/lang/ClassLoader')}
  0x000001c62cd14944: 5148 ba30 | 4c43 38c6 | 0100 0049 | 8bcf 4883 | ec20 40f6 | c40f 0f84 | 1900 0000 | 4883 ec08 
  0x000001c62cd14964: ;   {runtime_call}
  0x000001c62cd14964: 48b8 e0ea | 35fd f87f | 0000 ffd0 | 4883 c408 | e90c 0000 

  0x000001c62cd14978: ;   {runtime_call}
  0x000001c62cd14978: 0048 b8e0 | ea35 fdf8 | 7f00 00ff | d048 83c4 | 2041 5941 | 585a 498d | 8fc0 0300 | 0041 c787 
  0x000001c62cd14998: 4c04 0000 | 0400 0000 

  0x000001c62cd149a0: ;   {runtime_call}
  0x000001c62cd149a0: 48b8 ac16 | 165a f97f | 0000 ffd0 | c5f8 7741 | c787 4c04 | 0000 0500 | 0000 f083 | 4424 c000 
  0x000001c62cd149c0: 493b af50 | 0400 000f | 870e 0000 | 0041 83bf | 4804 0000 | 000f 842b | 0000 00c5 | f877 4889 
  0x000001c62cd149e0: 45f8 498b | cf4c 8be4 | 4883 ec20 | 4883 e4f0 

  0x000001c62cd149f0: ;   {runtime_call}
  0x000001c62cd149f0: 48b8 0058 | 01fd f87f | 0000 ffd0 | 498b e44d | 33e4 488b | 45f8 41c7 | 874c 0400 | 0008 0000 
  0x000001c62cd14a10: 0041 83bf | c804 0000 | 020f 84d5 

  0x000001c62cd14a1c: ;   {external_word}
  0x000001c62cd14a1c: 0100 0049 | ba06 6d8c | fdf8 7f00 | 0041 803a | 000f 844c | 0000 0048 

  0x000001c62cd14a34: ;   {metadata({method} {0x000001c638434c38} 'defineClass1' '(Ljava/lang/ClassLoader;Ljava/lang/String;[BIILjava/security/ProtectionDomain;Ljava/lang/String;)Ljava/lang/Class;' in 'java/lang/ClassLoader')}
  0x000001c62cd14a34: 8945 f848 | ba30 4c43 | 38c6 0100 | 0049 8bcf | 4883 ec20 | 40f6 c40f | 0f84 1900 | 0000 4883 
  0x000001c62cd14a54: ;   {runtime_call}
  0x000001c62cd14a54: ec08 48b8 | e0ea 35fd | f87f 0000 | ffd0 4883 | c408 e90c 

  0x000001c62cd14a68: ;   {runtime_call}
  0x000001c62cd14a68: 0000 0048 | b8e0 ea35 | fdf8 7f00 | 00ff d048 | 83c4 2048 | 8b45 f849 | c787 a003 | 0000 0000 
  0x000001c62cd14a88: 0000 49c7 | 87a8 0300 | 0000 0000 | 00c5 f877 | 4885 c00f | 8430 0100 | 00a8 030f | 8508 0000 
  0x000001c62cd14aa8: 0048 8b00 | e920 0100 | 00a8 010f | 8509 0000 | 0048 8b40 | fee9 0f01 | 0000 488b | 40ff 4180 
  0x000001c62cd14ac8: 7f40 000f | 8400 0100 | 0048 83f8 | 000f 84f6 | 0000 0049 | 8b4f 2848 | 83f9 000f | 8414 0000 
  0x000001c62cd14ae8: 0048 83e9 | 0849 894f | 2849 034f | 3848 8901 | e9d4 0000 | 0048 83ec | 7048 8904 | 2448 894c 
  0x000001c62cd14b08: 2408 4889 | 5424 104c | 8944 2418 | 4c89 4c24 | 204c 8954 | 2428 4c89 | 5c24 30c5 | fb11 4424 
  0x000001c62cd14b28: 40c5 fb11 | 4c24 48c5 | fb11 5424 | 50c5 fb11 | 5c24 58c5 | fb11 6424 | 60c5 fb11 | 6c24 6849 
  0x000001c62cd14b48: 8bd7 488b | c848 83ec | 2040 f6c4 | 0f0f 8419 | 0000 0048 

  0x000001c62cd14b5c: ;   {runtime_call}
  0x000001c62cd14b5c: 83ec 0848 | b820 a4f4 | fcf8 7f00 | 00ff d048 | 83c4 08e9 | 0c00 0000 

  0x000001c62cd14b74: ;   {runtime_call}
  0x000001c62cd14b74: 48b8 20a4 | f4fc f87f | 0000 ffd0 | 4883 c420 | c5fb 106c | 2468 c5fb | 1064 2460 | c5fb 105c 
  0x000001c62cd14b94: 2458 c5fb | 1054 2450 | c5fb 104c | 2448 c5fb | 1044 2440 | 4c8b 5c24 | 304c 8b54 | 2428 4c8b 
  0x000001c62cd14bb4: 4c24 204c | 8b44 2418 | 488b 5424 | 1048 8b4c | 2408 488b | 0424 4883 | c470 c5f8 | 7749 8b8f 
  0x000001c62cd14bd4: 3004 0000 | c781 0001 | 0000 0000 | 0000 c949 | 837f 0800 | 0f85 0100 

  0x000001c62cd14bec: ;   {runtime_call StubRoutines (initial stubs)}
  0x000001c62cd14bec: 0000 c3e9 | 0cc3 a0ff | c5f8 7748 | 8945 f84c | 8be4 4883 | ec20 4883 

  0x000001c62cd14c04: ;   {runtime_call}
  0x000001c62cd14c04: e4f0 48b8 | 3022 36fd | f87f 0000 | ffd0 498b | e44d 33e4 | 488b 45f8 | e9fe fdff | fff4 f4f4 
  0x000001c62cd14c24: f4f4 f4f4 
[/MachCode]


Compiled method (c1) 337139 1534       3       java.lang.ClassLoader::defineClass (43 bytes)
 total in heap  [0x000001c6254eea10,0x000001c6254ef360] = 2384
 relocation     [0x000001c6254eeb70,0x000001c6254eec10] = 160
 main code      [0x000001c6254eec20,0x000001c6254ef0b8] = 1176
 stub code      [0x000001c6254ef0b8,0x000001c6254ef130] = 120
 metadata       [0x000001c6254ef130,0x000001c6254ef160] = 48
 scopes data    [0x000001c6254ef160,0x000001c6254ef250] = 240
 scopes pcs     [0x000001c6254ef250,0x000001c6254ef330] = 224
 dependencies   [0x000001c6254ef330,0x000001c6254ef338] = 8
 nul chk table  [0x000001c6254ef338,0x000001c6254ef360] = 40

[Constant Pool (empty)]

[MachCode]
[Entry Point]
  # {method} {0x000001c638434fb8} 'defineClass' '(Ljava/lang/String;[BIILjava/security/ProtectionDomain;)Ljava/lang/Class;' in 'java/lang/ClassLoader'
  # this:     rdx:rdx   = 'java/lang/ClassLoader'
  # parm0:    r8:r8     = 'java/lang/String'
  # parm1:    r9:r9     = '[B'
  # parm2:    rdi       = int
  # parm3:    rsi       = int
  # parm4:    rcx:rcx   = 'java/security/ProtectionDomain'
  #           [sp+0xc0]  (sp of caller)
  0x000001c6254eec20: 448b 5208 | 49bb 0000 | 0038 c601 | 0000 4d03 | d34c 3bd0 

  0x000001c6254eec34: ;   {runtime_call ic_miss_stub}
  0x000001c6254eec34: 0f85 46fb | 2707 660f | 1f44 0000 
[Verified Entry Point]
  0x000001c6254eec40: 8984 2400 | 80ff ff55 | 4881 ecb0 | 0000 0090 | 4181 7f20 | 0300 0000 

  0x000001c6254eec58: ;   {runtime_call StubRoutines (final stubs)}
  0x000001c6254eec58: 7405 e841 | 7826 0748 | 8954 2478 

  0x000001c6254eec64: ;   {metadata(method data for {method} {0x000001c638434fb8} 'defineClass' '(Ljava/lang/String;[BIILjava/security/ProtectionDomain;)Ljava/lang/Class;' in 'java/lang/ClassLoader')}
  0x000001c6254eec64: 48bb b8d9 | 184d c601 | 0000 8b83 | cc00 0000 | 83c0 0289 | 83cc 0000 | 0025 fe07 | 0000 85c0 
  0x000001c6254eec84: 0f84 5003 | 0000 89b4 | 2494 0000 | 0089 bc24 | 9000 0000 | 4c89 8c24 | 8800 0000 

  0x000001c6254eeca0: ;   {metadata(method data for {method} {0x000001c638434fb8} 'defineClass' '(Ljava/lang/String;[BIILjava/security/ProtectionDomain;)Ljava/lang/Class;' in 'java/lang/ClassLoader')}
  0x000001c6254eeca0: 488b da48 | b8b8 d918 | 4dc6 0100 | 0048 8380 | 1001 0000 | 0149 8bd8 | 4c8b c34c | 8bc9 488b 
  0x000001c6254eecc0: ca48 8bd1 | 4889 9c24 | 8000 0000 

  0x000001c6254eeccc: ;   {optimized virtual_call}
  0x000001c6254eeccc: 6666 90e8 

  0x000001c6254eecd0: ; ImmutableOopMap {[120]=Oop [128]=Oop [136]=Oop }
                      ;*invokevirtual preDefineClass {reexecute=0 rethrow=0 return_oop=0}
                      ; - java.lang.ClassLoader::defineClass@4
  0x000001c6254eecd0: cc34 f5ff 

  0x000001c6254eecd4: ;   {other}
  0x000001c6254eecd4: 0f1f 8400 | c402 0000 | 4889 8424 | 9800 0000 | 488b 5424 

  0x000001c6254eece8: ;   {metadata(method data for {method} {0x000001c638434fb8} 'defineClass' '(Ljava/lang/String;[BIILjava/security/ProtectionDomain;)Ljava/lang/Class;' in 'java/lang/ClassLoader')}
  0x000001c6254eece8: 7849 b8b8 | d918 4dc6 | 0100 0049 | 8380 4801 

  0x000001c6254eecf8: ;   {metadata(method data for {method} {0x000001c638434ca0} 'defineClassSourceLocation' '(Ljava/security/ProtectionDomain;)Ljava/lang/String;' in 'java/lang/ClassLoader')}
  0x000001c6254eecf8: 0000 0149 | b888 aa1b | 4dc6 0100 | 0041 8b90 | cc00 0000 | 83c2 0241 | 8990 cc00 | 0000 81e2 
  0x000001c6254eed18: feff 1f00 | 85d2 0f84 | d702 0000 

  0x000001c6254eed24: ; implicit exception: dispatches to 0x000001c6254ef01c
  0x000001c6254eed24: 483b 004c 

  0x000001c6254eed28: ;   {metadata(method data for {method} {0x000001c638434ca0} 'defineClassSourceLocation' '(Ljava/security/ProtectionDomain;)Ljava/lang/String;' in 'java/lang/ClassLoader')}
  0x000001c6254eed28: 8bc0 48ba | 88aa 1b4d | c601 0000 | 4883 8210 | 0100 0001 | 448b 4010 

  0x000001c6254eed40: ;   {metadata(method data for {method} {0x000001c638434ca0} 'defineClassSourceLocation' '(Ljava/security/ProtectionDomain;)Ljava/lang/String;' in 'java/lang/ClassLoader')}
  0x000001c6254eed40: 4d85 c048 | ba88 aa1b | 4dc6 0100 | 0048 c7c6 | 5801 0000 | 7507 48c7 | c648 0100 | 0048 8b3c 
  0x000001c6254eed60: 3248 8d7f | 0148 893c | 320f 850f 

  0x000001c6254eed6c: ;   {oop(nullptr)}
  0x000001c6254eed6c: 0000 0048 | bb00 0000 | 0000 0000 | 00e9 a101 | 0000 493b | 0049 8bd0 

  0x000001c6254eed84: ;   {metadata(method data for {method} {0x000001c638434ca0} 'defineClassSourceLocation' '(Ljava/security/ProtectionDomain;)Ljava/lang/String;' in 'java/lang/ClassLoader')}
  0x000001c6254eed84: 48be 88aa | 1b4d c601 | 0000 4883 | 8668 0100 | 0001 418b | 500c 4885 

  0x000001c6254eed9c: ;   {metadata(method data for {method} {0x000001c638434ca0} 'defineClassSourceLocation' '(Ljava/security/ProtectionDomain;)Ljava/lang/String;' in 'java/lang/ClassLoader')}
  0x000001c6254eed9c: d248 be88 | aa1b 4dc6 | 0100 0048 | c7c7 b001 | 0000 7507 | 48c7 c7a0 | 0100 0048 | 8b1c 3e48 
  0x000001c6254eedbc: 8d5b 0148 | 891c 3e0f | 850f 0000 

  0x000001c6254eedc8: ;   {oop(nullptr)}
  0x000001c6254eedc8: 0048 bb00 | 0000 0000 | 0000 00e9 | 4701 0000 

  0x000001c6254eedd8: ;   {metadata(method data for {method} {0x000001c638434ca0} 'defineClassSourceLocation' '(Ljava/security/ProtectionDomain;)Ljava/lang/String;' in 'java/lang/ClassLoader')}
  0x000001c6254eedd8: 48be 88aa | 1b4d c601 | 0000 4883 | 86c0 0100 | 0001 483b | 024c 8bc2 

  0x000001c6254eedf0: ;   {metadata(method data for {method} {0x000001c638434ca0} 'defineClassSourceLocation' '(Ljava/security/ProtectionDomain;)Ljava/lang/String;' in 'java/lang/ClassLoader')}
  0x000001c6254eedf0: 48be 88aa | 1b4d c601 | 0000 4883 | 86f8 0100 

  0x000001c6254eee00: ;   {metadata(method data for {method} {0x000001c63801abf0} 'toString' '()Ljava/lang/String;' in 'java/net/URL')}
  0x000001c6254eee00: 0001 49b8 | 501b 0e4d | c601 0000 | 418b b0cc | 0000 0083 | c602 4189 | b0cc 0000 | 0081 e6fe 
  0x000001c6254eee20: ff1f 0085 | f60f 8400 | 0200 004c 

  0x000001c6254eee2c: ;   {metadata(method data for {method} {0x000001c63801abf0} 'toString' '()Ljava/lang/String;' in 'java/net/URL')}
  0x000001c6254eee2c: 8bc2 48be | 501b 0e4d | c601 0000 | 4883 8610 | 0100 0001 

  0x000001c6254eee40: ;   {metadata(method data for {method} {0x000001c638428840} 'toExternalForm' '()Ljava/lang/String;' in 'java/net/URL')}
  0x000001c6254eee40: 49b8 d81c | 0e4d c601 | 0000 418b | b0cc 0000 | 0083 c602 | 4189 b0cc | 0000 0081 | e6fe ff1f 
  0x000001c6254eee60: 0085 f60f | 84e3 0100 | 008b 7238 

  0x000001c6254eee6c: ; implicit exception: dispatches to 0x000001c6254ef06d
  0x000001c6254eee6c: 483b 064c 

  0x000001c6254eee70: ;   {metadata(method data for {method} {0x000001c638428840} 'toExternalForm' '()Ljava/lang/String;' in 'java/net/URL')}
  0x000001c6254eee70: 8bc6 48bf | d81c 0e4d | c601 0000 | 458b 4008 | 49ba 0000 | 0038 c601 | 0000 4d03 | c24c 3b87 
  0x000001c6254eee90: 2001 0000 | 750d 4883 | 8728 0100 | 0001 e960 | 0000 004c | 3b87 3001 | 0000 750d | 4883 8738 
  0x000001c6254eeeb0: 0100 0001 | e94a 0000 | 0048 83bf | 2001 0000 | 0075 174c | 8987 2001 | 0000 48c7 | 8728 0100 
  0x000001c6254eeed0: 0001 0000 | 00e9 2900 | 0000 4883 | bf30 0100 | 0000 7517 | 4c89 8730 | 0100 0048 | c787 3801 
  0x000001c6254eeef0: 0000 0100 | 0000 e908 | 0000 0048 | 8387 1001 | 0000 014c | 8bc2 488b | d666 0f1f 

  0x000001c6254eef0c: ;   {optimized virtual_call}
  0x000001c6254eef0c: 4400 00e8 

  0x000001c6254eef10: ; ImmutableOopMap {[120]=Oop [128]=Oop [136]=Oop [152]=Oop }
                      ;*invokevirtual toExternalForm {reexecute=0 rethrow=0 return_oop=0}
                      ; - java.net.URL::toExternalForm@5
                      ; - java.net.URL::toString@1
                      ; - java.lang.ClassLoader::defineClassSourceLocation@22
                      ; - java.lang.ClassLoader::defineClass@12
  0x000001c6254eef10: 8c3d e4ff 

  0x000001c6254eef14: ;   {other}
  0x000001c6254eef14: 0f1f 8400 | 0405 0001 | 488b d848 | 8b84 2498 | 0000 008b | b424 9400 | 0000 8bbc | 2490 0000 
  0x000001c6254eef34: 004c 8b8c | 2488 0000 | 004c 8b84 | 2480 0000 | 0048 8b54 

  0x000001c6254eef48: ;   {metadata(method data for {method} {0x000001c638434fb8} 'defineClass' '(Ljava/lang/String;[BIILjava/security/ProtectionDomain;)Ljava/lang/Class;' in 'java/lang/ClassLoader')}
  0x000001c6254eef48: 2478 48b9 | b8d9 184d | c601 0000 | 4883 8180 | 0100 0001 | 4c8b da49 | 8bd3 488b | c848 891c 
  0x000001c6254eef68: 2466 0f1f 

  0x000001c6254eef6c: ;   {static_call}
  0x000001c6254eef6c: 4400 00e8 

  0x000001c6254eef70: ; ImmutableOopMap {[120]=Oop [152]=Oop }
                      ;*invokestatic defineClass1 {reexecute=0 rethrow=0 return_oop=0}
                      ; - java.lang.ClassLoader::defineClass@27
  0x000001c6254eef70: ec58 8207 

  0x000001c6254eef74: ;   {other}
  0x000001c6254eef74: 0f1f 8400 | 6405 0002 | 488b 5424 

  0x000001c6254eef80: ;   {metadata(method data for {method} {0x000001c638434fb8} 'defineClass' '(Ljava/lang/String;[BIILjava/security/ProtectionDomain;)Ljava/lang/Class;' in 'java/lang/ClassLoader')}
  0x000001c6254eef80: 7849 b8b8 | d918 4dc6 | 0100 0049 | 8380 9001 | 0000 014c | 8bc0 4c8b | 8c24 9800 | 0000 488b 
  0x000001c6254eefa0: 5424 7848 | 8984 24a0 | 0000 000f 

  0x000001c6254eefac: ;   {optimized virtual_call}
  0x000001c6254eefac: 1f40 00e8 

  0x000001c6254eefb0: ; ImmutableOopMap {[160]=Oop }
                      ;*invokevirtual postDefineClass {reexecute=0 rethrow=0 return_oop=0}
                      ; - java.lang.ClassLoader::defineClass@37
  0x000001c6254eefb0: ec3b eaff 

  0x000001c6254eefb4: ;   {other}
  0x000001c6254eefb4: 0f1f 8400 | a405 0003 | 488b 8424 | a000 0000 | 4881 c4b0 | 0000 005d 

  0x000001c6254eefcc: ;   {poll_return}
  0x000001c6254eefcc: 493b a750 | 0400 000f | 8799 0000 

  0x000001c6254eefd8: ;   {metadata({method} {0x000001c638434fb8} 'defineClass' '(Ljava/lang/String;[BIILjava/security/ProtectionDomain;)Ljava/lang/Class;' in 'java/lang/ClassLoader')}
  0x000001c6254eefd8: 00c3 49ba | b04f 4338 | c601 0000 | 4c89 5424 | 0848 c704 | 24ff ffff 

  0x000001c6254eeff0: ;   {runtime_call counter_overflow Runtime1 stub}
  0x000001c6254eeff0: ffe8 8a2a 

  0x000001c6254eeff4: ; ImmutableOopMap {rdx=Oop r8=Oop r9=Oop rcx=Oop [120]=Oop }
                      ;*synchronization entry
                      ; - java.lang.ClassLoader::defineClass@-1
  0x000001c6254eeff4: 3407 e98f 

  0x000001c6254eeff8: ;   {metadata({method} {0x000001c638434ca0} 'defineClassSourceLocation' '(Ljava/security/ProtectionDomain;)Ljava/lang/String;' in 'java/lang/ClassLoader')}
  0x000001c6254eeff8: fcff ff49 | ba98 4c43 | 38c6 0100 | 004c 8954 | 2408 48c7 | 0424 ffff 

  0x000001c6254ef010: ;   {runtime_call counter_overflow Runtime1 stub}
  0x000001c6254ef010: ffff e869 

  0x000001c6254ef014: ; ImmutableOopMap {rax=Oop [120]=Oop [128]=Oop [136]=Oop [152]=Oop }
                      ;*synchronization entry
                      ; - java.lang.ClassLoader::defineClassSourceLocation@-1
                      ; - java.lang.ClassLoader::defineClass@12
  0x000001c6254ef014: 2a34 07e9 | 08fd ffff 

  0x000001c6254ef01c: ;   {runtime_call throw_null_pointer_exception Runtime1 stub}
  0x000001c6254ef01c: e8df cc33 

  0x000001c6254ef020: ; ImmutableOopMap {rax=Oop [120]=Oop [128]=Oop [136]=Oop [152]=Oop }
                      ;*invokevirtual getCodeSource {reexecute=0 rethrow=0 return_oop=0}
                      ; - java.lang.ClassLoader::defineClassSourceLocation@1
                      ; - java.lang.ClassLoader::defineClass@12
                      ;   {runtime_call throw_null_pointer_exception Runtime1 stub}
  0x000001c6254ef020: 07e8 dacc 

  0x000001c6254ef024: ; ImmutableOopMap {rax=Oop r8=Oop [120]=Oop [128]=Oop [136]=Oop [152]=Oop }
                      ;*invokevirtual getLocation {reexecute=0 rethrow=0 return_oop=0}
                      ; - java.lang.ClassLoader::defineClassSourceLocation@12
                      ; - java.lang.ClassLoader::defineClass@12
                      ;   {runtime_call throw_null_pointer_exception Runtime1 stub}
  0x000001c6254ef024: 3307 e8d5 

  0x000001c6254ef028: ; ImmutableOopMap {rdx=Oop [120]=Oop [128]=Oop [136]=Oop [152]=Oop }
                      ;*invokevirtual toString {reexecute=0 rethrow=0 return_oop=0}
                      ; - java.lang.ClassLoader::defineClassSourceLocation@22
                      ; - java.lang.ClassLoader::defineClass@12
                      ;   {metadata({method} {0x000001c63801abf0} 'toString' '()Ljava/lang/String;' in 'java/net/URL')}
  0x000001c6254ef028: cc33 0749 | bae8 ab01 | 38c6 0100 | 004c 8954 | 2408 48c7 | 0424 ffff 

  0x000001c6254ef040: ;   {runtime_call counter_overflow Runtime1 stub}
  0x000001c6254ef040: ffff e839 

  0x000001c6254ef044: ; ImmutableOopMap {rdx=Oop [120]=Oop [128]=Oop [136]=Oop [152]=Oop }
                      ;*synchronization entry
                      ; - java.net.URL::toString@-1
                      ; - java.lang.ClassLoader::defineClassSourceLocation@22
                      ; - java.lang.ClassLoader::defineClass@12
  0x000001c6254ef044: 2a34 07e9 | dffd ffff 

  0x000001c6254ef04c: ;   {metadata({method} {0x000001c638428840} 'toExternalForm' '()Ljava/lang/String;' in 'java/net/URL')}
  0x000001c6254ef04c: 49ba 3888 | 4238 c601 | 0000 4c89 | 5424 0848 | c704 24ff 

  0x000001c6254ef060: ;   {runtime_call counter_overflow Runtime1 stub}
  0x000001c6254ef060: ffff ffe8 

  0x000001c6254ef064: ; ImmutableOopMap {rdx=Oop [120]=Oop [128]=Oop [136]=Oop [152]=Oop }
                      ;*synchronization entry
                      ; - java.net.URL::toExternalForm@-1
                      ; - java.net.URL::toString@1
                      ; - java.lang.ClassLoader::defineClassSourceLocation@22
                      ; - java.lang.ClassLoader::defineClass@12
  0x000001c6254ef064: 182a 3407 | e9fc fdff 

  0x000001c6254ef06c: ;   {runtime_call throw_null_pointer_exception Runtime1 stub}
  0x000001c6254ef06c: ffe8 8ecc 

  0x000001c6254ef070: ; ImmutableOopMap {rdx=Oop rsi=Oop [120]=Oop [128]=Oop [136]=Oop [152]=Oop }
                      ;*invokevirtual toExternalForm {reexecute=0 rethrow=0 return_oop=0}
                      ; - java.net.URL::toExternalForm@5
                      ; - java.net.URL::toString@1
                      ; - java.lang.ClassLoader::defineClassSourceLocation@22
                      ; - java.lang.ClassLoader::defineClass@12
                      ;   {internal_word}
  0x000001c6254ef070: 3307 49ba | ccef 4e25 | c601 0000 | 4d89 9768 

  0x000001c6254ef080: ;   {runtime_call SafepointBlob}
  0x000001c6254ef080: 0400 00e9 | f863 2807 | 498b 8700 | 0500 0049 | c787 0005 | 0000 0000 | 0000 49c7 | 8708 0500 
  0x000001c6254ef0a0: 0000 0000 | 0048 81c4 | b000 0000 

  0x000001c6254ef0ac: ;   {runtime_call unwind_exception Runtime1 stub}
  0x000001c6254ef0ac: 5de9 4ead | 3307 f4f4 | f4f4 f4f4 
[Stub Code]
  0x000001c6254ef0b8: ;   {no_reloc}
  0x000001c6254ef0b8: 0f1f 4400 

  0x000001c6254ef0bc: ;   {static_stub}
  0x000001c6254ef0bc: 0048 bb00 | 0000 0000 

  0x000001c6254ef0c4: ;   {runtime_call nmethod}
  0x000001c6254ef0c4: 0000 00e9 | fbff ffff 

  0x000001c6254ef0cc: ;   {static_stub}
  0x000001c6254ef0cc: 48bb 0000 | 0000 0000 

  0x000001c6254ef0d4: ;   {runtime_call nmethod}
  0x000001c6254ef0d4: 0000 e9fb 

  0x000001c6254ef0d8: ;   {static_stub}
  0x000001c6254ef0d8: ffff ff48 | bb00 0000 | 0000 0000 

  0x000001c6254ef0e4: ;   {runtime_call nmethod}
  0x000001c6254ef0e4: 00e9 fbff 

  0x000001c6254ef0e8: ;   {static_stub}
  0x000001c6254ef0e8: ffff 48bb | 0000 0000 | 0000 0000 

  0x000001c6254ef0f4: ;   {runtime_call nmethod}
  0x000001c6254ef0f4: e9fb ffff 

  0x000001c6254ef0f8: ;   {runtime_call handle_exception_from_callee Runtime1 stub}
  0x000001c6254ef0f8: ffe8 02ee 

  0x000001c6254ef0fc: ;   {external_word}
  0x000001c6254ef0fc: 3307 48b9 | 5063 62fd | f87f 0000 | 4883 e4f0 

  0x000001c6254ef10c: ;   {runtime_call}
  0x000001c6254ef10c: 48b8 c0c9 | 24fd f87f | 0000 ffd0 

  0x000001c6254ef118: ;   {section_word}
  0x000001c6254ef118: f449 ba19 | f14e 25c6 | 0100 0041 

  0x000001c6254ef124: ;   {runtime_call DeoptimizationBlob}
  0x000001c6254ef124: 52e9 f655 | 2807 f4f4 | f4f4 f4f4 
[/MachCode]


Compiled method (c1) 337206 1150       3       java.security.SecureClassLoader::defineClass (16 bytes)
 total in heap  [0x000001c6253d8b90,0x000001c6253d8f90] = 1024
 relocation     [0x000001c6253d8cf0,0x000001c6253d8d40] = 80
 main code      [0x000001c6253d8d40,0x000001c6253d8e98] = 344
 stub code      [0x000001c6253d8e98,0x000001c6253d8ee8] = 80
 metadata       [0x000001c6253d8ee8,0x000001c6253d8ef0] = 8
 scopes data    [0x000001c6253d8ef0,0x000001c6253d8f38] = 72
 scopes pcs     [0x000001c6253d8f38,0x000001c6253d8f88] = 80
 dependencies   [0x000001c6253d8f88,0x000001c6253d8f90] = 8

[Constant Pool (empty)]

[MachCode]
[Entry Point]
  # {method} {0x000001c63804e0e8} 'defineClass' '(Ljava/lang/String;[BIILjava/security/CodeSource;)Ljava/lang/Class;' in 'java/security/SecureClassLoader'
  # this:     rdx:rdx   = 'java/security/SecureClassLoader'
  # parm0:    r8:r8     = 'java/lang/String'
  # parm1:    r9:r9     = '[B'
  # parm2:    rdi       = int
  # parm3:    rsi       = int
  # parm4:    rcx:rcx   = 'java/security/CodeSource'
  #           [sp+0x80]  (sp of caller)
  0x000001c6253d8d40: 448b 5208 | 49bb 0000 | 0038 c601 | 0000 4d03 | d34c 3bd0 

  0x000001c6253d8d54: ;   {runtime_call ic_miss_stub}
  0x000001c6253d8d54: 0f85 265a | 3907 660f | 1f44 0000 
[Verified Entry Point]
  0x000001c6253d8d60: 8984 2400 | 80ff ff55 | 4883 ec70 | 4181 7f20 | 0300 0000 

  0x000001c6253d8d74: ;   {runtime_call StubRoutines (final stubs)}
  0x000001c6253d8d74: 7405 e825 

  0x000001c6253d8d78: ;   {metadata(method data for {method} {0x000001c63804e0e8} 'defineClass' '(Ljava/lang/String;[BIILjava/security/CodeSource;)Ljava/lang/Class;' in 'java/security/SecureClassLoader')}
  0x000001c6253d8d78: d737 0748 | bb68 9e17 | 4dc6 0100 | 008b 83cc | 0000 0083 | c002 8983 | cc00 0000 | 25fe 0700 
  0x000001c6253d8d98: 0085 c00f | 8496 0000 | 0089 7424 | 5c89 7c24 | 584c 894c | 2450 4c89 | 4424 4848 

  0x000001c6253d8db4: ;   {metadata(method data for {method} {0x000001c63804e0e8} 'defineClass' '(Ljava/lang/String;[BIILjava/security/CodeSource;)Ljava/lang/Class;' in 'java/security/SecureClassLoader')}
  0x000001c6253d8db4: 8bda 48b8 | 689e 174d | c601 0000 | 4883 8010 | 0100 0001 | 4c8b c148 | 8bc2 488b | d048 8944 
  0x000001c6253d8dd4: ;   {optimized virtual_call}
  0x000001c6253d8dd4: 2440 90e8 

  0x000001c6253d8dd8: ; ImmutableOopMap {[64]=Oop [72]=Oop [80]=Oop }
                      ;*invokevirtual getProtectionDomain {reexecute=0 rethrow=0 return_oop=0}
                      ; - java.security.SecureClassLoader::defineClass@9
  0x000001c6253d8dd8: 441d 1100 

  0x000001c6253d8ddc: ;   {other}
  0x000001c6253d8ddc: 0f1f 8400 | 4c02 0000 | 488b 5424 

  0x000001c6253d8de8: ;   {metadata(method data for {method} {0x000001c63804e0e8} 'defineClass' '(Ljava/lang/String;[BIILjava/security/CodeSource;)Ljava/lang/Class;' in 'java/security/SecureClassLoader')}
  0x000001c6253d8de8: 4049 b868 | 9e17 4dc6 | 0100 0049 | 8380 4801 | 0000 014c | 8b44 2448 | 4c8b 4c24 | 508b 7c24 
  0x000001c6253d8e08: 588b 7424 | 5c48 8bc8 | 488b 5424 

  0x000001c6253d8e14: ;   {optimized virtual_call}
  0x000001c6253d8e14: 4066 90e8 

  0x000001c6253d8e18: ; ImmutableOopMap {}
                      ;*invokevirtual defineClass {reexecute=0 rethrow=0 return_oop=0}
                      ; - java.security.SecureClassLoader::defineClass@12
  0x000001c6253d8e18: 245e 1100 

  0x000001c6253d8e1c: ;   {other}
  0x000001c6253d8e1c: 0f1f 8400 | 8c02 0001 | 4883 c470 

  0x000001c6253d8e28: ;   {poll_return}
  0x000001c6253d8e28: 5d49 3ba7 | 5004 0000 | 0f87 2200 

  0x000001c6253d8e34: ;   {metadata({method} {0x000001c63804e0e8} 'defineClass' '(Ljava/lang/String;[BIILjava/security/CodeSource;)Ljava/lang/Class;' in 'java/security/SecureClassLoader')}
  0x000001c6253d8e34: 0000 c349 | bae0 e004 | 38c6 0100 | 004c 8954 | 2408 48c7 | 0424 ffff 

  0x000001c6253d8e4c: ;   {runtime_call counter_overflow Runtime1 stub}
  0x000001c6253d8e4c: ffff e82d 

  0x000001c6253d8e50: ; ImmutableOopMap {rdx=Oop r8=Oop r9=Oop rcx=Oop }
                      ;*synchronization entry
                      ; - java.security.SecureClassLoader::defineClass@-1
  0x000001c6253d8e50: 8c45 07e9 | 49ff ffff 

  0x000001c6253d8e58: ;   {internal_word}
  0x000001c6253d8e58: 49ba 298e | 3d25 c601 | 0000 4d89 | 9768 0400 

  0x000001c6253d8e68: ;   {runtime_call SafepointBlob}
  0x000001c6253d8e68: 00e9 12c6 | 3907 498b | 8700 0500 | 0049 c787 | 0005 0000 | 0000 0000 | 49c7 8708 | 0500 0000 
  0x000001c6253d8e88: 0000 0048 | 83c4 705d 

  0x000001c6253d8e90: ;   {runtime_call unwind_exception Runtime1 stub}
  0x000001c6253d8e90: e96b 0f45 | 07f4 f4f4 
[Stub Code]
  0x000001c6253d8e98: ;   {no_reloc}
  0x000001c6253d8e98: 48bb 30e0 | 0438 c601 

  0x000001c6253d8ea0: ;   {runtime_call I2C/C2I adapters}
  0x000001c6253d8ea0: 0000 e940 

  0x000001c6253d8ea4: ;   {static_stub}
  0x000001c6253d8ea4: b139 0748 | bbb0 4f43 | 38c6 0100 

  0x000001c6253d8eb0: ;   {runtime_call I2C/C2I adapters}
  0x000001c6253d8eb0: 00e9 3f97 

  0x000001c6253d8eb4: ;   {runtime_call handle_exception_from_callee Runtime1 stub}
  0x000001c6253d8eb4: 3807 e845 

  0x000001c6253d8eb8: ;   {external_word}
  0x000001c6253d8eb8: 5045 0748 | b950 6362 | fdf8 7f00 | 0048 83e4 

  0x000001c6253d8ec8: ;   {runtime_call}
  0x000001c6253d8ec8: f048 b8c0 | c924 fdf8 | 7f00 00ff 

  0x000001c6253d8ed4: ;   {section_word}
  0x000001c6253d8ed4: d0f4 49ba | d68e 3d25 | c601 0000 

  0x000001c6253d8ee0: ;   {runtime_call DeoptimizationBlob}
  0x000001c6253d8ee0: 4152 e939 | b839 07f4 
[/MachCode]


---------------  P R O C E S S  ---------------

Threads class SMR info:
_java_thread_list=0x000001c652e39970, length=32, elements={
0x000001c61fb61670, 0x000001c6379a0080, 0x000001c6379a0ae0, 0x000001c6379ad420,
0x000001c6379ae6a0, 0x000001c6379b0a60, 0x000001c6379b29a0, 0x000001c6379bb570,
0x000001c6379b9f80, 0x000001c637b66e20, 0x000001c637c94b20, 0x000001c65285a3b0,
0x000001c6526717f0, 0x000001c6521d47b0, 0x000001c6524528b0, 0x000001c652452f20,
0x000001c652480900, 0x000001c637d2d3f0, 0x000001c637d2c6d0, 0x000001c637d2cd60,
0x000001c637d2da80, 0x000001c652b12590, 0x000001c652b12c20, 0x000001c652b132b0,
0x000001c652b13fd0, 0x000001c652b14660, 0x000001c652b111e0, 0x000001c652b14cf0,
0x000001c652b11870, 0x000001c652b11f00, 0x000001c652b16730, 0x000001c652b17ae0
}

Java Threads: ( => current thread )
  0x000001c61fb61670 JavaThread "main"                              [_thread_blocked, id=9760, stack(0x000000ac6ab00000,0x000000ac6ac00000) (1024K)]
  0x000001c6379a0080 JavaThread "Reference Handler"          daemon [_thread_blocked, id=16644, stack(0x000000ac6b300000,0x000000ac6b400000) (1024K)]
  0x000001c6379a0ae0 JavaThread "Finalizer"                  daemon [_thread_blocked, id=38168, stack(0x000000ac6b400000,0x000000ac6b500000) (1024K)]
  0x000001c6379ad420 JavaThread "Signal Dispatcher"          daemon [_thread_blocked, id=21940, stack(0x000000ac6b500000,0x000000ac6b600000) (1024K)]
  0x000001c6379ae6a0 JavaThread "Attach Listener"            daemon [_thread_blocked, id=38588, stack(0x000000ac6b600000,0x000000ac6b700000) (1024K)]
  0x000001c6379b0a60 JavaThread "Service Thread"             daemon [_thread_blocked, id=26388, stack(0x000000ac6b700000,0x000000ac6b800000) (1024K)]
  0x000001c6379b29a0 JavaThread "Monitor Deflation Thread"   daemon [_thread_blocked, id=6332, stack(0x000000ac6b800000,0x000000ac6b900000) (1024K)]
  0x000001c6379bb570 JavaThread "C2 CompilerThread0"         daemon [_thread_blocked, id=26104, stack(0x000000ac6b900000,0x000000ac6ba00000) (1024K)]
  0x000001c6379b9f80 JavaThread "C1 CompilerThread0"         daemon [_thread_blocked, id=3116, stack(0x000000ac6ba00000,0x000000ac6bb00000) (1024K)]
  0x000001c637b66e20 JavaThread "Common-Cleaner"             daemon [_thread_blocked, id=23144, stack(0x000000ac6bb00000,0x000000ac6bc00000) (1024K)]
  0x000001c637c94b20 JavaThread "Notification Thread"        daemon [_thread_blocked, id=30612, stack(0x000000ac6bc00000,0x000000ac6bd00000) (1024K)]
  0x000001c65285a3b0 JavaThread "Daemon health stats"               [_thread_blocked, id=18480, stack(0x000000ac6c200000,0x000000ac6c300000) (1024K)]
  0x000001c6526717f0 JavaThread "Incoming local TCP Connector on port 49152"        [_thread_in_native, id=35300, stack(0x000000ac6c300000,0x000000ac6c400000) (1024K)]
  0x000001c6521d47b0 JavaThread "Daemon periodic checks"            [_thread_blocked, id=11768, stack(0x000000ac6c400000,0x000000ac6c500000) (1024K)]
  0x000001c6524528b0 JavaThread "Daemon"                            [_thread_blocked, id=29744, stack(0x000000ac6c500000,0x000000ac6c600000) (1024K)]
  0x000001c652452f20 JavaThread "Handler for socket connection from /127.0.0.1:49152 to /127.0.0.1:49156"        [_thread_in_native, id=5752, stack(0x000000ac6c600000,0x000000ac6c700000) (1024K)]
  0x000001c652480900 JavaThread "Cancel handler"                    [_thread_blocked, id=20432, stack(0x000000ac6c900000,0x000000ac6ca00000) (1024K)]
=>0x000001c637d2d3f0 JavaThread "Daemon worker"                     [_thread_in_vm, id=24496, stack(0x000000ac6ca00000,0x000000ac6cb00000) (1024K)]
  0x000001c637d2c6d0 JavaThread "Asynchronous log dispatcher for DefaultDaemonConnection: socket connection from /127.0.0.1:49152 to /127.0.0.1:49156"        [_thread_blocked, id=20184, stack(0x000000ac6cb00000,0x000000ac6cc00000) (1024K)]
  0x000001c637d2cd60 JavaThread "Stdin handler"                     [_thread_blocked, id=8928, stack(0x000000ac6cc00000,0x000000ac6cd00000) (1024K)]
  0x000001c637d2da80 JavaThread "Daemon client event forwarder"        [_thread_blocked, id=20860, stack(0x000000ac6cd00000,0x000000ac6ce00000) (1024K)]
  0x000001c652b12590 JavaThread "Cache worker for journal cache (C:\Users\NAGARAJU\.gradle\caches\journal-1)"        [_thread_blocked, id=39724, stack(0x000000ac6ce00000,0x000000ac6cf00000) (1024K)]
  0x000001c652b12c20 JavaThread "File lock request listener"        [_thread_in_native, id=22588, stack(0x000000ac6cf00000,0x000000ac6d000000) (1024K)]
  0x000001c652b132b0 JavaThread "Cache worker for file hash cache (C:\Users\NAGARAJU\.gradle\caches\8.9\fileHashes)"        [_thread_blocked, id=792, stack(0x000000ac6a900000,0x000000ac6aa00000) (1024K)]
  0x000001c652b13fd0 JavaThread "Cache worker for file hash cache (C:\zynnative\DocApp-CLI\node_modules\@react-native-firebase\app\android\.gradle\8.9\fileHashes)"        [_thread_blocked, id=33228, stack(0x000000ac6d300000,0x000000ac6d400000) (1024K)]
  0x000001c652b14660 JavaThread "Cache worker for Build Output Cleanup Cache (C:\zynnative\DocApp-CLI\node_modules\@react-native-firebase\app\android\.gradle\buildOutputCleanup)"        [_thread_blocked, id=312, stack(0x000000ac6d400000,0x000000ac6d500000) (1024K)]
  0x000001c652b111e0 JavaThread "File watcher server"        daemon [_thread_in_native, id=39720, stack(0x000000ac6d500000,0x000000ac6d600000) (1024K)]
  0x000001c652b14cf0 JavaThread "File watcher consumer"      daemon [_thread_blocked, id=34260, stack(0x000000ac6d600000,0x000000ac6d700000) (1024K)]
  0x000001c652b11870 JavaThread "Cache worker for checksums cache (C:\zynnative\DocApp-CLI\node_modules\@react-native-firebase\app\android\.gradle\8.9\checksums)"        [_thread_blocked, id=26844, stack(0x000000ac6a800000,0x000000ac6a900000) (1024K)]
  0x000001c652b11f00 JavaThread "Cache worker for file content cache (C:\Users\NAGARAJU\.gradle\caches\8.9\fileContent)"        [_thread_blocked, id=4792, stack(0x000000ac6d700000,0x000000ac6d800000) (1024K)]
  0x000001c652b16730 JavaThread "Cache worker for cache directory md-rule (C:\Users\NAGARAJU\.gradle\caches\8.9\md-rule)"        [_thread_blocked, id=24512, stack(0x000000ac6d800000,0x000000ac6d900000) (1024K)]
  0x000001c652b17ae0 JavaThread "File lock release action executor Thread 3"        [_thread_blocked, id=23244, stack(0x000000ac6d900000,0x000000ac6da00000) (1024K)]
Total: 32

Other Threads:
  0x000001c63797f6b0 VMThread "VM Thread"                           [id=22024, stack(0x000000ac6b200000,0x000000ac6b300000) (1024K)] _threads_hazard_ptr=0x000001c652e39970
  0x000001c6379730c0 WatcherThread "VM Periodic Task Thread"        [id=25756, stack(0x000000ac6b100000,0x000000ac6b200000) (1024K)]
  0x000001c61fc1a440 WorkerThread "GC Thread#0"                     [id=31276, stack(0x000000ac6ac00000,0x000000ac6ad00000) (1024K)]
  0x000001c651164ff0 WorkerThread "GC Thread#1"                     [id=39308, stack(0x000000ac6bd00000,0x000000ac6be00000) (1024K)]
  0x000001c6511653a0 WorkerThread "GC Thread#2"                     [id=18104, stack(0x000000ac6be00000,0x000000ac6bf00000) (1024K)]
  0x000001c651701010 WorkerThread "GC Thread#3"                     [id=16924, stack(0x000000ac6bf00000,0x000000ac6c000000) (1024K)]
  0x000001c6517013c0 WorkerThread "GC Thread#4"                     [id=22812, stack(0x000000ac6c000000,0x000000ac6c100000) (1024K)]
  0x000001c651701770 WorkerThread "GC Thread#5"                     [id=34556, stack(0x000000ac6c100000,0x000000ac6c200000) (1024K)]
  0x000001c637a40be0 WorkerThread "GC Thread#6"                     [id=22700, stack(0x000000ac6c700000,0x000000ac6c800000) (1024K)]
  0x000001c637a40830 WorkerThread "GC Thread#7"                     [id=30344, stack(0x000000ac6c800000,0x000000ac6c900000) (1024K)]
  0x000001c61fc1e0d0 ConcurrentGCThread "G1 Main Marker"            [id=20264, stack(0x000000ac6ad00000,0x000000ac6ae00000) (1024K)]
  0x000001c61fc1e890 WorkerThread "G1 Conc#0"                       [id=33444, stack(0x000000ac6ae00000,0x000000ac6af00000) (1024K)]
  0x000001c65219f4e0 WorkerThread "G1 Conc#1"                       [id=39620, stack(0x000000ac6d200000,0x000000ac6d300000) (1024K)]
  0x000001c637840250 ConcurrentGCThread "G1 Refine#0"               [id=22740, stack(0x000000ac6af00000,0x000000ac6b000000) (1024K)]
  0x000001c637840a80 ConcurrentGCThread "G1 Service"                [id=19900, stack(0x000000ac6b000000,0x000000ac6b100000) (1024K)]
Total: 15

Threads with active compile tasks:
Total: 0

VM state: synchronizing (normal execution)

VM Mutex/Monitor currently owned by a thread:  ([mutex/lock_event])
[0x00007ff8fd8dd530] Metaspace_lock - owner thread: 0x000001c637d2d3f0
[0x00007ff8fd8df5b0] Threads_lock - owner thread: 0x000001c63797f6b0

Heap address: 0x00000000e0000000, size: 512 MB, Compressed Oops mode: 32-bit

CDS archive(s) mapped at: [0x000001c638000000-0x000001c638ba0000-0x000001c638ba0000), size 12189696, SharedBaseAddress: 0x000001c638000000, ArchiveRelocationMode: 1.
Compressed class space mapped at: 0x000001c639000000-0x000001c64d000000, reserved size: 335544320
Narrow klass base: 0x000001c638000000, Narrow klass shift: 0, Narrow klass range: 0x100000000

GC Precious Log:
 CardTable entry size: 512
 Card Set container configuration: InlinePtr #cards 5 size 8 Array Of Cards #cards 12 size 40 Howl #buckets 4 coarsen threshold 1843 Howl Bitmap #cards 512 size 80 coarsen threshold 460 Card regions per heap region 1 cards per card region 2048
 CPUs: 8 total, 8 available
 Memory: 7502M
 Large Page Support: Disabled
 NUMA Support: Disabled
 Compressed Oops: Enabled (32-bit)
 Heap Region Size: 1M
 Heap Min Capacity: 256M
 Heap Initial Capacity: 256M
 Heap Max Capacity: 512M
 Pre-touch: Disabled
 Parallel Workers: 8
 Concurrent Workers: 2
 Concurrent Refinement Workers: 8
 Periodic GC: Disabled

Heap:
 garbage-first heap   total 262144K, used 77663K [0x00000000e0000000, 0x0000000100000000)
  region size 1024K, 65 young (66560K), 13 survivors (13312K)
 Metaspace       used 26866K, committed 27840K, reserved 393216K
  class space    used 4053K, committed 4544K, reserved 327680K

Heap Regions: E=young(eden), S=young(survivor), O=old, HS=humongous(starts), HC=humongous(continues), CS=collection set, F=free, TAMS=top-at-mark-start, PB=parsable bottom
|   0|0x00000000e0000000, 0x00000000e0100000, 0x00000000e0100000|100%|HS|  |TAMS 0x00000000e0000000| PB 0x00000000e0000000| Complete 
|   1|0x00000000e0100000, 0x00000000e0200000, 0x00000000e0200000|100%|HC|  |TAMS 0x00000000e0100000| PB 0x00000000e0100000| Complete 
|   2|0x00000000e0200000, 0x00000000e0300000, 0x00000000e0300000|100%|HC|  |TAMS 0x00000000e0200000| PB 0x00000000e0200000| Complete 
|   3|0x00000000e0300000, 0x00000000e0400000, 0x00000000e0400000|100%|HC|  |TAMS 0x00000000e0300000| PB 0x00000000e0300000| Complete 
|   4|0x00000000e0400000, 0x00000000e0500000, 0x00000000e0500000|100%| O|  |TAMS 0x00000000e0400000| PB 0x00000000e0400000| Untracked 
|   5|0x00000000e0500000, 0x00000000e0600000, 0x00000000e0600000|100%| O|  |TAMS 0x00000000e0500000| PB 0x00000000e0500000| Untracked 
|   6|0x00000000e0600000, 0x00000000e0700000, 0x00000000e0700000|100%| O|  |TAMS 0x00000000e0600000| PB 0x00000000e0600000| Untracked 
|   7|0x00000000e0700000, 0x00000000e0800000, 0x00000000e0800000|100%| O|  |TAMS 0x00000000e0700000| PB 0x00000000e0700000| Untracked 
|   8|0x00000000e0800000, 0x00000000e0900000, 0x00000000e0900000|100%| O|Cm|TAMS 0x00000000e0800000| PB 0x00000000e0800000| Complete 
|   9|0x00000000e0900000, 0x00000000e0a00000, 0x00000000e0a00000|100%| O|  |TAMS 0x00000000e0900000| PB 0x00000000e0900000| Untracked 
|  10|0x00000000e0a00000, 0x00000000e0afb018, 0x00000000e0b00000| 98%| O|  |TAMS 0x00000000e0a00000| PB 0x00000000e0a00000| Untracked 
|  11|0x00000000e0b00000, 0x00000000e0c00000, 0x00000000e0c00000|100%|HS|  |TAMS 0x00000000e0b00000| PB 0x00000000e0b00000| Complete 
|  12|0x00000000e0c00000, 0x00000000e0c00000, 0x00000000e0d00000|  0%| F|  |TAMS 0x00000000e0c00000| PB 0x00000000e0c00000| Untracked 
|  13|0x00000000e0d00000, 0x00000000e0d00000, 0x00000000e0e00000|  0%| F|  |TAMS 0x00000000e0d00000| PB 0x00000000e0d00000| Untracked 
|  14|0x00000000e0e00000, 0x00000000e0e00000, 0x00000000e0f00000|  0%| F|  |TAMS 0x00000000e0e00000| PB 0x00000000e0e00000| Untracked 
|  15|0x00000000e0f00000, 0x00000000e0f00000, 0x00000000e1000000|  0%| F|  |TAMS 0x00000000e0f00000| PB 0x00000000e0f00000| Untracked 
|  16|0x00000000e1000000, 0x00000000e1000000, 0x00000000e1100000|  0%| F|  |TAMS 0x00000000e1000000| PB 0x00000000e1000000| Untracked 
|  17|0x00000000e1100000, 0x00000000e1100000, 0x00000000e1200000|  0%| F|  |TAMS 0x00000000e1100000| PB 0x00000000e1100000| Untracked 
|  18|0x00000000e1200000, 0x00000000e1200000, 0x00000000e1300000|  0%| F|  |TAMS 0x00000000e1200000| PB 0x00000000e1200000| Untracked 
|  19|0x00000000e1300000, 0x00000000e1300000, 0x00000000e1400000|  0%| F|  |TAMS 0x00000000e1300000| PB 0x00000000e1300000| Untracked 
|  20|0x00000000e1400000, 0x00000000e1400000, 0x00000000e1500000|  0%| F|  |TAMS 0x00000000e1400000| PB 0x00000000e1400000| Untracked 
|  21|0x00000000e1500000, 0x00000000e1500000, 0x00000000e1600000|  0%| F|  |TAMS 0x00000000e1500000| PB 0x00000000e1500000| Untracked 
|  22|0x00000000e1600000, 0x00000000e1600000, 0x00000000e1700000|  0%| F|  |TAMS 0x00000000e1600000| PB 0x00000000e1600000| Untracked 
|  23|0x00000000e1700000, 0x00000000e1700000, 0x00000000e1800000|  0%| F|  |TAMS 0x00000000e1700000| PB 0x00000000e1700000| Untracked 
|  24|0x00000000e1800000, 0x00000000e1800000, 0x00000000e1900000|  0%| F|  |TAMS 0x00000000e1800000| PB 0x00000000e1800000| Untracked 
|  25|0x00000000e1900000, 0x00000000e1900000, 0x00000000e1a00000|  0%| F|  |TAMS 0x00000000e1900000| PB 0x00000000e1900000| Untracked 
|  26|0x00000000e1a00000, 0x00000000e1a00000, 0x00000000e1b00000|  0%| F|  |TAMS 0x00000000e1a00000| PB 0x00000000e1a00000| Untracked 
|  27|0x00000000e1b00000, 0x00000000e1b00000, 0x00000000e1c00000|  0%| F|  |TAMS 0x00000000e1b00000| PB 0x00000000e1b00000| Untracked 
|  28|0x00000000e1c00000, 0x00000000e1c00000, 0x00000000e1d00000|  0%| F|  |TAMS 0x00000000e1c00000| PB 0x00000000e1c00000| Untracked 
|  29|0x00000000e1d00000, 0x00000000e1d00000, 0x00000000e1e00000|  0%| F|  |TAMS 0x00000000e1d00000| PB 0x00000000e1d00000| Untracked 
|  30|0x00000000e1e00000, 0x00000000e1e00000, 0x00000000e1f00000|  0%| F|  |TAMS 0x00000000e1e00000| PB 0x00000000e1e00000| Untracked 
|  31|0x00000000e1f00000, 0x00000000e1f00000, 0x00000000e2000000|  0%| F|  |TAMS 0x00000000e1f00000| PB 0x00000000e1f00000| Untracked 
|  32|0x00000000e2000000, 0x00000000e2000000, 0x00000000e2100000|  0%| F|  |TAMS 0x00000000e2000000| PB 0x00000000e2000000| Untracked 
|  33|0x00000000e2100000, 0x00000000e2100000, 0x00000000e2200000|  0%| F|  |TAMS 0x00000000e2100000| PB 0x00000000e2100000| Untracked 
|  34|0x00000000e2200000, 0x00000000e2200000, 0x00000000e2300000|  0%| F|  |TAMS 0x00000000e2200000| PB 0x00000000e2200000| Untracked 
|  35|0x00000000e2300000, 0x00000000e2300000, 0x00000000e2400000|  0%| F|  |TAMS 0x00000000e2300000| PB 0x00000000e2300000| Untracked 
|  36|0x00000000e2400000, 0x00000000e2400000, 0x00000000e2500000|  0%| F|  |TAMS 0x00000000e2400000| PB 0x00000000e2400000| Untracked 
|  37|0x00000000e2500000, 0x00000000e2500000, 0x00000000e2600000|  0%| F|  |TAMS 0x00000000e2500000| PB 0x00000000e2500000| Untracked 
|  38|0x00000000e2600000, 0x00000000e2600000, 0x00000000e2700000|  0%| F|  |TAMS 0x00000000e2600000| PB 0x00000000e2600000| Untracked 
|  39|0x00000000e2700000, 0x00000000e2700000, 0x00000000e2800000|  0%| F|  |TAMS 0x00000000e2700000| PB 0x00000000e2700000| Untracked 
|  40|0x00000000e2800000, 0x00000000e2800000, 0x00000000e2900000|  0%| F|  |TAMS 0x00000000e2800000| PB 0x00000000e2800000| Untracked 
|  41|0x00000000e2900000, 0x00000000e2900000, 0x00000000e2a00000|  0%| F|  |TAMS 0x00000000e2900000| PB 0x00000000e2900000| Untracked 
|  42|0x00000000e2a00000, 0x00000000e2a00000, 0x00000000e2b00000|  0%| F|  |TAMS 0x00000000e2a00000| PB 0x00000000e2a00000| Untracked 
|  43|0x00000000e2b00000, 0x00000000e2b00000, 0x00000000e2c00000|  0%| F|  |TAMS 0x00000000e2b00000| PB 0x00000000e2b00000| Untracked 
|  44|0x00000000e2c00000, 0x00000000e2c00000, 0x00000000e2d00000|  0%| F|  |TAMS 0x00000000e2c00000| PB 0x00000000e2c00000| Untracked 
|  45|0x00000000e2d00000, 0x00000000e2d00000, 0x00000000e2e00000|  0%| F|  |TAMS 0x00000000e2d00000| PB 0x00000000e2d00000| Untracked 
|  46|0x00000000e2e00000, 0x00000000e2e00000, 0x00000000e2f00000|  0%| F|  |TAMS 0x00000000e2e00000| PB 0x00000000e2e00000| Untracked 
|  47|0x00000000e2f00000, 0x00000000e2f00000, 0x00000000e3000000|  0%| F|  |TAMS 0x00000000e2f00000| PB 0x00000000e2f00000| Untracked 
|  48|0x00000000e3000000, 0x00000000e3000000, 0x00000000e3100000|  0%| F|  |TAMS 0x00000000e3000000| PB 0x00000000e3000000| Untracked 
|  49|0x00000000e3100000, 0x00000000e3100000, 0x00000000e3200000|  0%| F|  |TAMS 0x00000000e3100000| PB 0x00000000e3100000| Untracked 
|  50|0x00000000e3200000, 0x00000000e3200000, 0x00000000e3300000|  0%| F|  |TAMS 0x00000000e3200000| PB 0x00000000e3200000| Untracked 
|  51|0x00000000e3300000, 0x00000000e3300000, 0x00000000e3400000|  0%| F|  |TAMS 0x00000000e3300000| PB 0x00000000e3300000| Untracked 
|  52|0x00000000e3400000, 0x00000000e3400000, 0x00000000e3500000|  0%| F|  |TAMS 0x00000000e3400000| PB 0x00000000e3400000| Untracked 
|  53|0x00000000e3500000, 0x00000000e3500000, 0x00000000e3600000|  0%| F|  |TAMS 0x00000000e3500000| PB 0x00000000e3500000| Untracked 
|  54|0x00000000e3600000, 0x00000000e3600000, 0x00000000e3700000|  0%| F|  |TAMS 0x00000000e3600000| PB 0x00000000e3600000| Untracked 
|  55|0x00000000e3700000, 0x00000000e3700000, 0x00000000e3800000|  0%| F|  |TAMS 0x00000000e3700000| PB 0x00000000e3700000| Untracked 
|  56|0x00000000e3800000, 0x00000000e3800000, 0x00000000e3900000|  0%| F|  |TAMS 0x00000000e3800000| PB 0x00000000e3800000| Untracked 
|  57|0x00000000e3900000, 0x00000000e3900000, 0x00000000e3a00000|  0%| F|  |TAMS 0x00000000e3900000| PB 0x00000000e3900000| Untracked 
|  58|0x00000000e3a00000, 0x00000000e3a00000, 0x00000000e3b00000|  0%| F|  |TAMS 0x00000000e3a00000| PB 0x00000000e3a00000| Untracked 
|  59|0x00000000e3b00000, 0x00000000e3b00000, 0x00000000e3c00000|  0%| F|  |TAMS 0x00000000e3b00000| PB 0x00000000e3b00000| Untracked 
|  60|0x00000000e3c00000, 0x00000000e3c00000, 0x00000000e3d00000|  0%| F|  |TAMS 0x00000000e3c00000| PB 0x00000000e3c00000| Untracked 
|  61|0x00000000e3d00000, 0x00000000e3d00000, 0x00000000e3e00000|  0%| F|  |TAMS 0x00000000e3d00000| PB 0x00000000e3d00000| Untracked 
|  62|0x00000000e3e00000, 0x00000000e3e00000, 0x00000000e3f00000|  0%| F|  |TAMS 0x00000000e3e00000| PB 0x00000000e3e00000| Untracked 
|  63|0x00000000e3f00000, 0x00000000e3f00000, 0x00000000e4000000|  0%| F|  |TAMS 0x00000000e3f00000| PB 0x00000000e3f00000| Untracked 
|  64|0x00000000e4000000, 0x00000000e4000000, 0x00000000e4100000|  0%| F|  |TAMS 0x00000000e4000000| PB 0x00000000e4000000| Untracked 
|  65|0x00000000e4100000, 0x00000000e4100000, 0x00000000e4200000|  0%| F|  |TAMS 0x00000000e4100000| PB 0x00000000e4100000| Untracked 
|  66|0x00000000e4200000, 0x00000000e4200000, 0x00000000e4300000|  0%| F|  |TAMS 0x00000000e4200000| PB 0x00000000e4200000| Untracked 
|  67|0x00000000e4300000, 0x00000000e4300000, 0x00000000e4400000|  0%| F|  |TAMS 0x00000000e4300000| PB 0x00000000e4300000| Untracked 
|  68|0x00000000e4400000, 0x00000000e4400000, 0x00000000e4500000|  0%| F|  |TAMS 0x00000000e4400000| PB 0x00000000e4400000| Untracked 
|  69|0x00000000e4500000, 0x00000000e4500000, 0x00000000e4600000|  0%| F|  |TAMS 0x00000000e4500000| PB 0x00000000e4500000| Untracked 
|  70|0x00000000e4600000, 0x00000000e4600000, 0x00000000e4700000|  0%| F|  |TAMS 0x00000000e4600000| PB 0x00000000e4600000| Untracked 
|  71|0x00000000e4700000, 0x00000000e4700000, 0x00000000e4800000|  0%| F|  |TAMS 0x00000000e4700000| PB 0x00000000e4700000| Untracked 
|  72|0x00000000e4800000, 0x00000000e4800000, 0x00000000e4900000|  0%| F|  |TAMS 0x00000000e4800000| PB 0x00000000e4800000| Untracked 
|  73|0x00000000e4900000, 0x00000000e4900000, 0x00000000e4a00000|  0%| F|  |TAMS 0x00000000e4900000| PB 0x00000000e4900000| Untracked 
|  74|0x00000000e4a00000, 0x00000000e4a00000, 0x00000000e4b00000|  0%| F|  |TAMS 0x00000000e4a00000| PB 0x00000000e4a00000| Untracked 
|  75|0x00000000e4b00000, 0x00000000e4b00000, 0x00000000e4c00000|  0%| F|  |TAMS 0x00000000e4b00000| PB 0x00000000e4b00000| Untracked 
|  76|0x00000000e4c00000, 0x00000000e4c00000, 0x00000000e4d00000|  0%| F|  |TAMS 0x00000000e4c00000| PB 0x00000000e4c00000| Untracked 
|  77|0x00000000e4d00000, 0x00000000e4d00000, 0x00000000e4e00000|  0%| F|  |TAMS 0x00000000e4d00000| PB 0x00000000e4d00000| Untracked 
|  78|0x00000000e4e00000, 0x00000000e4e00000, 0x00000000e4f00000|  0%| F|  |TAMS 0x00000000e4e00000| PB 0x00000000e4e00000| Untracked 
|  79|0x00000000e4f00000, 0x00000000e4f00000, 0x00000000e5000000|  0%| F|  |TAMS 0x00000000e4f00000| PB 0x00000000e4f00000| Untracked 
|  80|0x00000000e5000000, 0x00000000e5000000, 0x00000000e5100000|  0%| F|  |TAMS 0x00000000e5000000| PB 0x00000000e5000000| Untracked 
|  81|0x00000000e5100000, 0x00000000e5100000, 0x00000000e5200000|  0%| F|  |TAMS 0x00000000e5100000| PB 0x00000000e5100000| Untracked 
|  82|0x00000000e5200000, 0x00000000e5200000, 0x00000000e5300000|  0%| F|  |TAMS 0x00000000e5200000| PB 0x00000000e5200000| Untracked 
|  83|0x00000000e5300000, 0x00000000e5300000, 0x00000000e5400000|  0%| F|  |TAMS 0x00000000e5300000| PB 0x00000000e5300000| Untracked 
|  84|0x00000000e5400000, 0x00000000e5400000, 0x00000000e5500000|  0%| F|  |TAMS 0x00000000e5400000| PB 0x00000000e5400000| Untracked 
|  85|0x00000000e5500000, 0x00000000e5500000, 0x00000000e5600000|  0%| F|  |TAMS 0x00000000e5500000| PB 0x00000000e5500000| Untracked 
|  86|0x00000000e5600000, 0x00000000e5600000, 0x00000000e5700000|  0%| F|  |TAMS 0x00000000e5600000| PB 0x00000000e5600000| Untracked 
|  87|0x00000000e5700000, 0x00000000e5700000, 0x00000000e5800000|  0%| F|  |TAMS 0x00000000e5700000| PB 0x00000000e5700000| Untracked 
|  88|0x00000000e5800000, 0x00000000e5800000, 0x00000000e5900000|  0%| F|  |TAMS 0x00000000e5800000| PB 0x00000000e5800000| Untracked 
|  89|0x00000000e5900000, 0x00000000e5900000, 0x00000000e5a00000|  0%| F|  |TAMS 0x00000000e5900000| PB 0x00000000e5900000| Untracked 
|  90|0x00000000e5a00000, 0x00000000e5a00000, 0x00000000e5b00000|  0%| F|  |TAMS 0x00000000e5a00000| PB 0x00000000e5a00000| Untracked 
|  91|0x00000000e5b00000, 0x00000000e5b00000, 0x00000000e5c00000|  0%| F|  |TAMS 0x00000000e5b00000| PB 0x00000000e5b00000| Untracked 
|  92|0x00000000e5c00000, 0x00000000e5c00000, 0x00000000e5d00000|  0%| F|  |TAMS 0x00000000e5c00000| PB 0x00000000e5c00000| Untracked 
|  93|0x00000000e5d00000, 0x00000000e5d00000, 0x00000000e5e00000|  0%| F|  |TAMS 0x00000000e5d00000| PB 0x00000000e5d00000| Untracked 
|  94|0x00000000e5e00000, 0x00000000e5e00000, 0x00000000e5f00000|  0%| F|  |TAMS 0x00000000e5e00000| PB 0x00000000e5e00000| Untracked 
|  95|0x00000000e5f00000, 0x00000000e5f00000, 0x00000000e6000000|  0%| F|  |TAMS 0x00000000e5f00000| PB 0x00000000e5f00000| Untracked 
|  96|0x00000000e6000000, 0x00000000e6000000, 0x00000000e6100000|  0%| F|  |TAMS 0x00000000e6000000| PB 0x00000000e6000000| Untracked 
|  97|0x00000000e6100000, 0x00000000e6100000, 0x00000000e6200000|  0%| F|  |TAMS 0x00000000e6100000| PB 0x00000000e6100000| Untracked 
|  98|0x00000000e6200000, 0x00000000e6200000, 0x00000000e6300000|  0%| F|  |TAMS 0x00000000e6200000| PB 0x00000000e6200000| Untracked 
|  99|0x00000000e6300000, 0x00000000e6300000, 0x00000000e6400000|  0%| F|  |TAMS 0x00000000e6300000| PB 0x00000000e6300000| Untracked 
| 100|0x00000000e6400000, 0x00000000e6400000, 0x00000000e6500000|  0%| F|  |TAMS 0x00000000e6400000| PB 0x00000000e6400000| Untracked 
| 101|0x00000000e6500000, 0x00000000e6500000, 0x00000000e6600000|  0%| F|  |TAMS 0x00000000e6500000| PB 0x00000000e6500000| Untracked 
| 102|0x00000000e6600000, 0x00000000e6600000, 0x00000000e6700000|  0%| F|  |TAMS 0x00000000e6600000| PB 0x00000000e6600000| Untracked 
| 103|0x00000000e6700000, 0x00000000e6700000, 0x00000000e6800000|  0%| F|  |TAMS 0x00000000e6700000| PB 0x00000000e6700000| Untracked 
| 104|0x00000000e6800000, 0x00000000e6800000, 0x00000000e6900000|  0%| F|  |TAMS 0x00000000e6800000| PB 0x00000000e6800000| Untracked 
| 105|0x00000000e6900000, 0x00000000e6900000, 0x00000000e6a00000|  0%| F|  |TAMS 0x00000000e6900000| PB 0x00000000e6900000| Untracked 
| 106|0x00000000e6a00000, 0x00000000e6a00000, 0x00000000e6b00000|  0%| F|  |TAMS 0x00000000e6a00000| PB 0x00000000e6a00000| Untracked 
| 107|0x00000000e6b00000, 0x00000000e6b00000, 0x00000000e6c00000|  0%| F|  |TAMS 0x00000000e6b00000| PB 0x00000000e6b00000| Untracked 
| 108|0x00000000e6c00000, 0x00000000e6c00000, 0x00000000e6d00000|  0%| F|  |TAMS 0x00000000e6c00000| PB 0x00000000e6c00000| Untracked 
| 109|0x00000000e6d00000, 0x00000000e6d00000, 0x00000000e6e00000|  0%| F|  |TAMS 0x00000000e6d00000| PB 0x00000000e6d00000| Untracked 
| 110|0x00000000e6e00000, 0x00000000e6e00000, 0x00000000e6f00000|  0%| F|  |TAMS 0x00000000e6e00000| PB 0x00000000e6e00000| Untracked 
| 111|0x00000000e6f00000, 0x00000000e6f00000, 0x00000000e7000000|  0%| F|  |TAMS 0x00000000e6f00000| PB 0x00000000e6f00000| Untracked 
| 112|0x00000000e7000000, 0x00000000e7000000, 0x00000000e7100000|  0%| F|  |TAMS 0x00000000e7000000| PB 0x00000000e7000000| Untracked 
| 113|0x00000000e7100000, 0x00000000e7100000, 0x00000000e7200000|  0%| F|  |TAMS 0x00000000e7100000| PB 0x00000000e7100000| Untracked 
| 114|0x00000000e7200000, 0x00000000e7200000, 0x00000000e7300000|  0%| F|  |TAMS 0x00000000e7200000| PB 0x00000000e7200000| Untracked 
| 115|0x00000000e7300000, 0x00000000e7300000, 0x00000000e7400000|  0%| F|  |TAMS 0x00000000e7300000| PB 0x00000000e7300000| Untracked 
| 116|0x00000000e7400000, 0x00000000e7400000, 0x00000000e7500000|  0%| F|  |TAMS 0x00000000e7400000| PB 0x00000000e7400000| Untracked 
| 117|0x00000000e7500000, 0x00000000e7500000, 0x00000000e7600000|  0%| F|  |TAMS 0x00000000e7500000| PB 0x00000000e7500000| Untracked 
| 118|0x00000000e7600000, 0x00000000e7600000, 0x00000000e7700000|  0%| F|  |TAMS 0x00000000e7600000| PB 0x00000000e7600000| Untracked 
| 119|0x00000000e7700000, 0x00000000e7700000, 0x00000000e7800000|  0%| F|  |TAMS 0x00000000e7700000| PB 0x00000000e7700000| Untracked 
| 120|0x00000000e7800000, 0x00000000e7800000, 0x00000000e7900000|  0%| F|  |TAMS 0x00000000e7800000| PB 0x00000000e7800000| Untracked 
| 121|0x00000000e7900000, 0x00000000e7900000, 0x00000000e7a00000|  0%| F|  |TAMS 0x00000000e7900000| PB 0x00000000e7900000| Untracked 
| 122|0x00000000e7a00000, 0x00000000e7a00000, 0x00000000e7b00000|  0%| F|  |TAMS 0x00000000e7a00000| PB 0x00000000e7a00000| Untracked 
| 123|0x00000000e7b00000, 0x00000000e7b00000, 0x00000000e7c00000|  0%| F|  |TAMS 0x00000000e7b00000| PB 0x00000000e7b00000| Untracked 
| 124|0x00000000e7c00000, 0x00000000e7c00000, 0x00000000e7d00000|  0%| F|  |TAMS 0x00000000e7c00000| PB 0x00000000e7c00000| Untracked 
| 125|0x00000000e7d00000, 0x00000000e7d00000, 0x00000000e7e00000|  0%| F|  |TAMS 0x00000000e7d00000| PB 0x00000000e7d00000| Untracked 
| 126|0x00000000e7e00000, 0x00000000e7e00000, 0x00000000e7f00000|  0%| F|  |TAMS 0x00000000e7e00000| PB 0x00000000e7e00000| Untracked 
| 127|0x00000000e7f00000, 0x00000000e7f00000, 0x00000000e8000000|  0%| F|  |TAMS 0x00000000e7f00000| PB 0x00000000e7f00000| Untracked 
| 128|0x00000000e8000000, 0x00000000e8000000, 0x00000000e8100000|  0%| F|  |TAMS 0x00000000e8000000| PB 0x00000000e8000000| Untracked 
| 129|0x00000000e8100000, 0x00000000e8100000, 0x00000000e8200000|  0%| F|  |TAMS 0x00000000e8100000| PB 0x00000000e8100000| Untracked 
| 130|0x00000000e8200000, 0x00000000e8200000, 0x00000000e8300000|  0%| F|  |TAMS 0x00000000e8200000| PB 0x00000000e8200000| Untracked 
| 131|0x00000000e8300000, 0x00000000e8300000, 0x00000000e8400000|  0%| F|  |TAMS 0x00000000e8300000| PB 0x00000000e8300000| Untracked 
| 132|0x00000000e8400000, 0x00000000e8400000, 0x00000000e8500000|  0%| F|  |TAMS 0x00000000e8400000| PB 0x00000000e8400000| Untracked 
| 133|0x00000000e8500000, 0x00000000e8500000, 0x00000000e8600000|  0%| F|  |TAMS 0x00000000e8500000| PB 0x00000000e8500000| Untracked 
| 134|0x00000000e8600000, 0x00000000e8600000, 0x00000000e8700000|  0%| F|  |TAMS 0x00000000e8600000| PB 0x00000000e8600000| Untracked 
| 135|0x00000000e8700000, 0x00000000e8700000, 0x00000000e8800000|  0%| F|  |TAMS 0x00000000e8700000| PB 0x00000000e8700000| Untracked 
| 136|0x00000000e8800000, 0x00000000e8800000, 0x00000000e8900000|  0%| F|  |TAMS 0x00000000e8800000| PB 0x00000000e8800000| Untracked 
| 137|0x00000000e8900000, 0x00000000e8900000, 0x00000000e8a00000|  0%| F|  |TAMS 0x00000000e8900000| PB 0x00000000e8900000| Untracked 
| 138|0x00000000e8a00000, 0x00000000e8adce20, 0x00000000e8b00000| 86%| S|CS|TAMS 0x00000000e8a00000| PB 0x00000000e8a00000| Complete 
| 139|0x00000000e8b00000, 0x00000000e8c00000, 0x00000000e8c00000|100%| S|CS|TAMS 0x00000000e8b00000| PB 0x00000000e8b00000| Complete 
| 140|0x00000000e8c00000, 0x00000000e8d00000, 0x00000000e8d00000|100%| S|CS|TAMS 0x00000000e8c00000| PB 0x00000000e8c00000| Complete 
| 141|0x00000000e8d00000, 0x00000000e8e00000, 0x00000000e8e00000|100%| S|CS|TAMS 0x00000000e8d00000| PB 0x00000000e8d00000| Complete 
| 142|0x00000000e8e00000, 0x00000000e8f00000, 0x00000000e8f00000|100%| S|CS|TAMS 0x00000000e8e00000| PB 0x00000000e8e00000| Complete 
| 143|0x00000000e8f00000, 0x00000000e9000000, 0x00000000e9000000|100%| S|CS|TAMS 0x00000000e8f00000| PB 0x00000000e8f00000| Complete 
| 144|0x00000000e9000000, 0x00000000e9100000, 0x00000000e9100000|100%| S|CS|TAMS 0x00000000e9000000| PB 0x00000000e9000000| Complete 
| 145|0x00000000e9100000, 0x00000000e9200000, 0x00000000e9200000|100%| S|CS|TAMS 0x00000000e9100000| PB 0x00000000e9100000| Complete 
| 146|0x00000000e9200000, 0x00000000e9300000, 0x00000000e9300000|100%| S|CS|TAMS 0x00000000e9200000| PB 0x00000000e9200000| Complete 
| 147|0x00000000e9300000, 0x00000000e9400000, 0x00000000e9400000|100%| S|CS|TAMS 0x00000000e9300000| PB 0x00000000e9300000| Complete 
| 148|0x00000000e9400000, 0x00000000e9500000, 0x00000000e9500000|100%| S|CS|TAMS 0x00000000e9400000| PB 0x00000000e9400000| Complete 
| 149|0x00000000e9500000, 0x00000000e9600000, 0x00000000e9600000|100%| S|CS|TAMS 0x00000000e9500000| PB 0x00000000e9500000| Complete 
| 150|0x00000000e9600000, 0x00000000e9700000, 0x00000000e9700000|100%| S|CS|TAMS 0x00000000e9600000| PB 0x00000000e9600000| Complete 
| 151|0x00000000e9700000, 0x00000000e9700000, 0x00000000e9800000|  0%| F|  |TAMS 0x00000000e9700000| PB 0x00000000e9700000| Untracked 
| 152|0x00000000e9800000, 0x00000000e9800000, 0x00000000e9900000|  0%| F|  |TAMS 0x00000000e9800000| PB 0x00000000e9800000| Untracked 
| 153|0x00000000e9900000, 0x00000000e9900000, 0x00000000e9a00000|  0%| F|  |TAMS 0x00000000e9900000| PB 0x00000000e9900000| Untracked 
| 154|0x00000000e9a00000, 0x00000000e9a00000, 0x00000000e9b00000|  0%| F|  |TAMS 0x00000000e9a00000| PB 0x00000000e9a00000| Untracked 
| 155|0x00000000e9b00000, 0x00000000e9b00000, 0x00000000e9c00000|  0%| F|  |TAMS 0x00000000e9b00000| PB 0x00000000e9b00000| Untracked 
| 156|0x00000000e9c00000, 0x00000000e9c00000, 0x00000000e9d00000|  0%| F|  |TAMS 0x00000000e9c00000| PB 0x00000000e9c00000| Untracked 
| 157|0x00000000e9d00000, 0x00000000e9d00000, 0x00000000e9e00000|  0%| F|  |TAMS 0x00000000e9d00000| PB 0x00000000e9d00000| Untracked 
| 158|0x00000000e9e00000, 0x00000000e9e00000, 0x00000000e9f00000|  0%| F|  |TAMS 0x00000000e9e00000| PB 0x00000000e9e00000| Untracked 
| 159|0x00000000e9f00000, 0x00000000e9f00000, 0x00000000ea000000|  0%| F|  |TAMS 0x00000000e9f00000| PB 0x00000000e9f00000| Untracked 
| 160|0x00000000ea000000, 0x00000000ea000000, 0x00000000ea100000|  0%| F|  |TAMS 0x00000000ea000000| PB 0x00000000ea000000| Untracked 
| 161|0x00000000ea100000, 0x00000000ea100000, 0x00000000ea200000|  0%| F|  |TAMS 0x00000000ea100000| PB 0x00000000ea100000| Untracked 
| 162|0x00000000ea200000, 0x00000000ea200000, 0x00000000ea300000|  0%| F|  |TAMS 0x00000000ea200000| PB 0x00000000ea200000| Untracked 
| 163|0x00000000ea300000, 0x00000000ea300000, 0x00000000ea400000|  0%| F|  |TAMS 0x00000000ea300000| PB 0x00000000ea300000| Untracked 
| 164|0x00000000ea400000, 0x00000000ea400000, 0x00000000ea500000|  0%| F|  |TAMS 0x00000000ea400000| PB 0x00000000ea400000| Untracked 
| 165|0x00000000ea500000, 0x00000000ea500000, 0x00000000ea600000|  0%| F|  |TAMS 0x00000000ea500000| PB 0x00000000ea500000| Untracked 
| 166|0x00000000ea600000, 0x00000000ea600000, 0x00000000ea700000|  0%| F|  |TAMS 0x00000000ea600000| PB 0x00000000ea600000| Untracked 
| 167|0x00000000ea700000, 0x00000000ea700000, 0x00000000ea800000|  0%| F|  |TAMS 0x00000000ea700000| PB 0x00000000ea700000| Untracked 
| 168|0x00000000ea800000, 0x00000000ea800000, 0x00000000ea900000|  0%| F|  |TAMS 0x00000000ea800000| PB 0x00000000ea800000| Untracked 
| 169|0x00000000ea900000, 0x00000000ea900000, 0x00000000eaa00000|  0%| F|  |TAMS 0x00000000ea900000| PB 0x00000000ea900000| Untracked 
| 170|0x00000000eaa00000, 0x00000000eaa00000, 0x00000000eab00000|  0%| F|  |TAMS 0x00000000eaa00000| PB 0x00000000eaa00000| Untracked 
| 171|0x00000000eab00000, 0x00000000eab00000, 0x00000000eac00000|  0%| F|  |TAMS 0x00000000eab00000| PB 0x00000000eab00000| Untracked 
| 172|0x00000000eac00000, 0x00000000eac00000, 0x00000000ead00000|  0%| F|  |TAMS 0x00000000eac00000| PB 0x00000000eac00000| Untracked 
| 173|0x00000000ead00000, 0x00000000ead00000, 0x00000000eae00000|  0%| F|  |TAMS 0x00000000ead00000| PB 0x00000000ead00000| Untracked 
| 174|0x00000000eae00000, 0x00000000eae00000, 0x00000000eaf00000|  0%| F|  |TAMS 0x00000000eae00000| PB 0x00000000eae00000| Untracked 
| 175|0x00000000eaf00000, 0x00000000eaf00000, 0x00000000eb000000|  0%| F|  |TAMS 0x00000000eaf00000| PB 0x00000000eaf00000| Untracked 
| 176|0x00000000eb000000, 0x00000000eb000000, 0x00000000eb100000|  0%| F|  |TAMS 0x00000000eb000000| PB 0x00000000eb000000| Untracked 
| 177|0x00000000eb100000, 0x00000000eb100000, 0x00000000eb200000|  0%| F|  |TAMS 0x00000000eb100000| PB 0x00000000eb100000| Untracked 
| 178|0x00000000eb200000, 0x00000000eb200000, 0x00000000eb300000|  0%| F|  |TAMS 0x00000000eb200000| PB 0x00000000eb200000| Untracked 
| 179|0x00000000eb300000, 0x00000000eb300000, 0x00000000eb400000|  0%| F|  |TAMS 0x00000000eb300000| PB 0x00000000eb300000| Untracked 
| 180|0x00000000eb400000, 0x00000000eb400000, 0x00000000eb500000|  0%| F|  |TAMS 0x00000000eb400000| PB 0x00000000eb400000| Untracked 
| 181|0x00000000eb500000, 0x00000000eb500000, 0x00000000eb600000|  0%| F|  |TAMS 0x00000000eb500000| PB 0x00000000eb500000| Untracked 
| 182|0x00000000eb600000, 0x00000000eb600000, 0x00000000eb700000|  0%| F|  |TAMS 0x00000000eb600000| PB 0x00000000eb600000| Untracked 
| 183|0x00000000eb700000, 0x00000000eb700000, 0x00000000eb800000|  0%| F|  |TAMS 0x00000000eb700000| PB 0x00000000eb700000| Untracked 
| 184|0x00000000eb800000, 0x00000000eb800000, 0x00000000eb900000|  0%| F|  |TAMS 0x00000000eb800000| PB 0x00000000eb800000| Untracked 
| 185|0x00000000eb900000, 0x00000000eb900000, 0x00000000eba00000|  0%| F|  |TAMS 0x00000000eb900000| PB 0x00000000eb900000| Untracked 
| 186|0x00000000eba00000, 0x00000000eba00000, 0x00000000ebb00000|  0%| F|  |TAMS 0x00000000eba00000| PB 0x00000000eba00000| Untracked 
| 187|0x00000000ebb00000, 0x00000000ebb00000, 0x00000000ebc00000|  0%| F|  |TAMS 0x00000000ebb00000| PB 0x00000000ebb00000| Untracked 
| 188|0x00000000ebc00000, 0x00000000ebc00000, 0x00000000ebd00000|  0%| F|  |TAMS 0x00000000ebc00000| PB 0x00000000ebc00000| Untracked 
| 189|0x00000000ebd00000, 0x00000000ebd00000, 0x00000000ebe00000|  0%| F|  |TAMS 0x00000000ebd00000| PB 0x00000000ebd00000| Untracked 
| 190|0x00000000ebe00000, 0x00000000ebe00000, 0x00000000ebf00000|  0%| F|  |TAMS 0x00000000ebe00000| PB 0x00000000ebe00000| Untracked 
| 191|0x00000000ebf00000, 0x00000000ebf00000, 0x00000000ec000000|  0%| F|  |TAMS 0x00000000ebf00000| PB 0x00000000ebf00000| Untracked 
| 192|0x00000000ec000000, 0x00000000ec000000, 0x00000000ec100000|  0%| F|  |TAMS 0x00000000ec000000| PB 0x00000000ec000000| Untracked 
| 193|0x00000000ec100000, 0x00000000ec100000, 0x00000000ec200000|  0%| F|  |TAMS 0x00000000ec100000| PB 0x00000000ec100000| Untracked 
| 194|0x00000000ec200000, 0x00000000ec200000, 0x00000000ec300000|  0%| F|  |TAMS 0x00000000ec200000| PB 0x00000000ec200000| Untracked 
| 195|0x00000000ec300000, 0x00000000ec300000, 0x00000000ec400000|  0%| F|  |TAMS 0x00000000ec300000| PB 0x00000000ec300000| Untracked 
| 196|0x00000000ec400000, 0x00000000ec400000, 0x00000000ec500000|  0%| F|  |TAMS 0x00000000ec400000| PB 0x00000000ec400000| Untracked 
| 197|0x00000000ec500000, 0x00000000ec500000, 0x00000000ec600000|  0%| F|  |TAMS 0x00000000ec500000| PB 0x00000000ec500000| Untracked 
| 198|0x00000000ec600000, 0x00000000ec600000, 0x00000000ec700000|  0%| F|  |TAMS 0x00000000ec600000| PB 0x00000000ec600000| Untracked 
| 199|0x00000000ec700000, 0x00000000ec700000, 0x00000000ec800000|  0%| F|  |TAMS 0x00000000ec700000| PB 0x00000000ec700000| Untracked 
| 200|0x00000000ec800000, 0x00000000ec800000, 0x00000000ec900000|  0%| F|  |TAMS 0x00000000ec800000| PB 0x00000000ec800000| Untracked 
| 201|0x00000000ec900000, 0x00000000ec900000, 0x00000000eca00000|  0%| F|  |TAMS 0x00000000ec900000| PB 0x00000000ec900000| Untracked 
| 202|0x00000000eca00000, 0x00000000eca00000, 0x00000000ecb00000|  0%| F|  |TAMS 0x00000000eca00000| PB 0x00000000eca00000| Untracked 
| 203|0x00000000ecb00000, 0x00000000ecb00000, 0x00000000ecc00000|  0%| F|  |TAMS 0x00000000ecb00000| PB 0x00000000ecb00000| Untracked 
| 204|0x00000000ecc00000, 0x00000000ecc80000, 0x00000000ecd00000| 50%| E|  |TAMS 0x00000000ecc00000| PB 0x00000000ecc00000| Complete 
| 205|0x00000000ecd00000, 0x00000000ece00000, 0x00000000ece00000|100%| E|CS|TAMS 0x00000000ecd00000| PB 0x00000000ecd00000| Complete 
| 206|0x00000000ece00000, 0x00000000ecf00000, 0x00000000ecf00000|100%| E|CS|TAMS 0x00000000ece00000| PB 0x00000000ece00000| Complete 
| 207|0x00000000ecf00000, 0x00000000ed000000, 0x00000000ed000000|100%| E|CS|TAMS 0x00000000ecf00000| PB 0x00000000ecf00000| Complete 
| 208|0x00000000ed000000, 0x00000000ed100000, 0x00000000ed100000|100%| E|CS|TAMS 0x00000000ed000000| PB 0x00000000ed000000| Complete 
| 209|0x00000000ed100000, 0x00000000ed200000, 0x00000000ed200000|100%| E|CS|TAMS 0x00000000ed100000| PB 0x00000000ed100000| Complete 
| 210|0x00000000ed200000, 0x00000000ed300000, 0x00000000ed300000|100%| E|CS|TAMS 0x00000000ed200000| PB 0x00000000ed200000| Complete 
| 211|0x00000000ed300000, 0x00000000ed400000, 0x00000000ed400000|100%| E|CS|TAMS 0x00000000ed300000| PB 0x00000000ed300000| Complete 
| 212|0x00000000ed400000, 0x00000000ed500000, 0x00000000ed500000|100%| E|CS|TAMS 0x00000000ed400000| PB 0x00000000ed400000| Complete 
| 213|0x00000000ed500000, 0x00000000ed600000, 0x00000000ed600000|100%| E|CS|TAMS 0x00000000ed500000| PB 0x00000000ed500000| Complete 
| 214|0x00000000ed600000, 0x00000000ed700000, 0x00000000ed700000|100%| E|CS|TAMS 0x00000000ed600000| PB 0x00000000ed600000| Complete 
| 215|0x00000000ed700000, 0x00000000ed800000, 0x00000000ed800000|100%| E|CS|TAMS 0x00000000ed700000| PB 0x00000000ed700000| Complete 
| 216|0x00000000ed800000, 0x00000000ed900000, 0x00000000ed900000|100%| E|CS|TAMS 0x00000000ed800000| PB 0x00000000ed800000| Complete 
| 217|0x00000000ed900000, 0x00000000eda00000, 0x00000000eda00000|100%| E|CS|TAMS 0x00000000ed900000| PB 0x00000000ed900000| Complete 
| 218|0x00000000eda00000, 0x00000000edb00000, 0x00000000edb00000|100%| E|CS|TAMS 0x00000000eda00000| PB 0x00000000eda00000| Complete 
| 219|0x00000000edb00000, 0x00000000edc00000, 0x00000000edc00000|100%| E|CS|TAMS 0x00000000edb00000| PB 0x00000000edb00000| Complete 
| 220|0x00000000edc00000, 0x00000000edd00000, 0x00000000edd00000|100%| E|CS|TAMS 0x00000000edc00000| PB 0x00000000edc00000| Complete 
| 221|0x00000000edd00000, 0x00000000ede00000, 0x00000000ede00000|100%| E|CS|TAMS 0x00000000edd00000| PB 0x00000000edd00000| Complete 
| 222|0x00000000ede00000, 0x00000000edf00000, 0x00000000edf00000|100%| E|CS|TAMS 0x00000000ede00000| PB 0x00000000ede00000| Complete 
| 223|0x00000000edf00000, 0x00000000ee000000, 0x00000000ee000000|100%| E|CS|TAMS 0x00000000edf00000| PB 0x00000000edf00000| Complete 
| 224|0x00000000ee000000, 0x00000000ee100000, 0x00000000ee100000|100%| E|CS|TAMS 0x00000000ee000000| PB 0x00000000ee000000| Complete 
| 225|0x00000000ee100000, 0x00000000ee200000, 0x00000000ee200000|100%| E|CS|TAMS 0x00000000ee100000| PB 0x00000000ee100000| Complete 
| 226|0x00000000ee200000, 0x00000000ee300000, 0x00000000ee300000|100%| E|CS|TAMS 0x00000000ee200000| PB 0x00000000ee200000| Complete 
| 227|0x00000000ee300000, 0x00000000ee400000, 0x00000000ee400000|100%| E|CS|TAMS 0x00000000ee300000| PB 0x00000000ee300000| Complete 
| 228|0x00000000ee400000, 0x00000000ee500000, 0x00000000ee500000|100%| E|CS|TAMS 0x00000000ee400000| PB 0x00000000ee400000| Complete 
| 229|0x00000000ee500000, 0x00000000ee600000, 0x00000000ee600000|100%| E|CS|TAMS 0x00000000ee500000| PB 0x00000000ee500000| Complete 
| 230|0x00000000ee600000, 0x00000000ee700000, 0x00000000ee700000|100%| E|CS|TAMS 0x00000000ee600000| PB 0x00000000ee600000| Complete 
| 231|0x00000000ee700000, 0x00000000ee800000, 0x00000000ee800000|100%| E|CS|TAMS 0x00000000ee700000| PB 0x00000000ee700000| Complete 
| 232|0x00000000ee800000, 0x00000000ee900000, 0x00000000ee900000|100%| E|CS|TAMS 0x00000000ee800000| PB 0x00000000ee800000| Complete 
| 233|0x00000000ee900000, 0x00000000eea00000, 0x00000000eea00000|100%| E|CS|TAMS 0x00000000ee900000| PB 0x00000000ee900000| Complete 
| 234|0x00000000eea00000, 0x00000000eeb00000, 0x00000000eeb00000|100%| E|CS|TAMS 0x00000000eea00000| PB 0x00000000eea00000| Complete 
| 235|0x00000000eeb00000, 0x00000000eec00000, 0x00000000eec00000|100%| E|CS|TAMS 0x00000000eeb00000| PB 0x00000000eeb00000| Complete 
| 236|0x00000000eec00000, 0x00000000eed00000, 0x00000000eed00000|100%| E|CS|TAMS 0x00000000eec00000| PB 0x00000000eec00000| Complete 
| 237|0x00000000eed00000, 0x00000000eee00000, 0x00000000eee00000|100%| E|CS|TAMS 0x00000000eed00000| PB 0x00000000eed00000| Complete 
| 238|0x00000000eee00000, 0x00000000eef00000, 0x00000000eef00000|100%| E|CS|TAMS 0x00000000eee00000| PB 0x00000000eee00000| Complete 
| 239|0x00000000eef00000, 0x00000000ef000000, 0x00000000ef000000|100%| E|CS|TAMS 0x00000000eef00000| PB 0x00000000eef00000| Complete 
| 240|0x00000000ef000000, 0x00000000ef100000, 0x00000000ef100000|100%| E|CS|TAMS 0x00000000ef000000| PB 0x00000000ef000000| Complete 
| 241|0x00000000ef100000, 0x00000000ef200000, 0x00000000ef200000|100%| E|CS|TAMS 0x00000000ef100000| PB 0x00000000ef100000| Complete 
| 242|0x00000000ef200000, 0x00000000ef300000, 0x00000000ef300000|100%| E|CS|TAMS 0x00000000ef200000| PB 0x00000000ef200000| Complete 
| 243|0x00000000ef300000, 0x00000000ef400000, 0x00000000ef400000|100%| E|CS|TAMS 0x00000000ef300000| PB 0x00000000ef300000| Complete 
| 244|0x00000000ef400000, 0x00000000ef500000, 0x00000000ef500000|100%| E|CS|TAMS 0x00000000ef400000| PB 0x00000000ef400000| Complete 
| 245|0x00000000ef500000, 0x00000000ef600000, 0x00000000ef600000|100%| E|CS|TAMS 0x00000000ef500000| PB 0x00000000ef500000| Complete 
| 246|0x00000000ef600000, 0x00000000ef700000, 0x00000000ef700000|100%| E|CS|TAMS 0x00000000ef600000| PB 0x00000000ef600000| Complete 
| 247|0x00000000ef700000, 0x00000000ef800000, 0x00000000ef800000|100%| E|CS|TAMS 0x00000000ef700000| PB 0x00000000ef700000| Complete 
| 248|0x00000000ef800000, 0x00000000ef900000, 0x00000000ef900000|100%| E|CS|TAMS 0x00000000ef800000| PB 0x00000000ef800000| Complete 
| 249|0x00000000ef900000, 0x00000000efa00000, 0x00000000efa00000|100%| E|CS|TAMS 0x00000000ef900000| PB 0x00000000ef900000| Complete 
| 250|0x00000000efa00000, 0x00000000efb00000, 0x00000000efb00000|100%| E|CS|TAMS 0x00000000efa00000| PB 0x00000000efa00000| Complete 
| 251|0x00000000efb00000, 0x00000000efc00000, 0x00000000efc00000|100%| E|CS|TAMS 0x00000000efb00000| PB 0x00000000efb00000| Complete 
| 252|0x00000000efc00000, 0x00000000efd00000, 0x00000000efd00000|100%| E|CS|TAMS 0x00000000efc00000| PB 0x00000000efc00000| Complete 
| 253|0x00000000efd00000, 0x00000000efe00000, 0x00000000efe00000|100%| E|CS|TAMS 0x00000000efd00000| PB 0x00000000efd00000| Complete 
| 254|0x00000000efe00000, 0x00000000eff00000, 0x00000000eff00000|100%| E|CS|TAMS 0x00000000efe00000| PB 0x00000000efe00000| Complete 
| 255|0x00000000eff00000, 0x00000000f0000000, 0x00000000f0000000|100%| E|CS|TAMS 0x00000000eff00000| PB 0x00000000eff00000| Complete 

Card table byte_map: [0x000001c634620000,0x000001c634720000] _byte_map_base: 0x000001c633f20000

Marking Bits: (CMBitMap*) 0x000001c61fc1b810
 Bits: [0x000001c634720000, 0x000001c634f20000)

Polling page: 0x000001c61fdd0000

Metaspace:

Usage:
  Non-class:     22.28 MB used.
      Class:      3.96 MB used.
       Both:     26.24 MB used.

Virtual space:
  Non-class space:       64.00 MB reserved,      22.75 MB ( 36%) committed,  1 nodes.
      Class space:      320.00 MB reserved,       4.44 MB (  1%) committed,  1 nodes.
             Both:      384.00 MB reserved,      27.19 MB (  7%) committed. 

Chunk freelists:
   Non-Class:  8.86 MB
       Class:  11.38 MB
        Both:  20.23 MB

MaxMetaspaceSize: 384.00 MB
CompressedClassSpaceSize: 320.00 MB
Initial GC threshold: 21.00 MB
Current GC threshold: 35.12 MB
CDS: on
 - commit_granule_bytes: 65536.
 - commit_granule_words: 8192.
 - virtual_space_node_default_size: 8388608.
 - enlarge_chunks_in_place: 1.
 - use_allocation_guard: 0.


Internal statistics:

num_allocs_failed_limit: 3.
num_arena_births: 1706.
num_arena_deaths: 0.
num_vsnodes_births: 2.
num_vsnodes_deaths: 0.
num_space_committed: 435.
num_space_uncommitted: 0.
num_chunks_returned_to_freelist: 3.
num_chunks_taken_from_freelist: 2948.
num_chunk_merges: 3.
num_chunk_splits: 1879.
num_chunks_enlarged: 1156.
num_inconsistent_stats: 0.

CodeHeap 'non-profiled nmethods': size=120000Kb used=2310Kb max_used=2310Kb free=117689Kb
 bounds [0x000001c62ccc0000, 0x000001c62cf30000, 0x000001c6341f0000]
CodeHeap 'profiled nmethods': size=120000Kb used=8307Kb max_used=8307Kb free=111693Kb
 bounds [0x000001c6251f0000, 0x000001c625a10000, 0x000001c62c720000]
CodeHeap 'non-nmethods': size=5760Kb used=1429Kb max_used=1459Kb free=4330Kb
 bounds [0x000001c62c720000, 0x000001c62c990000, 0x000001c62ccc0000]
CodeCache: size=245760Kb, used=12046Kb, max_used=12076Kb, free=233712Kb
 total_blobs=4769, nmethods=4187, adapters=486, full_count=0
Compilation: enabled, stopped_count=0, restarted_count=0

Compilation events (20 events):
Event: 331.776 Thread 0x000001c6379b9f80 nmethod 4208 0x000001c625a08a90 code [0x000001c625a08c40, 0x000001c625a08e48]
Event: 331.776 Thread 0x000001c6379b9f80 4210       3       org.objectweb.asm.FieldWriter::computeFieldInfoSize (86 bytes)
Event: 331.776 Thread 0x000001c6379b9f80 nmethod 4210 0x000001c625a08f10 code [0x000001c625a09100, 0x000001c625a093e0]
Event: 331.776 Thread 0x000001c6379b9f80 4209       3       org.objectweb.asm.MethodWriter::visitTypeInsn (116 bytes)
Event: 331.777 Thread 0x000001c6379b9f80 nmethod 4209 0x000001c625a09510 code [0x000001c625a09700, 0x000001c625a09b58]
Event: 331.777 Thread 0x000001c6379b9f80 4211       3       org.gradle.internal.Cast::uncheckedCast (2 bytes)
Event: 331.778 Thread 0x000001c6379b9f80 nmethod 4211 0x000001c625a09d90 code [0x000001c625a09f20, 0x000001c625a0a010]
Event: 331.787 Thread 0x000001c6379bb570 nmethod 4204 0x000001c62cf00690 code [0x000001c62cf00860, 0x000001c62cf01140]
Event: 331.911 Thread 0x000001c6379b9f80 4212       3       org.objectweb.asm.Type::getOpcode (284 bytes)
Event: 331.923 Thread 0x000001c6379b9f80 nmethod 4212 0x000001c625a0a090 code [0x000001c625a0a360, 0x000001c625a0b000]
Event: 332.012 Thread 0x000001c6379bb570 4213       4       java.util.Collections$UnmodifiableCollection$1::hasNext (10 bytes)
Event: 332.029 Thread 0x000001c6379bb570 nmethod 4213 0x000001c62cf01490 code [0x000001c62cf01620, 0x000001c62cf016d0]
Event: 332.031 Thread 0x000001c6379b9f80 4214       3       org.gradle.model.internal.asm.MethodVisitorScope::_INVOKEVIRTUAL (12 bytes)
Event: 332.031 Thread 0x000001c6379b9f80 nmethod 4214 0x000001c625a0b290 code [0x000001c625a0b440, 0x000001c625a0b5a8]
Event: 332.032 Thread 0x000001c6379b9f80 4215       3       java.lang.invoke.MemberName::equals (69 bytes)
Event: 332.033 Thread 0x000001c6379b9f80 nmethod 4215 0x000001c625a0b690 code [0x000001c625a0b920, 0x000001c625a0c428]
Event: 332.527 Thread 0x000001c6379b9f80 4216       3       java.util.stream.MatchOps$1MatchSink::accept (44 bytes)
Event: 332.537 Thread 0x000001c6379b9f80 nmethod 4216 0x000001c625a0c710 code [0x000001c625a0c8c0, 0x000001c625a0cb18]
Event: 332.603 Thread 0x000001c6379bb570 4217       4       java.lang.String::equalsIgnoreCase (45 bytes)
Event: 332.604 Thread 0x000001c6379bb570 nmethod 4217 0x000001c62cf01790 code [0x000001c62cf01920, 0x000001c62cf01a50]

GC Heap History (8 events):
Event: 4.505 GC heap before
{Heap before GC invocations=0 (full 0):
 garbage-first heap   total 262144K, used 26624K [0x00000000e0000000, 0x0000000100000000)
  region size 1024K, 23 young (23552K), 0 survivors (0K)
 Metaspace       used 1125K, committed 1280K, reserved 393216K
  class space    used 80K, committed 128K, reserved 327680K
}
Event: 4.585 GC heap after
{Heap after GC invocations=1 (full 0):
 garbage-first heap   total 262144K, used 10005K [0x00000000e0000000, 0x0000000100000000)
  region size 1024K, 3 young (3072K), 3 survivors (3072K)
 Metaspace       used 1125K, committed 1280K, reserved 393216K
  class space    used 80K, committed 128K, reserved 327680K
}
Event: 16.663 GC heap before
{Heap before GC invocations=1 (full 0):
 garbage-first heap   total 262144K, used 39701K [0x00000000e0000000, 0x0000000100000000)
  region size 1024K, 33 young (33792K), 3 survivors (3072K)
 Metaspace       used 4312K, committed 4480K, reserved 393216K
  class space    used 546K, committed 640K, reserved 327680K
}
Event: 16.672 GC heap after
{Heap after GC invocations=2 (full 0):
 garbage-first heap   total 262144K, used 12164K [0x00000000e0000000, 0x0000000100000000)
  region size 1024K, 2 young (2048K), 2 survivors (2048K)
 Metaspace       used 4312K, committed 4480K, reserved 393216K
  class space    used 546K, committed 640K, reserved 327680K
}
Event: 42.692 GC heap before
{Heap before GC invocations=2 (full 0):
 garbage-first heap   total 262144K, used 74628K [0x00000000e0000000, 0x0000000100000000)
  region size 1024K, 61 young (62464K), 2 survivors (2048K)
 Metaspace       used 10390K, committed 10752K, reserved 393216K
  class space    used 1396K, committed 1600K, reserved 327680K
}
Event: 42.705 GC heap after
{Heap after GC invocations=3 (full 0):
 garbage-first heap   total 262144K, used 20460K [0x00000000e0000000, 0x0000000100000000)
  region size 1024K, 8 young (8192K), 8 survivors (8192K)
 Metaspace       used 10390K, committed 10752K, reserved 393216K
  class space    used 1396K, committed 1600K, reserved 327680K
}
Event: 303.214 GC heap before
{Heap before GC invocations=3 (full 0):
 garbage-first heap   total 262144K, used 118764K [0x00000000e0000000, 0x0000000100000000)
  region size 1024K, 105 young (107520K), 8 survivors (8192K)
 Metaspace       used 20851K, committed 21504K, reserved 393216K
  class space    used 3027K, committed 3392K, reserved 327680K
}
Event: 303.331 GC heap after
{Heap after GC invocations=4 (full 0):
 garbage-first heap   total 262144K, used 25439K [0x00000000e0000000, 0x0000000100000000)
  region size 1024K, 13 young (13312K), 13 survivors (13312K)
 Metaspace       used 20851K, committed 21504K, reserved 393216K
  class space    used 3027K, committed 3392K, reserved 327680K
}

Dll operation events (20 events):
Event: 0.492 Attempting to load shared library C:\Users\NAGARAJU\.antigravity-ide\extensions\redhat.java-1.56.0-win32-x64\jre\21.0.12.1-win32-x86_64\bin\nio.dll
Event: 0.493 Loaded shared library C:\Users\NAGARAJU\.antigravity-ide\extensions\redhat.java-1.56.0-win32-x64\jre\21.0.12.1-win32-x86_64\bin\nio.dll
Event: 0.500 Attempting to load shared library C:\Users\NAGARAJU\.antigravity-ide\extensions\redhat.java-1.56.0-win32-x64\jre\21.0.12.1-win32-x86_64\bin\zip.dll
Event: 0.500 Loaded shared library C:\Users\NAGARAJU\.antigravity-ide\extensions\redhat.java-1.56.0-win32-x64\jre\21.0.12.1-win32-x86_64\bin\zip.dll
Event: 1.956 Attempting to load shared library C:\Users\NAGARAJU\.antigravity-ide\extensions\redhat.java-1.56.0-win32-x64\jre\21.0.12.1-win32-x86_64\bin\jimage.dll
Event: 1.956 Loaded shared library C:\Users\NAGARAJU\.antigravity-ide\extensions\redhat.java-1.56.0-win32-x64\jre\21.0.12.1-win32-x86_64\bin\jimage.dll
Event: 4.671 Attempting to load shared library C:\Users\NAGARAJU\.antigravity-ide\extensions\redhat.java-1.56.0-win32-x64\jre\21.0.12.1-win32-x86_64\bin\verify.dll
Event: 4.672 Loaded shared library C:\Users\NAGARAJU\.antigravity-ide\extensions\redhat.java-1.56.0-win32-x64\jre\21.0.12.1-win32-x86_64\bin\verify.dll
Event: 6.245 Attempting to load shared library C:\Users\NAGARAJU\.gradle\native\c067742578af261105cb4f569cf0c3c89f3d7b1fecec35dd04571415982c5e48\windows-amd64\native-platform.dll
Event: 6.246 Loaded shared library C:\Users\NAGARAJU\.gradle\native\c067742578af261105cb4f569cf0c3c89f3d7b1fecec35dd04571415982c5e48\windows-amd64\native-platform.dll
Event: 6.293 Attempting to load shared library C:\Users\NAGARAJU\.gradle\native\100fb08df4bc3b14c8652ba06237920a3bd2aa13389f12d3474272988ae205f9\windows-amd64\native-platform-file-events.dll
Event: 6.317 Loaded shared library C:\Users\NAGARAJU\.gradle\native\100fb08df4bc3b14c8652ba06237920a3bd2aa13389f12d3474272988ae205f9\windows-amd64\native-platform-file-events.dll
Event: 31.446 Attempting to load shared library C:\Users\NAGARAJU\.antigravity-ide\extensions\redhat.java-1.56.0-win32-x64\jre\21.0.12.1-win32-x86_64\bin\management.dll
Event: 31.452 Loaded shared library C:\Users\NAGARAJU\.antigravity-ide\extensions\redhat.java-1.56.0-win32-x64\jre\21.0.12.1-win32-x86_64\bin\management.dll
Event: 31.461 Attempting to load shared library C:\Users\NAGARAJU\.antigravity-ide\extensions\redhat.java-1.56.0-win32-x64\jre\21.0.12.1-win32-x86_64\bin\management_ext.dll
Event: 31.467 Loaded shared library C:\Users\NAGARAJU\.antigravity-ide\extensions\redhat.java-1.56.0-win32-x64\jre\21.0.12.1-win32-x86_64\bin\management_ext.dll
Event: 35.632 Attempting to load shared library C:\Users\NAGARAJU\.antigravity-ide\extensions\redhat.java-1.56.0-win32-x64\jre\21.0.12.1-win32-x86_64\bin\extnet.dll
Event: 35.643 Loaded shared library C:\Users\NAGARAJU\.antigravity-ide\extensions\redhat.java-1.56.0-win32-x64\jre\21.0.12.1-win32-x86_64\bin\extnet.dll
Event: 42.086 Attempting to load shared library C:\Users\NAGARAJU\.antigravity-ide\extensions\redhat.java-1.56.0-win32-x64\jre\21.0.12.1-win32-x86_64\bin\sunmscapi.dll
Event: 42.106 Loaded shared library C:\Users\NAGARAJU\.antigravity-ide\extensions\redhat.java-1.56.0-win32-x64\jre\21.0.12.1-win32-x86_64\bin\sunmscapi.dll

Deoptimization events (20 events):
Event: 309.071 Thread 0x000001c637d2d3f0 Uncommon trap: trap_request=0xffffff76 fr.pc=0x000001c62ceb4d84 relative=0x00000000000001c4
Event: 309.071 Thread 0x000001c637d2d3f0 Uncommon trap: reason=predicate action=maybe_recompile pc=0x000001c62ceb4d84 method=com.google.common.base.CharMatcher.indexIn(Ljava/lang/CharSequence;I)I @ 19 c2
Event: 309.071 Thread 0x000001c637d2d3f0 DEOPT PACKING pc=0x000001c62ceb4d84 sp=0x000000ac6cafb1c0
Event: 309.071 Thread 0x000001c637d2d3f0 DEOPT UNPACKING pc=0x000001c62c774422 sp=0x000000ac6cafb150 mode 2
Event: 309.844 Thread 0x000001c637d2d3f0 Uncommon trap: trap_request=0xffffff76 fr.pc=0x000001c62ce49114 relative=0x0000000000000a94
Event: 309.844 Thread 0x000001c637d2d3f0 Uncommon trap: reason=predicate action=maybe_recompile pc=0x000001c62ce49114 method=java.util.concurrent.locks.AbstractQueuedSynchronizer.acquire(Ljava/util/concurrent/locks/AbstractQueuedSynchronizer$Node;IZZZJ)I @ 20 c2
Event: 309.844 Thread 0x000001c637d2d3f0 DEOPT PACKING pc=0x000001c62ce49114 sp=0x000000ac6cafc510
Event: 309.844 Thread 0x000001c637d2d3f0 DEOPT UNPACKING pc=0x000001c62c774422 sp=0x000000ac6cafc4f0 mode 2
Event: 310.882 Thread 0x000001c637d2d3f0 Uncommon trap: trap_request=0xffffff45 fr.pc=0x000001c62cd68690 relative=0x0000000000000570
Event: 310.882 Thread 0x000001c637d2d3f0 Uncommon trap: reason=unstable_if action=reinterpret pc=0x000001c62cd68690 method=java.util.Properties$LineReader.readLine()I @ 95 c2
Event: 310.882 Thread 0x000001c637d2d3f0 DEOPT PACKING pc=0x000001c62cd68690 sp=0x000000ac6cafb3c0
Event: 310.883 Thread 0x000001c637d2d3f0 DEOPT UNPACKING pc=0x000001c62c774422 sp=0x000000ac6cafb370 mode 2
Event: 316.633 Thread 0x000001c652b11870 Uncommon trap: trap_request=0xffffffde fr.pc=0x000001c62ce305f0 relative=0x0000000000000470
Event: 316.634 Thread 0x000001c652b11870 Uncommon trap: reason=class_check action=maybe_recompile pc=0x000001c62ce305f0 method=java.util.concurrent.locks.AbstractQueuedSynchronizer$ConditionObject.enableWait(Ljava/util/concurrent/locks/AbstractQueuedSynchronizer$ConditionNode;)I @ 4 c2
Event: 316.634 Thread 0x000001c652b11870 DEOPT PACKING pc=0x000001c62ce305f0 sp=0x000000ac6a8febb0
Event: 316.634 Thread 0x000001c652b11870 DEOPT UNPACKING pc=0x000001c62c774422 sp=0x000000ac6a8feb70 mode 2
Event: 322.473 Thread 0x000001c637d2d3f0 Uncommon trap: trap_request=0xffffff45 fr.pc=0x000001c62cd59044 relative=0x00000000000002e4
Event: 322.473 Thread 0x000001c637d2d3f0 Uncommon trap: reason=unstable_if action=reinterpret pc=0x000001c62cd59044 method=java.util.HashMap.hash(Ljava/lang/Object;)I @ 1 c2
Event: 322.473 Thread 0x000001c637d2d3f0 DEOPT PACKING pc=0x000001c62cd59044 sp=0x000000ac6caf8c50
Event: 322.473 Thread 0x000001c637d2d3f0 DEOPT UNPACKING pc=0x000001c62c774422 sp=0x000000ac6caf8ae8 mode 2

Classes loaded (20 events):
Event: 310.280 Loading class java/util/ArrayDeque$DeqSpliterator
Event: 310.281 Loading class java/util/ArrayDeque$DeqSpliterator done
Event: 315.532 Loading class jdk/internal/reflect/MethodHandleIntegerFieldAccessorImpl
Event: 315.548 Loading class jdk/internal/reflect/MethodHandleIntegerFieldAccessorImpl done
Event: 319.781 Loading class java/lang/invoke/BoundMethodHandle$Species_LLLLLLLLLLLLLLLLLLLLLLLL
Event: 319.804 Loading class java/lang/invoke/BoundMethodHandle$Species_LLLLLLLLLLLLLLLLLLLLLLLL done
Event: 321.858 Loading class java/lang/invoke/SerializedLambda
Event: 321.887 Loading class java/lang/invoke/SerializedLambda done
Event: 322.291 Loading class java/lang/reflect/AnnotatedType
Event: 322.324 Loading class java/lang/reflect/AnnotatedType done
Event: 322.471 Loading class sun/reflect/misc/ReflectUtil
Event: 322.472 Loading class sun/reflect/misc/ReflectUtil done
Event: 322.621 Loading class java/lang/Class$EnclosingMethodInfo
Event: 322.625 Loading class java/lang/Class$EnclosingMethodInfo done
Event: 322.702 Loading class sun/reflect/generics/tree/IntSignature
Event: 322.703 Loading class sun/reflect/generics/tree/IntSignature done
Event: 322.703 Loading class sun/reflect/generics/tree/ArrayTypeSignature
Event: 322.703 Loading class sun/reflect/generics/tree/ArrayTypeSignature done
Event: 323.027 Loading class java/lang/SafeVarargs
Event: 323.044 Loading class java/lang/SafeVarargs done

Classes unloaded (0 events):
No events

Classes redefined (0 events):
No events

Internal exceptions (20 events):
Event: 304.503 Thread 0x000001c637d2d3f0 Exception <a 'java/lang/NoSuchMethodError'{0x00000000efcdcbe0}: 'java.lang.Object java.lang.invoke.DirectMethodHandle$Holder.invokeVirtual(java.lang.Object, java.lang.Object, java.lang.Object, java.lang.Object, java.lang.Object, java.lang.Object, java.lang.Object, java.lang.Object, java.lang.Object, java.lang.Object)'> (0x00000000efcdcbe0) 
thrown [s\src\hotspot\share\interpreter\linkResolver.cpp, line 773]
Event: 304.932 Thread 0x000001c637d2d3f0 Exception <a 'java/lang/NoSuchMethodError'{0x00000000efa5e648}: 'java.lang.Object java.lang.invoke.DelegatingMethodHandle$Holder.reinvoke_L(java.lang.Object, java.lang.Object, java.lang.Object, java.lang.Object, java.lang.Object, java.lang.Object, java.lang.Object, java.lang.Object, java.lang.Object, java.lang.Object, java.lang.Object, java.lang.Object, java.lang.Object, java.lang.Object, java.lang.Object, java.lang.Object, java.lang.Object, java.lang.Object, java.lang.Object, java.lang.Object, java.lang.O
Event: 304.934 Thread 0x000001c637d2d3f0 Exception <a 'java/lang/NoSuchMethodError'{0x00000000efa69f48}: 'java.lang.Object java.lang.invoke.DirectMethodHandle$Holder.invokeSpecial(java.lang.Object, java.lang.Object, java.lang.Object, java.lang.Object, java.lang.Object, java.lang.Object, java.lang.Object, java.lang.Object, java.lang.Object, java.lang.Object, java.lang.Object, java.lang.Object, java.lang.Object, java.lang.Object, java.lang.Object, java.lang.Object, java.lang.Object, java.lang.Object, java.lang.Object, java.lang.Object, java.lang.Ob
Event: 304.942 Thread 0x000001c637d2d3f0 Exception <a 'java/lang/NoSuchMethodError'{0x00000000efa6f750}: 'java.lang.Object java.lang.invoke.Invokers$Holder.invoker(java.lang.Object, java.lang.Object, java.lang.Object, java.lang.Object, java.lang.Object, java.lang.Object, java.lang.Object, java.lang.Object, java.lang.Object, java.lang.Object, java.lang.Object, java.lang.Object, java.lang.Object, java.lang.Object, java.lang.Object, java.lang.Object, java.lang.Object, java.lang.Object, java.lang.Object, java.lang.Object, java.lang.Object, java.lang.
Event: 304.943 Thread 0x000001c637d2d3f0 Exception <a 'java/lang/NoSuchMethodError'{0x00000000efa75938}: 'java.lang.Object java.lang.invoke.DelegatingMethodHandle$Holder.delegate(java.lang.Object, java.lang.Object, java.lang.Object, java.lang.Object, java.lang.Object, java.lang.Object, java.lang.Object, java.lang.Object, java.lang.Object, java.lang.Object, java.lang.Object, java.lang.Object, java.lang.Object, java.lang.Object, java.lang.Object, java.lang.Object, java.lang.Object, java.lang.Object, java.lang.Object, java.lang.Object, java.lang.Obj
Event: 305.747 Thread 0x000001c637d2d3f0 Exception <a 'java/lang/NoSuchMethodError'{0x00000000ef8b20f0}: 'java.lang.Object java.lang.invoke.DirectMethodHandle$Holder.invokeStaticInit(java.lang.Object, java.lang.Object, java.lang.Object, java.lang.Object)'> (0x00000000ef8b20f0) 
thrown [s\src\hotspot\share\interpreter\linkResolver.cpp, line 773]
Event: 306.726 Thread 0x000001c637d2d3f0 Exception <a 'java/lang/NoSuchMethodError'{0x00000000ef521e90}: 'void java.lang.invoke.DirectMethodHandle$Holder.invokeStatic(java.lang.Object, java.lang.Object, java.lang.Object, java.lang.Object)'> (0x00000000ef521e90) 
thrown [s\src\hotspot\share\interpreter\linkResolver.cpp, line 773]
Event: 306.744 Thread 0x000001c637d2d3f0 Exception <a 'java/lang/IncompatibleClassChangeError'{0x00000000ef5490a0}: Found class java.lang.Object, but interface was expected> (0x00000000ef5490a0) 
thrown [s\src\hotspot\share\interpreter\linkResolver.cpp, line 840]
Event: 307.861 Thread 0x000001c637d2d3f0 Exception <a 'java/lang/NoSuchMethodError'{0x00000000ef2b9448}: 'java.lang.Object java.lang.invoke.DirectMethodHandle$Holder.newInvokeSpecial(java.lang.Object, java.lang.Object, java.lang.Object, java.lang.Object, java.lang.Object, java.lang.Object, java.lang.Object, java.lang.Object, java.lang.Object, java.lang.Object)'> (0x00000000ef2b9448) 
thrown [s\src\hotspot\share\interpreter\linkResolver.cpp, line 773]
Event: 310.202 Thread 0x000001c637d2d3f0 Exception <a 'java/lang/NoSuchMethodError'{0x00000000eec3f9d0}: 'int java.lang.invoke.DirectMethodHandle$Holder.invokeVirtual(java.lang.Object, java.lang.Object)'> (0x00000000eec3f9d0) 
thrown [s\src\hotspot\share\interpreter\linkResolver.cpp, line 773]
Event: 311.388 Thread 0x000001c637d2d3f0 Exception <a 'java/lang/NoSuchMethodError'{0x00000000ee96a388}: 'void java.lang.invoke.DirectMethodHandle$Holder.invokeInterface(java.lang.Object, java.lang.Object, java.lang.Object, java.lang.Object, java.lang.Object)'> (0x00000000ee96a388) 
thrown [s\src\hotspot\share\interpreter\linkResolver.cpp, line 773]
Event: 315.484 Thread 0x000001c637d2d3f0 Exception <a 'java/lang/NoSuchMethodError'{0x00000000ee2e0118}: 'java.lang.Object java.lang.invoke.DirectMethodHandle$Holder.newInvokeSpecial(java.lang.Object, java.lang.Object, int, int)'> (0x00000000ee2e0118) 
thrown [s\src\hotspot\share\interpreter\linkResolver.cpp, line 773]
Event: 315.554 Thread 0x000001c637d2d3f0 Exception <a 'java/lang/NoSuchMethodError'{0x00000000ee11a8c8}: 'void java.lang.invoke.DirectMethodHandle$Holder.invokeSpecial(java.lang.Object, java.lang.Object, int)'> (0x00000000ee11a8c8) 
thrown [s\src\hotspot\share\interpreter\linkResolver.cpp, line 773]
Event: 315.555 Thread 0x000001c637d2d3f0 Exception <a 'java/lang/NoSuchMethodError'{0x00000000ee11ebb8}: 'void java.lang.invoke.Invokers$Holder.invokeExact_MT(java.lang.Object, int, java.lang.Object)'> (0x00000000ee11ebb8) 
thrown [s\src\hotspot\share\interpreter\linkResolver.cpp, line 773]
Event: 316.996 Thread 0x000001c637d2d3f0 Exception <a 'java/lang/NoSuchMethodError'{0x00000000edea28a0}: 'java.lang.Object java.lang.invoke.DirectMethodHandle$Holder.invokeSpecialIFC(java.lang.Object, java.lang.Object, java.lang.Object, java.lang.Object)'> (0x00000000edea28a0) 
thrown [s\src\hotspot\share\interpreter\linkResolver.cpp, line 773]
Event: 319.295 Thread 0x000001c637d2d3f0 Exception <a 'java/lang/NoSuchMethodError'{0x00000000edaa08b0}: 'java.lang.Object java.lang.invoke.DirectMethodHandle$Holder.invokeVirtual(java.lang.Object, java.lang.Object, java.lang.Object, java.lang.Object, java.lang.Object, java.lang.Object, java.lang.Object, java.lang.Object, java.lang.Object, java.lang.Object, java.lang.Object, java.lang.Object, java.lang.Object, java.lang.Object, java.lang.Object, java.lang.Object, java.lang.Object, java.lang.Object, java.lang.Object, java.lang.Object, java.lang.Ob
Event: 319.302 Thread 0x000001c637d2d3f0 Exception <a 'java/lang/NoSuchMethodError'{0x00000000edaa7980}: 'java.lang.Object java.lang.invoke.DirectMethodHandle$Holder.invokeSpecial(java.lang.Object, java.lang.Object, java.lang.Object, java.lang.Object, java.lang.Object, java.lang.Object, java.lang.Object, java.lang.Object, java.lang.Object, java.lang.Object, java.lang.Object, java.lang.Object, java.lang.Object, java.lang.Object, java.lang.Object, java.lang.Object, java.lang.Object, java.lang.Object, java.lang.Object, java.lang.Object, java.lang.Ob
Event: 319.338 Thread 0x000001c637d2d3f0 Exception <a 'java/lang/NoSuchMethodError'{0x00000000edaadba8}: 'java.lang.Object java.lang.invoke.DelegatingMethodHandle$Holder.reinvoke_L(java.lang.Object, java.lang.Object, java.lang.Object, java.lang.Object, java.lang.Object, java.lang.Object, java.lang.Object, java.lang.Object, java.lang.Object, java.lang.Object, java.lang.Object, java.lang.Object, java.lang.Object, java.lang.Object, java.lang.Object, java.lang.Object, java.lang.Object, java.lang.Object, java.lang.Object, java.lang.Object, java.lang.O
Event: 319.869 Thread 0x000001c637d2d3f0 Exception <a 'java/lang/NoSuchMethodError'{0x00000000ed97bd78}: 'java.lang.Object java.lang.invoke.DirectMethodHandle$Holder.invokeStatic(java.lang.Object, java.lang.Object, java.lang.Object, java.lang.Object, java.lang.Object, java.lang.Object, java.lang.Object, java.lang.Object, java.lang.Object, java.lang.Object, java.lang.Object, java.lang.Object, java.lang.Object, java.lang.Object, java.lang.Object, java.lang.Object, java.lang.Object, java.lang.Object, java.lang.Object, java.lang.Object, java.lang.Obj
Event: 322.473 Thread 0x000001c637d2d3f0 Implicit null exception at 0x000001c62cd58dba to 0x000001c62cd5902c

ZGC Phase Switch (0 events):
No events

VM Operations (20 events):
Event: 320.171 Executing safepoint VM operation: Cleanup done
Event: 322.193 Executing safepoint VM operation: Cleanup
Event: 322.193 Executing safepoint VM operation: Cleanup done
Event: 322.564 Executing non-safepoint VM operation: HandshakeAllThreads (Deoptimize)
Event: 322.565 Executing non-safepoint VM operation: HandshakeAllThreads (Deoptimize) done
Event: 323.577 Executing safepoint VM operation: Cleanup
Event: 323.623 Executing safepoint VM operation: Cleanup done
Event: 324.639 Executing safepoint VM operation: Cleanup
Event: 324.655 Executing safepoint VM operation: Cleanup done
Event: 325.662 Executing safepoint VM operation: Cleanup
Event: 325.693 Executing safepoint VM operation: Cleanup done
Event: 326.700 Executing safepoint VM operation: Cleanup
Event: 326.968 Executing safepoint VM operation: Cleanup done
Event: 329.992 Executing safepoint VM operation: Cleanup
Event: 329.992 Executing safepoint VM operation: Cleanup done
Event: 330.998 Executing safepoint VM operation: Cleanup
Event: 331.029 Executing safepoint VM operation: Cleanup done
Event: 332.038 Executing safepoint VM operation: Cleanup
Event: 332.038 Executing safepoint VM operation: Cleanup done
Event: 333.047 Executing safepoint VM operation: Cleanup

Memory protections (0 events):
No events

Nmethod flushes (0 events):
No events

Events (20 events):
Event: 42.862 Thread 0x000001c6524528b0 Thread added: 0x000001c652480900
Event: 42.992 Thread 0x000001c6524528b0 Thread added: 0x000001c637d2d3f0
Event: 43.088 Thread 0x000001c637d2d3f0 Thread added: 0x000001c637d2c6d0
Event: 43.118 Thread 0x000001c637d2d3f0 Thread added: 0x000001c637d2cd60
Event: 43.150 Thread 0x000001c637d2d3f0 Thread added: 0x000001c637d2da80
Event: 47.726 Thread 0x000001c637d2d3f0 Thread added: 0x000001c652b12590
Event: 47.819 Thread 0x000001c637d2d3f0 Thread added: 0x000001c652b12c20
Event: 143.247 Thread 0x000001c652b12c20 Thread added: 0x000001c652b132b0
Event: 205.964 Thread 0x000001c652b132b0 Thread exited: 0x000001c652b132b0
Event: 234.817 Thread 0x000001c652b12c20 Thread added: 0x000001c652b11f00
Event: 246.278 Thread 0x000001c637d2d3f0 Thread added: 0x000001c652b132b0
Event: 304.558 Thread 0x000001c637d2d3f0 Thread added: 0x000001c652b13fd0
Event: 304.861 Thread 0x000001c637d2d3f0 Thread added: 0x000001c652b14660
Event: 309.844 Thread 0x000001c637d2d3f0 Thread added: 0x000001c652b111e0
Event: 310.151 Thread 0x000001c637d2d3f0 Thread added: 0x000001c652b14cf0
Event: 312.814 Thread 0x000001c652b11f00 Thread exited: 0x000001c652b11f00
Event: 316.589 Thread 0x000001c637d2d3f0 Thread added: 0x000001c652b11870
Event: 318.106 Thread 0x000001c637d2d3f0 Thread added: 0x000001c652b11f00
Event: 328.702 Thread 0x000001c637d2d3f0 Thread added: 0x000001c652b16730
Event: 331.152 Thread 0x000001c652b12c20 Thread added: 0x000001c652b17ae0


Dynamic libraries:
0x00007ff7e88c0000 - 0x00007ff7e88ce000 	C:\Users\NAGARAJU\.antigravity-ide\extensions\redhat.java-1.56.0-win32-x64\jre\21.0.12.1-win32-x86_64\bin\java.exe
0x00007ff9a5f00000 - 0x00007ff9a6166000 	C:\WINDOWS\SYSTEM32\ntdll.dll
0x00007ff9a4c70000 - 0x00007ff9a4d39000 	C:\WINDOWS\System32\KERNEL32.DLL
0x00007ff9a3390000 - 0x00007ff9a378f000 	C:\WINDOWS\System32\KERNELBASE.dll
0x00007ff9a38d0000 - 0x00007ff9a3a1c000 	C:\WINDOWS\System32\ucrtbase.dll
0x00007ff972400000 - 0x00007ff972418000 	C:\Users\NAGARAJU\.antigravity-ide\extensions\redhat.java-1.56.0-win32-x64\jre\21.0.12.1-win32-x86_64\bin\jli.dll
0x00007ff974f70000 - 0x00007ff974f8e000 	C:\Users\NAGARAJU\.antigravity-ide\extensions\redhat.java-1.56.0-win32-x64\jre\21.0.12.1-win32-x86_64\bin\VCRUNTIME140.dll
0x00007ff9a4dd0000 - 0x00007ff9a4f96000 	C:\WINDOWS\System32\USER32.dll
0x00007ff9a3110000 - 0x00007ff9a3137000 	C:\WINDOWS\System32\win32u.dll
0x00007ff9a3d30000 - 0x00007ff9a3d5b000 	C:\WINDOWS\System32\GDI32.dll
0x00007ff9a37a0000 - 0x00007ff9a38c9000 	C:\WINDOWS\System32\gdi32full.dll
0x00007ff9a3a30000 - 0x00007ff9a3ad3000 	C:\WINDOWS\System32\msvcp_win.dll
0x00007ff98c800000 - 0x00007ff98ca91000 	C:\WINDOWS\WinSxS\amd64_microsoft.windows.common-controls_6595b64144ccf1df_6.0.26100.8972_none_3e0da176e32f9d4b\COMCTL32.dll
0x00007ff9a4ae0000 - 0x00007ff9a4b89000 	C:\WINDOWS\System32\msvcrt.dll
0x00007ff9a54a0000 - 0x00007ff9a54d2000 	C:\WINDOWS\System32\IMM32.DLL
0x00007ff9992b0000 - 0x00007ff9992bc000 	C:\Users\NAGARAJU\.antigravity-ide\extensions\redhat.java-1.56.0-win32-x64\jre\21.0.12.1-win32-x86_64\bin\vcruntime140_1.dll
0x00007ff925740000 - 0x00007ff9257cd000 	C:\Users\NAGARAJU\.antigravity-ide\extensions\redhat.java-1.56.0-win32-x64\jre\21.0.12.1-win32-x86_64\bin\msvcp140.dll
0x00007ff8fcc20000 - 0x00007ff8fd9c2000 	C:\Users\NAGARAJU\.antigravity-ide\extensions\redhat.java-1.56.0-win32-x64\jre\21.0.12.1-win32-x86_64\bin\server\jvm.dll
0x00007ff9a3f30000 - 0x00007ff9a3fec000 	C:\WINDOWS\System32\ADVAPI32.dll
0x00007ff9a4b90000 - 0x00007ff9a4c3a000 	C:\WINDOWS\System32\sechost.dll
0x00007ff9a3d60000 - 0x00007ff9a3e78000 	C:\WINDOWS\System32\RPCRT4.dll
0x00007ff9a4d40000 - 0x00007ff9a4dc2000 	C:\WINDOWS\System32\WS2_32.dll
0x00007ff9a2f70000 - 0x00007ff9a2fce000 	C:\WINDOWS\SYSTEM32\POWRPROF.dll
0x00007ff99c510000 - 0x00007ff99c546000 	C:\WINDOWS\SYSTEM32\WINMM.dll
0x00007ff99c550000 - 0x00007ff99c55b000 	C:\WINDOWS\SYSTEM32\VERSION.dll
0x00007ff9a2f50000 - 0x00007ff9a2f65000 	C:\WINDOWS\SYSTEM32\UMPDC.dll
0x00007ff9a1e00000 - 0x00007ff9a1e1b000 	C:\WINDOWS\SYSTEM32\kernel.appcore.dll
0x00007ff972540000 - 0x00007ff97254a000 	C:\Users\NAGARAJU\.antigravity-ide\extensions\redhat.java-1.56.0-win32-x64\jre\21.0.12.1-win32-x86_64\bin\jimage.dll
0x00007ff997ba0000 - 0x00007ff997de2000 	C:\WINDOWS\SYSTEM32\DBGHELP.DLL
0x00007ff9a5110000 - 0x00007ff9a5495000 	C:\WINDOWS\System32\combase.dll
0x00007ff9a47a0000 - 0x00007ff9a4879000 	C:\WINDOWS\System32\OLEAUT32.dll
0x00007ff981b60000 - 0x00007ff981b9b000 	C:\WINDOWS\SYSTEM32\dbgcore.DLL
0x00007ff9a32d0000 - 0x00007ff9a337c000 	C:\WINDOWS\System32\bcryptPrimitives.dll
0x00007ff9395e0000 - 0x00007ff9395ef000 	C:\Users\NAGARAJU\.antigravity-ide\extensions\redhat.java-1.56.0-win32-x64\jre\21.0.12.1-win32-x86_64\bin\instrument.dll
0x00007ff95a160000 - 0x00007ff95a180000 	C:\Users\NAGARAJU\.antigravity-ide\extensions\redhat.java-1.56.0-win32-x64\jre\21.0.12.1-win32-x86_64\bin\java.dll
0x00007ff9a5730000 - 0x00007ff9a5eb8000 	C:\WINDOWS\System32\SHELL32.dll
0x00007ff9a0be0000 - 0x00007ff9a147b000 	C:\WINDOWS\SYSTEM32\windows.storage.dll
0x00007ff9a54e0000 - 0x00007ff9a55d9000 	C:\WINDOWS\System32\SHCORE.dll
0x00007ff9a4580000 - 0x00007ff9a45e6000 	C:\WINDOWS\System32\shlwapi.dll
0x00007ff9a3030000 - 0x00007ff9a3059000 	C:\WINDOWS\SYSTEM32\profapi.dll
0x00007ff9395f0000 - 0x00007ff939608000 	C:\Users\NAGARAJU\.antigravity-ide\extensions\redhat.java-1.56.0-win32-x64\jre\21.0.12.1-win32-x86_64\bin\zip.dll
0x00007ff9395d0000 - 0x00007ff9395e0000 	C:\Users\NAGARAJU\.antigravity-ide\extensions\redhat.java-1.56.0-win32-x64\jre\21.0.12.1-win32-x86_64\bin\net.dll
0x00007ff998de0000 - 0x00007ff998f08000 	C:\WINDOWS\SYSTEM32\WINHTTP.dll
0x00007ff9a23b0000 - 0x00007ff9a241c000 	C:\WINDOWS\system32\mswsock.dll
0x00007ff925720000 - 0x00007ff925736000 	C:\Users\NAGARAJU\.antigravity-ide\extensions\redhat.java-1.56.0-win32-x64\jre\21.0.12.1-win32-x86_64\bin\nio.dll
0x00007ff925b90000 - 0x00007ff925ba0000 	C:\Users\NAGARAJU\.antigravity-ide\extensions\redhat.java-1.56.0-win32-x64\jre\21.0.12.1-win32-x86_64\bin\verify.dll
0x00007ff985f00000 - 0x00007ff985f27000 	C:\Users\NAGARAJU\.gradle\native\c067742578af261105cb4f569cf0c3c89f3d7b1fecec35dd04571415982c5e48\windows-amd64\native-platform.dll
0x00007ff90ec50000 - 0x00007ff90ed94000 	C:\Users\NAGARAJU\.gradle\native\100fb08df4bc3b14c8652ba06237920a3bd2aa13389f12d3474272988ae205f9\windows-amd64\native-platform-file-events.dll
0x00007ff920130000 - 0x00007ff92013a000 	C:\Users\NAGARAJU\.antigravity-ide\extensions\redhat.java-1.56.0-win32-x64\jre\21.0.12.1-win32-x86_64\bin\management.dll
0x00007ff920120000 - 0x00007ff92012c000 	C:\Users\NAGARAJU\.antigravity-ide\extensions\redhat.java-1.56.0-win32-x64\jre\21.0.12.1-win32-x86_64\bin\management_ext.dll
0x00007ff9a4c60000 - 0x00007ff9a4c68000 	C:\WINDOWS\System32\PSAPI.DLL
0x00007ff9a26a0000 - 0x00007ff9a26bb000 	C:\WINDOWS\SYSTEM32\CRYPTSP.dll
0x00007ff9a1d60000 - 0x00007ff9a1d99000 	C:\WINDOWS\system32\rsaenh.dll
0x00007ff9a2460000 - 0x00007ff9a2492000 	C:\WINDOWS\SYSTEM32\USERENV.dll
0x00007ff9a3000000 - 0x00007ff9a302a000 	C:\WINDOWS\SYSTEM32\bcrypt.dll
0x00007ff9a26c0000 - 0x00007ff9a26cc000 	C:\WINDOWS\SYSTEM32\CRYPTBASE.dll
0x00007ff9a17d0000 - 0x00007ff9a1803000 	C:\WINDOWS\SYSTEM32\IPHLPAPI.DLL
0x00007ff9a3c30000 - 0x00007ff9a3c3a000 	C:\WINDOWS\System32\NSI.dll
0x00007ff916eb0000 - 0x00007ff916eb9000 	C:\Users\NAGARAJU\.antigravity-ide\extensions\redhat.java-1.56.0-win32-x64\jre\21.0.12.1-win32-x86_64\bin\extnet.dll
0x00007ff916b00000 - 0x00007ff916b0e000 	C:\Users\NAGARAJU\.antigravity-ide\extensions\redhat.java-1.56.0-win32-x64\jre\21.0.12.1-win32-x86_64\bin\sunmscapi.dll
0x00007ff9a3140000 - 0x00007ff9a32be000 	C:\WINDOWS\System32\CRYPT32.dll
0x00007ff9a28e0000 - 0x00007ff9a2910000 	C:\WINDOWS\SYSTEM32\ncrypt.dll
0x00007ff9a2890000 - 0x00007ff9a28cf000 	C:\WINDOWS\SYSTEM32\NTASN1.dll
0x00007ff90fe20000 - 0x00007ff90fe28000 	C:\WINDOWS\system32\wshunix.dll

JVMTI agents:
C:\Users\NAGARAJU\.gradle\wrapper\dists\gradle-8.9-bin\90cnw93cvbtalezasaz0blq0a\gradle-8.9\lib\agents\gradle-instrumentation-agent-8.9.jar path:C:\Users\NAGARAJU\.antigravity-ide\extensions\redhat.java-1.56.0-win32-x64\jre\21.0.12.1-win32-x86_64\bin\instrument.dll, loaded, initialized, instrumentlib options:none

dbghelp: loaded successfully - version: 4.0.5 - missing functions: none
symbol engine: initialized successfully - sym options: 0x614 - pdb path: .;C:\Users\NAGARAJU\.antigravity-ide\extensions\redhat.java-1.56.0-win32-x64\jre\21.0.12.1-win32-x86_64\bin;C:\WINDOWS\SYSTEM32;C:\WINDOWS\WinSxS\amd64_microsoft.windows.common-controls_6595b64144ccf1df_6.0.26100.8972_none_3e0da176e32f9d4b;C:\Users\NAGARAJU\.antigravity-ide\extensions\redhat.java-1.56.0-win32-x64\jre\21.0.12.1-win32-x86_64\bin\server;C:\Users\NAGARAJU\.gradle\native\c067742578af261105cb4f569cf0c3c89f3d7b1fecec35dd04571415982c5e48\windows-amd64;C:\Users\NAGARAJU\.gradle\native\100fb08df4bc3b14c8652ba06237920a3bd2aa13389f12d3474272988ae205f9\windows-amd64

VM Arguments:
jvm_args: --add-opens=java.base/java.util=ALL-UNNAMED --add-opens=java.base/java.lang=ALL-UNNAMED --add-opens=java.base/java.lang.invoke=ALL-UNNAMED --add-opens=java.prefs/java.util.prefs=ALL-UNNAMED --add-exports=jdk.compiler/com.sun.tools.javac.api=ALL-UNNAMED --add-exports=jdk.compiler/com.sun.tools.javac.util=ALL-UNNAMED --add-opens=java.base/java.nio.charset=ALL-UNNAMED --add-opens=java.base/java.net=ALL-UNNAMED --add-opens=java.base/java.util.concurrent.atomic=ALL-UNNAMED -XX:MaxMetaspaceSize=384m -XX:+HeapDumpOnOutOfMemoryError -Xms256m -Xmx512m -Dfile.encoding=utf8 -Duser.country=IN -Duser.language=en -Duser.variant -javaagent:C:\Users\NAGARAJU\.gradle\wrapper\dists\gradle-8.9-bin\90cnw93cvbtalezasaz0blq0a\gradle-8.9\lib\agents\gradle-instrumentation-agent-8.9.jar 
java_command: org.gradle.launcher.daemon.bootstrap.GradleDaemon 8.9
java_class_path (initial): C:\Users\NAGARAJU\.gradle\wrapper\dists\gradle-8.9-bin\90cnw93cvbtalezasaz0blq0a\gradle-8.9\lib\gradle-daemon-main-8.9.jar
Launcher Type: SUN_STANDARD

[Global flags]
     intx CICompilerCount                          = 4                                         {product} {ergonomic}
   size_t CompressedClassSpaceSize                 = 335544320                                 {product} {ergonomic}
     uint ConcGCThreads                            = 2                                         {product} {ergonomic}
     uint G1ConcRefinementThreads                  = 8                                         {product} {ergonomic}
   size_t G1HeapRegionSize                         = 1048576                                   {product} {ergonomic}
    uintx GCDrainStackTargetSize                   = 64                                        {product} {ergonomic}
     bool HeapDumpOnOutOfMemoryError               = true                                   {manageable} {command line}
   size_t InitialHeapSize                          = 268435456                                 {product} {command line}
   size_t MarkStackSize                            = 4194304                                   {product} {ergonomic}
   size_t MaxHeapSize                              = 536870912                                 {product} {command line}
   size_t MaxMetaspaceSize                         = 402653184                                 {product} {command line}
   size_t MaxNewSize                               = 321912832                                 {product} {ergonomic}
   size_t MinHeapDeltaBytes                        = 1048576                                   {product} {ergonomic}
   size_t MinHeapSize                              = 268435456                                 {product} {command line}
    uintx NonNMethodCodeHeapSize                   = 5839372                                {pd product} {ergonomic}
    uintx NonProfiledCodeHeapSize                  = 122909434                              {pd product} {ergonomic}
    uintx ProfiledCodeHeapSize                     = 122909434                              {pd product} {ergonomic}
    uintx ReservedCodeCacheSize                    = 251658240                              {pd product} {ergonomic}
     bool SegmentedCodeCache                       = true                                      {product} {ergonomic}
   size_t SoftMaxHeapSize                          = 536870912                              {manageable} {ergonomic}
     bool UseCompressedOops                        = true                           {product lp64_product} {ergonomic}
     bool UseG1GC                                  = true                                      {product} {ergonomic}
     bool UseLargePagesIndividualAllocation        = false                                  {pd product} {ergonomic}

Logging:
Log output configuration:
 #0: stdout all=warning uptime,level,tags foldmultilines=false
 #1: stderr all=off uptime,level,tags foldmultilines=false

Release file:
JAVA_VERSION="21.0.12.1" 
MODULES="java.base java.compiler java.datatransfer java.xml java.prefs java.desktop java.instrument java.logging java.management java.security.sasl java.naming java.rmi java.management.rmi java.net.http java.scripting java.security.jgss java.transaction.xa java.sql java.sql.rowset java.xml.crypto java.se java.smartcardio jdk.accessibility jdk.internal.jvmstat jdk.attach jdk.charsets jdk.internal.opt jdk.zipfs jdk.compiler jdk.crypto.ec jdk.crypto.cryptoki jdk.crypto.mscapi jdk.dynalink jdk.internal.ed jdk.editpad jdk.hotspot.agent jdk.httpserver jdk.internal.le jdk.internal.vm.ci jdk.internal.vm.compiler jdk.internal.vm.compiler.management jdk.jartool jdk.javadoc jdk.jcmd jdk.management jdk.management.agent jdk.jconsole jdk.jdeps jdk.jdwp.agent jdk.jdi jdk.jfr jdk.jshell jdk.jsobject jdk.jstatd jdk.localedata jdk.management.jfr jdk.naming.dns jdk.naming.rmi jdk.net jdk.nio.mapmode jdk.random jdk.sctp jdk.security.auth jdk.security.jgss jdk.unsupported jdk.unsupported.desktop jdk.xml.dom" 

Environment Variables:
JAVA_HOME=C:\Program Files\Eclipse Adoptium\jdk-21.0.11.10-hotspot
PATH=C:\Program Files\Eclipse Adoptium\jdk-21.0.11.10-hotspot\bin;C:\Program Files\Eclipse Adoptium\jdk-11.0.26.4-hotspot\bin;C:\Program Files\Eclipse Adoptium\jdk-17.0.14.7-hotspot\bin;C:\Program Files\Java\jdk-17\bin;C:\Program Files\nodejs;E:\Android\Sdk\platform-tools;E:\Android\Sdk\emulator;E:\Android\Sdk\cmdline-tools\latest\bin;C:\Users\NAGARAJU\AppData\Local\Android\Sdk\platform-tools;C:\Users\NAGARAJU\AppData\Local\Android\Sdk\emulator;C:\Users\NAGARAJU\AppData\Local\Android\Sdk\cmdline-tools\latest\bin;C:\Program Files\Eclipse Adoptium\jdk-21.0.11.10-hotspot\bin;C:\Program Files\Eclipse Adoptium\jdk-11.0.26.4-hotspot\bin;C:\Program Files\Eclipse Adoptium\jdk-17.0.14.7-hotspot\bin;C:\Program Files\Java\jdk-17\bin;C:\Program Files\nodejs;E:\Android\Sdk\platform-tools;E:\Android\Sdk\emulator;E:\Android\Sdk\cmdline-tools\latest\bin;C:\Users\NAGARAJU\AppData\Local\Android\Sdk\platform-tools;C:\Users\NAGARAJU\AppData\Local\Android\Sdk\emulator;C:\Users\NAGARAJU\AppData\Local\Android\Sdk\cmdline-tools\latest\bin;C:\Program Files\Eclipse Adoptium\jdk-21.0.11.10-hotspot\bin;C:\Program Files\Eclipse Adoptium\jdk-11.0.26.4-hotspot\bin;C:\Program Files\Eclipse Adoptium\jdk-17.0.14.7-hotspot\bin;C:\Program Files\Java\jdk-17\bin;C:\Program Files\nodejs;E:\Android\Sdk\platform-tools;E:\Android\Sdk\emulator;E:\Android\Sdk\cmdline-tools\latest\bin;C:\Users\NAGARAJU\AppData\Local\Android\Sdk\platform-tools;C:\Users\NAGARAJU\AppData\Local\Android\Sdk\emulator;C:\Users\NAGARAJU\AppData\Local\Android\Sdk\cmdline-tools\latest\bin;C:\WINDOWS\System32;C:\ProgramData\chocolatey\bin;C:\Program Files\nodejs\;C:\Program Files\Git\cmd;C:\Windows\System32;C:\Windows\System32\WindowsPowerShell\v1.0;C:\Windows\System32\OpenSSH;C:\Windows\System32\WindowsPowerShell\v1.0\;C:\Users\NAGARAJU\Downloads\stripe_1.30.0_windows_x86_64;C:\WINDOWS\system32;C:\WINDOWS;C:\WINDOWS\System32\Wbem;C:\WINDOWS\System32\WindowsPowerShell\v1.0\;C:\WINDOWS\System32\OpenSSH\;C:\ProgramData\chocolatey\bin;C:\Program Files\nodejs\;C:\Program Files\Git\cmd;C:\Windows\System32;C:\Windows\System32\WindowsPowerShell\v1.0;C:\Windows\System32\OpenSSH;C:\Windows\System32\WindowsPowerShell\v1.0\;C:\Users\NAGARAJU\Downloads\stripe_1.30.0_windows_x86_64;C:\WINDOWS\system32;C:\WINDOWS;C:\WINDOWS\System32\Wbem;C:\WINDOWS\System32\WindowsPowerShell\v1.0\;C:\WINDOWS\System32\OpenSSH\;C:\ProgramData\chocolatey\bin;C:\Program Files\nodejs\;C:\Program Files\Git\cmd;C:\Windows\System32;C:\Windows\System32\WindowsPowerShell\v1.0;C:\Windows\System32\OpenSSH;C:\Windows\System32\WindowsPowerShell\v1.0\;C:\Users\NAGARAJU\Downloads\stripe_1.30.0_windows_x86_64;C:\WINDOWS\system32;C:\WINDOWS;C:\WINDOWS\System32\Wbem;C:\WINDOWS\System32\WindowsPowerShell\v1.0\;C:\WINDOWS\System32\OpenSSH\;C:\Program Files\Eclipse Adoptium\jdk-21.0.11.10-hotspot\bin;C:\Program Files\Eclipse Adoptium\jdk-11.0.26.4-hotspot\bin;C:\Program Files\Eclipse Adoptium\jdk-17.0.14.7-hotspot\bin;C:\Program Files\Java\jdk-17\bin;C:\Program Files\nodejs;E:\Android\Sdk\platform-tools;E:\Android\Sdk\emulator;E:\Android\Sdk\cmdline-tools\latest\bin;C:\Users\NAGARAJU\AppData\Local\Android\Sdk\platform-tools;C:\Users\NAGARAJU\AppData\Local\Android\Sdk\emulator;C:\Users\NAGARAJU\AppData\Local\Android\Sdk\cmdline-tools\latest\bin;C:\Program Files\Eclipse Adoptium\jdk-21.0.11.10-hotspot\bin;C:\Program Files\Eclipse Adoptium\jdk-11.0.26.4-hotspot\bin;C:\Program Files\Eclipse Adoptium\jdk-17.0.14.7-hotspot\bin;C:\Program Files\Java\jdk-17\bin;C:\Program Files\nodejs;E:\Android\Sdk\platform-tools;E:\Android\Sdk\emulator;E:\Android\Sdk\cmdline-tools\latest\bin;C:\Users\NAGARAJU\AppData\Local\Android\Sdk\platform-tools;C:\Users\NAGARAJU\AppData\Local\Android\Sdk\emulator;C:\Users\NAGARAJU\AppData\Local\Android\Sdk\cmdline-tools\latest\bin;C:\Program Files\Eclipse Adoptium\jdk-21.0.11.10-hotspot\bin;C:\Program Files\Eclipse Adoptium\jdk-11.0.26.4-hotspot\bin;C:\Program Files\Eclipse Adoptium\jdk-17.0.14.7-hotspot\bin;C:\Program Files\Java\jdk-17\bin;C:\Program Files\nodejs;E:\Android\Sdk\platform-tools;E:\Android\Sdk\emulator;E:\Android\Sdk\cmdline-tools\latest\bin;C:\Users\NAGARAJU\AppData\Local\Android\Sdk\platform-tools;C:\Users\NAGARAJU\AppData\Local\Android\Sdk\emulator;C:\Users\NAGARAJU\AppData\Local\Android\Sdk\cmdline-tools\latest\bin;C:\WINDOWS\System32;C:\ProgramData\chocolatey\bin;C:\Program Files\nodejs\;C:\Program Files\Git\cmd;C:\Windows\System32;C:\Windows\System32\WindowsPowerShell\v1.0;C:\Windows\System32\OpenSSH;C:\Windows\System32\WindowsPowerShell\v1.0\;C:\Users\NAGARAJU\Downloads\stripe_1.30.0_windows_x86_64;C:\WINDOWS\system32;C:\WINDOWS;C:\WINDOWS\System32\Wbem;C:\WINDOWS\System32\WindowsPowerShell\v1.0\;C:\WINDOWS\System32\OpenSSH\;C:\ProgramData\chocolatey\bin;C:\Program Files\nodejs\;C:\Program Files\Git\cmd;C:\Windows\System32;C:\Windows\System32\WindowsPowerShell\v1.0;C:\Windows\System32\OpenSSH;C:\Windows\System32\WindowsPowerShell\v1.0\;C:\Users\NAGARAJU\Downloads\stripe_1.30.0_windows_x86_64;C:\WINDOWS\system32;C:\WINDOWS;C:\WINDOWS\System32\Wbem;C:\WINDOWS\System32\WindowsPowerShell\v1.0\;C:\WINDOWS\System32\OpenSSH\;C:\ProgramData\chocolatey\bin;C:\Program Files\nodejs\;C:\Program Files\Git\cmd;C:\Windows\System32;C:\Windows\System32\WindowsPowerShell\v1.0;C:\Windows\System32\OpenSSH;C:\Windows\System32\WindowsPowerShell\v1.0\;C:\Users\NAGARAJU\Downloads\stripe_1.30.0_windows_x86_64;C:\WINDOWS\system32;C:\WINDOWS;C:\WINDOWS\System32\Wbem;C:\WINDOWS\System32\WindowsPowerShell\v1.0\;C:\WINDOWS\System32\OpenSSH\;C:\Users\NAGARAJU\AppData\Local\Android\Sdk\platform-tools;C:\Users\NAGARAJU\AppData\Local\Android\Sdk\cmdline-tools\latest\bin;C:\Users\NAGARAJU\AppData\Roaming\npm;C:\Users\NAGARAJU\AppData\Local\Programs\Microsoft VS Code\bin;C:\Users\NAGARAJU\AppData\Local\Programs\Antigravity IDE\bin;C:\Users\NAGARAJU\AppData\Local\Microsoft\WindowsApps;C:\Users\NAGARAJU\AppData\Local\Kingsoft\WPS Office\12.1.0.27458\clitool
USERNAME=NAGARAJU
OS=Windows_NT
PROCESSOR_IDENTIFIER=AMD64 Family 23 Model 104 Stepping 1, AuthenticAMD
TMP=C:\Users\NAGARAJU\AppData\Local\Temp
TEMP=C:\Users\NAGARAJU\AppData\Local\Temp




Periodic native trim disabled

---------------  S Y S T E M  ---------------

OS:
 Windows 11 , 64 bit Build 26100 (10.0.26100.9168)
OS uptime: 0 days 1:17 hours

CPU: total 8 (initial active 8) (8 cores per cpu, 2 threads per core) family 23 model 104 stepping 1 microcode 0x8608109, cx8, cmov, fxsr, ht, mmx, 3dnowpref, sse, sse2, sse3, ssse3, sse4a, sse4.1, sse4.2, popcnt, lzcnt, tsc, tscinvbit, avx, avx2, aes, clmul, bmi1, bmi2, adx, sha, fma, vzeroupper, clflush, clflushopt, rdtscp, rdpid, f16c
Processor Information for the first 8 processors :
  Max Mhz: 2600, Current Mhz: 2600, Mhz Limit: 2600

Memory: 4k page, system-wide physical 7502M (589M free)
TotalPageFile size 40270M (AvailPageFile size 0M)
current process WorkingSet (physical memory assigned to process): 64M, peak: 125M
current process commit charge ("private bytes"): 407M, peak: 415M

vm_info: OpenJDK 64-Bit Server VM (21.0.12.1+1-LTS) for windows-amd64 JRE (21.0.12.1+1-LTS), built on 2026-08-18T00:00:00Z by "admin" with MS VC++ 17.12 (VS2022)

END.
