#
# There is insufficient memory for the Java Runtime Environment to continue.
# Native memory allocation (malloc) failed to allocate 1219056 bytes. Error detail: Chunk::new
# Possible reasons:
#   The system is out of physical RAM or swap space
#   This process is running with CompressedOops enabled, and the Java Heap may be blocking the growth of the native heap
# Possible solutions:
#   Reduce memory load on the system
#   Increase physical memory or swap space
#   Check if swap backing store is full
#   Decrease Java heap size (-Xmx/-Xms)
#   Decrease number of Java threads
#   Decrease Java thread stack sizes (-Xss)
#   Set larger code cache with -XX:ReservedCodeCacheSize=
#   JVM is running with Unscaled Compressed Oops mode in which the Java heap is
#     placed in the first 4GB address space. The Java Heap base address is the
#     maximum limit for the native heap growth. Please use -XX:HeapBaseMinAddress
#     to set the Java Heap base and to place the Java Heap above 4GB virtual address.
# This output file may be truncated or incomplete.
#
#  Out of Memory Error (arena.cpp:168), pid=37036, tid=39008
#
# JRE version: OpenJDK Runtime Environment Temurin-21.0.12.1+1 (21.0.12.1+1) (build 21.0.12.1+1-LTS)
# Java VM: OpenJDK 64-Bit Server VM Temurin-21.0.12.1+1 (21.0.12.1+1-LTS, mixed mode, sharing, tiered, compressed oops, compressed class ptrs, g1 gc, windows-amd64)
# No core dump will be written. Minidumps are not enabled by default on client versions of Windows
#

---------------  S U M M A R Y ------------

Command Line: --add-opens=java.base/java.util=ALL-UNNAMED --add-opens=java.base/java.lang=ALL-UNNAMED --add-opens=java.base/java.lang.invoke=ALL-UNNAMED --add-opens=java.prefs/java.util.prefs=ALL-UNNAMED --add-exports=jdk.compiler/com.sun.tools.javac.api=ALL-UNNAMED --add-exports=jdk.compiler/com.sun.tools.javac.util=ALL-UNNAMED --add-opens=java.base/java.nio.charset=ALL-UNNAMED --add-opens=java.base/java.net=ALL-UNNAMED --add-opens=java.base/java.util.concurrent.atomic=ALL-UNNAMED -XX:MaxMetaspaceSize=384m -XX:+HeapDumpOnOutOfMemoryError -Xms256m -Xmx512m -Dfile.encoding=utf8 -Duser.country=IN -Duser.language=en -Duser.variant -javaagent:C:\Users\NAGARAJU\.gradle\wrapper\dists\gradle-8.9-bin\90cnw93cvbtalezasaz0blq0a\gradle-8.9\lib\agents\gradle-instrumentation-agent-8.9.jar org.gradle.launcher.daemon.bootstrap.GradleDaemon 8.9

Host: AMD Ryzen 3 5300U with Radeon Graphics         , 8 cores, 7G,  Windows 11 , 64 bit Build 26100 (10.0.26100.9168)
Time: Tue Sep  8 17:42:51 2026 India Standard Time elapsed time: 836.805024 seconds (0d 0h 13m 56s)

---------------  T H R E A D  ---------------

Current thread (0x000001d9bdba8e60):  JavaThread "C2 CompilerThread0" daemon [_thread_in_native, id=39008, stack(0x0000000809f00000,0x000000080a000000) (1024K)]


Current CompileTask:
C2:836806 7487       4       org.gradle.internal.time.ExponentialBackoff::retryUntil (65 bytes)

Stack: [0x0000000809f00000,0x000000080a000000]
Native frames: (J=compiled Java code, j=interpreted, Vv=VM code, C=native code)
V  [jvm.dll+0x6d83e9]
V  [jvm.dll+0x8b5736]
V  [jvm.dll+0x8b7cee]
V  [jvm.dll+0x8b83d3]
V  [jvm.dll+0x284596]
V  [jvm.dll+0xc685d]
V  [jvm.dll+0xc6da1]
V  [jvm.dll+0x3bf151]
V  [jvm.dll+0x1e3f42]
V  [jvm.dll+0x24c853]
V  [jvm.dll+0x24bce0]
V  [jvm.dll+0x1cb4ae]
V  [jvm.dll+0x25baad]
V  [jvm.dll+0x25a03a]
V  [jvm.dll+0x3f8aae]
V  [jvm.dll+0x8600cd]
V  [jvm.dll+0x6d6c1d]
C  [ucrtbase.dll+0x2cd30]
C  [KERNEL32.DLL+0x2ccb7]
C  [ntdll.dll+0xaad6c]


---------------  P R O C E S S  ---------------

Threads class SMR info:
_java_thread_list=0x000001d9d9329150, length=58, elements={
0x000001d9a81ea350, 0x000001d9bdb9c150, 0x000001d9bdb9d8d0, 0x000001d9bdb9e4e0,
0x000001d9bdba2c00, 0x000001d9bdba7670, 0x000001d9bdba80d0, 0x000001d9bdba8e60,
0x000001d9bdbaeba0, 0x000001d9bdddfb20, 0x000001d9bde36950, 0x000001d9d81e7870,
0x000001d9d7952100, 0x000001d9bdc16ce0, 0x000001d9d7cb8e40, 0x000001d9d868ddb0,
0x000001d9d8312890, 0x000001d9d7c9b130, 0x000001d9d7c9b7a0, 0x000001d9d8598270,
0x000001d9d705ce60, 0x000001d9d705d4f0, 0x000001d9d705ef30, 0x000001d9d705db80,
0x000001d9d705e8a0, 0x000001d9d705c140, 0x000001d9d705c7d0, 0x000001d9d84439d0,
0x000001d9d8441f90, 0x000001d9d8445410, 0x000001d9d8443340, 0x000001d9d8444d80,
0x000001d9d8444060, 0x000001d9d8445aa0, 0x000001d9d84467c0, 0x000001d9d8448200,
0x000001d9d84495b0, 0x000001d9d84474e0, 0x000001d9d8447b70, 0x000001d9d8448f20,
0x000001d9d9ab31d0, 0x000001d9d9ab3860, 0x000001d9d9ab1790, 0x000001d9d9ab03e0,
0x000001d9d9ab24b0, 0x000001d9d9ab0a70, 0x000001d9d9ab4580, 0x000001d9d9ab2b40,
0x000001d9d9ab1100, 0x000001d9d9ab4c10, 0x000001d9d9ab52a0, 0x000001d9d9ab7370,
0x000001d9d9ab6650, 0x000001d9d9ab5930, 0x000001d9d9ab5fc0, 0x000001d9d9ab6ce0,
0x000001d9d9ab7a00, 0x000001d9d8ff5be0
}

Java Threads: ( => current thread )
  0x000001d9a81ea350 JavaThread "main"                              [_thread_blocked, id=21460, stack(0x0000000809100000,0x0000000809200000) (1024K)]
  0x000001d9bdb9c150 JavaThread "Reference Handler"          daemon [_thread_blocked, id=30444, stack(0x0000000809900000,0x0000000809a00000) (1024K)]
  0x000001d9bdb9d8d0 JavaThread "Finalizer"                  daemon [_thread_blocked, id=34804, stack(0x0000000809a00000,0x0000000809b00000) (1024K)]
  0x000001d9bdb9e4e0 JavaThread "Signal Dispatcher"          daemon [_thread_blocked, id=13228, stack(0x0000000809b00000,0x0000000809c00000) (1024K)]
  0x000001d9bdba2c00 JavaThread "Attach Listener"            daemon [_thread_blocked, id=24864, stack(0x0000000809c00000,0x0000000809d00000) (1024K)]
  0x000001d9bdba7670 JavaThread "Service Thread"             daemon [_thread_blocked, id=37144, stack(0x0000000809d00000,0x0000000809e00000) (1024K)]
  0x000001d9bdba80d0 JavaThread "Monitor Deflation Thread"   daemon [_thread_blocked, id=37596, stack(0x0000000809e00000,0x0000000809f00000) (1024K)]
=>0x000001d9bdba8e60 JavaThread "C2 CompilerThread0"         daemon [_thread_in_native, id=39008, stack(0x0000000809f00000,0x000000080a000000) (1024K)]
  0x000001d9bdbaeba0 JavaThread "C1 CompilerThread0"         daemon [_thread_blocked, id=11072, stack(0x000000080a000000,0x000000080a100000) (1024K)]
  0x000001d9bdddfb20 JavaThread "Common-Cleaner"             daemon [_thread_blocked, id=32608, stack(0x000000080a100000,0x000000080a200000) (1024K)]
  0x000001d9bde36950 JavaThread "Notification Thread"        daemon [_thread_blocked, id=26736, stack(0x000000080a200000,0x000000080a300000) (1024K)]
  0x000001d9d81e7870 JavaThread "Daemon health stats"               [_thread_blocked, id=34480, stack(0x000000080a800000,0x000000080a900000) (1024K)]
  0x000001d9d7952100 JavaThread "Incoming local TCP Connector on port 53854"        [_thread_in_native, id=22024, stack(0x000000080a900000,0x000000080aa00000) (1024K)]
  0x000001d9bdc16ce0 JavaThread "Daemon periodic checks"            [_thread_blocked, id=35212, stack(0x000000080aa00000,0x000000080ab00000) (1024K)]
  0x000001d9d7cb8e40 JavaThread "Daemon"                            [_thread_blocked, id=28408, stack(0x000000080ab00000,0x000000080ac00000) (1024K)]
  0x000001d9d868ddb0 JavaThread "Handler for socket connection from /127.0.0.1:53854 to /127.0.0.1:53855"        [_thread_in_native, id=31332, stack(0x000000080ac00000,0x000000080ad00000) (1024K)]
  0x000001d9d8312890 JavaThread "Cancel handler"                    [_thread_blocked, id=29652, stack(0x000000080ad00000,0x000000080ae00000) (1024K)]
  0x000001d9d7c9b130 JavaThread "Daemon worker"                     [_thread_blocked, id=25708, stack(0x000000080ae00000,0x000000080af00000) (1024K)]
  0x000001d9d7c9b7a0 JavaThread "Asynchronous log dispatcher for DefaultDaemonConnection: socket connection from /127.0.0.1:53854 to /127.0.0.1:53855"        [_thread_blocked, id=32368, stack(0x000000080af00000,0x000000080b000000) (1024K)]
  0x000001d9d8598270 JavaThread "Stdin handler"                     [_thread_blocked, id=18396, stack(0x000000080b000000,0x000000080b100000) (1024K)]
  0x000001d9d705ce60 JavaThread "Daemon client event forwarder"        [_thread_blocked, id=27828, stack(0x000000080b100000,0x000000080b200000) (1024K)]
  0x000001d9d705d4f0 JavaThread "Cache worker for journal cache (C:\Users\NAGARAJU\.gradle\caches\journal-1)"        [_thread_blocked, id=32652, stack(0x000000080b400000,0x000000080b500000) (1024K)]
  0x000001d9d705ef30 JavaThread "File lock request listener"        [_thread_in_native, id=27132, stack(0x000000080b500000,0x000000080b600000) (1024K)]
  0x000001d9d705db80 JavaThread "Cache worker for file hash cache (C:\Users\NAGARAJU\.gradle\caches\8.9\fileHashes)"        [_thread_blocked, id=30496, stack(0x000000080b700000,0x000000080b800000) (1024K)]
  0x000001d9d705e8a0 JavaThread "Cache worker for file hash cache (C:\zynnative\DocApp-CLI\node_modules\@react-native-async-storage\async-storage\android\.gradle\8.9\fileHashes)"        [_thread_blocked, id=26072, stack(0x000000080b900000,0x000000080ba00000) (1024K)]
  0x000001d9d705c140 JavaThread "Cache worker for Build Output Cleanup Cache (C:\zynnative\DocApp-CLI\node_modules\@react-native-async-storage\async-storage\android\.gradle\buildOutputCleanup)"        [_thread_blocked, id=29764, stack(0x000000080ba00000,0x000000080bb00000) (1024K)]
  0x000001d9d705c7d0 JavaThread "File watcher server"        daemon [_thread_in_native, id=2744, stack(0x000000080bb00000,0x000000080bc00000) (1024K)]
  0x000001d9d84439d0 JavaThread "File watcher consumer"      daemon [_thread_blocked, id=26996, stack(0x000000080bc00000,0x000000080bd00000) (1024K)]
  0x000001d9d8441f90 JavaThread "Cache worker for checksums cache (C:\zynnative\DocApp-CLI\node_modules\@react-native-async-storage\async-storage\android\.gradle\8.9\checksums)"        [_thread_blocked, id=15872, stack(0x000000080bd00000,0x000000080be00000) (1024K)]
  0x000001d9d8445410 JavaThread "Cache worker for file content cache (C:\Users\NAGARAJU\.gradle\caches\8.9\fileContent)"        [_thread_blocked, id=9068, stack(0x000000080be00000,0x000000080bf00000) (1024K)]
  0x000001d9d8443340 JavaThread "Cache worker for cache directory md-rule (C:\Users\NAGARAJU\.gradle\caches\8.9\md-rule)"        [_thread_blocked, id=32104, stack(0x000000080bf00000,0x000000080c000000) (1024K)]
  0x000001d9d8444d80 JavaThread "Cache worker for cache directory md-supplier (C:\Users\NAGARAJU\.gradle\caches\8.9\md-supplier)"        [_thread_blocked, id=28936, stack(0x000000080c000000,0x000000080c100000) (1024K)]
  0x000001d9d8444060 JavaThread "jar transforms"                    [_thread_blocked, id=37212, stack(0x000000080c100000,0x000000080c200000) (1024K)]
  0x000001d9d8445aa0 JavaThread "jar transforms Thread 2"           [_thread_blocked, id=39416, stack(0x0000000808e00000,0x0000000808f00000) (1024K)]
  0x000001d9d84467c0 JavaThread "jar transforms Thread 3"           [_thread_blocked, id=9560, stack(0x0000000808f00000,0x0000000809000000) (1024K)]
  0x000001d9d8448200 JavaThread "jar transforms Thread 4"           [_thread_blocked, id=24452, stack(0x0000000809000000,0x0000000809100000) (1024K)]
  0x000001d9d84495b0 JavaThread "jar transforms Thread 5"           [_thread_blocked, id=38372, stack(0x000000080c200000,0x000000080c300000) (1024K)]
  0x000001d9d84474e0 JavaThread "Unconstrained build operations"        [_thread_blocked, id=37608, stack(0x000000080c400000,0x000000080c500000) (1024K)]
  0x000001d9d8447b70 JavaThread "Unconstrained build operations Thread 2"        [_thread_blocked, id=24244, stack(0x000000080c500000,0x000000080c600000) (1024K)]
  0x000001d9d8448f20 JavaThread "Unconstrained build operations Thread 3"        [_thread_blocked, id=35412, stack(0x000000080c600000,0x000000080c700000) (1024K)]
  0x000001d9d9ab31d0 JavaThread "Unconstrained build operations Thread 4"        [_thread_blocked, id=36628, stack(0x000000080c700000,0x000000080c800000) (1024K)]
  0x000001d9d9ab3860 JavaThread "Unconstrained build operations Thread 5"        [_thread_blocked, id=24308, stack(0x000000080c800000,0x000000080c900000) (1024K)]
  0x000001d9d9ab1790 JavaThread "Unconstrained build operations Thread 6"        [_thread_blocked, id=27048, stack(0x000000080c900000,0x000000080ca00000) (1024K)]
  0x000001d9d9ab03e0 JavaThread "Unconstrained build operations Thread 7"        [_thread_blocked, id=38632, stack(0x000000080ca00000,0x000000080cb00000) (1024K)]
  0x000001d9d9ab24b0 JavaThread "Unconstrained build operations Thread 8"        [_thread_blocked, id=35984, stack(0x000000080cc00000,0x000000080cd00000) (1024K)]
  0x000001d9d9ab0a70 JavaThread "Unconstrained build operations Thread 9"        [_thread_blocked, id=28068, stack(0x000000080cd00000,0x000000080ce00000) (1024K)]
  0x000001d9d9ab4580 JavaThread "Unconstrained build operations Thread 10"        [_thread_blocked, id=38320, stack(0x000000080ce00000,0x000000080cf00000) (1024K)]
  0x000001d9d9ab2b40 JavaThread "Unconstrained build operations Thread 11"        [_thread_blocked, id=38392, stack(0x000000080cf00000,0x000000080d000000) (1024K)]
  0x000001d9d9ab1100 JavaThread "Unconstrained build operations Thread 12"        [_thread_blocked, id=27876, stack(0x000000080d000000,0x000000080d100000) (1024K)]
  0x000001d9d9ab4c10 JavaThread "Unconstrained build operations Thread 13"        [_thread_blocked, id=23896, stack(0x000000080d100000,0x000000080d200000) (1024K)]
  0x000001d9d9ab52a0 JavaThread "Unconstrained build operations Thread 14"        [_thread_blocked, id=25340, stack(0x000000080d200000,0x000000080d300000) (1024K)]
  0x000001d9d9ab7370 JavaThread "Unconstrained build operations Thread 15"        [_thread_blocked, id=34184, stack(0x000000080c300000,0x000000080c400000) (1024K)]
  0x000001d9d9ab6650 JavaThread "Unconstrained build operations Thread 16"        [_thread_blocked, id=21464, stack(0x000000080cb00000,0x000000080cc00000) (1024K)]
  0x000001d9d9ab5930 JavaThread "Unconstrained build operations Thread 17"        [_thread_blocked, id=27920, stack(0x000000080d300000,0x000000080d400000) (1024K)]
  0x000001d9d9ab5fc0 JavaThread "Unconstrained build operations Thread 18"        [_thread_blocked, id=39616, stack(0x000000080d400000,0x000000080d500000) (1024K)]
  0x000001d9d9ab6ce0 JavaThread "Unconstrained build operations Thread 19"        [_thread_blocked, id=23104, stack(0x000000080d500000,0x000000080d600000) (1024K)]
  0x000001d9d9ab7a00 JavaThread "Unconstrained build operations Thread 20"        [_thread_blocked, id=39296, stack(0x000000080d600000,0x000000080d700000) (1024K)]
  0x000001d9d8ff5be0 JavaThread "Unconstrained build operations Thread 21"        [_thread_blocked, id=31352, stack(0x000000080d700000,0x000000080d800000) (1024K)]
Total: 58

Other Threads:
  0x000001d9bdb7e9d0 VMThread "VM Thread"                           [id=22896, stack(0x0000000809800000,0x0000000809900000) (1024K)]
  0x000001d9bdb72300 WatcherThread "VM Periodic Task Thread"        [id=15704, stack(0x0000000809700000,0x0000000809800000) (1024K)]
  0x000001d9a8216140 WorkerThread "GC Thread#0"                     [id=22644, stack(0x0000000809200000,0x0000000809300000) (1024K)]
  0x000001d9bdf260d0 WorkerThread "GC Thread#1"                     [id=38036, stack(0x000000080a300000,0x000000080a400000) (1024K)]
  0x000001d9d767f590 WorkerThread "GC Thread#2"                     [id=23740, stack(0x000000080a400000,0x000000080a500000) (1024K)]
  0x000001d9d767f940 WorkerThread "GC Thread#3"                     [id=22788, stack(0x000000080a500000,0x000000080a600000) (1024K)]
  0x000001d9d713f0f0 WorkerThread "GC Thread#4"                     [id=37644, stack(0x000000080a600000,0x000000080a700000) (1024K)]
  0x000001d9d713f4a0 WorkerThread "GC Thread#5"                     [id=33484, stack(0x000000080a700000,0x000000080a800000) (1024K)]
  0x000001d9bdcf1d30 WorkerThread "GC Thread#6"                     [id=27324, stack(0x000000080b200000,0x000000080b300000) (1024K)]
  0x000001d9bdcf20e0 WorkerThread "GC Thread#7"                     [id=32916, stack(0x000000080b300000,0x000000080b400000) (1024K)]
  0x000001d9a821bf50 ConcurrentGCThread "G1 Main Marker"            [id=2360, stack(0x0000000809300000,0x0000000809400000) (1024K)]
  0x000001d9a821c870 WorkerThread "G1 Conc#0"                       [id=22592, stack(0x0000000809400000,0x0000000809500000) (1024K)]
  0x000001d9d793e360 WorkerThread "G1 Conc#1"                       [id=27748, stack(0x000000080b800000,0x000000080b900000) (1024K)]
  0x000001d9bda3e240 ConcurrentGCThread "G1 Refine#0"               [id=22244, stack(0x0000000809500000,0x0000000809600000) (1024K)]
  0x000001d9bda3ea70 ConcurrentGCThread "G1 Service"                [id=9116, stack(0x0000000809600000,0x0000000809700000) (1024K)]
Total: 15

Threads with active compile tasks:
C2 CompilerThread0  836937 7487       4       org.gradle.internal.time.ExponentialBackoff::retryUntil (65 bytes)
Total: 1

VM state: not at safepoint (normal execution)

VM Mutex/Monitor currently owned by a thread: None

Heap address: 0x00000000e0000000, size: 512 MB, Compressed Oops mode: 32-bit

CDS archive(s) mapped at: [0x000001d9be000000-0x000001d9beba0000-0x000001d9beba0000), size 12189696, SharedBaseAddress: 0x000001d9be000000, ArchiveRelocationMode: 1.
Compressed class space mapped at: 0x000001d9bf000000-0x000001d9d3000000, reserved size: 335544320
Narrow klass base: 0x000001d9be000000, Narrow klass shift: 0, Narrow klass range: 0x100000000

GC Precious Log:
 CardTable entry size: 512
 Card Set container configuration: InlinePtr #cards 5 size 8 Array Of Cards #cards 12 size 40 Howl #buckets 4 coarsen threshold 1843 Howl Bitmap #cards 512 size 80 coarsen threshold 460 Card regions per heap region 1 cards per card region 2048
 CPUs: 8 total, 8 available
 Memory: 7502M
 Large Page Support: Disabled
 NUMA Support: Disabled
 Compressed Oops: Enabled (32-bit)
 Heap Region Size: 1M
 Heap Min Capacity: 256M
 Heap Initial Capacity: 256M
 Heap Max Capacity: 512M
 Pre-touch: Disabled
 Parallel Workers: 8
 Concurrent Workers: 2
 Concurrent Refinement Workers: 8
 Periodic GC: Disabled

Heap:
 garbage-first heap   total 262144K, used 70440K [0x00000000e0000000, 0x0000000100000000)
  region size 1024K, 28 young (28672K), 2 survivors (2048K)
 Metaspace       used 49341K, committed 51072K, reserved 393216K
  class space    used 7123K, committed 7936K, reserved 327680K

Heap Regions: E=young(eden), S=young(survivor), O=old, HS=humongous(starts), HC=humongous(continues), CS=collection set, F=free, TAMS=top-at-mark-start, PB=parsable bottom
|   0|0x00000000e0000000, 0x00000000e0100000, 0x00000000e0100000|100%|HS|  |TAMS 0x00000000e0000000| PB 0x00000000e0000000| Complete 
|   1|0x00000000e0100000, 0x00000000e0200000, 0x00000000e0200000|100%|HC|  |TAMS 0x00000000e0100000| PB 0x00000000e0100000| Complete 
|   2|0x00000000e0200000, 0x00000000e0300000, 0x00000000e0300000|100%|HC|  |TAMS 0x00000000e0200000| PB 0x00000000e0200000| Complete 
|   3|0x00000000e0300000, 0x00000000e0400000, 0x00000000e0400000|100%|HC|  |TAMS 0x00000000e0300000| PB 0x00000000e0300000| Complete 
|   4|0x00000000e0400000, 0x00000000e0500000, 0x00000000e0500000|100%| O|  |TAMS 0x00000000e0400000| PB 0x00000000e0400000| Untracked 
|   5|0x00000000e0500000, 0x00000000e0600000, 0x00000000e0600000|100%| O|  |TAMS 0x00000000e0500000| PB 0x00000000e0500000| Untracked 
|   6|0x00000000e0600000, 0x00000000e0700000, 0x00000000e0700000|100%| O|  |TAMS 0x00000000e0600000| PB 0x00000000e0600000| Untracked 
|   7|0x00000000e0700000, 0x00000000e0800000, 0x00000000e0800000|100%| O|  |TAMS 0x00000000e0700000| PB 0x00000000e0700000| Untracked 
|   8|0x00000000e0800000, 0x00000000e0900000, 0x00000000e0900000|100%| O|  |TAMS 0x00000000e0800000| PB 0x00000000e0800000| Untracked 
|   9|0x00000000e0900000, 0x00000000e0a00000, 0x00000000e0a00000|100%| O|  |TAMS 0x00000000e0900000| PB 0x00000000e0900000| Untracked 
|  10|0x00000000e0a00000, 0x00000000e0b00000, 0x00000000e0b00000|100%| O|  |TAMS 0x00000000e0a00000| PB 0x00000000e0a00000| Untracked 
|  11|0x00000000e0b00000, 0x00000000e0c00000, 0x00000000e0c00000|100%|HS|  |TAMS 0x00000000e0b00000| PB 0x00000000e0b00000| Complete 
|  12|0x00000000e0c00000, 0x00000000e0d00000, 0x00000000e0d00000|100%| O|  |TAMS 0x00000000e0c00000| PB 0x00000000e0c00000| Untracked 
|  13|0x00000000e0d00000, 0x00000000e0e00000, 0x00000000e0e00000|100%| O|  |TAMS 0x00000000e0d00000| PB 0x00000000e0d00000| Untracked 
|  14|0x00000000e0e00000, 0x00000000e0f00000, 0x00000000e0f00000|100%| O|  |TAMS 0x00000000e0e00000| PB 0x00000000e0e00000| Untracked 
|  15|0x00000000e0f00000, 0x00000000e1000000, 0x00000000e1000000|100%| O|  |TAMS 0x00000000e0f00000| PB 0x00000000e0f00000| Untracked 
|  16|0x00000000e1000000, 0x00000000e1100000, 0x00000000e1100000|100%| O|  |TAMS 0x00000000e1000000| PB 0x00000000e1000000| Untracked 
|  17|0x00000000e1100000, 0x00000000e1200000, 0x00000000e1200000|100%| O|  |TAMS 0x00000000e1100000| PB 0x00000000e1100000| Untracked 
|  18|0x00000000e1200000, 0x00000000e1300000, 0x00000000e1300000|100%| O|  |TAMS 0x00000000e1200000| PB 0x00000000e1200000| Untracked 
|  19|0x00000000e1300000, 0x00000000e1400000, 0x00000000e1400000|100%| O|  |TAMS 0x00000000e1300000| PB 0x00000000e1300000| Untracked 
|  20|0x00000000e1400000, 0x00000000e1500000, 0x00000000e1500000|100%| O|  |TAMS 0x00000000e1400000| PB 0x00000000e1400000| Untracked 
|  21|0x00000000e1500000, 0x00000000e1600000, 0x00000000e1600000|100%| O|  |TAMS 0x00000000e1500000| PB 0x00000000e1500000| Untracked 
|  22|0x00000000e1600000, 0x00000000e1700000, 0x00000000e1700000|100%| O|  |TAMS 0x00000000e1600000| PB 0x00000000e1600000| Untracked 
|  23|0x00000000e1700000, 0x00000000e1800000, 0x00000000e1800000|100%| O|  |TAMS 0x00000000e1700000| PB 0x00000000e1700000| Untracked 
|  24|0x00000000e1800000, 0x00000000e1900000, 0x00000000e1900000|100%| O|  |TAMS 0x00000000e1800000| PB 0x00000000e1800000| Untracked 
|  25|0x00000000e1900000, 0x00000000e1a00000, 0x00000000e1a00000|100%| O|  |TAMS 0x00000000e1900000| PB 0x00000000e1900000| Untracked 
|  26|0x00000000e1a00000, 0x00000000e1b00000, 0x00000000e1b00000|100%| O|  |TAMS 0x00000000e1a00000| PB 0x00000000e1a00000| Untracked 
|  27|0x00000000e1b00000, 0x00000000e1c00000, 0x00000000e1c00000|100%| O|  |TAMS 0x00000000e1b00000| PB 0x00000000e1b00000| Untracked 
|  28|0x00000000e1c00000, 0x00000000e1d00000, 0x00000000e1d00000|100%| O|  |TAMS 0x00000000e1c00000| PB 0x00000000e1c00000| Untracked 
|  29|0x00000000e1d00000, 0x00000000e1e00000, 0x00000000e1e00000|100%| O|  |TAMS 0x00000000e1d00000| PB 0x00000000e1d00000| Untracked 
|  30|0x00000000e1e00000, 0x00000000e1f00000, 0x00000000e1f00000|100%| O|  |TAMS 0x00000000e1e00000| PB 0x00000000e1e00000| Untracked 
|  31|0x00000000e1f00000, 0x00000000e2000000, 0x00000000e2000000|100%| O|  |TAMS 0x00000000e1f00000| PB 0x00000000e1f00000| Untracked 
|  32|0x00000000e2000000, 0x00000000e2100000, 0x00000000e2100000|100%| O|  |TAMS 0x00000000e2000000| PB 0x00000000e2000000| Untracked 
|  33|0x00000000e2100000, 0x00000000e2200000, 0x00000000e2200000|100%| O|  |TAMS 0x00000000e2100000| PB 0x00000000e2100000| Untracked 
|  34|0x00000000e2200000, 0x00000000e2300000, 0x00000000e2300000|100%| O|  |TAMS 0x00000000e2200000| PB 0x00000000e2200000| Untracked 
|  35|0x00000000e2300000, 0x00000000e2400000, 0x00000000e2400000|100%| O|  |TAMS 0x00000000e2300000| PB 0x00000000e2300000| Untracked 
|  36|0x00000000e2400000, 0x00000000e2500000, 0x00000000e2500000|100%| O|  |TAMS 0x00000000e2400000| PB 0x00000000e2400000| Untracked 
|  37|0x00000000e2500000, 0x00000000e2600000, 0x00000000e2600000|100%| O|  |TAMS 0x00000000e2500000| PB 0x00000000e2500000| Untracked 
|  38|0x00000000e2600000, 0x00000000e2700000, 0x00000000e2700000|100%| O|  |TAMS 0x00000000e2600000| PB 0x00000000e2600000| Untracked 
|  39|0x00000000e2700000, 0x00000000e2800000, 0x00000000e2800000|100%| O|  |TAMS 0x00000000e2700000| PB 0x00000000e2700000| Untracked 
|  40|0x00000000e2800000, 0x00000000e2900000, 0x00000000e2900000|100%| O|  |TAMS 0x00000000e2800000| PB 0x00000000e2800000| Untracked 
|  41|0x00000000e2900000, 0x00000000e29ca260, 0x00000000e2a00000| 78%| O|  |TAMS 0x00000000e2900000| PB 0x00000000e2900000| Untracked 
|  42|0x00000000e2a00000, 0x00000000e2a00000, 0x00000000e2b00000|  0%| F|  |TAMS 0x00000000e2a00000| PB 0x00000000e2a00000| Untracked 
|  43|0x00000000e2b00000, 0x00000000e2b00000, 0x00000000e2c00000|  0%| F|  |TAMS 0x00000000e2b00000| PB 0x00000000e2b00000| Untracked 
|  44|0x00000000e2c00000, 0x00000000e2c00000, 0x00000000e2d00000|  0%| F|  |TAMS 0x00000000e2c00000| PB 0x00000000e2c00000| Untracked 
|  45|0x00000000e2d00000, 0x00000000e2d00000, 0x00000000e2e00000|  0%| F|  |TAMS 0x00000000e2d00000| PB 0x00000000e2d00000| Untracked 
|  46|0x00000000e2e00000, 0x00000000e2e00000, 0x00000000e2f00000|  0%| F|  |TAMS 0x00000000e2e00000| PB 0x00000000e2e00000| Untracked 
|  47|0x00000000e2f00000, 0x00000000e2f00000, 0x00000000e3000000|  0%| F|  |TAMS 0x00000000e2f00000| PB 0x00000000e2f00000| Untracked 
|  48|0x00000000e3000000, 0x00000000e3000000, 0x00000000e3100000|  0%| F|  |TAMS 0x00000000e3000000| PB 0x00000000e3000000| Untracked 
|  49|0x00000000e3100000, 0x00000000e3100000, 0x00000000e3200000|  0%| F|  |TAMS 0x00000000e3100000| PB 0x00000000e3100000| Untracked 
|  50|0x00000000e3200000, 0x00000000e3200000, 0x00000000e3300000|  0%| F|  |TAMS 0x00000000e3200000| PB 0x00000000e3200000| Untracked 
|  51|0x00000000e3300000, 0x00000000e3300000, 0x00000000e3400000|  0%| F|  |TAMS 0x00000000e3300000| PB 0x00000000e3300000| Untracked 
|  52|0x00000000e3400000, 0x00000000e3400000, 0x00000000e3500000|  0%| F|  |TAMS 0x00000000e3400000| PB 0x00000000e3400000| Untracked 
|  53|0x00000000e3500000, 0x00000000e3500000, 0x00000000e3600000|  0%| F|  |TAMS 0x00000000e3500000| PB 0x00000000e3500000| Untracked 
|  54|0x00000000e3600000, 0x00000000e3600000, 0x00000000e3700000|  0%| F|  |TAMS 0x00000000e3600000| PB 0x00000000e3600000| Untracked 
|  55|0x00000000e3700000, 0x00000000e3700000, 0x00000000e3800000|  0%| F|  |TAMS 0x00000000e3700000| PB 0x00000000e3700000| Untracked 
|  56|0x00000000e3800000, 0x00000000e3800000, 0x00000000e3900000|  0%| F|  |TAMS 0x00000000e3800000| PB 0x00000000e3800000| Untracked 
|  57|0x00000000e3900000, 0x00000000e3900000, 0x00000000e3a00000|  0%| F|  |TAMS 0x00000000e3900000| PB 0x00000000e3900000| Untracked 
|  58|0x00000000e3a00000, 0x00000000e3a00000, 0x00000000e3b00000|  0%| F|  |TAMS 0x00000000e3a00000| PB 0x00000000e3a00000| Untracked 
|  59|0x00000000e3b00000, 0x00000000e3b00000, 0x00000000e3c00000|  0%| F|  |TAMS 0x00000000e3b00000| PB 0x00000000e3b00000| Untracked 
|  60|0x00000000e3c00000, 0x00000000e3c00000, 0x00000000e3d00000|  0%| F|  |TAMS 0x00000000e3c00000| PB 0x00000000e3c00000| Untracked 
|  61|0x00000000e3d00000, 0x00000000e3d00000, 0x00000000e3e00000|  0%| F|  |TAMS 0x00000000e3d00000| PB 0x00000000e3d00000| Untracked 
|  62|0x00000000e3e00000, 0x00000000e3e00000, 0x00000000e3f00000|  0%| F|  |TAMS 0x00000000e3e00000| PB 0x00000000e3e00000| Untracked 
|  63|0x00000000e3f00000, 0x00000000e3f00000, 0x00000000e4000000|  0%| F|  |TAMS 0x00000000e3f00000| PB 0x00000000e3f00000| Untracked 
|  64|0x00000000e4000000, 0x00000000e4000000, 0x00000000e4100000|  0%| F|  |TAMS 0x00000000e4000000| PB 0x00000000e4000000| Untracked 
|  65|0x00000000e4100000, 0x00000000e4100000, 0x00000000e4200000|  0%| F|  |TAMS 0x00000000e4100000| PB 0x00000000e4100000| Untracked 
|  66|0x00000000e4200000, 0x00000000e4200000, 0x00000000e4300000|  0%| F|  |TAMS 0x00000000e4200000| PB 0x00000000e4200000| Untracked 
|  67|0x00000000e4300000, 0x00000000e4300000, 0x00000000e4400000|  0%| F|  |TAMS 0x00000000e4300000| PB 0x00000000e4300000| Untracked 
|  68|0x00000000e4400000, 0x00000000e4400000, 0x00000000e4500000|  0%| F|  |TAMS 0x00000000e4400000| PB 0x00000000e4400000| Untracked 
|  69|0x00000000e4500000, 0x00000000e4500000, 0x00000000e4600000|  0%| F|  |TAMS 0x00000000e4500000| PB 0x00000000e4500000| Untracked 
|  70|0x00000000e4600000, 0x00000000e4600000, 0x00000000e4700000|  0%| F|  |TAMS 0x00000000e4600000| PB 0x00000000e4600000| Untracked 
|  71|0x00000000e4700000, 0x00000000e4700000, 0x00000000e4800000|  0%| F|  |TAMS 0x00000000e4700000| PB 0x00000000e4700000| Untracked 
|  72|0x00000000e4800000, 0x00000000e4800000, 0x00000000e4900000|  0%| F|  |TAMS 0x00000000e4800000| PB 0x00000000e4800000| Untracked 
|  73|0x00000000e4900000, 0x00000000e4900000, 0x00000000e4a00000|  0%| F|  |TAMS 0x00000000e4900000| PB 0x00000000e4900000| Untracked 
|  74|0x00000000e4a00000, 0x00000000e4a00000, 0x00000000e4b00000|  0%| F|  |TAMS 0x00000000e4a00000| PB 0x00000000e4a00000| Untracked 
|  75|0x00000000e4b00000, 0x00000000e4b00000, 0x00000000e4c00000|  0%| F|  |TAMS 0x00000000e4b00000| PB 0x00000000e4b00000| Untracked 
|  76|0x00000000e4c00000, 0x00000000e4c00000, 0x00000000e4d00000|  0%| F|  |TAMS 0x00000000e4c00000| PB 0x00000000e4c00000| Untracked 
|  77|0x00000000e4d00000, 0x00000000e4d00000, 0x00000000e4e00000|  0%| F|  |TAMS 0x00000000e4d00000| PB 0x00000000e4d00000| Untracked 
|  78|0x00000000e4e00000, 0x00000000e4e00000, 0x00000000e4f00000|  0%| F|  |TAMS 0x00000000e4e00000| PB 0x00000000e4e00000| Untracked 
|  79|0x00000000e4f00000, 0x00000000e4f00000, 0x00000000e5000000|  0%| F|  |TAMS 0x00000000e4f00000| PB 0x00000000e4f00000| Untracked 
|  80|0x00000000e5000000, 0x00000000e5000000, 0x00000000e5100000|  0%| F|  |TAMS 0x00000000e5000000| PB 0x00000000e5000000| Untracked 
|  81|0x00000000e5100000, 0x00000000e5100000, 0x00000000e5200000|  0%| F|  |TAMS 0x00000000e5100000| PB 0x00000000e5100000| Untracked 
|  82|0x00000000e5200000, 0x00000000e5200000, 0x00000000e5300000|  0%| F|  |TAMS 0x00000000e5200000| PB 0x00000000e5200000| Untracked 
|  83|0x00000000e5300000, 0x00000000e5300000, 0x00000000e5400000|  0%| F|  |TAMS 0x00000000e5300000| PB 0x00000000e5300000| Untracked 
|  84|0x00000000e5400000, 0x00000000e5400000, 0x00000000e5500000|  0%| F|  |TAMS 0x00000000e5400000| PB 0x00000000e5400000| Untracked 
|  85|0x00000000e5500000, 0x00000000e5500000, 0x00000000e5600000|  0%| F|  |TAMS 0x00000000e5500000| PB 0x00000000e5500000| Untracked 
|  86|0x00000000e5600000, 0x00000000e5600000, 0x00000000e5700000|  0%| F|  |TAMS 0x00000000e5600000| PB 0x00000000e5600000| Untracked 
|  87|0x00000000e5700000, 0x00000000e5700000, 0x00000000e5800000|  0%| F|  |TAMS 0x00000000e5700000| PB 0x00000000e5700000| Untracked 
|  88|0x00000000e5800000, 0x00000000e5800000, 0x00000000e5900000|  0%| F|  |TAMS 0x00000000e5800000| PB 0x00000000e5800000| Untracked 
|  89|0x00000000e5900000, 0x00000000e5900000, 0x00000000e5a00000|  0%| F|  |TAMS 0x00000000e5900000| PB 0x00000000e5900000| Untracked 
|  90|0x00000000e5a00000, 0x00000000e5a00000, 0x00000000e5b00000|  0%| F|  |TAMS 0x00000000e5a00000| PB 0x00000000e5a00000| Untracked 
|  91|0x00000000e5b00000, 0x00000000e5b00000, 0x00000000e5c00000|  0%| F|  |TAMS 0x00000000e5b00000| PB 0x00000000e5b00000| Untracked 
|  92|0x00000000e5c00000, 0x00000000e5c00000, 0x00000000e5d00000|  0%| F|  |TAMS 0x00000000e5c00000| PB 0x00000000e5c00000| Untracked 
|  93|0x00000000e5d00000, 0x00000000e5d00000, 0x00000000e5e00000|  0%| F|  |TAMS 0x00000000e5d00000| PB 0x00000000e5d00000| Untracked 
|  94|0x00000000e5e00000, 0x00000000e5e00000, 0x00000000e5f00000|  0%| F|  |TAMS 0x00000000e5e00000| PB 0x00000000e5e00000| Untracked 
|  95|0x00000000e5f00000, 0x00000000e5f00000, 0x00000000e6000000|  0%| F|  |TAMS 0x00000000e5f00000| PB 0x00000000e5f00000| Untracked 
|  96|0x00000000e6000000, 0x00000000e6000000, 0x00000000e6100000|  0%| F|  |TAMS 0x00000000e6000000| PB 0x00000000e6000000| Untracked 
|  97|0x00000000e6100000, 0x00000000e6100000, 0x00000000e6200000|  0%| F|  |TAMS 0x00000000e6100000| PB 0x00000000e6100000| Untracked 
|  98|0x00000000e6200000, 0x00000000e6200000, 0x00000000e6300000|  0%| F|  |TAMS 0x00000000e6200000| PB 0x00000000e6200000| Untracked 
|  99|0x00000000e6300000, 0x00000000e6300000, 0x00000000e6400000|  0%| F|  |TAMS 0x00000000e6300000| PB 0x00000000e6300000| Untracked 
| 100|0x00000000e6400000, 0x00000000e6400000, 0x00000000e6500000|  0%| F|  |TAMS 0x00000000e6400000| PB 0x00000000e6400000| Untracked 
| 101|0x00000000e6500000, 0x00000000e6500000, 0x00000000e6600000|  0%| F|  |TAMS 0x00000000e6500000| PB 0x00000000e6500000| Untracked 
| 102|0x00000000e6600000, 0x00000000e6600000, 0x00000000e6700000|  0%| F|  |TAMS 0x00000000e6600000| PB 0x00000000e6600000| Untracked 
| 103|0x00000000e6700000, 0x00000000e6700000, 0x00000000e6800000|  0%| F|  |TAMS 0x00000000e6700000| PB 0x00000000e6700000| Untracked 
| 104|0x00000000e6800000, 0x00000000e6800000, 0x00000000e6900000|  0%| F|  |TAMS 0x00000000e6800000| PB 0x00000000e6800000| Untracked 
| 105|0x00000000e6900000, 0x00000000e6900000, 0x00000000e6a00000|  0%| F|  |TAMS 0x00000000e6900000| PB 0x00000000e6900000| Untracked 
| 106|0x00000000e6a00000, 0x00000000e6a00000, 0x00000000e6b00000|  0%| F|  |TAMS 0x00000000e6a00000| PB 0x00000000e6a00000| Untracked 
| 107|0x00000000e6b00000, 0x00000000e6b00000, 0x00000000e6c00000|  0%| F|  |TAMS 0x00000000e6b00000| PB 0x00000000e6b00000| Untracked 
| 108|0x00000000e6c00000, 0x00000000e6c00000, 0x00000000e6d00000|  0%| F|  |TAMS 0x00000000e6c00000| PB 0x00000000e6c00000| Untracked 
| 109|0x00000000e6d00000, 0x00000000e6d00000, 0x00000000e6e00000|  0%| F|  |TAMS 0x00000000e6d00000| PB 0x00000000e6d00000| Untracked 
| 110|0x00000000e6e00000, 0x00000000e6e00000, 0x00000000e6f00000|  0%| F|  |TAMS 0x00000000e6e00000| PB 0x00000000e6e00000| Untracked 
| 111|0x00000000e6f00000, 0x00000000e6f00000, 0x00000000e7000000|  0%| F|  |TAMS 0x00000000e6f00000| PB 0x00000000e6f00000| Untracked 
| 112|0x00000000e7000000, 0x00000000e7000000, 0x00000000e7100000|  0%| F|  |TAMS 0x00000000e7000000| PB 0x00000000e7000000| Untracked 
| 113|0x00000000e7100000, 0x00000000e7100000, 0x00000000e7200000|  0%| F|  |TAMS 0x00000000e7100000| PB 0x00000000e7100000| Untracked 
| 114|0x00000000e7200000, 0x00000000e7200000, 0x00000000e7300000|  0%| F|  |TAMS 0x00000000e7200000| PB 0x00000000e7200000| Untracked 
| 115|0x00000000e7300000, 0x00000000e7300000, 0x00000000e7400000|  0%| F|  |TAMS 0x00000000e7300000| PB 0x00000000e7300000| Untracked 
| 116|0x00000000e7400000, 0x00000000e7400000, 0x00000000e7500000|  0%| F|  |TAMS 0x00000000e7400000| PB 0x00000000e7400000| Untracked 
| 117|0x00000000e7500000, 0x00000000e7500000, 0x00000000e7600000|  0%| F|  |TAMS 0x00000000e7500000| PB 0x00000000e7500000| Untracked 
| 118|0x00000000e7600000, 0x00000000e7600000, 0x00000000e7700000|  0%| F|  |TAMS 0x00000000e7600000| PB 0x00000000e7600000| Untracked 
| 119|0x00000000e7700000, 0x00000000e7700000, 0x00000000e7800000|  0%| F|  |TAMS 0x00000000e7700000| PB 0x00000000e7700000| Untracked 
| 120|0x00000000e7800000, 0x00000000e7800000, 0x00000000e7900000|  0%| F|  |TAMS 0x00000000e7800000| PB 0x00000000e7800000| Untracked 
| 121|0x00000000e7900000, 0x00000000e7900000, 0x00000000e7a00000|  0%| F|  |TAMS 0x00000000e7900000| PB 0x00000000e7900000| Untracked 
| 122|0x00000000e7a00000, 0x00000000e7a00000, 0x00000000e7b00000|  0%| F|  |TAMS 0x00000000e7a00000| PB 0x00000000e7a00000| Untracked 
| 123|0x00000000e7b00000, 0x00000000e7b00000, 0x00000000e7c00000|  0%| F|  |TAMS 0x00000000e7b00000| PB 0x00000000e7b00000| Untracked 
| 124|0x00000000e7c00000, 0x00000000e7c00000, 0x00000000e7d00000|  0%| F|  |TAMS 0x00000000e7c00000| PB 0x00000000e7c00000| Untracked 
| 125|0x00000000e7d00000, 0x00000000e7d00000, 0x00000000e7e00000|  0%| F|  |TAMS 0x00000000e7d00000| PB 0x00000000e7d00000| Untracked 
| 126|0x00000000e7e00000, 0x00000000e7e00000, 0x00000000e7f00000|  0%| F|  |TAMS 0x00000000e7e00000| PB 0x00000000e7e00000| Untracked 
| 127|0x00000000e7f00000, 0x00000000e7f00000, 0x00000000e8000000|  0%| F|  |TAMS 0x00000000e7f00000| PB 0x00000000e7f00000| Untracked 
| 128|0x00000000e8000000, 0x00000000e8000000, 0x00000000e8100000|  0%| F|  |TAMS 0x00000000e8000000| PB 0x00000000e8000000| Untracked 
| 129|0x00000000e8100000, 0x00000000e8100000, 0x00000000e8200000|  0%| F|  |TAMS 0x00000000e8100000| PB 0x00000000e8100000| Untracked 
| 130|0x00000000e8200000, 0x00000000e8200000, 0x00000000e8300000|  0%| F|  |TAMS 0x00000000e8200000| PB 0x00000000e8200000| Untracked 
| 131|0x00000000e8300000, 0x00000000e8300000, 0x00000000e8400000|  0%| F|  |TAMS 0x00000000e8300000| PB 0x00000000e8300000| Untracked 
| 132|0x00000000e8400000, 0x00000000e8400000, 0x00000000e8500000|  0%| F|  |TAMS 0x00000000e8400000| PB 0x00000000e8400000| Untracked 
| 133|0x00000000e8500000, 0x00000000e8500000, 0x00000000e8600000|  0%| F|  |TAMS 0x00000000e8500000| PB 0x00000000e8500000| Untracked 
| 134|0x00000000e8600000, 0x00000000e8600000, 0x00000000e8700000|  0%| F|  |TAMS 0x00000000e8600000| PB 0x00000000e8600000| Untracked 
| 135|0x00000000e8700000, 0x00000000e8700000, 0x00000000e8800000|  0%| F|  |TAMS 0x00000000e8700000| PB 0x00000000e8700000| Untracked 
| 136|0x00000000e8800000, 0x00000000e8800000, 0x00000000e8900000|  0%| F|  |TAMS 0x00000000e8800000| PB 0x00000000e8800000| Untracked 
| 137|0x00000000e8900000, 0x00000000e8900000, 0x00000000e8a00000|  0%| F|  |TAMS 0x00000000e8900000| PB 0x00000000e8900000| Untracked 
| 138|0x00000000e8a00000, 0x00000000e8a00000, 0x00000000e8b00000|  0%| F|  |TAMS 0x00000000e8a00000| PB 0x00000000e8a00000| Untracked 
| 139|0x00000000e8b00000, 0x00000000e8b00000, 0x00000000e8c00000|  0%| F|  |TAMS 0x00000000e8b00000| PB 0x00000000e8b00000| Untracked 
| 140|0x00000000e8c00000, 0x00000000e8c00000, 0x00000000e8d00000|  0%| F|  |TAMS 0x00000000e8c00000| PB 0x00000000e8c00000| Untracked 
| 141|0x00000000e8d00000, 0x00000000e8d00000, 0x00000000e8e00000|  0%| F|  |TAMS 0x00000000e8d00000| PB 0x00000000e8d00000| Untracked 
| 142|0x00000000e8e00000, 0x00000000e8e00000, 0x00000000e8f00000|  0%| F|  |TAMS 0x00000000e8e00000| PB 0x00000000e8e00000| Untracked 
| 143|0x00000000e8f00000, 0x00000000e8f00000, 0x00000000e9000000|  0%| F|  |TAMS 0x00000000e8f00000| PB 0x00000000e8f00000| Untracked 
| 144|0x00000000e9000000, 0x00000000e9000000, 0x00000000e9100000|  0%| F|  |TAMS 0x00000000e9000000| PB 0x00000000e9000000| Untracked 
| 145|0x00000000e9100000, 0x00000000e9100000, 0x00000000e9200000|  0%| F|  |TAMS 0x00000000e9100000| PB 0x00000000e9100000| Untracked 
| 146|0x00000000e9200000, 0x00000000e9200000, 0x00000000e9300000|  0%| F|  |TAMS 0x00000000e9200000| PB 0x00000000e9200000| Untracked 
| 147|0x00000000e9300000, 0x00000000e9300000, 0x00000000e9400000|  0%| F|  |TAMS 0x00000000e9300000| PB 0x00000000e9300000| Untracked 
| 148|0x00000000e9400000, 0x00000000e9400000, 0x00000000e9500000|  0%| F|  |TAMS 0x00000000e9400000| PB 0x00000000e9400000| Untracked 
| 149|0x00000000e9500000, 0x00000000e9500000, 0x00000000e9600000|  0%| F|  |TAMS 0x00000000e9500000| PB 0x00000000e9500000| Untracked 
| 150|0x00000000e9600000, 0x00000000e9600000, 0x00000000e9700000|  0%| F|  |TAMS 0x00000000e9600000| PB 0x00000000e9600000| Untracked 
| 151|0x00000000e9700000, 0x00000000e9700000, 0x00000000e9800000|  0%| F|  |TAMS 0x00000000e9700000| PB 0x00000000e9700000| Untracked 
| 152|0x00000000e9800000, 0x00000000e9800000, 0x00000000e9900000|  0%| F|  |TAMS 0x00000000e9800000| PB 0x00000000e9800000| Untracked 
| 153|0x00000000e9900000, 0x00000000e9900000, 0x00000000e9a00000|  0%| F|  |TAMS 0x00000000e9900000| PB 0x00000000e9900000| Untracked 
| 154|0x00000000e9a00000, 0x00000000e9a00000, 0x00000000e9b00000|  0%| F|  |TAMS 0x00000000e9a00000| PB 0x00000000e9a00000| Untracked 
| 155|0x00000000e9b00000, 0x00000000e9b00000, 0x00000000e9c00000|  0%| F|  |TAMS 0x00000000e9b00000| PB 0x00000000e9b00000| Untracked 
| 156|0x00000000e9c00000, 0x00000000e9c00000, 0x00000000e9d00000|  0%| F|  |TAMS 0x00000000e9c00000| PB 0x00000000e9c00000| Untracked 
| 157|0x00000000e9d00000, 0x00000000e9d00000, 0x00000000e9e00000|  0%| F|  |TAMS 0x00000000e9d00000| PB 0x00000000e9d00000| Untracked 
| 158|0x00000000e9e00000, 0x00000000e9e00000, 0x00000000e9f00000|  0%| F|  |TAMS 0x00000000e9e00000| PB 0x00000000e9e00000| Untracked 
| 159|0x00000000e9f00000, 0x00000000e9f00000, 0x00000000ea000000|  0%| F|  |TAMS 0x00000000e9f00000| PB 0x00000000e9f00000| Untracked 
| 160|0x00000000ea000000, 0x00000000ea000000, 0x00000000ea100000|  0%| F|  |TAMS 0x00000000ea000000| PB 0x00000000ea000000| Untracked 
| 161|0x00000000ea100000, 0x00000000ea100000, 0x00000000ea200000|  0%| F|  |TAMS 0x00000000ea100000| PB 0x00000000ea100000| Untracked 
| 162|0x00000000ea200000, 0x00000000ea200000, 0x00000000ea300000|  0%| F|  |TAMS 0x00000000ea200000| PB 0x00000000ea200000| Untracked 
| 163|0x00000000ea300000, 0x00000000ea300000, 0x00000000ea400000|  0%| F|  |TAMS 0x00000000ea300000| PB 0x00000000ea300000| Untracked 
| 164|0x00000000ea400000, 0x00000000ea400000, 0x00000000ea500000|  0%| F|  |TAMS 0x00000000ea400000| PB 0x00000000ea400000| Untracked 
| 165|0x00000000ea500000, 0x00000000ea500000, 0x00000000ea600000|  0%| F|  |TAMS 0x00000000ea500000| PB 0x00000000ea500000| Untracked 
| 166|0x00000000ea600000, 0x00000000ea600000, 0x00000000ea700000|  0%| F|  |TAMS 0x00000000ea600000| PB 0x00000000ea600000| Untracked 
| 167|0x00000000ea700000, 0x00000000ea700000, 0x00000000ea800000|  0%| F|  |TAMS 0x00000000ea700000| PB 0x00000000ea700000| Untracked 
| 168|0x00000000ea800000, 0x00000000ea800000, 0x00000000ea900000|  0%| F|  |TAMS 0x00000000ea800000| PB 0x00000000ea800000| Untracked 
| 169|0x00000000ea900000, 0x00000000ea900000, 0x00000000eaa00000|  0%| F|  |TAMS 0x00000000ea900000| PB 0x00000000ea900000| Untracked 
| 170|0x00000000eaa00000, 0x00000000eaa00000, 0x00000000eab00000|  0%| F|  |TAMS 0x00000000eaa00000| PB 0x00000000eaa00000| Untracked 
| 171|0x00000000eab00000, 0x00000000eab00000, 0x00000000eac00000|  0%| F|  |TAMS 0x00000000eab00000| PB 0x00000000eab00000| Untracked 
| 172|0x00000000eac00000, 0x00000000eac00000, 0x00000000ead00000|  0%| F|  |TAMS 0x00000000eac00000| PB 0x00000000eac00000| Untracked 
| 173|0x00000000ead00000, 0x00000000ead00000, 0x00000000eae00000|  0%| F|  |TAMS 0x00000000ead00000| PB 0x00000000ead00000| Untracked 
| 174|0x00000000eae00000, 0x00000000eae00000, 0x00000000eaf00000|  0%| F|  |TAMS 0x00000000eae00000| PB 0x00000000eae00000| Untracked 
| 175|0x00000000eaf00000, 0x00000000eaf00000, 0x00000000eb000000|  0%| F|  |TAMS 0x00000000eaf00000| PB 0x00000000eaf00000| Untracked 
| 176|0x00000000eb000000, 0x00000000eb000000, 0x00000000eb100000|  0%| F|  |TAMS 0x00000000eb000000| PB 0x00000000eb000000| Untracked 
| 177|0x00000000eb100000, 0x00000000eb100000, 0x00000000eb200000|  0%| F|  |TAMS 0x00000000eb100000| PB 0x00000000eb100000| Untracked 
| 178|0x00000000eb200000, 0x00000000eb200000, 0x00000000eb300000|  0%| F|  |TAMS 0x00000000eb200000| PB 0x00000000eb200000| Untracked 
| 179|0x00000000eb300000, 0x00000000eb300000, 0x00000000eb400000|  0%| F|  |TAMS 0x00000000eb300000| PB 0x00000000eb300000| Untracked 
| 180|0x00000000eb400000, 0x00000000eb400000, 0x00000000eb500000|  0%| F|  |TAMS 0x00000000eb400000| PB 0x00000000eb400000| Untracked 
| 181|0x00000000eb500000, 0x00000000eb500000, 0x00000000eb600000|  0%| F|  |TAMS 0x00000000eb500000| PB 0x00000000eb500000| Untracked 
| 182|0x00000000eb600000, 0x00000000eb600000, 0x00000000eb700000|  0%| F|  |TAMS 0x00000000eb600000| PB 0x00000000eb600000| Untracked 
| 183|0x00000000eb700000, 0x00000000eb700000, 0x00000000eb800000|  0%| F|  |TAMS 0x00000000eb700000| PB 0x00000000eb700000| Untracked 
| 184|0x00000000eb800000, 0x00000000eb800000, 0x00000000eb900000|  0%| F|  |TAMS 0x00000000eb800000| PB 0x00000000eb800000| Untracked 
| 185|0x00000000eb900000, 0x00000000eb900000, 0x00000000eba00000|  0%| F|  |TAMS 0x00000000eb900000| PB 0x00000000eb900000| Untracked 
| 186|0x00000000eba00000, 0x00000000eba00000, 0x00000000ebb00000|  0%| F|  |TAMS 0x00000000eba00000| PB 0x00000000eba00000| Untracked 
| 187|0x00000000ebb00000, 0x00000000ebb00000, 0x00000000ebc00000|  0%| F|  |TAMS 0x00000000ebb00000| PB 0x00000000ebb00000| Untracked 
| 188|0x00000000ebc00000, 0x00000000ebc00000, 0x00000000ebd00000|  0%| F|  |TAMS 0x00000000ebc00000| PB 0x00000000ebc00000| Untracked 
| 189|0x00000000ebd00000, 0x00000000ebd00000, 0x00000000ebe00000|  0%| F|  |TAMS 0x00000000ebd00000| PB 0x00000000ebd00000| Untracked 
| 190|0x00000000ebe00000, 0x00000000ebe00000, 0x00000000ebf00000|  0%| F|  |TAMS 0x00000000ebe00000| PB 0x00000000ebe00000| Untracked 
| 191|0x00000000ebf00000, 0x00000000ebf00000, 0x00000000ec000000|  0%| F|  |TAMS 0x00000000ebf00000| PB 0x00000000ebf00000| Untracked 
| 192|0x00000000ec000000, 0x00000000ec000000, 0x00000000ec100000|  0%| F|  |TAMS 0x00000000ec000000| PB 0x00000000ec000000| Untracked 
| 193|0x00000000ec100000, 0x00000000ec100000, 0x00000000ec200000|  0%| F|  |TAMS 0x00000000ec100000| PB 0x00000000ec100000| Untracked 
| 194|0x00000000ec200000, 0x00000000ec200000, 0x00000000ec300000|  0%| F|  |TAMS 0x00000000ec200000| PB 0x00000000ec200000| Untracked 
| 195|0x00000000ec300000, 0x00000000ec300000, 0x00000000ec400000|  0%| F|  |TAMS 0x00000000ec300000| PB 0x00000000ec300000| Untracked 
| 196|0x00000000ec400000, 0x00000000ec400000, 0x00000000ec500000|  0%| F|  |TAMS 0x00000000ec400000| PB 0x00000000ec400000| Untracked 
| 197|0x00000000ec500000, 0x00000000ec500000, 0x00000000ec600000|  0%| F|  |TAMS 0x00000000ec500000| PB 0x00000000ec500000| Untracked 
| 198|0x00000000ec600000, 0x00000000ec600000, 0x00000000ec700000|  0%| F|  |TAMS 0x00000000ec600000| PB 0x00000000ec600000| Untracked 
| 199|0x00000000ec700000, 0x00000000ec700000, 0x00000000ec800000|  0%| F|  |TAMS 0x00000000ec700000| PB 0x00000000ec700000| Untracked 
| 200|0x00000000ec800000, 0x00000000ec800000, 0x00000000ec900000|  0%| F|  |TAMS 0x00000000ec800000| PB 0x00000000ec800000| Untracked 
| 201|0x00000000ec900000, 0x00000000ec900000, 0x00000000eca00000|  0%| F|  |TAMS 0x00000000ec900000| PB 0x00000000ec900000| Untracked 
| 202|0x00000000eca00000, 0x00000000eca00000, 0x00000000ecb00000|  0%| F|  |TAMS 0x00000000eca00000| PB 0x00000000eca00000| Untracked 
| 203|0x00000000ecb00000, 0x00000000ecb00000, 0x00000000ecc00000|  0%| F|  |TAMS 0x00000000ecb00000| PB 0x00000000ecb00000| Untracked 
| 204|0x00000000ecc00000, 0x00000000ecc00000, 0x00000000ecd00000|  0%| F|  |TAMS 0x00000000ecc00000| PB 0x00000000ecc00000| Untracked 
| 205|0x00000000ecd00000, 0x00000000ecd00000, 0x00000000ece00000|  0%| F|  |TAMS 0x00000000ecd00000| PB 0x00000000ecd00000| Untracked 
| 206|0x00000000ece00000, 0x00000000ece00000, 0x00000000ecf00000|  0%| F|  |TAMS 0x00000000ece00000| PB 0x00000000ece00000| Untracked 
| 207|0x00000000ecf00000, 0x00000000ecf00000, 0x00000000ed000000|  0%| F|  |TAMS 0x00000000ecf00000| PB 0x00000000ecf00000| Untracked 
| 208|0x00000000ed000000, 0x00000000ed000000, 0x00000000ed100000|  0%| F|  |TAMS 0x00000000ed000000| PB 0x00000000ed000000| Untracked 
| 209|0x00000000ed100000, 0x00000000ed100000, 0x00000000ed200000|  0%| F|  |TAMS 0x00000000ed100000| PB 0x00000000ed100000| Untracked 
| 210|0x00000000ed200000, 0x00000000ed200000, 0x00000000ed300000|  0%| F|  |TAMS 0x00000000ed200000| PB 0x00000000ed200000| Untracked 
| 211|0x00000000ed300000, 0x00000000ed300000, 0x00000000ed400000|  0%| F|  |TAMS 0x00000000ed300000| PB 0x00000000ed300000| Untracked 
| 212|0x00000000ed400000, 0x00000000ed400000, 0x00000000ed500000|  0%| F|  |TAMS 0x00000000ed400000| PB 0x00000000ed400000| Untracked 
| 213|0x00000000ed500000, 0x00000000ed500000, 0x00000000ed600000|  0%| F|  |TAMS 0x00000000ed500000| PB 0x00000000ed500000| Untracked 
| 214|0x00000000ed600000, 0x00000000ed600000, 0x00000000ed700000|  0%| F|  |TAMS 0x00000000ed600000| PB 0x00000000ed600000| Untracked 
| 215|0x00000000ed700000, 0x00000000ed700000, 0x00000000ed800000|  0%| F|  |TAMS 0x00000000ed700000| PB 0x00000000ed700000| Untracked 
| 216|0x00000000ed800000, 0x00000000ed800000, 0x00000000ed900000|  0%| F|  |TAMS 0x00000000ed800000| PB 0x00000000ed800000| Untracked 
| 217|0x00000000ed900000, 0x00000000ed900000, 0x00000000eda00000|  0%| F|  |TAMS 0x00000000ed900000| PB 0x00000000ed900000| Untracked 
| 218|0x00000000eda00000, 0x00000000eda00000, 0x00000000edb00000|  0%| F|  |TAMS 0x00000000eda00000| PB 0x00000000eda00000| Untracked 
| 219|0x00000000edb00000, 0x00000000edb00000, 0x00000000edc00000|  0%| F|  |TAMS 0x00000000edb00000| PB 0x00000000edb00000| Untracked 
| 220|0x00000000edc00000, 0x00000000edc00000, 0x00000000edd00000|  0%| F|  |TAMS 0x00000000edc00000| PB 0x00000000edc00000| Untracked 
| 221|0x00000000edd00000, 0x00000000edd00000, 0x00000000ede00000|  0%| F|  |TAMS 0x00000000edd00000| PB 0x00000000edd00000| Untracked 
| 222|0x00000000ede00000, 0x00000000ede00000, 0x00000000edf00000|  0%| F|  |TAMS 0x00000000ede00000| PB 0x00000000ede00000| Untracked 
| 223|0x00000000edf00000, 0x00000000edf00000, 0x00000000ee000000|  0%| F|  |TAMS 0x00000000edf00000| PB 0x00000000edf00000| Untracked 
| 224|0x00000000ee000000, 0x00000000ee000000, 0x00000000ee100000|  0%| F|  |TAMS 0x00000000ee000000| PB 0x00000000ee000000| Untracked 
| 225|0x00000000ee100000, 0x00000000ee100000, 0x00000000ee200000|  0%| F|  |TAMS 0x00000000ee100000| PB 0x00000000ee100000| Untracked 
| 226|0x00000000ee200000, 0x00000000ee200000, 0x00000000ee300000|  0%| F|  |TAMS 0x00000000ee200000| PB 0x00000000ee200000| Untracked 
| 227|0x00000000ee300000, 0x00000000ee300000, 0x00000000ee400000|  0%| F|  |TAMS 0x00000000ee300000| PB 0x00000000ee300000| Untracked 
| 228|0x00000000ee400000, 0x00000000ee4ed4c8, 0x00000000ee500000| 92%| E|  |TAMS 0x00000000ee400000| PB 0x00000000ee400000| Complete 
| 229|0x00000000ee500000, 0x00000000ee600000, 0x00000000ee600000|100%| E|CS|TAMS 0x00000000ee500000| PB 0x00000000ee500000| Complete 
| 230|0x00000000ee600000, 0x00000000ee700000, 0x00000000ee700000|100%| E|CS|TAMS 0x00000000ee600000| PB 0x00000000ee600000| Complete 
| 231|0x00000000ee700000, 0x00000000ee800000, 0x00000000ee800000|100%| E|CS|TAMS 0x00000000ee700000| PB 0x00000000ee700000| Complete 
| 232|0x00000000ee800000, 0x00000000ee900000, 0x00000000ee900000|100%| E|CS|TAMS 0x00000000ee800000| PB 0x00000000ee800000| Complete 
| 233|0x00000000ee900000, 0x00000000eea00000, 0x00000000eea00000|100%| E|CS|TAMS 0x00000000ee900000| PB 0x00000000ee900000| Complete 
| 234|0x00000000eea00000, 0x00000000eeb00000, 0x00000000eeb00000|100%| E|CS|TAMS 0x00000000eea00000| PB 0x00000000eea00000| Complete 
| 235|0x00000000eeb00000, 0x00000000eec00000, 0x00000000eec00000|100%| E|CS|TAMS 0x00000000eeb00000| PB 0x00000000eeb00000| Complete 
| 236|0x00000000eec00000, 0x00000000eed00000, 0x00000000eed00000|100%| E|CS|TAMS 0x00000000eec00000| PB 0x00000000eec00000| Complete 
| 237|0x00000000eed00000, 0x00000000eee00000, 0x00000000eee00000|100%| E|CS|TAMS 0x00000000eed00000| PB 0x00000000eed00000| Complete 
| 238|0x00000000eee00000, 0x00000000eef00000, 0x00000000eef00000|100%| E|CS|TAMS 0x00000000eee00000| PB 0x00000000eee00000| Complete 
| 239|0x00000000eef00000, 0x00000000ef000000, 0x00000000ef000000|100%| E|CS|TAMS 0x00000000eef00000| PB 0x00000000eef00000| Complete 
| 240|0x00000000ef000000, 0x00000000ef100000, 0x00000000ef100000|100%| E|CS|TAMS 0x00000000ef000000| PB 0x00000000ef000000| Complete 
| 241|0x00000000ef100000, 0x00000000ef200000, 0x00000000ef200000|100%| E|CS|TAMS 0x00000000ef100000| PB 0x00000000ef100000| Complete 
| 242|0x00000000ef200000, 0x00000000ef300000, 0x00000000ef300000|100%| E|CS|TAMS 0x00000000ef200000| PB 0x00000000ef200000| Complete 
| 243|0x00000000ef300000, 0x00000000ef400000, 0x00000000ef400000|100%| E|CS|TAMS 0x00000000ef300000| PB 0x00000000ef300000| Complete 
| 244|0x00000000ef400000, 0x00000000ef500000, 0x00000000ef500000|100%| E|CS|TAMS 0x00000000ef400000| PB 0x00000000ef400000| Complete 
| 245|0x00000000ef500000, 0x00000000ef600000, 0x00000000ef600000|100%| E|CS|TAMS 0x00000000ef500000| PB 0x00000000ef500000| Complete 
| 246|0x00000000ef600000, 0x00000000ef700000, 0x00000000ef700000|100%| S|CS|TAMS 0x00000000ef600000| PB 0x00000000ef600000| Complete 
| 247|0x00000000ef700000, 0x00000000ef800000, 0x00000000ef800000|100%| S|CS|TAMS 0x00000000ef700000| PB 0x00000000ef700000| Complete 
| 248|0x00000000ef800000, 0x00000000ef900000, 0x00000000ef900000|100%| E|CS|TAMS 0x00000000ef800000| PB 0x00000000ef800000| Complete 
| 249|0x00000000ef900000, 0x00000000efa00000, 0x00000000efa00000|100%| E|CS|TAMS 0x00000000ef900000| PB 0x00000000ef900000| Complete 
| 250|0x00000000efa00000, 0x00000000efb00000, 0x00000000efb00000|100%| E|CS|TAMS 0x00000000efa00000| PB 0x00000000efa00000| Complete 
| 251|0x00000000efb00000, 0x00000000efc00000, 0x00000000efc00000|100%| E|CS|TAMS 0x00000000efb00000| PB 0x00000000efb00000| Complete 
| 252|0x00000000efc00000, 0x00000000efd00000, 0x00000000efd00000|100%| E|CS|TAMS 0x00000000efc00000| PB 0x00000000efc00000| Complete 
| 253|0x00000000efd00000, 0x00000000efe00000, 0x00000000efe00000|100%| E|CS|TAMS 0x00000000efd00000| PB 0x00000000efd00000| Complete 
| 254|0x00000000efe00000, 0x00000000eff00000, 0x00000000eff00000|100%| E|CS|TAMS 0x00000000efe00000| PB 0x00000000efe00000| Complete 
| 255|0x00000000eff00000, 0x00000000f0000000, 0x00000000f0000000|100%| E|CS|TAMS 0x00000000eff00000| PB 0x00000000eff00000| Complete 

Card table byte_map: [0x000001d9ba810000,0x000001d9ba910000] _byte_map_base: 0x000001d9ba110000

Marking Bits: (CMBitMap*) 0x000001d9a8217670
 Bits: [0x000001d9ba910000, 0x000001d9bb110000)

Polling page: 0x000001d9a5fe0000

Metaspace:

Usage:
  Non-class:     41.23 MB used.
      Class:      6.96 MB used.
       Both:     48.18 MB used.

Virtual space:
  Non-class space:       64.00 MB reserved,      42.12 MB ( 66%) committed,  1 nodes.
      Class space:      320.00 MB reserved,       7.75 MB (  2%) committed,  1 nodes.
             Both:      384.00 MB reserved,      49.88 MB ( 13%) committed. 

Chunk freelists:
   Non-Class:  5.67 MB
       Class:  8.11 MB
        Both:  13.78 MB

MaxMetaspaceSize: 384.00 MB
CompressedClassSpaceSize: 320.00 MB
Initial GC threshold: 21.00 MB
Current GC threshold: 59.38 MB
CDS: on
 - commit_granule_bytes: 65536.
 - commit_granule_words: 8192.
 - virtual_space_node_default_size: 8388608.
 - enlarge_chunks_in_place: 1.
 - use_allocation_guard: 0.


Internal statistics:

num_allocs_failed_limit: 9.
num_arena_births: 2918.
num_arena_deaths: 0.
num_vsnodes_births: 2.
num_vsnodes_deaths: 0.
num_space_committed: 798.
num_space_uncommitted: 0.
num_chunks_returned_to_freelist: 9.
num_chunks_taken_from_freelist: 5247.
num_chunk_merges: 9.
num_chunk_splits: 3390.
num_chunks_enlarged: 2080.
num_inconsistent_stats: 0.

CodeHeap 'non-profiled nmethods': size=120000Kb used=4300Kb max_used=4300Kb free=115699Kb
 bounds [0x000001d9b2eb0000, 0x000001d9b32f0000, 0x000001d9ba3e0000]
CodeHeap 'profiled nmethods': size=120000Kb used=13256Kb max_used=13256Kb free=106743Kb
 bounds [0x000001d9ab3e0000, 0x000001d9ac0e0000, 0x000001d9b2910000]
CodeHeap 'non-nmethods': size=5760Kb used=2588Kb max_used=2632Kb free=3171Kb
 bounds [0x000001d9b2910000, 0x000001d9b2bb0000, 0x000001d9b2eb0000]
CodeCache: size=245760Kb, used=20144Kb, max_used=20188Kb, free=225613Kb
 total_blobs=7749, nmethods=6891, adapters=762, full_count=0
Compilation: enabled, stopped_count=0, restarted_count=0

Compilation events (20 events):
Event: 752.649 Thread 0x000001d9bdbaeba0 nmethod 7470 0x000001d9ac0c7510 code [0x000001d9ac0c7700, 0x000001d9ac0c7a78]
Event: 753.109 Thread 0x000001d9bdbaeba0 7471  s!   3       org.gradle.internal.concurrent.CompositeStoppable::stop (123 bytes)
Event: 753.232 Thread 0x000001d9bdbaeba0 nmethod 7471 0x000001d9ac0c7c10 code [0x000001d9ac0c7fc0, 0x000001d9ac0c98f8]
Event: 762.608 Thread 0x000001d9bdbaeba0 7472   !   3       sun.nio.ch.FileLockTable::removeAll (148 bytes)
Event: 762.714 Thread 0x000001d9bdbaeba0 nmethod 7472 0x000001d9ac0ca410 code [0x000001d9ac0ca6e0, 0x000001d9ac0cb9d8]
Event: 772.247 Thread 0x000001d9bdbaeba0 7476       3       java.io.ByteArrayInputStream::<init> (37 bytes)
Event: 774.348 Thread 0x000001d9bdbaeba0 nmethod 7476 0x000001d9ac0cc190 code [0x000001d9ac0cc340, 0x000001d9ac0cc620]
Event: 774.648 Thread 0x000001d9bdbaeba0 7479       3       org.gradle.cache.internal.DefaultFileLockManager$DefaultFileLock$$Lambda/0x000001d9bf16bd88::<init> (10 bytes)
Event: 776.398 Thread 0x000001d9bdbaeba0 nmethod 7479 0x000001d9ac0cc790 code [0x000001d9ac0cc940, 0x000001d9ac0ccaf8]
Event: 776.545 Thread 0x000001d9bdba8e60 7482       4       java.util.stream.ReferencePipeline::collect (124 bytes)
Event: 777.611 Thread 0x000001d9bdbaeba0 7483       3       java.io.FilterInputStream::close (8 bytes)
Event: 780.140 Thread 0x000001d9bdbaeba0 nmethod 7483 0x000001d9ac0ccb90 code [0x000001d9ac0ccd40, 0x000001d9ac0ccf18]
Event: 783.056 Thread 0x000001d9bdba8e60 nmethod 7482 0x000001d9b32e0790 code [0x000001d9b32e0b00, 0x000001d9b32e1cf0]
Event: 824.607 Thread 0x000001d9bdbaeba0 7484       3       org.gradle.cache.internal.DefaultFileLockManager$DefaultFileLock::close (46 bytes)
Event: 825.149 Thread 0x000001d9bdbaeba0 nmethod 7484 0x000001d9ac0cd010 code [0x000001d9ac0cd3a0, 0x000001d9ac0cec90]
Event: 832.301 Thread 0x000001d9bdbaeba0 7485   !   3       org.gradle.cache.internal.DefaultFileLockManager::lock (139 bytes)
Event: 832.434 Thread 0x000001d9bdbaeba0 nmethod 7485 0x000001d9ac0cf490 code [0x000001d9ac0cf8c0, 0x000001d9ac0d15f0]
Event: 834.123 Thread 0x000001d9bdba8e60 7486       4       sun.nio.ch.FileDispatcherImpl::release (8 bytes)
Event: 834.131 Thread 0x000001d9bdba8e60 nmethod 7486 0x000001d9b32e2e90 code [0x000001d9b32e3020, 0x000001d9b32e30d8]
Event: 834.779 Thread 0x000001d9bdba8e60 7487       4       org.gradle.internal.time.ExponentialBackoff::retryUntil (65 bytes)

GC Heap History (20 events):
Event: 128.257 GC heap before
{Heap before GC invocations=5 (full 0):
 garbage-first heap   total 262144K, used 126894K [0x00000000e0000000, 0x0000000100000000)
  region size 1024K, 115 young (117760K), 14 survivors (14336K)
 Metaspace       used 34758K, committed 35968K, reserved 393216K
  class space    used 5149K, committed 5760K, reserved 327680K
}
Event: 130.528 GC heap after
{Heap after GC invocations=6 (full 0):
 garbage-first heap   total 262144K, used 32225K [0x00000000e0000000, 0x0000000100000000)
  region size 1024K, 11 young (11264K), 11 survivors (11264K)
 Metaspace       used 34758K, committed 35968K, reserved 393216K
  class space    used 5149K, committed 5760K, reserved 327680K
}
Event: 131.341 GC heap before
{Heap before GC invocations=6 (full 0):
 garbage-first heap   total 262144K, used 33249K [0x00000000e0000000, 0x0000000100000000)
  region size 1024K, 12 young (12288K), 11 survivors (11264K)
 Metaspace       used 34882K, committed 36096K, reserved 393216K
  class space    used 5170K, committed 5760K, reserved 327680K
}
Event: 131.517 GC heap after
{Heap after GC invocations=7 (full 0):
 garbage-first heap   total 262144K, used 32762K [0x00000000e0000000, 0x0000000100000000)
  region size 1024K, 2 young (2048K), 2 survivors (2048K)
 Metaspace       used 34882K, committed 36096K, reserved 393216K
  class space    used 5170K, committed 5760K, reserved 327680K
}
Event: 132.113 GC heap before
{Heap before GC invocations=7 (full 0):
 garbage-first heap   total 262144K, used 32762K [0x00000000e0000000, 0x0000000100000000)
  region size 1024K, 4 young (4096K), 2 survivors (2048K)
 Metaspace       used 35060K, committed 36288K, reserved 393216K
  class space    used 5177K, committed 5760K, reserved 327680K
}
Event: 132.247 GC heap after
{Heap after GC invocations=8 (full 0):
 garbage-first heap   total 262144K, used 32246K [0x00000000e0000000, 0x0000000100000000)
  region size 1024K, 1 young (1024K), 1 survivors (1024K)
 Metaspace       used 35060K, committed 36288K, reserved 393216K
  class space    used 5177K, committed 5760K, reserved 327680K
}
Event: 137.104 GC heap before
{Heap before GC invocations=9 (full 0):
 garbage-first heap   total 262144K, used 42486K [0x00000000e0000000, 0x0000000100000000)
  region size 1024K, 12 young (12288K), 1 survivors (1024K)
 Metaspace       used 35814K, committed 37056K, reserved 393216K
  class space    used 5243K, committed 5888K, reserved 327680K
}
Event: 137.111 GC heap after
{Heap after GC invocations=10 (full 0):
 garbage-first heap   total 262144K, used 32755K [0x00000000e0000000, 0x0000000100000000)
  region size 1024K, 2 young (2048K), 2 survivors (2048K)
 Metaspace       used 35814K, committed 37056K, reserved 393216K
  class space    used 5243K, committed 5888K, reserved 327680K
}
Event: 143.004 GC heap before
{Heap before GC invocations=10 (full 0):
 garbage-first heap   total 262144K, used 61427K [0x00000000e0000000, 0x0000000100000000)
  region size 1024K, 25 young (25600K), 2 survivors (2048K)
 Metaspace       used 37396K, committed 38656K, reserved 393216K
  class space    used 5382K, committed 6016K, reserved 327680K
}
Event: 143.015 GC heap after
{Heap after GC invocations=11 (full 0):
 garbage-first heap   total 262144K, used 34010K [0x00000000e0000000, 0x0000000100000000)
  region size 1024K, 3 young (3072K), 3 survivors (3072K)
 Metaspace       used 37396K, committed 38656K, reserved 393216K
  class space    used 5382K, committed 6016K, reserved 327680K
}
Event: 149.028 GC heap before
{Heap before GC invocations=11 (full 0):
 garbage-first heap   total 262144K, used 58586K [0x00000000e0000000, 0x0000000100000000)
  region size 1024K, 27 young (27648K), 3 survivors (3072K)
 Metaspace       used 40299K, committed 41664K, reserved 393216K
  class space    used 5870K, committed 6528K, reserved 327680K
}
Event: 149.079 GC heap after
{Heap after GC invocations=12 (full 0):
 garbage-first heap   total 262144K, used 35905K [0x00000000e0000000, 0x0000000100000000)
  region size 1024K, 2 young (2048K), 2 survivors (2048K)
 Metaspace       used 40299K, committed 41664K, reserved 393216K
  class space    used 5870K, committed 6528K, reserved 327680K
}
Event: 195.508 GC heap before
{Heap before GC invocations=12 (full 0):
 garbage-first heap   total 262144K, used 83009K [0x00000000e0000000, 0x0000000100000000)
  region size 1024K, 47 young (48128K), 2 survivors (2048K)
 Metaspace       used 43967K, committed 45568K, reserved 393216K
  class space    used 6326K, committed 7104K, reserved 327680K
}
Event: 195.567 GC heap after
{Heap after GC invocations=13 (full 0):
 garbage-first heap   total 262144K, used 39247K [0x00000000e0000000, 0x0000000100000000)
  region size 1024K, 6 young (6144K), 6 survivors (6144K)
 Metaspace       used 43967K, committed 45568K, reserved 393216K
  class space    used 6326K, committed 7104K, reserved 327680K
}
Event: 217.367 GC heap before
{Heap before GC invocations=13 (full 0):
 garbage-first heap   total 262144K, used 55631K [0x00000000e0000000, 0x0000000100000000)
  region size 1024K, 23 young (23552K), 6 survivors (6144K)
 Metaspace       used 45389K, committed 46976K, reserved 393216K
  class space    used 6570K, committed 7360K, reserved 327680K
}
Event: 217.403 GC heap after
{Heap after GC invocations=14 (full 0):
 garbage-first heap   total 262144K, used 40345K [0x00000000e0000000, 0x0000000100000000)
  region size 1024K, 2 young (2048K), 2 survivors (2048K)
 Metaspace       used 45389K, committed 46976K, reserved 393216K
  class space    used 6570K, committed 7360K, reserved 327680K
}
Event: 625.942 GC heap before
{Heap before GC invocations=14 (full 0):
 garbage-first heap   total 262144K, used 161177K [0x00000000e0000000, 0x0000000100000000)
  region size 1024K, 121 young (123904K), 2 survivors (2048K)
 Metaspace       used 49167K, committed 50880K, reserved 393216K
  class space    used 7110K, committed 7936K, reserved 327680K
}
Event: 626.284 GC heap after
{Heap after GC invocations=15 (full 0):
 garbage-first heap   total 262144K, used 42917K [0x00000000e0000000, 0x0000000100000000)
  region size 1024K, 4 young (4096K), 4 survivors (4096K)
 Metaspace       used 49167K, committed 50880K, reserved 393216K
  class space    used 7110K, committed 7936K, reserved 327680K
}
Event: 632.147 GC heap before
{Heap before GC invocations=15 (full 0):
 garbage-first heap   total 262144K, used 51109K [0x00000000e0000000, 0x0000000100000000)
  region size 1024K, 12 young (12288K), 4 survivors (4096K)
 Metaspace       used 49222K, committed 50880K, reserved 393216K
  class space    used 7110K, committed 7936K, reserved 327680K
}
Event: 632.165 GC heap after
{Heap after GC invocations=16 (full 0):
 garbage-first heap   total 262144K, used 44840K [0x00000000e0000000, 0x0000000100000000)
  region size 1024K, 2 young (2048K), 2 survivors (2048K)
 Metaspace       used 49222K, committed 50880K, reserved 393216K
  class space    used 7110K, committed 7936K, reserved 327680K
}

Dll operation events (20 events):
Event: 0.596 Attempting to load shared library C:\Users\NAGARAJU\.antigravity-ide\extensions\redhat.java-1.56.0-win32-x64\jre\21.0.12.1-win32-x86_64\bin\nio.dll
Event: 0.597 Loaded shared library C:\Users\NAGARAJU\.antigravity-ide\extensions\redhat.java-1.56.0-win32-x64\jre\21.0.12.1-win32-x86_64\bin\nio.dll
Event: 0.603 Attempting to load shared library C:\Users\NAGARAJU\.antigravity-ide\extensions\redhat.java-1.56.0-win32-x64\jre\21.0.12.1-win32-x86_64\bin\zip.dll
Event: 0.603 Loaded shared library C:\Users\NAGARAJU\.antigravity-ide\extensions\redhat.java-1.56.0-win32-x64\jre\21.0.12.1-win32-x86_64\bin\zip.dll
Event: 1.515 Attempting to load shared library C:\Users\NAGARAJU\.antigravity-ide\extensions\redhat.java-1.56.0-win32-x64\jre\21.0.12.1-win32-x86_64\bin\jimage.dll
Event: 1.515 Loaded shared library C:\Users\NAGARAJU\.antigravity-ide\extensions\redhat.java-1.56.0-win32-x64\jre\21.0.12.1-win32-x86_64\bin\jimage.dll
Event: 2.246 Attempting to load shared library C:\Users\NAGARAJU\.antigravity-ide\extensions\redhat.java-1.56.0-win32-x64\jre\21.0.12.1-win32-x86_64\bin\verify.dll
Event: 2.249 Loaded shared library C:\Users\NAGARAJU\.antigravity-ide\extensions\redhat.java-1.56.0-win32-x64\jre\21.0.12.1-win32-x86_64\bin\verify.dll
Event: 2.671 Attempting to load shared library C:\Users\NAGARAJU\.gradle\native\c067742578af261105cb4f569cf0c3c89f3d7b1fecec35dd04571415982c5e48\windows-amd64\native-platform.dll
Event: 2.675 Loaded shared library C:\Users\NAGARAJU\.gradle\native\c067742578af261105cb4f569cf0c3c89f3d7b1fecec35dd04571415982c5e48\windows-amd64\native-platform.dll
Event: 2.685 Attempting to load shared library C:\Users\NAGARAJU\.gradle\native\100fb08df4bc3b14c8652ba06237920a3bd2aa13389f12d3474272988ae205f9\windows-amd64\native-platform-file-events.dll
Event: 2.688 Loaded shared library C:\Users\NAGARAJU\.gradle\native\100fb08df4bc3b14c8652ba06237920a3bd2aa13389f12d3474272988ae205f9\windows-amd64\native-platform-file-events.dll
Event: 9.567 Attempting to load shared library C:\Users\NAGARAJU\.antigravity-ide\extensions\redhat.java-1.56.0-win32-x64\jre\21.0.12.1-win32-x86_64\bin\management.dll
Event: 9.570 Loaded shared library C:\Users\NAGARAJU\.antigravity-ide\extensions\redhat.java-1.56.0-win32-x64\jre\21.0.12.1-win32-x86_64\bin\management.dll
Event: 9.579 Attempting to load shared library C:\Users\NAGARAJU\.antigravity-ide\extensions\redhat.java-1.56.0-win32-x64\jre\21.0.12.1-win32-x86_64\bin\management_ext.dll
Event: 9.583 Loaded shared library C:\Users\NAGARAJU\.antigravity-ide\extensions\redhat.java-1.56.0-win32-x64\jre\21.0.12.1-win32-x86_64\bin\management_ext.dll
Event: 11.449 Attempting to load shared library C:\Users\NAGARAJU\.antigravity-ide\extensions\redhat.java-1.56.0-win32-x64\jre\21.0.12.1-win32-x86_64\bin\extnet.dll
Event: 11.458 Loaded shared library C:\Users\NAGARAJU\.antigravity-ide\extensions\redhat.java-1.56.0-win32-x64\jre\21.0.12.1-win32-x86_64\bin\extnet.dll
Event: 12.517 Attempting to load shared library C:\Users\NAGARAJU\.antigravity-ide\extensions\redhat.java-1.56.0-win32-x64\jre\21.0.12.1-win32-x86_64\bin\sunmscapi.dll
Event: 12.583 Loaded shared library C:\Users\NAGARAJU\.antigravity-ide\extensions\redhat.java-1.56.0-win32-x64\jre\21.0.12.1-win32-x86_64\bin\sunmscapi.dll

Deoptimization events (20 events):
Event: 660.788 Thread 0x000001d9d81e7870 Uncommon trap: trap_request=0xffffffbe fr.pc=0x000001d9b32dca90 relative=0x0000000000000c90
Event: 660.788 Thread 0x000001d9d81e7870 Uncommon trap: reason=profile_predicate action=maybe_recompile pc=0x000001d9b32dca90 method=java.util.ComparableTimSort.reverseRange([Ljava/lang/Object;II)V @ 5 c2
Event: 660.788 Thread 0x000001d9d81e7870 DEOPT PACKING pc=0x000001d9b32dca90 sp=0x000000080a8fe9c0
Event: 660.788 Thread 0x000001d9d81e7870 DEOPT UNPACKING pc=0x000001d9b2964422 sp=0x000000080a8fe900 mode 2
Event: 660.789 Thread 0x000001d9d81e7870 Uncommon trap: trap_request=0xffffffbe fr.pc=0x000001d9b32dca90 relative=0x0000000000000c90
Event: 660.789 Thread 0x000001d9d81e7870 Uncommon trap: reason=profile_predicate action=maybe_recompile pc=0x000001d9b32dca90 method=java.util.ComparableTimSort.reverseRange([Ljava/lang/Object;II)V @ 5 c2
Event: 660.789 Thread 0x000001d9d81e7870 DEOPT PACKING pc=0x000001d9b32dca90 sp=0x000000080a8fe9c0
Event: 660.789 Thread 0x000001d9d81e7870 DEOPT UNPACKING pc=0x000001d9b2964422 sp=0x000000080a8fe900 mode 2
Event: 660.789 Thread 0x000001d9d81e7870 Uncommon trap: trap_request=0xffffffbe fr.pc=0x000001d9b32dca90 relative=0x0000000000000c90
Event: 660.789 Thread 0x000001d9d81e7870 Uncommon trap: reason=profile_predicate action=maybe_recompile pc=0x000001d9b32dca90 method=java.util.ComparableTimSort.reverseRange([Ljava/lang/Object;II)V @ 5 c2
Event: 660.789 Thread 0x000001d9d81e7870 DEOPT PACKING pc=0x000001d9b32dca90 sp=0x000000080a8fe9c0
Event: 660.789 Thread 0x000001d9d81e7870 DEOPT UNPACKING pc=0x000001d9b2964422 sp=0x000000080a8fe900 mode 2
Event: 670.828 Thread 0x000001d9d81e7870 Uncommon trap: trap_request=0xffffffd6 fr.pc=0x000001d9b32ddfc8 relative=0x00000000000008e8
Event: 670.828 Thread 0x000001d9d81e7870 Uncommon trap: reason=array_check action=maybe_recompile pc=0x000001d9b32ddfc8 method=java.util.ComparableTimSort.reverseRange([Ljava/lang/Object;II)V @ 27 c2
Event: 670.828 Thread 0x000001d9d81e7870 DEOPT PACKING pc=0x000001d9b32ddfc8 sp=0x000000080a8fe910
Event: 670.878 Thread 0x000001d9d81e7870 DEOPT UNPACKING pc=0x000001d9b2964422 sp=0x000000080a8fe8e8 mode 2
Event: 670.951 Thread 0x000001d9d81e7870 Uncommon trap: trap_request=0xffffffd6 fr.pc=0x000001d9b32ddfc8 relative=0x00000000000008e8
Event: 670.951 Thread 0x000001d9d81e7870 Uncommon trap: reason=array_check action=maybe_recompile pc=0x000001d9b32ddfc8 method=java.util.ComparableTimSort.reverseRange([Ljava/lang/Object;II)V @ 27 c2
Event: 670.951 Thread 0x000001d9d81e7870 DEOPT PACKING pc=0x000001d9b32ddfc8 sp=0x000000080a8fe910
Event: 670.986 Thread 0x000001d9d81e7870 DEOPT UNPACKING pc=0x000001d9b2964422 sp=0x000000080a8fe8e8 mode 2

Classes loaded (20 events):
Event: 307.156 Loading class jdk/internal/reflect/ClassDefiner
Event: 307.162 Loading class jdk/internal/reflect/ClassDefiner done
Event: 307.164 Loading class jdk/internal/reflect/ClassDefiner$1
Event: 307.166 Loading class jdk/internal/reflect/ClassDefiner$1 done
Event: 307.184 Loading class jdk/internal/reflect/SerializationConstructorAccessorImpl
Event: 307.195 Loading class jdk/internal/reflect/SerializationConstructorAccessorImpl done
Event: 309.829 Loading class java/nio/channels/Channels
Event: 309.831 Loading class java/nio/channels/Channels done
Event: 309.831 Loading class sun/nio/ch/Streams
Event: 309.832 Loading class sun/nio/ch/Streams done
Event: 309.832 Loading class sun/nio/ch/ChannelInputStream
Event: 309.836 Loading class sun/nio/ch/ChannelInputStream done
Event: 632.957 Loading class java/util/stream/SortedOps
Event: 633.030 Loading class java/util/stream/SortedOps done
Event: 633.031 Loading class java/util/stream/SortedOps$OfRef
Event: 633.054 Loading class java/util/stream/SortedOps$OfRef done
Event: 633.068 Loading class java/util/stream/SortedOps$SizedRefSortingSink
Event: 633.075 Loading class java/util/stream/SortedOps$AbstractRefSortingSink
Event: 633.247 Loading class java/util/stream/SortedOps$AbstractRefSortingSink done
Event: 633.251 Loading class java/util/stream/SortedOps$SizedRefSortingSink done

Classes unloaded (0 events):
No events

Classes redefined (0 events):
No events

Internal exceptions (20 events):
Event: 210.301 Thread 0x000001d9d7c9b130 Exception <a 'java/lang/ClassNotFoundException'{0x00000000ef5687d8}: groovy/lang/GString$1BeanInfo> (0x00000000ef5687d8) 
thrown [s\src\hotspot\share\classfile\systemDictionary.cpp, line 313]
Event: 210.331 Thread 0x000001d9d7c9b130 Exception <a 'java/lang/ClassNotFoundException'{0x00000000ef578f78}: groovy/lang/GStringBeanInfo> (0x00000000ef578f78) 
thrown [s\src\hotspot\share\classfile\systemDictionary.cpp, line 313]
Event: 210.385 Thread 0x000001d9d7c9b130 Exception <a 'java/lang/ClassNotFoundException'{0x00000000ef589940}: groovy/lang/GStringCustomizer> (0x00000000ef589940) 
thrown [s\src\hotspot\share\classfile\systemDictionary.cpp, line 313]
Event: 210.610 Thread 0x000001d9d7c9b130 Exception <a 'java/lang/ClassNotFoundException'{0x00000000ef5a63b8}: groovy/lang/GString$1Customizer> (0x00000000ef5a63b8) 
thrown [s\src\hotspot\share\classfile\systemDictionary.cpp, line 313]
Event: 211.206 Thread 0x000001d9d7c9b130 Exception <a 'java/lang/ClassNotFoundException'{0x00000000ef4aac90}: org/codehaus/groovy/runtime/GStringImplBeanInfo> (0x00000000ef4aac90) 
thrown [s\src\hotspot\share\classfile\systemDictionary.cpp, line 313]
Event: 211.266 Thread 0x000001d9d7c9b130 Exception <a 'java/lang/ClassNotFoundException'{0x00000000ef4bb9f0}: org/codehaus/groovy/runtime/GStringImplCustomizer> (0x00000000ef4bb9f0) 
thrown [s\src\hotspot\share\classfile\systemDictionary.cpp, line 313]
Event: 211.604 Thread 0x000001d9d7c9b130 Exception <a 'java/lang/ClassNotFoundException'{0x00000000ef322c80}: org/gradle/api/internal/artifacts/dsl/dependencies/DefaultDependencyHandler_DecoratedBeanInfo> (0x00000000ef322c80) 
thrown [s\src\hotspot\share\classfile\systemDictionary.cpp, line 313]
Event: 211.677 Thread 0x000001d9d7c9b130 Exception <a 'java/lang/ClassNotFoundException'{0x00000000ef336940}: org/gradle/api/internal/artifacts/dsl/dependencies/DefaultDependencyHandlerBeanInfo> (0x00000000ef336940) 
thrown [s\src\hotspot\share\classfile\systemDictionary.cpp, line 313]
Event: 211.715 Thread 0x000001d9d7c9b130 Exception <a 'java/lang/ClassNotFoundException'{0x00000000ef34a5c0}: org/gradle/api/internal/artifacts/dsl/dependencies/DefaultDependencyHandlerCustomizer> (0x00000000ef34a5c0) 
thrown [s\src\hotspot\share\classfile\systemDictionary.cpp, line 313]
Event: 211.734 Thread 0x000001d9d7c9b130 Exception <a 'java/lang/ClassNotFoundException'{0x00000000ef3a18c0}: org/gradle/api/internal/artifacts/dsl/dependencies/DefaultDependencyHandler_DecoratedCustomizer> (0x00000000ef3a18c0) 
thrown [s\src\hotspot\share\classfile\systemDictionary.cpp, line 313]
Event: 216.617 Thread 0x000001d9d7c9b130 Exception <a 'java/lang/NoSuchMethodError'{0x00000000eef38358}: 'java.lang.Object java.lang.invoke.DirectMethodHandle$Holder.newInvokeSpecial(java.lang.Object, int, java.lang.Object)'> (0x00000000eef38358) 
thrown [s\src\hotspot\share\interpreter\linkResolver.cpp, line 773]
Event: 221.005 Thread 0x000001d9d7c9b130 Exception <a 'java/lang/NoSuchMethodError'{0x00000000efb1d728}: 'java.lang.Object java.lang.invoke.DirectMethodHandle$Holder.newInvokeSpecial(java.lang.Object, java.lang.Object, java.lang.Object, int)'> (0x00000000efb1d728) 
thrown [s\src\hotspot\share\interpreter\linkResolver.cpp, line 773]
Event: 221.006 Thread 0x000001d9d7c9b130 Exception <a 'java/lang/NoSuchMethodError'{0x00000000efb21d80}: 'java.lang.Object java.lang.invoke.Invokers$Holder.linkToTargetMethod(java.lang.Object, java.lang.Object, int, java.lang.Object)'> (0x00000000efb21d80) 
thrown [s\src\hotspot\share\interpreter\linkResolver.cpp, line 773]
Event: 222.329 Thread 0x000001d9d7c9b130 Exception <a 'java/lang/NoSuchMethodError'{0x00000000ef955b58}: 'java.lang.Object java.lang.invoke.DirectMethodHandle$Holder.invokeSpecial(java.lang.Object, java.lang.Object, long, java.lang.Object, java.lang.Object)'> (0x00000000ef955b58) 
thrown [s\src\hotspot\share\interpreter\linkResolver.cpp, line 773]
Event: 230.606 Thread 0x000001d9d7c9b130 Exception <a 'java/lang/NoSuchMethodError'{0x00000000ef3ae110}: 'int java.lang.invoke.DirectMethodHandle$Holder.invokeSpecialIFC(java.lang.Object, java.lang.Object, java.lang.Object)'> (0x00000000ef3ae110) 
thrown [s\src\hotspot\share\interpreter\linkResolver.cpp, line 773]
Event: 254.350 Thread 0x000001d9d7c9b130 Exception <a 'java/lang/NoSuchMethodError'{0x00000000ee21ad00}: 'java.lang.Object java.lang.invoke.DirectMethodHandle$Holder.invokeSpecial(java.lang.Object, java.lang.Object, java.lang.Object, java.lang.Object, java.lang.Object, long)'> (0x00000000ee21ad00) 
thrown [s\src\hotspot\share\interpreter\linkResolver.cpp, line 773]
Event: 254.459 Thread 0x000001d9d7c9b130 Exception <a 'java/lang/NoSuchMethodError'{0x00000000ee2403d8}: 'void java.lang.invoke.DirectMethodHandle$Holder.invokeStatic(java.lang.Object, java.lang.Object, java.lang.Object, int, java.lang.Object)'> (0x00000000ee2403d8) 
thrown [s\src\hotspot\share\interpreter\linkResolver.cpp, line 773]
Event: 307.324 Thread 0x000001d9d7c9b130 Exception <a 'java/lang/NoSuchMethodError'{0x00000000ed3a9880}: 'java.lang.Object java.lang.invoke.DirectMethodHandle$Holder.newInvokeSpecial(java.lang.Object, java.lang.Object, java.lang.Object, java.lang.Object, int, java.lang.Object)'> (0x00000000ed3a9880) 
thrown [s\src\hotspot\share\interpreter\linkResolver.cpp, line 773]
Event: 307.337 Thread 0x000001d9d7c9b130 Exception <a 'java/lang/NoSuchMethodError'{0x00000000ed3b1ed0}: 'java.lang.Object java.lang.invoke.Invokers$Holder.linkToTargetMethod(java.lang.Object, java.lang.Object, java.lang.Object, int, java.lang.Object, java.lang.Object)'> (0x00000000ed3b1ed0) 
thrown [s\src\hotspot\share\interpreter\linkResolver.cpp, line 773]
Event: 398.735 Thread 0x000001d9d7c9b130 Exception <a 'java/lang/NoSuchMethodError'{0x00000000eb853fb8}: 'java.lang.Object java.lang.invoke.DirectMethodHandle$Holder.invokeSpecialIFC(java.lang.Object, java.lang.Object, java.lang.Object)'> (0x00000000eb853fb8) 
thrown [s\src\hotspot\share\interpreter\linkResolver.cpp, line 773]

ZGC Phase Switch (0 events):
No events

VM Operations (20 events):
Event: 642.385 Executing safepoint VM operation: Cleanup
Event: 642.385 Executing safepoint VM operation: Cleanup done
Event: 645.411 Executing safepoint VM operation: Cleanup
Event: 645.411 Executing safepoint VM operation: Cleanup done
Event: 661.659 Executing non-safepoint VM operation: HandshakeAllThreads (HandshakeForDeflation)
Event: 661.660 Executing non-safepoint VM operation: HandshakeAllThreads (HandshakeForDeflation) done
Event: 661.660 Executing non-safepoint VM operation: RendezvousGCThreads
Event: 661.660 Executing non-safepoint VM operation: RendezvousGCThreads done
Event: 697.887 Executing safepoint VM operation: Cleanup
Event: 697.931 Executing safepoint VM operation: Cleanup done
Event: 708.956 Executing safepoint VM operation: Cleanup
Event: 708.956 Executing safepoint VM operation: Cleanup done
Event: 763.407 Executing safepoint VM operation: Cleanup
Event: 763.407 Executing safepoint VM operation: Cleanup done
Event: 782.567 Executing safepoint VM operation: Cleanup
Event: 782.583 Executing safepoint VM operation: Cleanup done
Event: 784.602 Executing safepoint VM operation: Cleanup
Event: 784.602 Executing safepoint VM operation: Cleanup done
Event: 832.948 Executing safepoint VM operation: Cleanup
Event: 832.955 Executing safepoint VM operation: Cleanup done

Memory protections (0 events):
No events

Nmethod flushes (20 events):
Event: 133.613 Thread 0x000001d9bdb7e9d0 flushing  nmethod 0x000001d9ab72c390
Event: 133.613 Thread 0x000001d9bdb7e9d0 flushing  nmethod 0x000001d9ab72cd90
Event: 133.613 Thread 0x000001d9bdb7e9d0 flushing  nmethod 0x000001d9ab731510
Event: 133.613 Thread 0x000001d9bdb7e9d0 flushing  nmethod 0x000001d9ab76c890
Event: 133.613 Thread 0x000001d9bdb7e9d0 flushing  nmethod 0x000001d9ab76de10
Event: 133.613 Thread 0x000001d9bdb7e9d0 flushing  nmethod 0x000001d9ab770910
Event: 133.613 Thread 0x000001d9bdb7e9d0 flushing  nmethod 0x000001d9ab772d90
Event: 133.613 Thread 0x000001d9bdb7e9d0 flushing  nmethod 0x000001d9ab774c90
Event: 133.613 Thread 0x000001d9bdb7e9d0 flushing  nmethod 0x000001d9ab77a090
Event: 133.613 Thread 0x000001d9bdb7e9d0 flushing  nmethod 0x000001d9ab77c710
Event: 133.613 Thread 0x000001d9bdb7e9d0 flushing  nmethod 0x000001d9ab797c90
Event: 133.613 Thread 0x000001d9bdb7e9d0 flushing  nmethod 0x000001d9ab838a10
Event: 133.613 Thread 0x000001d9bdb7e9d0 flushing  nmethod 0x000001d9ab83b910
Event: 133.613 Thread 0x000001d9bdb7e9d0 flushing  nmethod 0x000001d9ab83ee90
Event: 133.613 Thread 0x000001d9bdb7e9d0 flushing  nmethod 0x000001d9ab86fb10
Event: 133.613 Thread 0x000001d9bdb7e9d0 flushing  nmethod 0x000001d9ab870090
Event: 133.613 Thread 0x000001d9bdb7e9d0 flushing  nmethod 0x000001d9ab870a10
Event: 133.623 Thread 0x000001d9bdb7e9d0 flushing  nmethod 0x000001d9ab873810
Event: 133.623 Thread 0x000001d9bdb7e9d0 flushing  nmethod 0x000001d9ab911610
Event: 133.623 Thread 0x000001d9bdb7e9d0 flushing  nmethod 0x000001d9ab913210

Events (20 events):
Event: 255.795 Thread 0x000001d9d7c9b130 Thread added: 0x000001d9d8448f20
Event: 255.800 Thread 0x000001d9d7c9b130 Thread added: 0x000001d9d9ab31d0
Event: 255.801 Thread 0x000001d9d7c9b130 Thread added: 0x000001d9d9ab3860
Event: 255.805 Thread 0x000001d9d7c9b130 Thread added: 0x000001d9d9ab1790
Event: 255.813 Thread 0x000001d9d7c9b130 Thread added: 0x000001d9d9ab03e0
Event: 308.522 Thread 0x000001d9d7c9b130 Thread added: 0x000001d9d9ab24b0
Event: 308.544 Thread 0x000001d9d7c9b130 Thread added: 0x000001d9d9ab0a70
Event: 308.562 Thread 0x000001d9d7c9b130 Thread added: 0x000001d9d9ab4580
Event: 308.596 Thread 0x000001d9d7c9b130 Thread added: 0x000001d9d9ab2b40
Event: 308.609 Thread 0x000001d9d7c9b130 Thread added: 0x000001d9d9ab1100
Event: 308.646 Thread 0x000001d9d7c9b130 Thread added: 0x000001d9d9ab4c10
Event: 308.729 Thread 0x000001d9d7c9b130 Thread added: 0x000001d9d9ab52a0
Event: 411.104 Thread 0x000001d9d7c9b130 Thread added: 0x000001d9d9ab7370
Event: 412.202 Thread 0x000001d9d7c9b130 Thread added: 0x000001d9d9ab6650
Event: 412.927 Thread 0x000001d9d7c9b130 Thread added: 0x000001d9d9ab5930
Event: 413.612 Thread 0x000001d9d7c9b130 Thread added: 0x000001d9d9ab5fc0
Event: 414.535 Thread 0x000001d9d7c9b130 Thread added: 0x000001d9d9ab6ce0
Event: 415.682 Thread 0x000001d9d7c9b130 Thread added: 0x000001d9d9ab7a00
Event: 416.774 Thread 0x000001d9d7c9b130 Thread added: 0x000001d9d8ff5be0
Event: 708.293 Thread 0x000001d9d705f5c0 Thread exited: 0x000001d9d705f5c0


Dynamic libraries:
0x00007ff7e88c0000 - 0x00007ff7e88ce000 	C:\Users\NAGARAJU\.antigravity-ide\extensions\redhat.java-1.56.0-win32-x64\jre\21.0.12.1-win32-x86_64\bin\java.exe
0x00007ff9a5f00000 - 0x00007ff9a6166000 	C:\WINDOWS\SYSTEM32\ntdll.dll
0x00007ff9a4c70000 - 0x00007ff9a4d39000 	C:\WINDOWS\System32\KERNEL32.DLL
0x00007ff9a3390000 - 0x00007ff9a378f000 	C:\WINDOWS\System32\KERNELBASE.dll
0x00007ff9a38d0000 - 0x00007ff9a3a1c000 	C:\WINDOWS\System32\ucrtbase.dll
0x00007ff972400000 - 0x00007ff972418000 	C:\Users\NAGARAJU\.antigravity-ide\extensions\redhat.java-1.56.0-win32-x64\jre\21.0.12.1-win32-x86_64\bin\jli.dll
0x00007ff9a4dd0000 - 0x00007ff9a4f96000 	C:\WINDOWS\System32\USER32.dll
0x00007ff9a3110000 - 0x00007ff9a3137000 	C:\WINDOWS\System32\win32u.dll
0x00007ff9a3d30000 - 0x00007ff9a3d5b000 	C:\WINDOWS\System32\GDI32.dll
0x00007ff9a37a0000 - 0x00007ff9a38c9000 	C:\WINDOWS\System32\gdi32full.dll
0x00007ff9a3a30000 - 0x00007ff9a3ad3000 	C:\WINDOWS\System32\msvcp_win.dll
0x00007ff98c800000 - 0x00007ff98ca91000 	C:\WINDOWS\WinSxS\amd64_microsoft.windows.common-controls_6595b64144ccf1df_6.0.26100.8972_none_3e0da176e32f9d4b\COMCTL32.dll
0x00007ff9a4ae0000 - 0x00007ff9a4b89000 	C:\WINDOWS\System32\msvcrt.dll
0x00007ff974f70000 - 0x00007ff974f8e000 	C:\Users\NAGARAJU\.antigravity-ide\extensions\redhat.java-1.56.0-win32-x64\jre\21.0.12.1-win32-x86_64\bin\VCRUNTIME140.dll
0x00007ff9a54a0000 - 0x00007ff9a54d2000 	C:\WINDOWS\System32\IMM32.DLL
0x00007ff9992b0000 - 0x00007ff9992bc000 	C:\Users\NAGARAJU\.antigravity-ide\extensions\redhat.java-1.56.0-win32-x64\jre\21.0.12.1-win32-x86_64\bin\vcruntime140_1.dll
0x00007ff925740000 - 0x00007ff9257cd000 	C:\Users\NAGARAJU\.antigravity-ide\extensions\redhat.java-1.56.0-win32-x64\jre\21.0.12.1-win32-x86_64\bin\msvcp140.dll
0x00007ff8fcc20000 - 0x00007ff8fd9c2000 	C:\Users\NAGARAJU\.antigravity-ide\extensions\redhat.java-1.56.0-win32-x64\jre\21.0.12.1-win32-x86_64\bin\server\jvm.dll
0x00007ff9a3f30000 - 0x00007ff9a3fec000 	C:\WINDOWS\System32\ADVAPI32.dll
0x00007ff9a4b90000 - 0x00007ff9a4c3a000 	C:\WINDOWS\System32\sechost.dll
0x00007ff9a3d60000 - 0x00007ff9a3e78000 	C:\WINDOWS\System32\RPCRT4.dll
0x00007ff9a4d40000 - 0x00007ff9a4dc2000 	C:\WINDOWS\System32\WS2_32.dll
0x00007ff9a2f70000 - 0x00007ff9a2fce000 	C:\WINDOWS\SYSTEM32\POWRPROF.dll
0x00007ff99c550000 - 0x00007ff99c55b000 	C:\WINDOWS\SYSTEM32\VERSION.dll
0x00007ff99c510000 - 0x00007ff99c546000 	C:\WINDOWS\SYSTEM32\WINMM.dll
0x00007ff9a2f50000 - 0x00007ff9a2f65000 	C:\WINDOWS\SYSTEM32\UMPDC.dll
0x00007ff9a1e00000 - 0x00007ff9a1e1b000 	C:\WINDOWS\SYSTEM32\kernel.appcore.dll
0x00007ff972540000 - 0x00007ff97254a000 	C:\Users\NAGARAJU\.antigravity-ide\extensions\redhat.java-1.56.0-win32-x64\jre\21.0.12.1-win32-x86_64\bin\jimage.dll
0x00007ff997ba0000 - 0x00007ff997de2000 	C:\WINDOWS\SYSTEM32\DBGHELP.DLL
0x00007ff9a5110000 - 0x00007ff9a5495000 	C:\WINDOWS\System32\combase.dll
0x00007ff9a47a0000 - 0x00007ff9a4879000 	C:\WINDOWS\System32\OLEAUT32.dll
0x00007ff981b60000 - 0x00007ff981b9b000 	C:\WINDOWS\SYSTEM32\dbgcore.DLL
0x00007ff9a32d0000 - 0x00007ff9a337c000 	C:\WINDOWS\System32\bcryptPrimitives.dll
0x00007ff9395e0000 - 0x00007ff9395ef000 	C:\Users\NAGARAJU\.antigravity-ide\extensions\redhat.java-1.56.0-win32-x64\jre\21.0.12.1-win32-x86_64\bin\instrument.dll
0x00007ff95a160000 - 0x00007ff95a180000 	C:\Users\NAGARAJU\.antigravity-ide\extensions\redhat.java-1.56.0-win32-x64\jre\21.0.12.1-win32-x86_64\bin\java.dll
0x00007ff9a5730000 - 0x00007ff9a5eb8000 	C:\WINDOWS\System32\SHELL32.dll
0x00007ff9a0be0000 - 0x00007ff9a147b000 	C:\WINDOWS\SYSTEM32\windows.storage.dll
0x00007ff9a54e0000 - 0x00007ff9a55d9000 	C:\WINDOWS\System32\SHCORE.dll
0x00007ff9a4580000 - 0x00007ff9a45e6000 	C:\WINDOWS\System32\shlwapi.dll
0x00007ff9a3030000 - 0x00007ff9a3059000 	C:\WINDOWS\SYSTEM32\profapi.dll
0x00007ff9395f0000 - 0x00007ff939608000 	C:\Users\NAGARAJU\.antigravity-ide\extensions\redhat.java-1.56.0-win32-x64\jre\21.0.12.1-win32-x86_64\bin\zip.dll
0x00007ff9395d0000 - 0x00007ff9395e0000 	C:\Users\NAGARAJU\.antigravity-ide\extensions\redhat.java-1.56.0-win32-x64\jre\21.0.12.1-win32-x86_64\bin\net.dll
0x00007ff998de0000 - 0x00007ff998f08000 	C:\WINDOWS\SYSTEM32\WINHTTP.dll
0x00007ff9a23b0000 - 0x00007ff9a241c000 	C:\WINDOWS\system32\mswsock.dll
0x00007ff925720000 - 0x00007ff925736000 	C:\Users\NAGARAJU\.antigravity-ide\extensions\redhat.java-1.56.0-win32-x64\jre\21.0.12.1-win32-x86_64\bin\nio.dll
0x00007ff925b90000 - 0x00007ff925ba0000 	C:\Users\NAGARAJU\.antigravity-ide\extensions\redhat.java-1.56.0-win32-x64\jre\21.0.12.1-win32-x86_64\bin\verify.dll
0x00007ff985f00000 - 0x00007ff985f27000 	C:\Users\NAGARAJU\.gradle\native\c067742578af261105cb4f569cf0c3c89f3d7b1fecec35dd04571415982c5e48\windows-amd64\native-platform.dll
0x00007ff90ec50000 - 0x00007ff90ed94000 	C:\Users\NAGARAJU\.gradle\native\100fb08df4bc3b14c8652ba06237920a3bd2aa13389f12d3474272988ae205f9\windows-amd64\native-platform-file-events.dll
0x00007ff920130000 - 0x00007ff92013a000 	C:\Users\NAGARAJU\.antigravity-ide\extensions\redhat.java-1.56.0-win32-x64\jre\21.0.12.1-win32-x86_64\bin\management.dll
0x00007ff920120000 - 0x00007ff92012c000 	C:\Users\NAGARAJU\.antigravity-ide\extensions\redhat.java-1.56.0-win32-x64\jre\21.0.12.1-win32-x86_64\bin\management_ext.dll
0x00007ff9a4c60000 - 0x00007ff9a4c68000 	C:\WINDOWS\System32\PSAPI.DLL
0x00007ff9a26a0000 - 0x00007ff9a26bb000 	C:\WINDOWS\SYSTEM32\CRYPTSP.dll
0x00007ff9a1d60000 - 0x00007ff9a1d99000 	C:\WINDOWS\system32\rsaenh.dll
0x00007ff9a2460000 - 0x00007ff9a2492000 	C:\WINDOWS\SYSTEM32\USERENV.dll
0x00007ff9a3000000 - 0x00007ff9a302a000 	C:\WINDOWS\SYSTEM32\bcrypt.dll
0x00007ff9a26c0000 - 0x00007ff9a26cc000 	C:\WINDOWS\SYSTEM32\CRYPTBASE.dll
0x00007ff9a17d0000 - 0x00007ff9a1803000 	C:\WINDOWS\SYSTEM32\IPHLPAPI.DLL
0x00007ff9a3c30000 - 0x00007ff9a3c3a000 	C:\WINDOWS\System32\NSI.dll
0x00007ff916eb0000 - 0x00007ff916eb9000 	C:\Users\NAGARAJU\.antigravity-ide\extensions\redhat.java-1.56.0-win32-x64\jre\21.0.12.1-win32-x86_64\bin\extnet.dll
0x00007ff916b00000 - 0x00007ff916b0e000 	C:\Users\NAGARAJU\.antigravity-ide\extensions\redhat.java-1.56.0-win32-x64\jre\21.0.12.1-win32-x86_64\bin\sunmscapi.dll
0x00007ff9a3140000 - 0x00007ff9a32be000 	C:\WINDOWS\System32\CRYPT32.dll
0x00007ff9a28e0000 - 0x00007ff9a2910000 	C:\WINDOWS\SYSTEM32\ncrypt.dll
0x00007ff9a2890000 - 0x00007ff9a28cf000 	C:\WINDOWS\SYSTEM32\NTASN1.dll
0x00007ff90fe20000 - 0x00007ff90fe28000 	C:\WINDOWS\system32\wshunix.dll

JVMTI agents:
C:\Users\NAGARAJU\.gradle\wrapper\dists\gradle-8.9-bin\90cnw93cvbtalezasaz0blq0a\gradle-8.9\lib\agents\gradle-instrumentation-agent-8.9.jar path:C:\Users\NAGARAJU\.antigravity-ide\extensions\redhat.java-1.56.0-win32-x64\jre\21.0.12.1-win32-x86_64\bin\instrument.dll, loaded, initialized, instrumentlib options:none

dbghelp: loaded successfully - version: 4.0.5 - missing functions: none
symbol engine: initialized successfully - sym options: 0x614 - pdb path: .;C:\Users\NAGARAJU\.antigravity-ide\extensions\redhat.java-1.56.0-win32-x64\jre\21.0.12.1-win32-x86_64\bin;C:\WINDOWS\SYSTEM32;C:\WINDOWS\WinSxS\amd64_microsoft.windows.common-controls_6595b64144ccf1df_6.0.26100.8972_none_3e0da176e32f9d4b;C:\Users\NAGARAJU\.antigravity-ide\extensions\redhat.java-1.56.0-win32-x64\jre\21.0.12.1-win32-x86_64\bin\server;C:\Users\NAGARAJU\.gradle\native\c067742578af261105cb4f569cf0c3c89f3d7b1fecec35dd04571415982c5e48\windows-amd64;C:\Users\NAGARAJU\.gradle\native\100fb08df4bc3b14c8652ba06237920a3bd2aa13389f12d3474272988ae205f9\windows-amd64

VM Arguments:
jvm_args: --add-opens=java.base/java.util=ALL-UNNAMED --add-opens=java.base/java.lang=ALL-UNNAMED --add-opens=java.base/java.lang.invoke=ALL-UNNAMED --add-opens=java.prefs/java.util.prefs=ALL-UNNAMED --add-exports=jdk.compiler/com.sun.tools.javac.api=ALL-UNNAMED --add-exports=jdk.compiler/com.sun.tools.javac.util=ALL-UNNAMED --add-opens=java.base/java.nio.charset=ALL-UNNAMED --add-opens=java.base/java.net=ALL-UNNAMED --add-opens=java.base/java.util.concurrent.atomic=ALL-UNNAMED -XX:MaxMetaspaceSize=384m -XX:+HeapDumpOnOutOfMemoryError -Xms256m -Xmx512m -Dfile.encoding=utf8 -Duser.country=IN -Duser.language=en -Duser.variant -javaagent:C:\Users\NAGARAJU\.gradle\wrapper\dists\gradle-8.9-bin\90cnw93cvbtalezasaz0blq0a\gradle-8.9\lib\agents\gradle-instrumentation-agent-8.9.jar 
java_command: org.gradle.launcher.daemon.bootstrap.GradleDaemon 8.9
java_class_path (initial): C:\Users\NAGARAJU\.gradle\wrapper\dists\gradle-8.9-bin\90cnw93cvbtalezasaz0blq0a\gradle-8.9\lib\gradle-daemon-main-8.9.jar
Launcher Type: SUN_STANDARD

[Global flags]
     intx CICompilerCount                          = 4                                         {product} {ergonomic}
   size_t CompressedClassSpaceSize                 = 335544320                                 {product} {ergonomic}
     uint ConcGCThreads                            = 2                                         {product} {ergonomic}
     uint G1ConcRefinementThreads                  = 8                                         {product} {ergonomic}
   size_t G1HeapRegionSize                         = 1048576                                   {product} {ergonomic}
    uintx GCDrainStackTargetSize                   = 64                                        {product} {ergonomic}
     bool HeapDumpOnOutOfMemoryError               = true                                   {manageable} {command line}
   size_t InitialHeapSize                          = 268435456                                 {product} {command line}
   size_t MarkStackSize                            = 4194304                                   {product} {ergonomic}
   size_t MaxHeapSize                              = 536870912                                 {product} {command line}
   size_t MaxMetaspaceSize                         = 402653184                                 {product} {command line}
   size_t MaxNewSize                               = 321912832                                 {product} {ergonomic}
   size_t MinHeapDeltaBytes                        = 1048576                                   {product} {ergonomic}
   size_t MinHeapSize                              = 268435456                                 {product} {command line}
    uintx NonNMethodCodeHeapSize                   = 5839372                                {pd product} {ergonomic}
    uintx NonProfiledCodeHeapSize                  = 122909434                              {pd product} {ergonomic}
    uintx ProfiledCodeHeapSize                     = 122909434                              {pd product} {ergonomic}
    uintx ReservedCodeCacheSize                    = 251658240                              {pd product} {ergonomic}
     bool SegmentedCodeCache                       = true                                      {product} {ergonomic}
   size_t SoftMaxHeapSize                          = 536870912                              {manageable} {ergonomic}
     bool UseCompressedOops                        = true                           {product lp64_product} {ergonomic}
     bool UseG1GC                                  = true                                      {product} {ergonomic}
     bool UseLargePagesIndividualAllocation        = false                                  {pd product} {ergonomic}

Logging:
Log output configuration:
 #0: stdout all=warning uptime,level,tags foldmultilines=false
 #1: stderr all=off uptime,level,tags foldmultilines=false

Release file:
JAVA_VERSION="21.0.12.1" 
MODULES="java.base java.compiler java.datatransfer java.xml java.prefs java.desktop java.instrument java.logging java.management java.security.sasl java.naming java.rmi java.management.rmi java.net.http java.scripting java.security.jgss java.transaction.xa java.sql java.sql.rowset java.xml.crypto java.se java.smartcardio jdk.accessibility jdk.internal.jvmstat jdk.attach jdk.charsets jdk.internal.opt jdk.zipfs jdk.compiler jdk.crypto.ec jdk.crypto.cryptoki jdk.crypto.mscapi jdk.dynalink jdk.internal.ed jdk.editpad jdk.hotspot.agent jdk.httpserver jdk.internal.le jdk.internal.vm.ci jdk.internal.vm.compiler jdk.internal.vm.compiler.management jdk.jartool jdk.javadoc jdk.jcmd jdk.management jdk.management.agent jdk.jconsole jdk.jdeps jdk.jdwp.agent jdk.jdi jdk.jfr jdk.jshell jdk.jsobject jdk.jstatd jdk.localedata jdk.management.jfr jdk.naming.dns jdk.naming.rmi jdk.net jdk.nio.mapmode jdk.random jdk.sctp jdk.security.auth jdk.security.jgss jdk.unsupported jdk.unsupported.desktop jdk.xml.dom" 

Environment Variables:
JAVA_HOME=C:\Program Files\Eclipse Adoptium\jdk-21.0.11.10-hotspot
PATH=C:\Program Files\Eclipse Adoptium\jdk-21.0.11.10-hotspot\bin;C:\Program Files\Eclipse Adoptium\jdk-11.0.26.4-hotspot\bin;C:\Program Files\Eclipse Adoptium\jdk-17.0.14.7-hotspot\bin;C:\Program Files\Java\jdk-17\bin;C:\Program Files\nodejs;E:\Android\Sdk\platform-tools;E:\Android\Sdk\emulator;E:\Android\Sdk\cmdline-tools\latest\bin;C:\Users\NAGARAJU\AppData\Local\Android\Sdk\platform-tools;C:\Users\NAGARAJU\AppData\Local\Android\Sdk\emulator;C:\Users\NAGARAJU\AppData\Local\Android\Sdk\cmdline-tools\latest\bin;C:\Program Files\Eclipse Adoptium\jdk-21.0.11.10-hotspot\bin;C:\Program Files\Eclipse Adoptium\jdk-11.0.26.4-hotspot\bin;C:\Program Files\Eclipse Adoptium\jdk-17.0.14.7-hotspot\bin;C:\Program Files\Java\jdk-17\bin;C:\Program Files\nodejs;E:\Android\Sdk\platform-tools;E:\Android\Sdk\emulator;E:\Android\Sdk\cmdline-tools\latest\bin;C:\Users\NAGARAJU\AppData\Local\Android\Sdk\platform-tools;C:\Users\NAGARAJU\AppData\Local\Android\Sdk\emulator;C:\Users\NAGARAJU\AppData\Local\Android\Sdk\cmdline-tools\latest\bin;C:\Program Files\Eclipse Adoptium\jdk-21.0.11.10-hotspot\bin;C:\Program Files\Eclipse Adoptium\jdk-11.0.26.4-hotspot\bin;C:\Program Files\Eclipse Adoptium\jdk-17.0.14.7-hotspot\bin;C:\Program Files\Java\jdk-17\bin;C:\Program Files\nodejs;E:\Android\Sdk\platform-tools;E:\Android\Sdk\emulator;E:\Android\Sdk\cmdline-tools\latest\bin;C:\Users\NAGARAJU\AppData\Local\Android\Sdk\platform-tools;C:\Users\NAGARAJU\AppData\Local\Android\Sdk\emulator;C:\Users\NAGARAJU\AppData\Local\Android\Sdk\cmdline-tools\latest\bin;C:\WINDOWS\System32;C:\ProgramData\chocolatey\bin;C:\Program Files\nodejs\;C:\Program Files\Git\cmd;C:\Windows\System32;C:\Windows\System32\WindowsPowerShell\v1.0;C:\Windows\System32\OpenSSH;C:\Windows\System32\WindowsPowerShell\v1.0\;C:\Users\NAGARAJU\Downloads\stripe_1.30.0_windows_x86_64;C:\WINDOWS\system32;C:\WINDOWS;C:\WINDOWS\System32\Wbem;C:\WINDOWS\System32\WindowsPowerShell\v1.0\;C:\WINDOWS\System32\OpenSSH\;C:\ProgramData\chocolatey\bin;C:\Program Files\nodejs\;C:\Program Files\Git\cmd;C:\Windows\System32;C:\Windows\System32\WindowsPowerShell\v1.0;C:\Windows\System32\OpenSSH;C:\Windows\System32\WindowsPowerShell\v1.0\;C:\Users\NAGARAJU\Downloads\stripe_1.30.0_windows_x86_64;C:\WINDOWS\system32;C:\WINDOWS;C:\WINDOWS\System32\Wbem;C:\WINDOWS\System32\WindowsPowerShell\v1.0\;C:\WINDOWS\System32\OpenSSH\;C:\ProgramData\chocolatey\bin;C:\Program Files\nodejs\;C:\Program Files\Git\cmd;C:\Windows\System32;C:\Windows\System32\WindowsPowerShell\v1.0;C:\Windows\System32\OpenSSH;C:\Windows\System32\WindowsPowerShell\v1.0\;C:\Users\NAGARAJU\Downloads\stripe_1.30.0_windows_x86_64;C:\WINDOWS\system32;C:\WINDOWS;C:\WINDOWS\System32\Wbem;C:\WINDOWS\System32\WindowsPowerShell\v1.0\;C:\WINDOWS\System32\OpenSSH\;C:\Program Files\Eclipse Adoptium\jdk-21.0.11.10-hotspot\bin;C:\Program Files\Eclipse Adoptium\jdk-11.0.26.4-hotspot\bin;C:\Program Files\Eclipse Adoptium\jdk-17.0.14.7-hotspot\bin;C:\Program Files\Java\jdk-17\bin;C:\Program Files\nodejs;E:\Android\Sdk\platform-tools;E:\Android\Sdk\emulator;E:\Android\Sdk\cmdline-tools\latest\bin;C:\Users\NAGARAJU\AppData\Local\Android\Sdk\platform-tools;C:\Users\NAGARAJU\AppData\Local\Android\Sdk\emulator;C:\Users\NAGARAJU\AppData\Local\Android\Sdk\cmdline-tools\latest\bin;C:\Program Files\Eclipse Adoptium\jdk-21.0.11.10-hotspot\bin;C:\Program Files\Eclipse Adoptium\jdk-11.0.26.4-hotspot\bin;C:\Program Files\Eclipse Adoptium\jdk-17.0.14.7-hotspot\bin;C:\Program Files\Java\jdk-17\bin;C:\Program Files\nodejs;E:\Android\Sdk\platform-tools;E:\Android\Sdk\emulator;E:\Android\Sdk\cmdline-tools\latest\bin;C:\Users\NAGARAJU\AppData\Local\Android\Sdk\platform-tools;C:\Users\NAGARAJU\AppData\Local\Android\Sdk\emulator;C:\Users\NAGARAJU\AppData\Local\Android\Sdk\cmdline-tools\latest\bin;C:\Program Files\Eclipse Adoptium\jdk-21.0.11.10-hotspot\bin;C:\Program Files\Eclipse Adoptium\jdk-11.0.26.4-hotspot\bin;C:\Program Files\Eclipse Adoptium\jdk-17.0.14.7-hotspot\bin;C:\Program Files\Java\jdk-17\bin;C:\Program Files\nodejs;E:\Android\Sdk\platform-tools;E:\Android\Sdk\emulator;E:\Android\Sdk\cmdline-tools\latest\bin;C:\Users\NAGARAJU\AppData\Local\Android\Sdk\platform-tools;C:\Users\NAGARAJU\AppData\Local\Android\Sdk\emulator;C:\Users\NAGARAJU\AppData\Local\Android\Sdk\cmdline-tools\latest\bin;C:\WINDOWS\System32;C:\ProgramData\chocolatey\bin;C:\Program Files\nodejs\;C:\Program Files\Git\cmd;C:\Windows\System32;C:\Windows\System32\WindowsPowerShell\v1.0;C:\Windows\System32\OpenSSH;C:\Windows\System32\WindowsPowerShell\v1.0\;C:\Users\NAGARAJU\Downloads\stripe_1.30.0_windows_x86_64;C:\WINDOWS\system32;C:\WINDOWS;C:\WINDOWS\System32\Wbem;C:\WINDOWS\System32\WindowsPowerShell\v1.0\;C:\WINDOWS\System32\OpenSSH\;C:\ProgramData\chocolatey\bin;C:\Program Files\nodejs\;C:\Program Files\Git\cmd;C:\Windows\System32;C:\Windows\System32\WindowsPowerShell\v1.0;C:\Windows\System32\OpenSSH;C:\Windows\System32\WindowsPowerShell\v1.0\;C:\Users\NAGARAJU\Downloads\stripe_1.30.0_windows_x86_64;C:\WINDOWS\system32;C:\WINDOWS;C:\WINDOWS\System32\Wbem;C:\WINDOWS\System32\WindowsPowerShell\v1.0\;C:\WINDOWS\System32\OpenSSH\;C:\ProgramData\chocolatey\bin;C:\Program Files\nodejs\;C:\Program Files\Git\cmd;C:\Windows\System32;C:\Windows\System32\WindowsPowerShell\v1.0;C:\Windows\System32\OpenSSH;C:\Windows\System32\WindowsPowerShell\v1.0\;C:\Users\NAGARAJU\Downloads\stripe_1.30.0_windows_x86_64;C:\WINDOWS\system32;C:\WINDOWS;C:\WINDOWS\System32\Wbem;C:\WINDOWS\System32\WindowsPowerShell\v1.0\;C:\WINDOWS\System32\OpenSSH\;C:\Users\NAGARAJU\AppData\Local\Android\Sdk\platform-tools;C:\Users\NAGARAJU\AppData\Local\Android\Sdk\cmdline-tools\latest\bin;C:\Users\NAGARAJU\AppData\Roaming\npm;C:\Users\NAGARAJU\AppData\Local\Programs\Microsoft VS Code\bin;C:\Users\NAGARAJU\AppData\Local\Programs\Antigravity IDE\bin;C:\Users\NAGARAJU\AppData\Local\Microsoft\WindowsApps;C:\Users\NAGARAJU\AppData\Local\Kingsoft\WPS Office\12.1.0.27458\clitool
USERNAME=NAGARAJU
OS=Windows_NT
PROCESSOR_IDENTIFIER=AMD64 Family 23 Model 104 Stepping 1, AuthenticAMD
TMP=C:\Users\NAGARAJU\AppData\Local\Temp
TEMP=C:\Users\NAGARAJU\AppData\Local\Temp




Periodic native trim disabled

---------------  S Y S T E M  ---------------

OS:
 Windows 11 , 64 bit Build 26100 (10.0.26100.9168)
OS uptime: 0 days 1:10 hours

CPU: total 8 (initial active 8) (8 cores per cpu, 2 threads per core) family 23 model 104 stepping 1 microcode 0x8608109, cx8, cmov, fxsr, ht, mmx, 3dnowpref, sse, sse2, sse3, ssse3, sse4a, sse4.1, sse4.2, popcnt, lzcnt, tsc, tscinvbit, avx, avx2, aes, clmul, bmi1, bmi2, adx, sha, fma, vzeroupper, clflush, clflushopt, rdtscp, rdpid, f16c
Processor Information for processor 0
  Max Mhz: 2600, Current Mhz: 2600, Mhz Limit: 2600
Processor Information for processor 1
  Max Mhz: 2600, Current Mhz: 2600, Mhz Limit: 2600
Processor Information for processor 2
  Max Mhz: 2600, Current Mhz: 2600, Mhz Limit: 2600
Processor Information for processor 3
  Max Mhz: 2600, Current Mhz: 2600, Mhz Limit: 2600
Processor Information for processor 4
  Max Mhz: 2600, Current Mhz: 2080, Mhz Limit: 2600
Processor Information for processor 5
  Max Mhz: 2600, Current Mhz: 2600, Mhz Limit: 2600
Processor Information for processor 6
  Max Mhz: 2600, Current Mhz: 2600, Mhz Limit: 2600
Processor Information for processor 7
  Max Mhz: 2600, Current Mhz: 2600, Mhz Limit: 2600

Memory: 4k page, system-wide physical 7502M (168M free)
TotalPageFile size 40270M (AvailPageFile size 5M)
current process WorkingSet (physical memory assigned to process): 50M, peak: 212M
current process commit charge ("private bytes"): 477M, peak: 479M

vm_info: OpenJDK 64-Bit Server VM (21.0.12.1+1-LTS) for windows-amd64 JRE (21.0.12.1+1-LTS), built on 2026-08-18T00:00:00Z by "admin" with MS VC++ 17.12 (VS2022)

END.
