#
# There is insufficient memory for the Java Runtime Environment to continue.
# Native memory allocation (malloc) failed to allocate 1095696 bytes. Error detail: Chunk::new
# Possible reasons:
#   The system is out of physical RAM or swap space
#   This process is running with CompressedOops enabled, and the Java Heap may be blocking the growth of the native heap
# Possible solutions:
#   Reduce memory load on the system
#   Increase physical memory or swap space
#   Check if swap backing store is full
#   Decrease Java heap size (-Xmx/-Xms)
#   Decrease number of Java threads
#   Decrease Java thread stack sizes (-Xss)
#   Set larger code cache with -XX:ReservedCodeCacheSize=
#   JVM is running with Unscaled Compressed Oops mode in which the Java heap is
#     placed in the first 4GB address space. The Java Heap base address is the
#     maximum limit for the native heap growth. Please use -XX:HeapBaseMinAddress
#     to set the Java Heap base and to place the Java Heap above 4GB virtual address.
# This output file may be truncated or incomplete.
#
#  Out of Memory Error (arena.cpp:168), pid=36228, tid=34876
#
# JRE version: OpenJDK Runtime Environment Temurin-21.0.12.1+1 (21.0.12.1+1) (build 21.0.12.1+1-LTS)
# Java VM: OpenJDK 64-Bit Server VM Temurin-21.0.12.1+1 (21.0.12.1+1-LTS, mixed mode, sharing, tiered, compressed oops, compressed class ptrs, g1 gc, windows-amd64)
# No core dump will be written. Minidumps are not enabled by default on client versions of Windows
#

---------------  S U M M A R Y ------------

Command Line: --add-opens=java.base/java.util=ALL-UNNAMED --add-opens=java.base/java.lang=ALL-UNNAMED --add-opens=java.base/java.lang.invoke=ALL-UNNAMED --add-opens=java.prefs/java.util.prefs=ALL-UNNAMED --add-exports=jdk.compiler/com.sun.tools.javac.api=ALL-UNNAMED --add-exports=jdk.compiler/com.sun.tools.javac.util=ALL-UNNAMED --add-opens=java.base/java.nio.charset=ALL-UNNAMED --add-opens=java.base/java.net=ALL-UNNAMED --add-opens=java.base/java.util.concurrent.atomic=ALL-UNNAMED -XX:MaxMetaspaceSize=384m -XX:+HeapDumpOnOutOfMemoryError -Xms256m -Xmx512m -Dfile.encoding=utf8 -Duser.country=IN -Duser.language=en -Duser.variant -javaagent:C:\Users\NAGARAJU\.gradle\wrapper\dists\gradle-8.9-bin\90cnw93cvbtalezasaz0blq0a\gradle-8.9\lib\agents\gradle-instrumentation-agent-8.9.jar org.gradle.launcher.daemon.bootstrap.GradleDaemon 8.9

Host: AMD Ryzen 3 5300U with Radeon Graphics         , 8 cores, 7G,  Windows 11 , 64 bit Build 26100 (10.0.26100.9168)
Time: Sun Sep  6 17:42:50 2026 India Standard Time elapsed time: 386.844060 seconds (0d 0h 6m 26s)

---------------  T H R E A D  ---------------

Current thread (0x000001ce00008100):  JavaThread "C2 CompilerThread0" daemon [_thread_in_native, id=34876, stack(0x000000b252300000,0x000000b252400000) (1024K)]


Current CompileTask:
C2:386844 12870       4       org.gradle.internal.reflect.ClassInspector::inspectClass (179 bytes)

Stack: [0x000000b252300000,0x000000b252400000]
Native frames: (J=compiled Java code, j=interpreted, Vv=VM code, C=native code)
V  [jvm.dll+0x6d83e9]
V  [jvm.dll+0x8b5736]
V  [jvm.dll+0x8b7cee]
V  [jvm.dll+0x8b83d3]
V  [jvm.dll+0x284596]
V  [jvm.dll+0xc685d]
V  [jvm.dll+0xc6da1]
V  [jvm.dll+0x3bf151]
V  [jvm.dll+0x38b6d2]
V  [jvm.dll+0x38ab1a]
V  [jvm.dll+0x24c700]
V  [jvm.dll+0x24bce0]
V  [jvm.dll+0x1cb4ae]
V  [jvm.dll+0x25baad]
V  [jvm.dll+0x25a03a]
V  [jvm.dll+0x3f8aae]
V  [jvm.dll+0x8600cd]
V  [jvm.dll+0x6d6c1d]
C  [ucrtbase.dll+0x2cd30]
C  [KERNEL32.DLL+0x2ccb7]
C  [ntdll.dll+0xaad6c]


---------------  P R O C E S S  ---------------

Threads class SMR info:
_java_thread_list=0x000001ce05a8c040, length=62, elements={
0x000001ce4f69b8d0, 0x000001ce66d9e890, 0x000001ce00001190, 0x000001ce00005450,
0x000001ce00005eb0, 0x000001ce00006910, 0x000001ce00007370, 0x000001ce00008100,
0x000001ce0000d310, 0x000001ce001fa810, 0x000001ce002809f0, 0x000001ce00c79350,
0x000001ce0167ca20, 0x000001ce0181e8e0, 0x000001ce001c2260, 0x000001ce01030c80,
0x000001ce010319a0, 0x000001ce01032d50, 0x000001ce0102ff60, 0x000001ce03328db0,
0x000001ce03329440, 0x000001ce03329ad0, 0x000001ce03328090, 0x000001ce03ed4b10,
0x000001ce03ed51a0, 0x000001ce02dc1b50, 0x000001ce02dc5cf0, 0x000001ce03ed7f90,
0x000001ce03ed8620, 0x000001ce0332b510, 0x000001ce01032030, 0x000001ce010326c0,
0x000001ce03ed7900, 0x000001ce03ed8cb0, 0x000001ce03ed5830, 0x000001ce03ed9340,
0x000001ce03edc130, 0x000001ce03eda6f0, 0x000001ce03edb410, 0x000001ce03edad80,
0x000001ce03edbaa0, 0x000001ce03eda060, 0x000001ce02dc3c20, 0x000001ce02dc21e0,
0x000001ce02dc4940, 0x000001ce02dc2f00, 0x000001ce02dc2870, 0x000001ce02dc14c0,
0x000001ce02dc70a0, 0x000001ce02dc8450, 0x000001ce02dc8ae0, 0x000001ce0332ae80,
0x000001ce0332a7f0, 0x000001ce0332a160, 0x000001ce03328720, 0x000001ce04add6f0,
0x000001ce04addd80, 0x000001ce04ade410, 0x000001ce04add060, 0x000001ce04adaf90,
0x000001ce04adc9d0, 0x000001ce04adeaa0
}

Java Threads: ( => current thread )
  0x000001ce4f69b8d0 JavaThread "main"                              [_thread_blocked, id=34416, stack(0x000000b251500000,0x000000b251600000) (1024K)]
  0x000001ce66d9e890 JavaThread "Reference Handler"          daemon [_thread_blocked, id=29380, stack(0x000000b251d00000,0x000000b251e00000) (1024K)]
  0x000001ce00001190 JavaThread "Finalizer"                  daemon [_thread_blocked, id=12964, stack(0x000000b251e00000,0x000000b251f00000) (1024K)]
  0x000001ce00005450 JavaThread "Signal Dispatcher"          daemon [_thread_blocked, id=16624, stack(0x000000b251f00000,0x000000b252000000) (1024K)]
  0x000001ce00005eb0 JavaThread "Attach Listener"            daemon [_thread_blocked, id=6456, stack(0x000000b252000000,0x000000b252100000) (1024K)]
  0x000001ce00006910 JavaThread "Service Thread"             daemon [_thread_blocked, id=20900, stack(0x000000b252100000,0x000000b252200000) (1024K)]
  0x000001ce00007370 JavaThread "Monitor Deflation Thread"   daemon [_thread_blocked, id=36336, stack(0x000000b252200000,0x000000b252300000) (1024K)]
=>0x000001ce00008100 JavaThread "C2 CompilerThread0"         daemon [_thread_in_native, id=34876, stack(0x000000b252300000,0x000000b252400000) (1024K)]
  0x000001ce0000d310 JavaThread "C1 CompilerThread0"         daemon [_thread_blocked, id=34216, stack(0x000000b252400000,0x000000b252500000) (1024K)]
  0x000001ce001fa810 JavaThread "Common-Cleaner"             daemon [_thread_blocked, id=5604, stack(0x000000b252500000,0x000000b252600000) (1024K)]
  0x000001ce002809f0 JavaThread "Notification Thread"        daemon [_thread_blocked, id=19800, stack(0x000000b252600000,0x000000b252700000) (1024K)]
  0x000001ce00c79350 JavaThread "Daemon health stats"               [_thread_blocked, id=35352, stack(0x000000b252c00000,0x000000b252d00000) (1024K)]
  0x000001ce0167ca20 JavaThread "Incoming local TCP Connector on port 55506"        [_thread_in_native, id=36232, stack(0x000000b252d00000,0x000000b252e00000) (1024K)]
  0x000001ce0181e8e0 JavaThread "Daemon periodic checks"            [_thread_blocked, id=34900, stack(0x000000b252e00000,0x000000b252f00000) (1024K)]
  0x000001ce001c2260 JavaThread "Daemon"                            [_thread_blocked, id=35632, stack(0x000000b252f00000,0x000000b253000000) (1024K)]
  0x000001ce01030c80 JavaThread "Daemon worker"                     [_thread_in_vm, id=12464, stack(0x000000b253200000,0x000000b253300000) (1024K)]
  0x000001ce010319a0 JavaThread "Cache worker for journal cache (C:\Users\NAGARAJU\.gradle\caches\journal-1)"        [_thread_blocked, id=24360, stack(0x000000b253800000,0x000000b253900000) (1024K)]
  0x000001ce01032d50 JavaThread "File lock request listener"        [_thread_in_native, id=36204, stack(0x000000b253900000,0x000000b253a00000) (1024K)]
  0x000001ce0102ff60 JavaThread "Cache worker for file hash cache (C:\Users\NAGARAJU\.gradle\caches\8.9\fileHashes)"        [_thread_blocked, id=36144, stack(0x000000b253a00000,0x000000b253b00000) (1024K)]
  0x000001ce03328db0 JavaThread "File watcher server"        daemon [_thread_in_native, id=12160, stack(0x000000b253c00000,0x000000b253d00000) (1024K)]
  0x000001ce03329440 JavaThread "File watcher consumer"      daemon [_thread_blocked, id=35248, stack(0x000000b254000000,0x000000b254100000) (1024K)]
  0x000001ce03329ad0 JavaThread "Cache worker for file content cache (C:\Users\NAGARAJU\.gradle\caches\8.9\fileContent)"        [_thread_blocked, id=32856, stack(0x000000b254200000,0x000000b254300000) (1024K)]
  0x000001ce03328090 JavaThread "jar transforms"                    [_thread_blocked, id=35220, stack(0x000000b254500000,0x000000b254600000) (1024K)]
  0x000001ce03ed4b10 JavaThread "jar transforms Thread 2"           [_thread_blocked, id=34896, stack(0x000000b254600000,0x000000b254700000) (1024K)]
  0x000001ce03ed51a0 JavaThread "jar transforms Thread 3"           [_thread_blocked, id=36912, stack(0x000000b254700000,0x000000b254800000) (1024K)]
  0x000001ce02dc1b50 JavaThread "jar transforms Thread 4"           [_thread_blocked, id=32796, stack(0x000000b251300000,0x000000b251400000) (1024K)]
  0x000001ce02dc5cf0 JavaThread "Memory manager"                    [_thread_blocked, id=33328, stack(0x000000b251400000,0x000000b251500000) (1024K)]
  0x000001ce03ed7f90 JavaThread "jar transforms Thread 5"           [_thread_blocked, id=37132, stack(0x000000b254a00000,0x000000b254b00000) (1024K)]
  0x000001ce03ed8620 JavaThread "jar transforms Thread 6"           [_thread_blocked, id=36944, stack(0x000000b254b00000,0x000000b254c00000) (1024K)]
  0x000001ce0332b510 JavaThread "jar transforms Thread 7"           [_thread_blocked, id=38396, stack(0x000000b255a00000,0x000000b255b00000) (1024K)]
  0x000001ce01032030 JavaThread "Handler for socket connection from /127.0.0.1:55506 to /127.0.0.1:53565"        [_thread_in_native, id=20176, stack(0x000000b253000000,0x000000b253100000) (1024K)]
  0x000001ce010326c0 JavaThread "Cancel handler"                    [_thread_blocked, id=37212, stack(0x000000b253600000,0x000000b253700000) (1024K)]
  0x000001ce03ed7900 JavaThread "Asynchronous log dispatcher for DefaultDaemonConnection: socket connection from /127.0.0.1:55506 to /127.0.0.1:53565"        [_thread_blocked, id=4396, stack(0x000000b253700000,0x000000b253800000) (1024K)]
  0x000001ce03ed8cb0 JavaThread "Stdin handler"                     [_thread_blocked, id=37264, stack(0x000000b253e00000,0x000000b253f00000) (1024K)]
  0x000001ce03ed5830 JavaThread "Daemon client event forwarder"        [_thread_blocked, id=37232, stack(0x000000b253f00000,0x000000b254000000) (1024K)]
  0x000001ce03ed9340 JavaThread "Cache worker for file hash cache (C:\zynnative\DocApp-CLI\node_modules\react-native-file-access\android\.gradle\8.9\fileHashes)"        [_thread_blocked, id=17084, stack(0x000000b254100000,0x000000b254200000) (1024K)]
  0x000001ce03edc130 JavaThread "Cache worker for Build Output Cleanup Cache (C:\zynnative\DocApp-CLI\node_modules\react-native-file-access\android\.gradle\buildOutputCleanup)"        [_thread_blocked, id=24204, stack(0x000000b254300000,0x000000b254400000) (1024K)]
  0x000001ce03eda6f0 JavaThread "Cache worker for checksums cache (C:\zynnative\DocApp-CLI\node_modules\react-native-file-access\android\.gradle\8.9\checksums)"        [_thread_blocked, id=38668, stack(0x000000b254400000,0x000000b254500000) (1024K)]
  0x000001ce03edb410 JavaThread "Cache worker for cache directory md-rule (C:\Users\NAGARAJU\.gradle\caches\8.9\md-rule)"        [_thread_blocked, id=38816, stack(0x000000b254800000,0x000000b254900000) (1024K)]
  0x000001ce03edad80 JavaThread "Cache worker for cache directory md-supplier (C:\Users\NAGARAJU\.gradle\caches\8.9\md-supplier)"        [_thread_blocked, id=33272, stack(0x000000b254900000,0x000000b254a00000) (1024K)]
  0x000001ce03edbaa0 JavaThread "jar transforms Thread 8"           [_thread_blocked, id=3408, stack(0x000000b254c00000,0x000000b254d00000) (1024K)]
  0x000001ce03eda060 JavaThread "Unconstrained build operations"        [_thread_blocked, id=38664, stack(0x000000b253100000,0x000000b253200000) (1024K)]
  0x000001ce02dc3c20 JavaThread "Unconstrained build operations Thread 2"        [_thread_blocked, id=38832, stack(0x000000b254d00000,0x000000b254e00000) (1024K)]
  0x000001ce02dc21e0 JavaThread "Unconstrained build operations Thread 3"        [_thread_blocked, id=34240, stack(0x000000b254e00000,0x000000b254f00000) (1024K)]
  0x000001ce02dc4940 JavaThread "Unconstrained build operations Thread 4"        [_thread_blocked, id=38792, stack(0x000000b254f00000,0x000000b255000000) (1024K)]
  0x000001ce02dc2f00 JavaThread "Unconstrained build operations Thread 5"        [_thread_blocked, id=38780, stack(0x000000b255000000,0x000000b255100000) (1024K)]
  0x000001ce02dc2870 JavaThread "Unconstrained build operations Thread 6"        [_thread_blocked, id=38796, stack(0x000000b255100000,0x000000b255200000) (1024K)]
  0x000001ce02dc14c0 JavaThread "Unconstrained build operations Thread 7"        [_thread_blocked, id=38808, stack(0x000000b255200000,0x000000b255300000) (1024K)]
  0x000001ce02dc70a0 JavaThread "Unconstrained build operations Thread 8"        [_thread_blocked, id=32228, stack(0x000000b255300000,0x000000b255400000) (1024K)]
  0x000001ce02dc8450 JavaThread "Unconstrained build operations Thread 9"        [_thread_blocked, id=34344, stack(0x000000b255400000,0x000000b255500000) (1024K)]
  0x000001ce02dc8ae0 JavaThread "Unconstrained build operations Thread 10"        [_thread_blocked, id=21512, stack(0x000000b255500000,0x000000b255600000) (1024K)]
  0x000001ce0332ae80 JavaThread "Unconstrained build operations Thread 11"        [_thread_blocked, id=35184, stack(0x000000b255600000,0x000000b255700000) (1024K)]
  0x000001ce0332a7f0 JavaThread "Unconstrained build operations Thread 12"        [_thread_blocked, id=38044, stack(0x000000b255700000,0x000000b255800000) (1024K)]
  0x000001ce0332a160 JavaThread "Unconstrained build operations Thread 13"        [_thread_blocked, id=2800, stack(0x000000b255800000,0x000000b255900000) (1024K)]
  0x000001ce03328720 JavaThread "Unconstrained build operations Thread 14"        [_thread_blocked, id=38164, stack(0x000000b255900000,0x000000b255a00000) (1024K)]
  0x000001ce04add6f0 JavaThread "Unconstrained build operations Thread 15"        [_thread_blocked, id=29684, stack(0x000000b255b00000,0x000000b255c00000) (1024K)]
  0x000001ce04addd80 JavaThread "Unconstrained build operations Thread 16"        [_thread_blocked, id=34184, stack(0x000000b255c00000,0x000000b255d00000) (1024K)]
  0x000001ce04ade410 JavaThread "Unconstrained build operations Thread 17"        [_thread_blocked, id=11000, stack(0x000000b255d00000,0x000000b255e00000) (1024K)]
  0x000001ce04add060 JavaThread "Unconstrained build operations Thread 18"        [_thread_blocked, id=38392, stack(0x000000b255e00000,0x000000b255f00000) (1024K)]
  0x000001ce04adaf90 JavaThread "Unconstrained build operations Thread 19"        [_thread_blocked, id=38344, stack(0x000000b255f00000,0x000000b256000000) (1024K)]
  0x000001ce04adc9d0 JavaThread "Unconstrained build operations Thread 20"        [_thread_blocked, id=38124, stack(0x000000b256000000,0x000000b256100000) (1024K)]
  0x000001ce04adeaa0 JavaThread "Unconstrained build operations Thread 21"        [_thread_blocked, id=38340, stack(0x000000b256100000,0x000000b256200000) (1024K)]
Total: 62

Other Threads:
  0x000001ce66d7db10 VMThread "VM Thread"                           [id=35376, stack(0x000000b251c00000,0x000000b251d00000) (1024K)]
  0x000001ce66d70c30 WatcherThread "VM Periodic Task Thread"        [id=11340, stack(0x000000b251b00000,0x000000b251c00000) (1024K)]
  0x000001ce4f6c7b10 WorkerThread "GC Thread#0"                     [id=34296, stack(0x000000b251600000,0x000000b251700000) (1024K)]
  0x000001ce00a12f90 WorkerThread "GC Thread#1"                     [id=35044, stack(0x000000b252700000,0x000000b252800000) (1024K)]
  0x000001ce003e4310 WorkerThread "GC Thread#2"                     [id=30216, stack(0x000000b252800000,0x000000b252900000) (1024K)]
  0x000001ce0068d6c0 WorkerThread "GC Thread#3"                     [id=32700, stack(0x000000b252900000,0x000000b252a00000) (1024K)]
  0x000001ce0068da70 WorkerThread "GC Thread#4"                     [id=35860, stack(0x000000b252a00000,0x000000b252b00000) (1024K)]
  0x000001ce004d18d0 WorkerThread "GC Thread#5"                     [id=35972, stack(0x000000b252b00000,0x000000b252c00000) (1024K)]
  0x000001ce00ea2fb0 WorkerThread "GC Thread#6"                     [id=20676, stack(0x000000b253300000,0x000000b253400000) (1024K)]
  0x000001ce00ea5490 WorkerThread "GC Thread#7"                     [id=19644, stack(0x000000b253400000,0x000000b253500000) (1024K)]
  0x000001ce4f6cc910 ConcurrentGCThread "G1 Main Marker"            [id=23856, stack(0x000000b251700000,0x000000b251800000) (1024K)]
  0x000001ce4f6cd230 WorkerThread "G1 Conc#0"                       [id=35660, stack(0x000000b251800000,0x000000b251900000) (1024K)]
  0x000001ce00ea4220 WorkerThread "G1 Conc#1"                       [id=33104, stack(0x000000b253d00000,0x000000b253e00000) (1024K)]
  0x000001ce66c42ef0 ConcurrentGCThread "G1 Refine#0"               [id=35980, stack(0x000000b251900000,0x000000b251a00000) (1024K)]
  0x000001ce66c44700 ConcurrentGCThread "G1 Service"                [id=36752, stack(0x000000b251a00000,0x000000b251b00000) (1024K)]
Total: 15

Threads with active compile tasks:
C2 CompilerThread0  386903 12870       4       org.gradle.internal.reflect.ClassInspector::inspectClass (179 bytes)
C1 CompilerThread0  386903 12894       3       org.gradle.internal.instantiation.generator.AsmBackedClassGenerator$ClassBuilderImpl::startClass (269 bytes)
Total: 2

VM state: not at safepoint (normal execution)

VM Mutex/Monitor currently owned by a thread: None

Heap address: 0x00000000e0000000, size: 512 MB, Compressed Oops mode: 32-bit

CDS archive(s) mapped at: [0x000001ce67000000-0x000001ce67ba0000-0x000001ce67ba0000), size 12189696, SharedBaseAddress: 0x000001ce67000000, ArchiveRelocationMode: 1.
Compressed class space mapped at: 0x000001ce68000000-0x000001ce7c000000, reserved size: 335544320
Narrow klass base: 0x000001ce67000000, Narrow klass shift: 0, Narrow klass range: 0x100000000

GC Precious Log:
 CardTable entry size: 512
 Card Set container configuration: InlinePtr #cards 5 size 8 Array Of Cards #cards 12 size 40 Howl #buckets 4 coarsen threshold 1843 Howl Bitmap #cards 512 size 80 coarsen threshold 460 Card regions per heap region 1 cards per card region 2048
 CPUs: 8 total, 8 available
 Memory: 7502M
 Large Page Support: Disabled
 NUMA Support: Disabled
 Compressed Oops: Enabled (32-bit)
 Heap Region Size: 1M
 Heap Min Capacity: 256M
 Heap Initial Capacity: 256M
 Heap Max Capacity: 512M
 Pre-touch: Disabled
 Parallel Workers: 8
 Concurrent Workers: 2
 Concurrent Refinement Workers: 8
 Periodic GC: Disabled

Heap:
 garbage-first heap   total 262144K, used 149121K [0x00000000e0000000, 0x0000000100000000)
  region size 1024K, 28 young (28672K), 6 survivors (6144K)
 Metaspace       used 100274K, committed 102400K, reserved 458752K
  class space    used 13907K, committed 14912K, reserved 327680K

Heap Regions: E=young(eden), S=young(survivor), O=old, HS=humongous(starts), HC=humongous(continues), CS=collection set, F=free, TAMS=top-at-mark-start, PB=parsable bottom
|   0|0x00000000e0000000, 0x00000000e0100000, 0x00000000e0100000|100%|HS|  |TAMS 0x00000000e0000000| PB 0x00000000e0000000| Complete 
|   1|0x00000000e0100000, 0x00000000e0200000, 0x00000000e0200000|100%|HC|  |TAMS 0x00000000e0100000| PB 0x00000000e0100000| Complete 
|   2|0x00000000e0200000, 0x00000000e0300000, 0x00000000e0300000|100%|HC|  |TAMS 0x00000000e0200000| PB 0x00000000e0200000| Complete 
|   3|0x00000000e0300000, 0x00000000e0400000, 0x00000000e0400000|100%|HC|  |TAMS 0x00000000e0300000| PB 0x00000000e0300000| Complete 
|   4|0x00000000e0400000, 0x00000000e0500000, 0x00000000e0500000|100%| O|  |TAMS 0x00000000e0400000| PB 0x00000000e0400000| Untracked 
|   5|0x00000000e0500000, 0x00000000e0600000, 0x00000000e0600000|100%| O|  |TAMS 0x00000000e0500000| PB 0x00000000e0500000| Untracked 
|   6|0x00000000e0600000, 0x00000000e0700000, 0x00000000e0700000|100%| O|  |TAMS 0x00000000e0600000| PB 0x00000000e0600000| Untracked 
|   7|0x00000000e0700000, 0x00000000e0800000, 0x00000000e0800000|100%| O|  |TAMS 0x00000000e0700000| PB 0x00000000e0700000| Untracked 
|   8|0x00000000e0800000, 0x00000000e0900000, 0x00000000e0900000|100%| O|  |TAMS 0x00000000e0800000| PB 0x00000000e0800000| Untracked 
|   9|0x00000000e0900000, 0x00000000e0a00000, 0x00000000e0a00000|100%| O|  |TAMS 0x00000000e0900000| PB 0x00000000e0900000| Untracked 
|  10|0x00000000e0a00000, 0x00000000e0b00000, 0x00000000e0b00000|100%|HS|  |TAMS 0x00000000e0a00000| PB 0x00000000e0a00000| Complete 
|  11|0x00000000e0b00000, 0x00000000e0c00000, 0x00000000e0c00000|100%| O|  |TAMS 0x00000000e0b00000| PB 0x00000000e0b00000| Untracked 
|  12|0x00000000e0c00000, 0x00000000e0d00000, 0x00000000e0d00000|100%| O|  |TAMS 0x00000000e0c00000| PB 0x00000000e0c00000| Untracked 
|  13|0x00000000e0d00000, 0x00000000e0e00000, 0x00000000e0e00000|100%| O|  |TAMS 0x00000000e0d00000| PB 0x00000000e0d00000| Untracked 
|  14|0x00000000e0e00000, 0x00000000e0f00000, 0x00000000e0f00000|100%| O|  |TAMS 0x00000000e0e00000| PB 0x00000000e0e00000| Untracked 
|  15|0x00000000e0f00000, 0x00000000e1000000, 0x00000000e1000000|100%| O|  |TAMS 0x00000000e0f00000| PB 0x00000000e0f00000| Untracked 
|  16|0x00000000e1000000, 0x00000000e1100000, 0x00000000e1100000|100%| O|  |TAMS 0x00000000e1000000| PB 0x00000000e1000000| Untracked 
|  17|0x00000000e1100000, 0x00000000e1200000, 0x00000000e1200000|100%| O|  |TAMS 0x00000000e1100000| PB 0x00000000e1100000| Untracked 
|  18|0x00000000e1200000, 0x00000000e1300000, 0x00000000e1300000|100%| O|  |TAMS 0x00000000e1200000| PB 0x00000000e1200000| Untracked 
|  19|0x00000000e1300000, 0x00000000e1400000, 0x00000000e1400000|100%| O|  |TAMS 0x00000000e1300000| PB 0x00000000e1300000| Untracked 
|  20|0x00000000e1400000, 0x00000000e1500000, 0x00000000e1500000|100%|HS|  |TAMS 0x00000000e1400000| PB 0x00000000e1400000| Complete 
|  21|0x00000000e1500000, 0x00000000e1600000, 0x00000000e1600000|100%|HS|  |TAMS 0x00000000e1500000| PB 0x00000000e1500000| Complete 
|  22|0x00000000e1600000, 0x00000000e1700000, 0x00000000e1700000|100%|HC|  |TAMS 0x00000000e1600000| PB 0x00000000e1600000| Complete 
|  23|0x00000000e1700000, 0x00000000e1800000, 0x00000000e1800000|100%| O|  |TAMS 0x00000000e1700000| PB 0x00000000e1700000| Untracked 
|  24|0x00000000e1800000, 0x00000000e1900000, 0x00000000e1900000|100%| O|  |TAMS 0x00000000e1800000| PB 0x00000000e1800000| Untracked 
|  25|0x00000000e1900000, 0x00000000e1a00000, 0x00000000e1a00000|100%| O|  |TAMS 0x00000000e1900000| PB 0x00000000e1900000| Untracked 
|  26|0x00000000e1a00000, 0x00000000e1b00000, 0x00000000e1b00000|100%| O|  |TAMS 0x00000000e1a00000| PB 0x00000000e1a00000| Untracked 
|  27|0x00000000e1b00000, 0x00000000e1c00000, 0x00000000e1c00000|100%| O|  |TAMS 0x00000000e1b00000| PB 0x00000000e1b00000| Untracked 
|  28|0x00000000e1c00000, 0x00000000e1d00000, 0x00000000e1d00000|100%| O|  |TAMS 0x00000000e1c00000| PB 0x00000000e1c00000| Untracked 
|  29|0x00000000e1d00000, 0x00000000e1e00000, 0x00000000e1e00000|100%| O|  |TAMS 0x00000000e1d00000| PB 0x00000000e1d00000| Untracked 
|  30|0x00000000e1e00000, 0x00000000e1f00000, 0x00000000e1f00000|100%| O|Cm|TAMS 0x00000000e1e00000| PB 0x00000000e1e00000| Complete 
|  31|0x00000000e1f00000, 0x00000000e2000000, 0x00000000e2000000|100%| O|  |TAMS 0x00000000e1f00000| PB 0x00000000e1f00000| Untracked 
|  32|0x00000000e2000000, 0x00000000e2100000, 0x00000000e2100000|100%| O|  |TAMS 0x00000000e2000000| PB 0x00000000e2000000| Untracked 
|  33|0x00000000e2100000, 0x00000000e2200000, 0x00000000e2200000|100%| O|  |TAMS 0x00000000e2100000| PB 0x00000000e2100000| Untracked 
|  34|0x00000000e2200000, 0x00000000e2300000, 0x00000000e2300000|100%| O|  |TAMS 0x00000000e2200000| PB 0x00000000e2200000| Untracked 
|  35|0x00000000e2300000, 0x00000000e2400000, 0x00000000e2400000|100%| O|  |TAMS 0x00000000e2300000| PB 0x00000000e2300000| Untracked 
|  36|0x00000000e2400000, 0x00000000e2500000, 0x00000000e2500000|100%| O|  |TAMS 0x00000000e2400000| PB 0x00000000e2400000| Untracked 
|  37|0x00000000e2500000, 0x00000000e2600000, 0x00000000e2600000|100%| O|  |TAMS 0x00000000e2500000| PB 0x00000000e2500000| Untracked 
|  38|0x00000000e2600000, 0x00000000e2700000, 0x00000000e2700000|100%| O|  |TAMS 0x00000000e2600000| PB 0x00000000e2600000| Untracked 
|  39|0x00000000e2700000, 0x00000000e2800000, 0x00000000e2800000|100%| O|  |TAMS 0x00000000e2700000| PB 0x00000000e2700000| Untracked 
|  40|0x00000000e2800000, 0x00000000e2900000, 0x00000000e2900000|100%| O|  |TAMS 0x00000000e2800000| PB 0x00000000e2800000| Untracked 
|  41|0x00000000e2900000, 0x00000000e2a00000, 0x00000000e2a00000|100%| O|  |TAMS 0x00000000e2900000| PB 0x00000000e2900000| Untracked 
|  42|0x00000000e2a00000, 0x00000000e2b00000, 0x00000000e2b00000|100%| O|  |TAMS 0x00000000e2a00000| PB 0x00000000e2a00000| Untracked 
|  43|0x00000000e2b00000, 0x00000000e2c00000, 0x00000000e2c00000|100%| O|  |TAMS 0x00000000e2b00000| PB 0x00000000e2b00000| Untracked 
|  44|0x00000000e2c00000, 0x00000000e2d00000, 0x00000000e2d00000|100%| O|  |TAMS 0x00000000e2c00000| PB 0x00000000e2c00000| Untracked 
|  45|0x00000000e2d00000, 0x00000000e2e00000, 0x00000000e2e00000|100%| O|  |TAMS 0x00000000e2d00000| PB 0x00000000e2d00000| Untracked 
|  46|0x00000000e2e00000, 0x00000000e2f00000, 0x00000000e2f00000|100%| O|  |TAMS 0x00000000e2e00000| PB 0x00000000e2e00000| Untracked 
|  47|0x00000000e2f00000, 0x00000000e3000000, 0x00000000e3000000|100%| O|  |TAMS 0x00000000e2f00000| PB 0x00000000e2f00000| Untracked 
|  48|0x00000000e3000000, 0x00000000e3100000, 0x00000000e3100000|100%| O|  |TAMS 0x00000000e3000000| PB 0x00000000e3000000| Untracked 
|  49|0x00000000e3100000, 0x00000000e3200000, 0x00000000e3200000|100%| O|  |TAMS 0x00000000e3100000| PB 0x00000000e3100000| Untracked 
|  50|0x00000000e3200000, 0x00000000e3300000, 0x00000000e3300000|100%| O|  |TAMS 0x00000000e3200000| PB 0x00000000e3200000| Untracked 
|  51|0x00000000e3300000, 0x00000000e3400000, 0x00000000e3400000|100%| O|  |TAMS 0x00000000e3300000| PB 0x00000000e3300000| Untracked 
|  52|0x00000000e3400000, 0x00000000e3500000, 0x00000000e3500000|100%| O|  |TAMS 0x00000000e3400000| PB 0x00000000e3400000| Untracked 
|  53|0x00000000e3500000, 0x00000000e3600000, 0x00000000e3600000|100%| O|  |TAMS 0x00000000e3500000| PB 0x00000000e3500000| Untracked 
|  54|0x00000000e3600000, 0x00000000e3700000, 0x00000000e3700000|100%| O|  |TAMS 0x00000000e3600000| PB 0x00000000e3600000| Untracked 
|  55|0x00000000e3700000, 0x00000000e3800000, 0x00000000e3800000|100%| O|  |TAMS 0x00000000e3700000| PB 0x00000000e3700000| Untracked 
|  56|0x00000000e3800000, 0x00000000e3900000, 0x00000000e3900000|100%| O|  |TAMS 0x00000000e3800000| PB 0x00000000e3800000| Untracked 
|  57|0x00000000e3900000, 0x00000000e3a00000, 0x00000000e3a00000|100%| O|  |TAMS 0x00000000e3900000| PB 0x00000000e3900000| Untracked 
|  58|0x00000000e3a00000, 0x00000000e3b00000, 0x00000000e3b00000|100%| O|  |TAMS 0x00000000e3a00000| PB 0x00000000e3a00000| Untracked 
|  59|0x00000000e3b00000, 0x00000000e3c00000, 0x00000000e3c00000|100%| O|  |TAMS 0x00000000e3b00000| PB 0x00000000e3b00000| Untracked 
|  60|0x00000000e3c00000, 0x00000000e3d00000, 0x00000000e3d00000|100%| O|  |TAMS 0x00000000e3c00000| PB 0x00000000e3c00000| Untracked 
|  61|0x00000000e3d00000, 0x00000000e3e00000, 0x00000000e3e00000|100%| O|  |TAMS 0x00000000e3d00000| PB 0x00000000e3d00000| Untracked 
|  62|0x00000000e3e00000, 0x00000000e3f00000, 0x00000000e3f00000|100%| O|  |TAMS 0x00000000e3e00000| PB 0x00000000e3e00000| Untracked 
|  63|0x00000000e3f00000, 0x00000000e4000000, 0x00000000e4000000|100%| O|  |TAMS 0x00000000e3f00000| PB 0x00000000e3f00000| Untracked 
|  64|0x00000000e4000000, 0x00000000e4100000, 0x00000000e4100000|100%| O|  |TAMS 0x00000000e4000000| PB 0x00000000e4000000| Untracked 
|  65|0x00000000e4100000, 0x00000000e4200000, 0x00000000e4200000|100%| O|  |TAMS 0x00000000e4100000| PB 0x00000000e4100000| Untracked 
|  66|0x00000000e4200000, 0x00000000e4300000, 0x00000000e4300000|100%| O|  |TAMS 0x00000000e4200000| PB 0x00000000e4200000| Untracked 
|  67|0x00000000e4300000, 0x00000000e4400000, 0x00000000e4400000|100%| O|Cm|TAMS 0x00000000e4300000| PB 0x00000000e4300000| Complete 
|  68|0x00000000e4400000, 0x00000000e4500000, 0x00000000e4500000|100%| O|Cm|TAMS 0x00000000e4400000| PB 0x00000000e4400000| Complete 
|  69|0x00000000e4500000, 0x00000000e4600000, 0x00000000e4600000|100%| O|  |TAMS 0x00000000e4500000| PB 0x00000000e4500000| Untracked 
|  70|0x00000000e4600000, 0x00000000e4700000, 0x00000000e4700000|100%| O|  |TAMS 0x00000000e4600000| PB 0x00000000e4600000| Untracked 
|  71|0x00000000e4700000, 0x00000000e4800000, 0x00000000e4800000|100%| O|  |TAMS 0x00000000e4700000| PB 0x00000000e4700000| Untracked 
|  72|0x00000000e4800000, 0x00000000e4900000, 0x00000000e4900000|100%| O|  |TAMS 0x00000000e4800000| PB 0x00000000e4800000| Untracked 
|  73|0x00000000e4900000, 0x00000000e4a00000, 0x00000000e4a00000|100%| O|  |TAMS 0x00000000e4900000| PB 0x00000000e4900000| Untracked 
|  74|0x00000000e4a00000, 0x00000000e4b00000, 0x00000000e4b00000|100%| O|  |TAMS 0x00000000e4a00000| PB 0x00000000e4a00000| Untracked 
|  75|0x00000000e4b00000, 0x00000000e4c00000, 0x00000000e4c00000|100%| O|  |TAMS 0x00000000e4b00000| PB 0x00000000e4b00000| Untracked 
|  76|0x00000000e4c00000, 0x00000000e4d00000, 0x00000000e4d00000|100%| O|  |TAMS 0x00000000e4c00000| PB 0x00000000e4c00000| Untracked 
|  77|0x00000000e4d00000, 0x00000000e4e00000, 0x00000000e4e00000|100%| O|  |TAMS 0x00000000e4d00000| PB 0x00000000e4d00000| Untracked 
|  78|0x00000000e4e00000, 0x00000000e4f00000, 0x00000000e4f00000|100%| O|  |TAMS 0x00000000e4e00000| PB 0x00000000e4e00000| Untracked 
|  79|0x00000000e4f00000, 0x00000000e5000000, 0x00000000e5000000|100%| O|  |TAMS 0x00000000e4f00000| PB 0x00000000e4f00000| Untracked 
|  80|0x00000000e5000000, 0x00000000e5100000, 0x00000000e5100000|100%| O|  |TAMS 0x00000000e5000000| PB 0x00000000e5000000| Untracked 
|  81|0x00000000e5100000, 0x00000000e5200000, 0x00000000e5200000|100%| O|  |TAMS 0x00000000e5100000| PB 0x00000000e5100000| Untracked 
|  82|0x00000000e5200000, 0x00000000e5300000, 0x00000000e5300000|100%| O|  |TAMS 0x00000000e5200000| PB 0x00000000e5200000| Untracked 
|  83|0x00000000e5300000, 0x00000000e5400000, 0x00000000e5400000|100%|HS|  |TAMS 0x00000000e5300000| PB 0x00000000e5300000| Complete 
|  84|0x00000000e5400000, 0x00000000e5500000, 0x00000000e5500000|100%|HS|  |TAMS 0x00000000e5400000| PB 0x00000000e5400000| Complete 
|  85|0x00000000e5500000, 0x00000000e5600000, 0x00000000e5600000|100%|HS|  |TAMS 0x00000000e5500000| PB 0x00000000e5500000| Complete 
|  86|0x00000000e5600000, 0x00000000e5700000, 0x00000000e5700000|100%|HC|  |TAMS 0x00000000e5600000| PB 0x00000000e5600000| Complete 
|  87|0x00000000e5700000, 0x00000000e5800000, 0x00000000e5800000|100%|HS|  |TAMS 0x00000000e5700000| PB 0x00000000e5700000| Complete 
|  88|0x00000000e5800000, 0x00000000e5900000, 0x00000000e5900000|100%|HS|  |TAMS 0x00000000e5800000| PB 0x00000000e5800000| Complete 
|  89|0x00000000e5900000, 0x00000000e5a00000, 0x00000000e5a00000|100%|HC|  |TAMS 0x00000000e5900000| PB 0x00000000e5900000| Complete 
|  90|0x00000000e5a00000, 0x00000000e5b00000, 0x00000000e5b00000|100%|HC|  |TAMS 0x00000000e5a00000| PB 0x00000000e5a00000| Complete 
|  91|0x00000000e5b00000, 0x00000000e5c00000, 0x00000000e5c00000|100%|HC|  |TAMS 0x00000000e5b00000| PB 0x00000000e5b00000| Complete 
|  92|0x00000000e5c00000, 0x00000000e5d00000, 0x00000000e5d00000|100%| O|  |TAMS 0x00000000e5c00000| PB 0x00000000e5c00000| Untracked 
|  93|0x00000000e5d00000, 0x00000000e5e00000, 0x00000000e5e00000|100%| O|  |TAMS 0x00000000e5d00000| PB 0x00000000e5d00000| Untracked 
|  94|0x00000000e5e00000, 0x00000000e5f00000, 0x00000000e5f00000|100%| O|  |TAMS 0x00000000e5e00000| PB 0x00000000e5e00000| Untracked 
|  95|0x00000000e5f00000, 0x00000000e6000000, 0x00000000e6000000|100%| O|  |TAMS 0x00000000e5f00000| PB 0x00000000e5f00000| Untracked 
|  96|0x00000000e6000000, 0x00000000e6100000, 0x00000000e6100000|100%| O|  |TAMS 0x00000000e6000000| PB 0x00000000e6000000| Untracked 
|  97|0x00000000e6100000, 0x00000000e6200000, 0x00000000e6200000|100%| O|  |TAMS 0x00000000e6100000| PB 0x00000000e6100000| Untracked 
|  98|0x00000000e6200000, 0x00000000e6300000, 0x00000000e6300000|100%| O|  |TAMS 0x00000000e6200000| PB 0x00000000e6200000| Untracked 
|  99|0x00000000e6300000, 0x00000000e6400000, 0x00000000e6400000|100%|HS|  |TAMS 0x00000000e6300000| PB 0x00000000e6300000| Complete 
| 100|0x00000000e6400000, 0x00000000e6500000, 0x00000000e6500000|100%| O|  |TAMS 0x00000000e6400000| PB 0x00000000e6400000| Untracked 
| 101|0x00000000e6500000, 0x00000000e6600000, 0x00000000e6600000|100%|HS|  |TAMS 0x00000000e6500000| PB 0x00000000e6500000| Complete 
| 102|0x00000000e6600000, 0x00000000e6700000, 0x00000000e6700000|100%|HC|  |TAMS 0x00000000e6600000| PB 0x00000000e6600000| Complete 
| 103|0x00000000e6700000, 0x00000000e6800000, 0x00000000e6800000|100%|HS|  |TAMS 0x00000000e6700000| PB 0x00000000e6700000| Complete 
| 104|0x00000000e6800000, 0x00000000e6900000, 0x00000000e6900000|100%|HC|  |TAMS 0x00000000e6800000| PB 0x00000000e6800000| Complete 
| 105|0x00000000e6900000, 0x00000000e6a00000, 0x00000000e6a00000|100%|HC|  |TAMS 0x00000000e6900000| PB 0x00000000e6900000| Complete 
| 106|0x00000000e6a00000, 0x00000000e6b00000, 0x00000000e6b00000|100%|HC|  |TAMS 0x00000000e6a00000| PB 0x00000000e6a00000| Complete 
| 107|0x00000000e6b00000, 0x00000000e6c00000, 0x00000000e6c00000|100%| O|  |TAMS 0x00000000e6b00000| PB 0x00000000e6b00000| Untracked 
| 108|0x00000000e6c00000, 0x00000000e6c00000, 0x00000000e6d00000|  0%| F|  |TAMS 0x00000000e6c00000| PB 0x00000000e6c00000| Untracked 
| 109|0x00000000e6d00000, 0x00000000e6d00000, 0x00000000e6e00000|  0%| F|  |TAMS 0x00000000e6d00000| PB 0x00000000e6d00000| Untracked 
| 110|0x00000000e6e00000, 0x00000000e6e00000, 0x00000000e6f00000|  0%| F|  |TAMS 0x00000000e6e00000| PB 0x00000000e6e00000| Untracked 
| 111|0x00000000e6f00000, 0x00000000e7000000, 0x00000000e7000000|100%| O|  |TAMS 0x00000000e6f00000| PB 0x00000000e6f00000| Untracked 
| 112|0x00000000e7000000, 0x00000000e7100000, 0x00000000e7100000|100%| O|Cm|TAMS 0x00000000e7000000| PB 0x00000000e7000000| Complete 
| 113|0x00000000e7100000, 0x00000000e7200000, 0x00000000e7200000|100%| O|Cm|TAMS 0x00000000e7100000| PB 0x00000000e7100000| Complete 
| 114|0x00000000e7200000, 0x00000000e7300000, 0x00000000e7300000|100%| O|  |TAMS 0x00000000e7200000| PB 0x00000000e7200000| Untracked 
| 115|0x00000000e7300000, 0x00000000e7300000, 0x00000000e7400000|  0%| F|  |TAMS 0x00000000e7300000| PB 0x00000000e7300000| Untracked 
| 116|0x00000000e7400000, 0x00000000e7400000, 0x00000000e7500000|  0%| F|  |TAMS 0x00000000e7400000| PB 0x00000000e7400000| Untracked 
| 117|0x00000000e7500000, 0x00000000e7500000, 0x00000000e7600000|  0%| F|  |TAMS 0x00000000e7500000| PB 0x00000000e7500000| Untracked 
| 118|0x00000000e7600000, 0x00000000e7600000, 0x00000000e7700000|  0%| F|  |TAMS 0x00000000e7600000| PB 0x00000000e7600000| Untracked 
| 119|0x00000000e7700000, 0x00000000e7700000, 0x00000000e7800000|  0%| F|  |TAMS 0x00000000e7700000| PB 0x00000000e7700000| Untracked 
| 120|0x00000000e7800000, 0x00000000e7800000, 0x00000000e7900000|  0%| F|  |TAMS 0x00000000e7800000| PB 0x00000000e7800000| Untracked 
| 121|0x00000000e7900000, 0x00000000e7900000, 0x00000000e7a00000|  0%| F|  |TAMS 0x00000000e7900000| PB 0x00000000e7900000| Untracked 
| 122|0x00000000e7a00000, 0x00000000e7b00000, 0x00000000e7b00000|100%| O|  |TAMS 0x00000000e7a00000| PB 0x00000000e7a00000| Untracked 
| 123|0x00000000e7b00000, 0x00000000e7c00000, 0x00000000e7c00000|100%| O|  |TAMS 0x00000000e7b00000| PB 0x00000000e7b00000| Untracked 
| 124|0x00000000e7c00000, 0x00000000e7d00000, 0x00000000e7d00000|100%| O|  |TAMS 0x00000000e7c00000| PB 0x00000000e7c00000| Untracked 
| 125|0x00000000e7d00000, 0x00000000e7e00000, 0x00000000e7e00000|100%| O|  |TAMS 0x00000000e7d00000| PB 0x00000000e7d00000| Untracked 
| 126|0x00000000e7e00000, 0x00000000e7f00000, 0x00000000e7f00000|100%| O|  |TAMS 0x00000000e7e00000| PB 0x00000000e7e00000| Untracked 
| 127|0x00000000e7f00000, 0x00000000e8000000, 0x00000000e8000000|100%| O|  |TAMS 0x00000000e7f00000| PB 0x00000000e7f00000| Untracked 
| 128|0x00000000e8000000, 0x00000000e8100000, 0x00000000e8100000|100%| O|  |TAMS 0x00000000e8000000| PB 0x00000000e8000000| Untracked 
| 129|0x00000000e8100000, 0x00000000e8100000, 0x00000000e8200000|  0%| F|  |TAMS 0x00000000e8100000| PB 0x00000000e8100000| Untracked 
| 130|0x00000000e8200000, 0x00000000e8200000, 0x00000000e8300000|  0%| F|  |TAMS 0x00000000e8200000| PB 0x00000000e8200000| Untracked 
| 131|0x00000000e8300000, 0x00000000e8300000, 0x00000000e8400000|  0%| F|  |TAMS 0x00000000e8300000| PB 0x00000000e8300000| Untracked 
| 132|0x00000000e8400000, 0x00000000e8400000, 0x00000000e8500000|  0%| F|  |TAMS 0x00000000e8400000| PB 0x00000000e8400000| Untracked 
| 133|0x00000000e8500000, 0x00000000e8500000, 0x00000000e8600000|  0%| F|  |TAMS 0x00000000e8500000| PB 0x00000000e8500000| Untracked 
| 134|0x00000000e8600000, 0x00000000e8600000, 0x00000000e8700000|  0%| F|  |TAMS 0x00000000e8600000| PB 0x00000000e8600000| Untracked 
| 135|0x00000000e8700000, 0x00000000e8700000, 0x00000000e8800000|  0%| F|  |TAMS 0x00000000e8700000| PB 0x00000000e8700000| Untracked 
| 136|0x00000000e8800000, 0x00000000e8800000, 0x00000000e8900000|  0%| F|  |TAMS 0x00000000e8800000| PB 0x00000000e8800000| Untracked 
| 137|0x00000000e8900000, 0x00000000e8900000, 0x00000000e8a00000|  0%| F|  |TAMS 0x00000000e8900000| PB 0x00000000e8900000| Untracked 
| 138|0x00000000e8a00000, 0x00000000e8a00000, 0x00000000e8b00000|  0%| F|  |TAMS 0x00000000e8a00000| PB 0x00000000e8a00000| Untracked 
| 139|0x00000000e8b00000, 0x00000000e8b00000, 0x00000000e8c00000|  0%| F|  |TAMS 0x00000000e8b00000| PB 0x00000000e8b00000| Untracked 
| 140|0x00000000e8c00000, 0x00000000e8c00000, 0x00000000e8d00000|  0%| F|  |TAMS 0x00000000e8c00000| PB 0x00000000e8c00000| Untracked 
| 141|0x00000000e8d00000, 0x00000000e8d00000, 0x00000000e8e00000|  0%| F|  |TAMS 0x00000000e8d00000| PB 0x00000000e8d00000| Untracked 
| 142|0x00000000e8e00000, 0x00000000e8e00000, 0x00000000e8f00000|  0%| F|  |TAMS 0x00000000e8e00000| PB 0x00000000e8e00000| Untracked 
| 143|0x00000000e8f00000, 0x00000000e8f00000, 0x00000000e9000000|  0%| F|  |TAMS 0x00000000e8f00000| PB 0x00000000e8f00000| Untracked 
| 144|0x00000000e9000000, 0x00000000e9000000, 0x00000000e9100000|  0%| F|  |TAMS 0x00000000e9000000| PB 0x00000000e9000000| Untracked 
| 145|0x00000000e9100000, 0x00000000e9100000, 0x00000000e9200000|  0%| F|  |TAMS 0x00000000e9100000| PB 0x00000000e9100000| Untracked 
| 146|0x00000000e9200000, 0x00000000e9200000, 0x00000000e9300000|  0%| F|  |TAMS 0x00000000e9200000| PB 0x00000000e9200000| Untracked 
| 147|0x00000000e9300000, 0x00000000e9300000, 0x00000000e9400000|  0%| F|  |TAMS 0x00000000e9300000| PB 0x00000000e9300000| Untracked 
| 148|0x00000000e9400000, 0x00000000e9400000, 0x00000000e9500000|  0%| F|  |TAMS 0x00000000e9400000| PB 0x00000000e9400000| Untracked 
| 149|0x00000000e9500000, 0x00000000e9500000, 0x00000000e9600000|  0%| F|  |TAMS 0x00000000e9500000| PB 0x00000000e9500000| Untracked 
| 150|0x00000000e9600000, 0x00000000e9600000, 0x00000000e9700000|  0%| F|  |TAMS 0x00000000e9600000| PB 0x00000000e9600000| Untracked 
| 151|0x00000000e9700000, 0x00000000e9700000, 0x00000000e9800000|  0%| F|  |TAMS 0x00000000e9700000| PB 0x00000000e9700000| Untracked 
| 152|0x00000000e9800000, 0x00000000e9800000, 0x00000000e9900000|  0%| F|  |TAMS 0x00000000e9800000| PB 0x00000000e9800000| Untracked 
| 153|0x00000000e9900000, 0x00000000e9900000, 0x00000000e9a00000|  0%| F|  |TAMS 0x00000000e9900000| PB 0x00000000e9900000| Untracked 
| 154|0x00000000e9a00000, 0x00000000e9a00000, 0x00000000e9b00000|  0%| F|  |TAMS 0x00000000e9a00000| PB 0x00000000e9a00000| Untracked 
| 155|0x00000000e9b00000, 0x00000000e9b00000, 0x00000000e9c00000|  0%| F|  |TAMS 0x00000000e9b00000| PB 0x00000000e9b00000| Untracked 
| 156|0x00000000e9c00000, 0x00000000e9c00000, 0x00000000e9d00000|  0%| F|  |TAMS 0x00000000e9c00000| PB 0x00000000e9c00000| Untracked 
| 157|0x00000000e9d00000, 0x00000000e9d00000, 0x00000000e9e00000|  0%| F|  |TAMS 0x00000000e9d00000| PB 0x00000000e9d00000| Untracked 
| 158|0x00000000e9e00000, 0x00000000e9e00000, 0x00000000e9f00000|  0%| F|  |TAMS 0x00000000e9e00000| PB 0x00000000e9e00000| Untracked 
| 159|0x00000000e9f00000, 0x00000000e9f00000, 0x00000000ea000000|  0%| F|  |TAMS 0x00000000e9f00000| PB 0x00000000e9f00000| Untracked 
| 160|0x00000000ea000000, 0x00000000ea000000, 0x00000000ea100000|  0%| F|  |TAMS 0x00000000ea000000| PB 0x00000000ea000000| Untracked 
| 161|0x00000000ea100000, 0x00000000ea100000, 0x00000000ea200000|  0%| F|  |TAMS 0x00000000ea100000| PB 0x00000000ea100000| Untracked 
| 162|0x00000000ea200000, 0x00000000ea200000, 0x00000000ea300000|  0%| F|  |TAMS 0x00000000ea200000| PB 0x00000000ea200000| Untracked 
| 163|0x00000000ea300000, 0x00000000ea300000, 0x00000000ea400000|  0%| F|  |TAMS 0x00000000ea300000| PB 0x00000000ea300000| Untracked 
| 164|0x00000000ea400000, 0x00000000ea400000, 0x00000000ea500000|  0%| F|  |TAMS 0x00000000ea400000| PB 0x00000000ea400000| Untracked 
| 165|0x00000000ea500000, 0x00000000ea500000, 0x00000000ea600000|  0%| F|  |TAMS 0x00000000ea500000| PB 0x00000000ea500000| Untracked 
| 166|0x00000000ea600000, 0x00000000ea600000, 0x00000000ea700000|  0%| F|  |TAMS 0x00000000ea600000| PB 0x00000000ea600000| Untracked 
| 167|0x00000000ea700000, 0x00000000ea700000, 0x00000000ea800000|  0%| F|  |TAMS 0x00000000ea700000| PB 0x00000000ea700000| Untracked 
| 168|0x00000000ea800000, 0x00000000ea800000, 0x00000000ea900000|  0%| F|  |TAMS 0x00000000ea800000| PB 0x00000000ea800000| Untracked 
| 169|0x00000000ea900000, 0x00000000ea900000, 0x00000000eaa00000|  0%| F|  |TAMS 0x00000000ea900000| PB 0x00000000ea900000| Untracked 
| 170|0x00000000eaa00000, 0x00000000eaa00000, 0x00000000eab00000|  0%| F|  |TAMS 0x00000000eaa00000| PB 0x00000000eaa00000| Untracked 
| 171|0x00000000eab00000, 0x00000000eab00000, 0x00000000eac00000|  0%| F|  |TAMS 0x00000000eab00000| PB 0x00000000eab00000| Untracked 
| 172|0x00000000eac00000, 0x00000000eac00000, 0x00000000ead00000|  0%| F|  |TAMS 0x00000000eac00000| PB 0x00000000eac00000| Untracked 
| 173|0x00000000ead00000, 0x00000000ead00000, 0x00000000eae00000|  0%| F|  |TAMS 0x00000000ead00000| PB 0x00000000ead00000| Untracked 
| 174|0x00000000eae00000, 0x00000000eae00000, 0x00000000eaf00000|  0%| F|  |TAMS 0x00000000eae00000| PB 0x00000000eae00000| Untracked 
| 175|0x00000000eaf00000, 0x00000000eaf00000, 0x00000000eb000000|  0%| F|  |TAMS 0x00000000eaf00000| PB 0x00000000eaf00000| Untracked 
| 176|0x00000000eb000000, 0x00000000eb000000, 0x00000000eb100000|  0%| F|  |TAMS 0x00000000eb000000| PB 0x00000000eb000000| Untracked 
| 177|0x00000000eb100000, 0x00000000eb100000, 0x00000000eb200000|  0%| F|  |TAMS 0x00000000eb100000| PB 0x00000000eb100000| Untracked 
| 178|0x00000000eb200000, 0x00000000eb200000, 0x00000000eb300000|  0%| F|  |TAMS 0x00000000eb200000| PB 0x00000000eb200000| Untracked 
| 179|0x00000000eb300000, 0x00000000eb300000, 0x00000000eb400000|  0%| F|  |TAMS 0x00000000eb300000| PB 0x00000000eb300000| Untracked 
| 180|0x00000000eb400000, 0x00000000eb400000, 0x00000000eb500000|  0%| F|  |TAMS 0x00000000eb400000| PB 0x00000000eb400000| Untracked 
| 181|0x00000000eb500000, 0x00000000eb500000, 0x00000000eb600000|  0%| F|  |TAMS 0x00000000eb500000| PB 0x00000000eb500000| Untracked 
| 182|0x00000000eb600000, 0x00000000eb600000, 0x00000000eb700000|  0%| F|  |TAMS 0x00000000eb600000| PB 0x00000000eb600000| Untracked 
| 183|0x00000000eb700000, 0x00000000eb700000, 0x00000000eb800000|  0%| F|  |TAMS 0x00000000eb700000| PB 0x00000000eb700000| Untracked 
| 184|0x00000000eb800000, 0x00000000eb800000, 0x00000000eb900000|  0%| F|  |TAMS 0x00000000eb800000| PB 0x00000000eb800000| Untracked 
| 185|0x00000000eb900000, 0x00000000eb900000, 0x00000000eba00000|  0%| F|  |TAMS 0x00000000eb900000| PB 0x00000000eb900000| Untracked 
| 186|0x00000000eba00000, 0x00000000eba00000, 0x00000000ebb00000|  0%| F|  |TAMS 0x00000000eba00000| PB 0x00000000eba00000| Untracked 
| 187|0x00000000ebb00000, 0x00000000ebb00000, 0x00000000ebc00000|  0%| F|  |TAMS 0x00000000ebb00000| PB 0x00000000ebb00000| Untracked 
| 188|0x00000000ebc00000, 0x00000000ebc00000, 0x00000000ebd00000|  0%| F|  |TAMS 0x00000000ebc00000| PB 0x00000000ebc00000| Untracked 
| 189|0x00000000ebd00000, 0x00000000ebd00000, 0x00000000ebe00000|  0%| F|  |TAMS 0x00000000ebd00000| PB 0x00000000ebd00000| Untracked 
| 190|0x00000000ebe00000, 0x00000000ebe00000, 0x00000000ebf00000|  0%| F|  |TAMS 0x00000000ebe00000| PB 0x00000000ebe00000| Untracked 
| 191|0x00000000ebf00000, 0x00000000ebf00000, 0x00000000ec000000|  0%| F|  |TAMS 0x00000000ebf00000| PB 0x00000000ebf00000| Untracked 
| 192|0x00000000ec000000, 0x00000000ec000000, 0x00000000ec100000|  0%| F|  |TAMS 0x00000000ec000000| PB 0x00000000ec000000| Untracked 
| 193|0x00000000ec100000, 0x00000000ec100000, 0x00000000ec200000|  0%| F|  |TAMS 0x00000000ec100000| PB 0x00000000ec100000| Untracked 
| 194|0x00000000ec200000, 0x00000000ec2a04b0, 0x00000000ec300000| 62%| S|CS|TAMS 0x00000000ec200000| PB 0x00000000ec200000| Complete 
| 195|0x00000000ec300000, 0x00000000ec400000, 0x00000000ec400000|100%| S|CS|TAMS 0x00000000ec300000| PB 0x00000000ec300000| Complete 
| 196|0x00000000ec400000, 0x00000000ec500000, 0x00000000ec500000|100%| S|CS|TAMS 0x00000000ec400000| PB 0x00000000ec400000| Complete 
| 197|0x00000000ec500000, 0x00000000ec600000, 0x00000000ec600000|100%| S|CS|TAMS 0x00000000ec500000| PB 0x00000000ec500000| Complete 
| 198|0x00000000ec600000, 0x00000000ec700000, 0x00000000ec700000|100%| S|CS|TAMS 0x00000000ec600000| PB 0x00000000ec600000| Complete 
| 199|0x00000000ec700000, 0x00000000ec800000, 0x00000000ec800000|100%| S|CS|TAMS 0x00000000ec700000| PB 0x00000000ec700000| Complete 
| 200|0x00000000ec800000, 0x00000000ec800000, 0x00000000ec900000|  0%| F|  |TAMS 0x00000000ec800000| PB 0x00000000ec800000| Untracked 
| 201|0x00000000ec900000, 0x00000000ec900000, 0x00000000eca00000|  0%| F|  |TAMS 0x00000000ec900000| PB 0x00000000ec900000| Untracked 
| 202|0x00000000eca00000, 0x00000000eca00000, 0x00000000ecb00000|  0%| F|  |TAMS 0x00000000eca00000| PB 0x00000000eca00000| Untracked 
| 203|0x00000000ecb00000, 0x00000000ecb00000, 0x00000000ecc00000|  0%| F|  |TAMS 0x00000000ecb00000| PB 0x00000000ecb00000| Untracked 
| 204|0x00000000ecc00000, 0x00000000ecc00000, 0x00000000ecd00000|  0%| F|  |TAMS 0x00000000ecc00000| PB 0x00000000ecc00000| Untracked 
| 205|0x00000000ecd00000, 0x00000000ecd00000, 0x00000000ece00000|  0%| F|  |TAMS 0x00000000ecd00000| PB 0x00000000ecd00000| Untracked 
| 206|0x00000000ece00000, 0x00000000ece00000, 0x00000000ecf00000|  0%| F|  |TAMS 0x00000000ece00000| PB 0x00000000ece00000| Untracked 
| 207|0x00000000ecf00000, 0x00000000ecf00000, 0x00000000ed000000|  0%| F|  |TAMS 0x00000000ecf00000| PB 0x00000000ecf00000| Untracked 
| 208|0x00000000ed000000, 0x00000000ed000000, 0x00000000ed100000|  0%| F|  |TAMS 0x00000000ed000000| PB 0x00000000ed000000| Untracked 
| 209|0x00000000ed100000, 0x00000000ed100000, 0x00000000ed200000|  0%| F|  |TAMS 0x00000000ed100000| PB 0x00000000ed100000| Untracked 
| 210|0x00000000ed200000, 0x00000000ed200000, 0x00000000ed300000|  0%| F|  |TAMS 0x00000000ed200000| PB 0x00000000ed200000| Untracked 
| 211|0x00000000ed300000, 0x00000000ed300000, 0x00000000ed400000|  0%| F|  |TAMS 0x00000000ed300000| PB 0x00000000ed300000| Untracked 
| 212|0x00000000ed400000, 0x00000000ed400000, 0x00000000ed500000|  0%| F|  |TAMS 0x00000000ed400000| PB 0x00000000ed400000| Untracked 
| 213|0x00000000ed500000, 0x00000000ed500000, 0x00000000ed600000|  0%| F|  |TAMS 0x00000000ed500000| PB 0x00000000ed500000| Untracked 
| 214|0x00000000ed600000, 0x00000000ed600000, 0x00000000ed700000|  0%| F|  |TAMS 0x00000000ed600000| PB 0x00000000ed600000| Untracked 
| 215|0x00000000ed700000, 0x00000000ed700000, 0x00000000ed800000|  0%| F|  |TAMS 0x00000000ed700000| PB 0x00000000ed700000| Untracked 
| 216|0x00000000ed800000, 0x00000000ed800000, 0x00000000ed900000|  0%| F|  |TAMS 0x00000000ed800000| PB 0x00000000ed800000| Untracked 
| 217|0x00000000ed900000, 0x00000000ed900000, 0x00000000eda00000|  0%| F|  |TAMS 0x00000000ed900000| PB 0x00000000ed900000| Untracked 
| 218|0x00000000eda00000, 0x00000000eda00000, 0x00000000edb00000|  0%| F|  |TAMS 0x00000000eda00000| PB 0x00000000eda00000| Untracked 
| 219|0x00000000edb00000, 0x00000000edb00000, 0x00000000edc00000|  0%| F|  |TAMS 0x00000000edb00000| PB 0x00000000edb00000| Untracked 
| 220|0x00000000edc00000, 0x00000000edc00000, 0x00000000edd00000|  0%| F|  |TAMS 0x00000000edc00000| PB 0x00000000edc00000| Untracked 
| 221|0x00000000edd00000, 0x00000000edd00000, 0x00000000ede00000|  0%| F|  |TAMS 0x00000000edd00000| PB 0x00000000edd00000| Untracked 
| 222|0x00000000ede00000, 0x00000000ede00000, 0x00000000edf00000|  0%| F|  |TAMS 0x00000000ede00000| PB 0x00000000ede00000| Untracked 
| 223|0x00000000edf00000, 0x00000000edf00000, 0x00000000ee000000|  0%| F|  |TAMS 0x00000000edf00000| PB 0x00000000edf00000| Untracked 
| 224|0x00000000ee000000, 0x00000000ee000000, 0x00000000ee100000|  0%| F|  |TAMS 0x00000000ee000000| PB 0x00000000ee000000| Untracked 
| 225|0x00000000ee100000, 0x00000000ee100000, 0x00000000ee200000|  0%| F|  |TAMS 0x00000000ee100000| PB 0x00000000ee100000| Untracked 
| 226|0x00000000ee200000, 0x00000000ee200000, 0x00000000ee300000|  0%| F|  |TAMS 0x00000000ee200000| PB 0x00000000ee200000| Untracked 
| 227|0x00000000ee300000, 0x00000000ee300000, 0x00000000ee400000|  0%| F|  |TAMS 0x00000000ee300000| PB 0x00000000ee300000| Untracked 
| 228|0x00000000ee400000, 0x00000000ee400000, 0x00000000ee500000|  0%| F|  |TAMS 0x00000000ee400000| PB 0x00000000ee400000| Untracked 
| 229|0x00000000ee500000, 0x00000000ee500000, 0x00000000ee600000|  0%| F|  |TAMS 0x00000000ee500000| PB 0x00000000ee500000| Untracked 
| 230|0x00000000ee600000, 0x00000000ee600000, 0x00000000ee700000|  0%| F|  |TAMS 0x00000000ee600000| PB 0x00000000ee600000| Untracked 
| 231|0x00000000ee700000, 0x00000000ee700000, 0x00000000ee800000|  0%| F|  |TAMS 0x00000000ee700000| PB 0x00000000ee700000| Untracked 
| 232|0x00000000ee800000, 0x00000000ee800000, 0x00000000ee900000|  0%| F|  |TAMS 0x00000000ee800000| PB 0x00000000ee800000| Untracked 
| 233|0x00000000ee900000, 0x00000000ee900000, 0x00000000eea00000|  0%| F|  |TAMS 0x00000000ee900000| PB 0x00000000ee900000| Untracked 
| 234|0x00000000eea00000, 0x00000000eeb00000, 0x00000000eeb00000|100%| E|  |TAMS 0x00000000eea00000| PB 0x00000000eea00000| Complete 
| 235|0x00000000eeb00000, 0x00000000eec00000, 0x00000000eec00000|100%| E|CS|TAMS 0x00000000eeb00000| PB 0x00000000eeb00000| Complete 
| 236|0x00000000eec00000, 0x00000000eed00000, 0x00000000eed00000|100%| E|CS|TAMS 0x00000000eec00000| PB 0x00000000eec00000| Complete 
| 237|0x00000000eed00000, 0x00000000eee00000, 0x00000000eee00000|100%| E|CS|TAMS 0x00000000eed00000| PB 0x00000000eed00000| Complete 
| 238|0x00000000eee00000, 0x00000000eef00000, 0x00000000eef00000|100%| E|CS|TAMS 0x00000000eee00000| PB 0x00000000eee00000| Complete 
| 239|0x00000000eef00000, 0x00000000ef000000, 0x00000000ef000000|100%| E|CS|TAMS 0x00000000eef00000| PB 0x00000000eef00000| Complete 
| 240|0x00000000ef000000, 0x00000000ef100000, 0x00000000ef100000|100%| E|CS|TAMS 0x00000000ef000000| PB 0x00000000ef000000| Complete 
| 241|0x00000000ef100000, 0x00000000ef200000, 0x00000000ef200000|100%| E|CS|TAMS 0x00000000ef100000| PB 0x00000000ef100000| Complete 
| 242|0x00000000ef200000, 0x00000000ef300000, 0x00000000ef300000|100%| E|CS|TAMS 0x00000000ef200000| PB 0x00000000ef200000| Complete 
| 243|0x00000000ef300000, 0x00000000ef400000, 0x00000000ef400000|100%| E|CS|TAMS 0x00000000ef300000| PB 0x00000000ef300000| Complete 
| 244|0x00000000ef400000, 0x00000000ef500000, 0x00000000ef500000|100%| E|CS|TAMS 0x00000000ef400000| PB 0x00000000ef400000| Complete 
| 245|0x00000000ef500000, 0x00000000ef600000, 0x00000000ef600000|100%| E|CS|TAMS 0x00000000ef500000| PB 0x00000000ef500000| Complete 
| 246|0x00000000ef600000, 0x00000000ef700000, 0x00000000ef700000|100%| E|CS|TAMS 0x00000000ef600000| PB 0x00000000ef600000| Complete 
| 247|0x00000000ef700000, 0x00000000ef800000, 0x00000000ef800000|100%| E|CS|TAMS 0x00000000ef700000| PB 0x00000000ef700000| Complete 
| 248|0x00000000ef800000, 0x00000000ef900000, 0x00000000ef900000|100%| E|CS|TAMS 0x00000000ef800000| PB 0x00000000ef800000| Complete 
| 249|0x00000000ef900000, 0x00000000efa00000, 0x00000000efa00000|100%| E|CS|TAMS 0x00000000ef900000| PB 0x00000000ef900000| Complete 
| 250|0x00000000efa00000, 0x00000000efb00000, 0x00000000efb00000|100%| E|CS|TAMS 0x00000000efa00000| PB 0x00000000efa00000| Complete 
| 251|0x00000000efb00000, 0x00000000efc00000, 0x00000000efc00000|100%| E|CS|TAMS 0x00000000efb00000| PB 0x00000000efb00000| Complete 
| 252|0x00000000efc00000, 0x00000000efd00000, 0x00000000efd00000|100%| E|CS|TAMS 0x00000000efc00000| PB 0x00000000efc00000| Complete 
| 253|0x00000000efd00000, 0x00000000efe00000, 0x00000000efe00000|100%| E|CS|TAMS 0x00000000efd00000| PB 0x00000000efd00000| Complete 
| 254|0x00000000efe00000, 0x00000000eff00000, 0x00000000eff00000|100%| E|CS|TAMS 0x00000000efe00000| PB 0x00000000efe00000| Complete 
| 255|0x00000000eff00000, 0x00000000f0000000, 0x00000000f0000000|100%| E|CS|TAMS 0x00000000eff00000| PB 0x00000000eff00000| Complete 

Card table byte_map: [0x000001ce639e0000,0x000001ce63ae0000] _byte_map_base: 0x000001ce632e0000

Marking Bits: (CMBitMap*) 0x000001ce4f6c8030
 Bits: [0x000001ce63ae0000, 0x000001ce642e0000)

Polling page: 0x000001ce4f430000

Metaspace:

Usage:
  Non-class:     84.35 MB used.
      Class:     13.58 MB used.
       Both:     97.94 MB used.

Virtual space:
  Non-class space:      128.00 MB reserved,      85.44 MB ( 67%) committed,  2 nodes.
      Class space:      320.00 MB reserved,      14.56 MB (  5%) committed,  1 nodes.
             Both:      448.00 MB reserved,     100.00 MB ( 22%) committed. 

Chunk freelists:
   Non-Class:  10.47 MB
       Class:  1.38 MB
        Both:  11.84 MB

MaxMetaspaceSize: 384.00 MB
CompressedClassSpaceSize: 320.00 MB
Initial GC threshold: 21.00 MB
Current GC threshold: 165.12 MB
CDS: on
 - commit_granule_bytes: 65536.
 - commit_granule_words: 8192.
 - virtual_space_node_default_size: 8388608.
 - enlarge_chunks_in_place: 1.
 - use_allocation_guard: 0.


Internal statistics:

num_allocs_failed_limit: 18.
num_arena_births: 3692.
num_arena_deaths: 0.
num_vsnodes_births: 3.
num_vsnodes_deaths: 0.
num_space_committed: 1600.
num_space_uncommitted: 0.
num_chunks_returned_to_freelist: 18.
num_chunks_taken_from_freelist: 8119.
num_chunk_merges: 15.
num_chunk_splits: 5477.
num_chunks_enlarged: 3611.
num_inconsistent_stats: 0.

CodeHeap 'non-profiled nmethods': size=120000Kb used=7585Kb max_used=7882Kb free=112414Kb
 bounds [0x000001ce5b950000, 0x000001ce5c120000, 0x000001ce62e80000]
CodeHeap 'profiled nmethods': size=120000Kb used=22085Kb max_used=23849Kb free=97914Kb
 bounds [0x000001ce53e80000, 0x000001ce555d0000, 0x000001ce5b3b0000]
CodeHeap 'non-nmethods': size=5760Kb used=2674Kb max_used=2731Kb free=3085Kb
 bounds [0x000001ce5b3b0000, 0x000001ce5b660000, 0x000001ce5b950000]
CodeCache: size=245760Kb, used=32344Kb, max_used=34462Kb, free=213413Kb
 total_blobs=12422, nmethods=11485, adapters=841, full_count=0
Compilation: enabled, stopped_count=0, restarted_count=0

Compilation events (20 events):
Event: 385.572 Thread 0x000001ce0000d310 12867       1       org.gradle.internal.reflect.annotations.impl.DefaultPropertyAnnotationMetadata::getPropertyName (5 bytes)
Event: 385.572 Thread 0x000001ce0000d310 nmethod 12867 0x000001ce5badaa90 code [0x000001ce5badac20, 0x000001ce5badace8]
Event: 385.572 Thread 0x000001ce0000d310 12866       3       org.gradle.api.internal.project.DefaultProject::getProject (2 bytes)
Event: 385.573 Thread 0x000001ce0000d310 nmethod 12866 0x000001ce54029a10 code [0x000001ce54029ba0, 0x000001ce54029cb0]
Event: 385.585 Thread 0x000001ce0000d310 12869       3       java.lang.reflect.ProxyGenerator::collectCompatibleTypes (93 bytes)
Event: 385.586 Thread 0x000001ce0000d310 nmethod 12869 0x000001ce54222c90 code [0x000001ce54222e80, 0x000001ce54223368]
Event: 385.612 Thread 0x000001ce0000d310 12871       3       java.lang.invoke.DirectMethodHandle$StaticAccessor::<init> (30 bytes)
Event: 385.613 Thread 0x000001ce0000d310 nmethod 12871 0x000001ce53f59f10 code [0x000001ce53f5a0e0, 0x000001ce53f5a348]
Event: 385.620 Thread 0x000001ce0000d310 12872       3       com.google.common.reflect.TypeToken$SimpleTypeToken::<init> (7 bytes)
Event: 385.620 Thread 0x000001ce0000d310 nmethod 12872 0x000001ce54151890 code [0x000001ce54151a80, 0x000001ce54151fc8]
Event: 385.620 Thread 0x000001ce0000d310 12873       3       com.google.common.reflect.TypeToken::<init> (6 bytes)
Event: 385.621 Thread 0x000001ce0000d310 nmethod 12873 0x000001ce53fb2190 code [0x000001ce53fb2380, 0x000001ce53fb2868]
Event: 385.621 Thread 0x000001ce0000d310 12874       3       com.google.common.reflect.TypeToken::<init> (16 bytes)
Event: 385.621 Thread 0x000001ce0000d310 nmethod 12874 0x000001ce540a0990 code [0x000001ce540a0b60, 0x000001ce540a0ff0]
Event: 385.621 Thread 0x000001ce0000d310 12875       3       org.gradle.internal.properties.annotations.DefaultTypeMetadataStore$DefaultPropertyMetadata::isAnnotationPresent (11 bytes)
Event: 385.626 Thread 0x000001ce0000d310 nmethod 12875 0x000001ce53fd3910 code [0x000001ce53fd3ac0, 0x000001ce53fd3d50]
Event: 385.626 Thread 0x000001ce0000d310 12876       3       org.gradle.internal.reflect.annotations.impl.DefaultPropertyAnnotationMetadata::isAnnotationPresent (9 bytes)
Event: 385.627 Thread 0x000001ce0000d310 nmethod 12876 0x000001ce53f3f690 code [0x000001ce53f3f840, 0x000001ce53f3fa18]
Event: 385.628 Thread 0x000001ce00008100 nmethod 12868 0x000001ce5bbc9010 code [0x000001ce5bbc9300, 0x000001ce5bbca648]
Event: 385.628 Thread 0x000001ce00008100 12870       4       org.gradle.internal.reflect.ClassInspector::inspectClass (179 bytes)

GC Heap History (20 events):
Event: 208.075 GC heap before
{Heap before GC invocations=17 (full 0):
 garbage-first heap   total 262144K, used 85055K [0x00000000e0000000, 0x0000000100000000)
  region size 1024K, 12 young (12288K), 5 survivors (5120K)
 Metaspace       used 76415K, committed 78400K, reserved 458752K
  class space    used 10633K, committed 11584K, reserved 327680K
}
Event: 208.163 GC heap after
{Heap after GC invocations=18 (full 0):
 garbage-first heap   total 262144K, used 78380K [0x00000000e0000000, 0x0000000100000000)
  region size 1024K, 2 young (2048K), 2 survivors (2048K)
 Metaspace       used 76415K, committed 78400K, reserved 458752K
  class space    used 10633K, committed 11584K, reserved 327680K
}
Event: 209.580 GC heap before
{Heap before GC invocations=18 (full 0):
 garbage-first heap   total 262144K, used 100908K [0x00000000e0000000, 0x0000000100000000)
  region size 1024K, 24 young (24576K), 2 survivors (2048K)
 Metaspace       used 77869K, committed 79808K, reserved 458752K
  class space    used 10853K, committed 11776K, reserved 327680K
}
Event: 209.586 GC heap after
{Heap after GC invocations=19 (full 0):
 garbage-first heap   total 262144K, used 79419K [0x00000000e0000000, 0x0000000100000000)
  region size 1024K, 3 young (3072K), 3 survivors (3072K)
 Metaspace       used 77869K, committed 79808K, reserved 458752K
  class space    used 10853K, committed 11776K, reserved 327680K
}
Event: 211.088 GC heap before
{Heap before GC invocations=19 (full 0):
 garbage-first heap   total 262144K, used 97851K [0x00000000e0000000, 0x0000000100000000)
  region size 1024K, 21 young (21504K), 3 survivors (3072K)
 Metaspace       used 79649K, committed 81664K, reserved 458752K
  class space    used 11191K, committed 12160K, reserved 327680K
}
Event: 211.094 GC heap after
{Heap after GC invocations=20 (full 0):
 garbage-first heap   total 262144K, used 80134K [0x00000000e0000000, 0x0000000100000000)
  region size 1024K, 1 young (1024K), 1 survivors (1024K)
 Metaspace       used 79649K, committed 81664K, reserved 458752K
  class space    used 11191K, committed 12160K, reserved 327680K
}
Event: 232.381 GC heap before
{Heap before GC invocations=20 (full 0):
 garbage-first heap   total 262144K, used 110854K [0x00000000e0000000, 0x0000000100000000)
  region size 1024K, 31 young (31744K), 1 survivors (1024K)
 Metaspace       used 80906K, committed 82944K, reserved 458752K
  class space    used 11320K, committed 12288K, reserved 327680K
}
Event: 232.396 GC heap after
{Heap after GC invocations=21 (full 0):
 garbage-first heap   total 262144K, used 84236K [0x00000000e0000000, 0x0000000100000000)
  region size 1024K, 4 young (4096K), 4 survivors (4096K)
 Metaspace       used 80906K, committed 82944K, reserved 458752K
  class space    used 11320K, committed 12288K, reserved 327680K
}
Event: 236.296 GC heap before
{Heap before GC invocations=21 (full 0):
 garbage-first heap   total 262144K, used 91404K [0x00000000e0000000, 0x0000000100000000)
  region size 1024K, 12 young (12288K), 4 survivors (4096K)
 Metaspace       used 80951K, committed 82944K, reserved 458752K
  class space    used 11320K, committed 12288K, reserved 327680K
}
Event: 236.379 GC heap after
{Heap after GC invocations=22 (full 0):
 garbage-first heap   total 262144K, used 85440K [0x00000000e0000000, 0x0000000100000000)
  region size 1024K, 1 young (1024K), 1 survivors (1024K)
 Metaspace       used 80951K, committed 82944K, reserved 458752K
  class space    used 11320K, committed 12288K, reserved 327680K
}
Event: 269.697 GC heap before
{Heap before GC invocations=22 (full 0):
 garbage-first heap   total 262144K, used 241088K [0x00000000e0000000, 0x0000000100000000)
  region size 1024K, 145 young (148480K), 1 survivors (1024K)
 Metaspace       used 82477K, committed 84544K, reserved 458752K
  class space    used 11508K, committed 12480K, reserved 327680K
}
Event: 269.784 GC heap after
{Heap after GC invocations=23 (full 0):
 garbage-first heap   total 262144K, used 105134K [0x00000000e0000000, 0x0000000100000000)
  region size 1024K, 12 young (12288K), 12 survivors (12288K)
 Metaspace       used 82477K, committed 84544K, reserved 458752K
  class space    used 11508K, committed 12480K, reserved 327680K
}
Event: 270.852 GC heap before
{Heap before GC invocations=23 (full 0):
 garbage-first heap   total 262144K, used 115374K [0x00000000e0000000, 0x0000000100000000)
  region size 1024K, 22 young (22528K), 12 survivors (12288K)
 Metaspace       used 83477K, committed 85504K, reserved 458752K
  class space    used 11643K, committed 12608K, reserved 327680K
}
Event: 270.897 GC heap after
{Heap after GC invocations=24 (full 0):
 garbage-first heap   total 262144K, used 105829K [0x00000000e0000000, 0x0000000100000000)
  region size 1024K, 1 young (1024K), 1 survivors (1024K)
 Metaspace       used 83477K, committed 85504K, reserved 458752K
  class space    used 11643K, committed 12608K, reserved 327680K
}
Event: 369.213 GC heap before
{Heap before GC invocations=24 (full 0):
 garbage-first heap   total 262144K, used 249189K [0x00000000e0000000, 0x0000000100000000)
  region size 1024K, 134 young (137216K), 1 survivors (1024K)
 Metaspace       used 95201K, committed 97280K, reserved 458752K
  class space    used 13052K, committed 14080K, reserved 327680K
}
Event: 369.387 GC heap after
{Heap after GC invocations=25 (full 0):
 garbage-first heap   total 262144K, used 122144K [0x00000000e0000000, 0x0000000100000000)
  region size 1024K, 10 young (10240K), 10 survivors (10240K)
 Metaspace       used 95201K, committed 97280K, reserved 458752K
  class space    used 13052K, committed 14080K, reserved 327680K
}
Event: 370.870 GC heap before
{Heap before GC invocations=25 (full 0):
 garbage-first heap   total 262144K, used 137504K [0x00000000e0000000, 0x0000000100000000)
  region size 1024K, 25 young (25600K), 10 survivors (10240K)
 Metaspace       used 95369K, committed 97408K, reserved 458752K
  class space    used 13087K, committed 14080K, reserved 327680K
}
Event: 370.887 GC heap after
{Heap after GC invocations=26 (full 0):
 garbage-first heap   total 262144K, used 124053K [0x00000000e0000000, 0x0000000100000000)
  region size 1024K, 3 young (3072K), 3 survivors (3072K)
 Metaspace       used 95369K, committed 97408K, reserved 458752K
  class space    used 13087K, committed 14080K, reserved 327680K
}
Event: 383.366 GC heap before
{Heap before GC invocations=26 (full 0):
 garbage-first heap   total 262144K, used 177301K [0x00000000e0000000, 0x0000000100000000)
  region size 1024K, 56 young (57344K), 3 survivors (3072K)
 Metaspace       used 98488K, committed 100608K, reserved 458752K
  class space    used 13583K, committed 14592K, reserved 327680K
}
Event: 383.462 GC heap after
{Heap after GC invocations=27 (full 0):
 garbage-first heap   total 262144K, used 127617K [0x00000000e0000000, 0x0000000100000000)
  region size 1024K, 6 young (6144K), 6 survivors (6144K)
 Metaspace       used 98488K, committed 100608K, reserved 458752K
  class space    used 13583K, committed 14592K, reserved 327680K
}

Dll operation events (20 events):
Event: 0.841 Attempting to load shared library C:\Users\NAGARAJU\.antigravity-ide\extensions\redhat.java-1.56.0-win32-x64\jre\21.0.12.1-win32-x86_64\bin\nio.dll
Event: 0.845 Loaded shared library C:\Users\NAGARAJU\.antigravity-ide\extensions\redhat.java-1.56.0-win32-x64\jre\21.0.12.1-win32-x86_64\bin\nio.dll
Event: 0.857 Attempting to load shared library C:\Users\NAGARAJU\.antigravity-ide\extensions\redhat.java-1.56.0-win32-x64\jre\21.0.12.1-win32-x86_64\bin\zip.dll
Event: 0.857 Loaded shared library C:\Users\NAGARAJU\.antigravity-ide\extensions\redhat.java-1.56.0-win32-x64\jre\21.0.12.1-win32-x86_64\bin\zip.dll
Event: 4.350 Attempting to load shared library C:\Users\NAGARAJU\.antigravity-ide\extensions\redhat.java-1.56.0-win32-x64\jre\21.0.12.1-win32-x86_64\bin\jimage.dll
Event: 4.350 Loaded shared library C:\Users\NAGARAJU\.antigravity-ide\extensions\redhat.java-1.56.0-win32-x64\jre\21.0.12.1-win32-x86_64\bin\jimage.dll
Event: 6.154 Attempting to load shared library C:\Users\NAGARAJU\.antigravity-ide\extensions\redhat.java-1.56.0-win32-x64\jre\21.0.12.1-win32-x86_64\bin\verify.dll
Event: 6.162 Loaded shared library C:\Users\NAGARAJU\.antigravity-ide\extensions\redhat.java-1.56.0-win32-x64\jre\21.0.12.1-win32-x86_64\bin\verify.dll
Event: 7.600 Attempting to load shared library C:\Users\NAGARAJU\.gradle\native\c067742578af261105cb4f569cf0c3c89f3d7b1fecec35dd04571415982c5e48\windows-amd64\native-platform.dll
Event: 7.603 Loaded shared library C:\Users\NAGARAJU\.gradle\native\c067742578af261105cb4f569cf0c3c89f3d7b1fecec35dd04571415982c5e48\windows-amd64\native-platform.dll
Event: 7.692 Attempting to load shared library C:\Users\NAGARAJU\.gradle\native\100fb08df4bc3b14c8652ba06237920a3bd2aa13389f12d3474272988ae205f9\windows-amd64\native-platform-file-events.dll
Event: 7.709 Loaded shared library C:\Users\NAGARAJU\.gradle\native\100fb08df4bc3b14c8652ba06237920a3bd2aa13389f12d3474272988ae205f9\windows-amd64\native-platform-file-events.dll
Event: 14.859 Attempting to load shared library C:\Users\NAGARAJU\.antigravity-ide\extensions\redhat.java-1.56.0-win32-x64\jre\21.0.12.1-win32-x86_64\bin\management.dll
Event: 14.863 Loaded shared library C:\Users\NAGARAJU\.antigravity-ide\extensions\redhat.java-1.56.0-win32-x64\jre\21.0.12.1-win32-x86_64\bin\management.dll
Event: 14.882 Attempting to load shared library C:\Users\NAGARAJU\.antigravity-ide\extensions\redhat.java-1.56.0-win32-x64\jre\21.0.12.1-win32-x86_64\bin\management_ext.dll
Event: 14.936 Loaded shared library C:\Users\NAGARAJU\.antigravity-ide\extensions\redhat.java-1.56.0-win32-x64\jre\21.0.12.1-win32-x86_64\bin\management_ext.dll
Event: 30.175 Attempting to load shared library C:\Users\NAGARAJU\.antigravity-ide\extensions\redhat.java-1.56.0-win32-x64\jre\21.0.12.1-win32-x86_64\bin\extnet.dll
Event: 30.184 Loaded shared library C:\Users\NAGARAJU\.antigravity-ide\extensions\redhat.java-1.56.0-win32-x64\jre\21.0.12.1-win32-x86_64\bin\extnet.dll
Event: 35.677 Attempting to load shared library C:\Users\NAGARAJU\.antigravity-ide\extensions\redhat.java-1.56.0-win32-x64\jre\21.0.12.1-win32-x86_64\bin\sunmscapi.dll
Event: 35.835 Loaded shared library C:\Users\NAGARAJU\.antigravity-ide\extensions\redhat.java-1.56.0-win32-x64\jre\21.0.12.1-win32-x86_64\bin\sunmscapi.dll

Deoptimization events (20 events):
Event: 384.928 Thread 0x000001ce01030c80 Uncommon trap: trap_request=0xfffffff4 fr.pc=0x000001ce5bdea150 relative=0x0000000000000570
Event: 384.928 Thread 0x000001ce01030c80 Uncommon trap: reason=null_check action=make_not_entrant pc=0x000001ce5bdea150 method=java.lang.ThreadLocal$ThreadLocalMap.expungeStaleEntry(I)I @ 51 c2
Event: 384.928 Thread 0x000001ce01030c80 DEOPT PACKING pc=0x000001ce5bdea150 sp=0x000000b2532f89e0
Event: 384.929 Thread 0x000001ce01030c80 DEOPT UNPACKING pc=0x000001ce5b404422 sp=0x000000b2532f8990 mode 2
Event: 384.929 Thread 0x000001ce01030c80 Uncommon trap: trap_request=0xffffff45 fr.pc=0x000001ce5bde94a8 relative=0x00000000000006a8
Event: 384.929 Thread 0x000001ce01030c80 Uncommon trap: reason=unstable_if action=reinterpret pc=0x000001ce5bde94a8 method=java.lang.ThreadLocal$ThreadLocalMap.set(Ljava/lang/ThreadLocal;Ljava/lang/Object;)V @ 116 c2
Event: 384.929 Thread 0x000001ce01030c80 DEOPT PACKING pc=0x000001ce5bde94a8 sp=0x000000b2532f8af0
Event: 384.929 Thread 0x000001ce01030c80 DEOPT UNPACKING pc=0x000001ce5b404422 sp=0x000000b2532f8a30 mode 2
Event: 385.041 Thread 0x000001ce01030c80 Uncommon trap: trap_request=0xffffff45 fr.pc=0x000001ce5bcb5f60 relative=0x0000000000000600
Event: 385.041 Thread 0x000001ce01030c80 Uncommon trap: reason=unstable_if action=reinterpret pc=0x000001ce5bcb5f60 method=java.lang.ThreadLocal$ThreadLocalMap.set(Ljava/lang/ThreadLocal;Ljava/lang/Object;)V @ 116 c2
Event: 385.041 Thread 0x000001ce01030c80 DEOPT PACKING pc=0x000001ce5bcb5f60 sp=0x000000b2532f9460
Event: 385.041 Thread 0x000001ce01030c80 DEOPT UNPACKING pc=0x000001ce5b404422 sp=0x000000b2532f9430 mode 2
Event: 385.301 Thread 0x000001ce01030c80 Uncommon trap: trap_request=0xffffff45 fr.pc=0x000001ce5bf0f8e0 relative=0x0000000000000940
Event: 385.301 Thread 0x000001ce01030c80 Uncommon trap: reason=unstable_if action=reinterpret pc=0x000001ce5bf0f8e0 method=org.objectweb.asm.ByteVector.encodeUtf8(Ljava/lang/String;II)Lorg/objectweb/asm/ByteVector; @ 139 c2
Event: 385.301 Thread 0x000001ce01030c80 DEOPT PACKING pc=0x000001ce5bf0f8e0 sp=0x000000b2532f8980
Event: 385.302 Thread 0x000001ce01030c80 DEOPT UNPACKING pc=0x000001ce5b404422 sp=0x000000b2532f8928 mode 2
Event: 385.586 Thread 0x000001ce01030c80 Uncommon trap: trap_request=0xffffff54 fr.pc=0x000001ce5c07a6fc relative=0x0000000000000abc
Event: 385.586 Thread 0x000001ce01030c80 Uncommon trap: reason=speculate_null_assert action=make_not_entrant pc=0x000001ce5c07a6fc method=org.gradle.internal.instantiation.generator.AbstractClassGenerator$PropertyMetadata.hasAnnotation(Ljava/lang/Class;)Z @ 5 c2
Event: 385.587 Thread 0x000001ce01030c80 DEOPT PACKING pc=0x000001ce5c07a6fc sp=0x000000b2532f8e20
Event: 385.587 Thread 0x000001ce01030c80 DEOPT UNPACKING pc=0x000001ce5b404422 sp=0x000000b2532f8da8 mode 2

Classes loaded (20 events):
Event: 370.906 Loading class java/beans/IntrospectionException
Event: 370.906 Loading class java/beans/IntrospectionException done
Event: 370.942 Loading class java/lang/BooleanBeanInfo
Event: 370.942 Loading class java/lang/BooleanBeanInfo done
Event: 370.943 Loading class java/lang/BooleanBeanInfo
Event: 370.943 Loading class java/lang/BooleanBeanInfo done
Event: 370.943 Loading class java/lang/BooleanCustomizer
Event: 370.943 Loading class java/lang/BooleanCustomizer done
Event: 370.943 Loading class java/lang/BooleanCustomizer
Event: 370.943 Loading class java/lang/BooleanCustomizer done
Event: 370.943 Loading class jdk/internal/ValueBased
Event: 370.944 Loading class jdk/internal/ValueBased done
Event: 374.363 Loading class java/lang/EnumBeanInfo
Event: 374.363 Loading class java/lang/EnumBeanInfo done
Event: 374.363 Loading class java/lang/EnumBeanInfo
Event: 374.363 Loading class java/lang/EnumBeanInfo done
Event: 374.363 Loading class java/lang/EnumCustomizer
Event: 374.363 Loading class java/lang/EnumCustomizer done
Event: 374.364 Loading class java/lang/EnumCustomizer
Event: 374.364 Loading class java/lang/EnumCustomizer done

Classes unloaded (0 events):
No events

Classes redefined (0 events):
No events

Internal exceptions (20 events):
Event: 375.330 Thread 0x000001ce01030c80 Exception <a 'java/lang/ClassNotFoundException'{0x00000000eedcbf98}: com/android/build/gradle/internal/api/DefaultAndroidSourceSet_DecoratedBeanInfo> (0x00000000eedcbf98) 
thrown [s\src\hotspot\share\classfile\systemDictionary.cpp, line 313]
Event: 375.332 Thread 0x000001ce01030c80 Exception <a 'java/lang/ClassNotFoundException'{0x00000000eedd8750}: com/android/build/gradle/internal/api/DefaultAndroidSourceSetBeanInfo> (0x00000000eedd8750) 
thrown [s\src\hotspot\share\classfile\systemDictionary.cpp, line 313]
Event: 375.334 Thread 0x000001ce01030c80 Exception <a 'java/lang/ClassNotFoundException'{0x00000000eede51d0}: com/android/build/gradle/internal/api/DefaultAndroidSourceSetCustomizer> (0x00000000eede51d0) 
thrown [s\src\hotspot\share\classfile\systemDictionary.cpp, line 313]
Event: 375.359 Thread 0x000001ce01030c80 Exception <a 'java/lang/ClassNotFoundException'{0x00000000eec4b568}: com/android/build/gradle/internal/api/DefaultAndroidSourceSet_DecoratedCustomizer> (0x00000000eec4b568) 
thrown [s\src\hotspot\share\classfile\systemDictionary.cpp, line 313]
Event: 375.401 Thread 0x000001ce01030c80 Exception <a 'java/lang/ClassNotFoundException'{0x00000000eeb0a048}: org/jetbrains/kotlin/gradle/plugin/sources/DefaultKotlinSourceSet_DecoratedBeanInfo> (0x00000000eeb0a048) 
thrown [s\src\hotspot\share\classfile\systemDictionary.cpp, line 313]
Event: 375.404 Thread 0x000001ce01030c80 Exception <a 'java/lang/ClassNotFoundException'{0x00000000eeb16898}: org/jetbrains/kotlin/gradle/plugin/sources/DefaultKotlinSourceSetBeanInfo> (0x00000000eeb16898) 
thrown [s\src\hotspot\share\classfile\systemDictionary.cpp, line 313]
Event: 375.406 Thread 0x000001ce01030c80 Exception <a 'java/lang/ClassNotFoundException'{0x00000000eeb23388}: org/jetbrains/kotlin/gradle/plugin/sources/AbstractKotlinSourceSetBeanInfo> (0x00000000eeb23388) 
thrown [s\src\hotspot\share\classfile\systemDictionary.cpp, line 313]
Event: 375.408 Thread 0x000001ce01030c80 Exception <a 'java/lang/ClassNotFoundException'{0x00000000eeb2fe68}: org/jetbrains/kotlin/gradle/plugin/sources/AbstractKotlinSourceSetCustomizer> (0x00000000eeb2fe68) 
thrown [s\src\hotspot\share\classfile\systemDictionary.cpp, line 313]
Event: 375.410 Thread 0x000001ce01030c80 Exception <a 'java/lang/ClassNotFoundException'{0x00000000eeb4bc70}: org/jetbrains/kotlin/gradle/plugin/sources/DefaultKotlinSourceSetCustomizer> (0x00000000eeb4bc70) 
thrown [s\src\hotspot\share\classfile\systemDictionary.cpp, line 313]
Event: 375.455 Thread 0x000001ce01030c80 Exception <a 'java/lang/ClassNotFoundException'{0x00000000eeba3250}: org/jetbrains/kotlin/gradle/plugin/sources/DefaultKotlinSourceSet_DecoratedCustomizer> (0x00000000eeba3250) 
thrown [s\src\hotspot\share\classfile\systemDictionary.cpp, line 313]
Event: 375.472 Thread 0x000001ce01030c80 Exception <a 'java/lang/ClassNotFoundException'{0x00000000eea25948}: com/android/build/gradle/internal/api/DefaultAndroidSourceDirectorySetBeanInfo> (0x00000000eea25948) 
thrown [s\src\hotspot\share\classfile\systemDictionary.cpp, line 313]
Event: 375.473 Thread 0x000001ce01030c80 Exception <a 'java/lang/ClassNotFoundException'{0x00000000eea311b8}: com/android/build/gradle/internal/api/DefaultAndroidSourceDirectorySetCustomizer> (0x00000000eea311b8) 
thrown [s\src\hotspot\share\classfile\systemDictionary.cpp, line 313]
Event: 375.526 Thread 0x000001ce01030c80 Exception <a 'java/lang/ClassNotFoundException'{0x00000000ee9664e0}: com/google/common/collect/SingletonImmutableSetBeanInfo> (0x00000000ee9664e0) 
thrown [s\src\hotspot\share\classfile\systemDictionary.cpp, line 313]
Event: 375.528 Thread 0x000001ce01030c80 Exception <a 'java/lang/ClassNotFoundException'{0x00000000ee971a50}: com/google/common/collect/ImmutableSetBeanInfo> (0x00000000ee971a50) 
thrown [s\src\hotspot\share\classfile\systemDictionary.cpp, line 313]
Event: 375.530 Thread 0x000001ce01030c80 Exception <a 'java/lang/ClassNotFoundException'{0x00000000ee97db28}: com/google/common/collect/ImmutableCollectionBeanInfo> (0x00000000ee97db28) 
thrown [s\src\hotspot\share\classfile\systemDictionary.cpp, line 313]
Event: 375.536 Thread 0x000001ce01030c80 Exception <a 'java/lang/ClassNotFoundException'{0x00000000ee989420}: com/google/common/collect/ImmutableCollectionCustomizer> (0x00000000ee989420) 
thrown [s\src\hotspot\share\classfile\systemDictionary.cpp, line 313]
Event: 375.681 Thread 0x000001ce01030c80 Exception <a 'java/lang/ClassNotFoundException'{0x00000000ee9bfa18}: com/google/common/collect/ImmutableSetCustomizer> (0x00000000ee9bfa18) 
thrown [s\src\hotspot\share\classfile\systemDictionary.cpp, line 313]
Event: 375.693 Thread 0x000001ce01030c80 Exception <a 'java/lang/ClassNotFoundException'{0x00000000ee80b588}: com/google/common/collect/SingletonImmutableSetCustomizer> (0x00000000ee80b588) 
thrown [s\src\hotspot\share\classfile\systemDictionary.cpp, line 313]
Event: 384.928 Thread 0x000001ce01030c80 Implicit null exception at 0x000001ce5bde9cba to 0x000001ce5bdea12c
Event: 385.227 Thread 0x000001ce01030c80 Exception <a 'java/lang/NoSuchMethodError'{0x00000000ef271b88}: 'int java.lang.invoke.DirectMethodHandle$Holder.invokeSpecialIFC(java.lang.Object, java.lang.Object, java.lang.Object, java.lang.Object, java.lang.Object)'> (0x00000000ef271b88) 
thrown [s\src\hotspot\share\interpreter\linkResolver.cpp, line 773]

ZGC Phase Switch (0 events):
No events

VM Operations (20 events):
Event: 375.923 Executing safepoint VM operation: Cleanup done
Event: 379.957 Executing safepoint VM operation: Cleanup
Event: 379.972 Executing safepoint VM operation: Cleanup done
Event: 380.979 Executing safepoint VM operation: Cleanup
Event: 380.995 Executing safepoint VM operation: Cleanup done
Event: 382.001 Executing safepoint VM operation: Cleanup
Event: 382.015 Executing safepoint VM operation: Cleanup done
Event: 383.021 Executing safepoint VM operation: Cleanup
Event: 383.035 Executing safepoint VM operation: Cleanup done
Event: 383.366 Executing safepoint VM operation: CollectForMetadataAllocation (Metadata GC Threshold)
Event: 383.470 Executing safepoint VM operation: CollectForMetadataAllocation (Metadata GC Threshold) done
Event: 383.899 Executing safepoint VM operation: CollectForMetadataAllocation (Metadata GC Threshold)
Event: 383.899 Executing safepoint VM operation: CollectForMetadataAllocation (Metadata GC Threshold) done
Event: 384.532 Executing safepoint VM operation: CollectForMetadataAllocation (Metadata GC Threshold)
Event: 384.532 Executing safepoint VM operation: CollectForMetadataAllocation (Metadata GC Threshold) done
Event: 384.664 Executing safepoint VM operation: G1PauseRemark
Event: 384.927 Executing safepoint VM operation: G1PauseRemark done
Event: 384.977 Executing safepoint VM operation: G1PauseCleanup
Event: 384.980 Executing safepoint VM operation: G1PauseCleanup done
Event: 385.994 Executing safepoint VM operation: Cleanup

Memory protections (0 events):
No events

Nmethod flushes (20 events):
Event: 384.903 Thread 0x000001ce66d7db10 flushing  nmethod 0x000001ce54617c10
Event: 384.903 Thread 0x000001ce66d7db10 flushing  nmethod 0x000001ce5461b610
Event: 384.903 Thread 0x000001ce66d7db10 flushing  nmethod 0x000001ce5461bd90
Event: 384.903 Thread 0x000001ce66d7db10 flushing  nmethod 0x000001ce547a8e10
Event: 384.903 Thread 0x000001ce66d7db10 flushing  nmethod 0x000001ce547a9810
Event: 384.903 Thread 0x000001ce66d7db10 flushing  nmethod 0x000001ce547aa710
Event: 384.903 Thread 0x000001ce66d7db10 flushing  nmethod 0x000001ce547ab390
Event: 384.903 Thread 0x000001ce66d7db10 flushing  nmethod 0x000001ce547d0910
Event: 384.903 Thread 0x000001ce66d7db10 flushing  nmethod 0x000001ce547f6b90
Event: 384.903 Thread 0x000001ce66d7db10 flushing  nmethod 0x000001ce547fdb10
Event: 384.903 Thread 0x000001ce66d7db10 flushing  nmethod 0x000001ce548a0910
Event: 384.903 Thread 0x000001ce66d7db10 flushing  nmethod 0x000001ce548f7f10
Event: 384.903 Thread 0x000001ce66d7db10 flushing  nmethod 0x000001ce548fc610
Event: 384.903 Thread 0x000001ce66d7db10 flushing  nmethod 0x000001ce5497b710
Event: 384.903 Thread 0x000001ce66d7db10 flushing  nmethod 0x000001ce54980790
Event: 384.903 Thread 0x000001ce66d7db10 flushing  nmethod 0x000001ce549b2010
Event: 384.903 Thread 0x000001ce66d7db10 flushing  nmethod 0x000001ce54a00010
Event: 384.903 Thread 0x000001ce66d7db10 flushing  nmethod 0x000001ce54c53b90
Event: 384.903 Thread 0x000001ce66d7db10 flushing  nmethod 0x000001ce54c57710
Event: 384.903 Thread 0x000001ce66d7db10 flushing  nmethod 0x000001ce54ca2990

Events (20 events):
Event: 231.999 Thread 0x000001ce01030c80 Thread added: 0x000001ce02dc2870
Event: 232.000 Thread 0x000001ce01030c80 Thread added: 0x000001ce02dc14c0
Event: 241.293 Thread 0x000001ce01030c80 Thread added: 0x000001ce02dc70a0
Event: 241.831 Thread 0x000001ce01030c80 Thread added: 0x000001ce02dc8450
Event: 241.833 Thread 0x000001ce01030c80 Thread added: 0x000001ce02dc8ae0
Event: 241.849 Thread 0x000001ce01030c80 Thread added: 0x000001ce0332ae80
Event: 241.850 Thread 0x000001ce01030c80 Thread added: 0x000001ce0332a7f0
Event: 241.851 Thread 0x000001ce01030c80 Thread added: 0x000001ce0332a160
Event: 241.879 Thread 0x000001ce01030c80 Thread added: 0x000001ce03328720
Event: 248.034 Thread 0x000001ce01030c80 Thread added: 0x000001ce04add6f0
Event: 248.035 Thread 0x000001ce01030c80 Thread added: 0x000001ce04addd80
Event: 248.036 Thread 0x000001ce01030c80 Thread added: 0x000001ce04ade410
Event: 248.037 Thread 0x000001ce01030c80 Thread added: 0x000001ce04add060
Event: 248.038 Thread 0x000001ce01030c80 Thread added: 0x000001ce04adaf90
Event: 248.040 Thread 0x000001ce01030c80 Thread added: 0x000001ce04adc9d0
Event: 248.041 Thread 0x000001ce01030c80 Thread added: 0x000001ce04adeaa0
Event: 272.674 Thread 0x000001ce02dc3590 Thread exited: 0x000001ce02dc3590
Event: 355.829 Thread 0x000001ce010305f0 Thread exited: 0x000001ce010305f0
Event: 369.532 Thread 0x000001ce0000d310 Thread added: 0x000001ce05c20690
Event: 369.885 Thread 0x000001ce05c20690 Thread exited: 0x000001ce05c20690


Dynamic libraries:
0x00007ff72d0c0000 - 0x00007ff72d0ce000 	C:\Users\NAGARAJU\.antigravity-ide\extensions\redhat.java-1.56.0-win32-x64\jre\21.0.12.1-win32-x86_64\bin\java.exe
0x00007ffd9d520000 - 0x00007ffd9d786000 	C:\WINDOWS\SYSTEM32\ntdll.dll
0x00007ffd9d080000 - 0x00007ffd9d149000 	C:\WINDOWS\System32\KERNEL32.DLL
0x00007ffd9a8c0000 - 0x00007ffd9acbf000 	C:\WINDOWS\System32\KERNELBASE.dll
0x00007ffd9ad90000 - 0x00007ffd9aedc000 	C:\WINDOWS\System32\ucrtbase.dll
0x00007ffd64b50000 - 0x00007ffd64b68000 	C:\Users\NAGARAJU\.antigravity-ide\extensions\redhat.java-1.56.0-win32-x64\jre\21.0.12.1-win32-x86_64\bin\jli.dll
0x00007ffd9cc50000 - 0x00007ffd9ce16000 	C:\WINDOWS\System32\USER32.dll
0x00007ffd9b040000 - 0x00007ffd9b067000 	C:\WINDOWS\System32\win32u.dll
0x00007ffd9d380000 - 0x00007ffd9d3ab000 	C:\WINDOWS\System32\GDI32.dll
0x00007ffd9b070000 - 0x00007ffd9b199000 	C:\WINDOWS\System32\gdi32full.dll
0x00007ffd9b1a0000 - 0x00007ffd9b243000 	C:\WINDOWS\System32\msvcp_win.dll
0x00007ffd70450000 - 0x00007ffd7046e000 	C:\Users\NAGARAJU\.antigravity-ide\extensions\redhat.java-1.56.0-win32-x64\jre\21.0.12.1-win32-x86_64\bin\VCRUNTIME140.dll
0x00007ffd82850000 - 0x00007ffd82ae1000 	C:\WINDOWS\WinSxS\amd64_microsoft.windows.common-controls_6595b64144ccf1df_6.0.26100.8972_none_3e0da176e32f9d4b\COMCTL32.dll
0x00007ffd9cf40000 - 0x00007ffd9cfe9000 	C:\WINDOWS\System32\msvcrt.dll
0x00007ffd9b480000 - 0x00007ffd9b4b2000 	C:\WINDOWS\System32\IMM32.DLL
0x00007ffd90c70000 - 0x00007ffd90c7c000 	C:\Users\NAGARAJU\.antigravity-ide\extensions\redhat.java-1.56.0-win32-x64\jre\21.0.12.1-win32-x86_64\bin\vcruntime140_1.dll
0x00007ffd2f060000 - 0x00007ffd2f0ed000 	C:\Users\NAGARAJU\.antigravity-ide\extensions\redhat.java-1.56.0-win32-x64\jre\21.0.12.1-win32-x86_64\bin\msvcp140.dll
0x00007ffcee510000 - 0x00007ffcef2b2000 	C:\Users\NAGARAJU\.antigravity-ide\extensions\redhat.java-1.56.0-win32-x64\jre\21.0.12.1-win32-x86_64\bin\server\jvm.dll
0x00007ffd9d3b0000 - 0x00007ffd9d46c000 	C:\WINDOWS\System32\ADVAPI32.dll
0x00007ffd9b5c0000 - 0x00007ffd9b66a000 	C:\WINDOWS\System32\sechost.dll
0x00007ffd9ce20000 - 0x00007ffd9cf38000 	C:\WINDOWS\System32\RPCRT4.dll
0x00007ffd9cff0000 - 0x00007ffd9d072000 	C:\WINDOWS\System32\WS2_32.dll
0x00007ffd9a590000 - 0x00007ffd9a5ee000 	C:\WINDOWS\SYSTEM32\POWRPROF.dll
0x00007ffd934b0000 - 0x00007ffd934e6000 	C:\WINDOWS\SYSTEM32\WINMM.dll
0x00007ffd934f0000 - 0x00007ffd934fb000 	C:\WINDOWS\SYSTEM32\VERSION.dll
0x00007ffd9a570000 - 0x00007ffd9a585000 	C:\WINDOWS\SYSTEM32\UMPDC.dll
0x00007ffd99420000 - 0x00007ffd9943b000 	C:\WINDOWS\SYSTEM32\kernel.appcore.dll
0x00007ffd7f120000 - 0x00007ffd7f12a000 	C:\Users\NAGARAJU\.antigravity-ide\extensions\redhat.java-1.56.0-win32-x64\jre\21.0.12.1-win32-x86_64\bin\jimage.dll
0x00007ffd8ec80000 - 0x00007ffd8eec2000 	C:\WINDOWS\SYSTEM32\DBGHELP.DLL
0x00007ffd9c770000 - 0x00007ffd9caf5000 	C:\WINDOWS\System32\combase.dll
0x00007ffd9cb00000 - 0x00007ffd9cbd9000 	C:\WINDOWS\System32\OLEAUT32.dll
0x00007ffd78b50000 - 0x00007ffd78b8b000 	C:\WINDOWS\SYSTEM32\dbgcore.DLL
0x00007ffd9acd0000 - 0x00007ffd9ad7c000 	C:\WINDOWS\System32\bcryptPrimitives.dll
0x00007ffd7e540000 - 0x00007ffd7e54f000 	C:\Users\NAGARAJU\.antigravity-ide\extensions\redhat.java-1.56.0-win32-x64\jre\21.0.12.1-win32-x86_64\bin\instrument.dll
0x00007ffd35640000 - 0x00007ffd35660000 	C:\Users\NAGARAJU\.antigravity-ide\extensions\redhat.java-1.56.0-win32-x64\jre\21.0.12.1-win32-x86_64\bin\java.dll
0x00007ffd9bb00000 - 0x00007ffd9c288000 	C:\WINDOWS\System32\SHELL32.dll
0x00007ffd98200000 - 0x00007ffd98a9b000 	C:\WINDOWS\SYSTEM32\windows.storage.dll
0x00007ffd9c670000 - 0x00007ffd9c769000 	C:\WINDOWS\System32\SHCORE.dll
0x00007ffd9c550000 - 0x00007ffd9c5b6000 	C:\WINDOWS\System32\shlwapi.dll
0x00007ffd9a650000 - 0x00007ffd9a679000 	C:\WINDOWS\SYSTEM32\profapi.dll
0x00007ffd35620000 - 0x00007ffd35638000 	C:\Users\NAGARAJU\.antigravity-ide\extensions\redhat.java-1.56.0-win32-x64\jre\21.0.12.1-win32-x86_64\bin\zip.dll
0x00007ffd7e070000 - 0x00007ffd7e080000 	C:\Users\NAGARAJU\.antigravity-ide\extensions\redhat.java-1.56.0-win32-x64\jre\21.0.12.1-win32-x86_64\bin\net.dll
0x00007ffd906e0000 - 0x00007ffd90808000 	C:\WINDOWS\SYSTEM32\WINHTTP.dll
0x00007ffd999d0000 - 0x00007ffd99a3c000 	C:\WINDOWS\system32\mswsock.dll
0x00007ffd32710000 - 0x00007ffd32726000 	C:\Users\NAGARAJU\.antigravity-ide\extensions\redhat.java-1.56.0-win32-x64\jre\21.0.12.1-win32-x86_64\bin\nio.dll
0x00007ffd7ddd0000 - 0x00007ffd7dde0000 	C:\Users\NAGARAJU\.antigravity-ide\extensions\redhat.java-1.56.0-win32-x64\jre\21.0.12.1-win32-x86_64\bin\verify.dll
0x00007ffd31ee0000 - 0x00007ffd31f07000 	C:\Users\NAGARAJU\.gradle\native\c067742578af261105cb4f569cf0c3c89f3d7b1fecec35dd04571415982c5e48\windows-amd64\native-platform.dll
0x00007ffd125d0000 - 0x00007ffd12714000 	C:\Users\NAGARAJU\.gradle\native\100fb08df4bc3b14c8652ba06237920a3bd2aa13389f12d3474272988ae205f9\windows-amd64\native-platform-file-events.dll
0x00007ffd7dc40000 - 0x00007ffd7dc4a000 	C:\Users\NAGARAJU\.antigravity-ide\extensions\redhat.java-1.56.0-win32-x64\jre\21.0.12.1-win32-x86_64\bin\management.dll
0x00007ffd7dae0000 - 0x00007ffd7daec000 	C:\Users\NAGARAJU\.antigravity-ide\extensions\redhat.java-1.56.0-win32-x64\jre\21.0.12.1-win32-x86_64\bin\management_ext.dll
0x00007ffd9d370000 - 0x00007ffd9d378000 	C:\WINDOWS\System32\PSAPI.DLL
0x00007ffd99cc0000 - 0x00007ffd99cdb000 	C:\WINDOWS\SYSTEM32\CRYPTSP.dll
0x00007ffd99380000 - 0x00007ffd993b9000 	C:\WINDOWS\system32\rsaenh.dll
0x00007ffd99a80000 - 0x00007ffd99ab2000 	C:\WINDOWS\SYSTEM32\USERENV.dll
0x00007ffd9a620000 - 0x00007ffd9a64a000 	C:\WINDOWS\SYSTEM32\bcrypt.dll
0x00007ffd99ce0000 - 0x00007ffd99cec000 	C:\WINDOWS\SYSTEM32\CRYPTBASE.dll
0x00007ffd98df0000 - 0x00007ffd98e23000 	C:\WINDOWS\SYSTEM32\IPHLPAPI.DLL
0x00007ffd9c660000 - 0x00007ffd9c66a000 	C:\WINDOWS\System32\NSI.dll
0x00007ffd7dd50000 - 0x00007ffd7dd59000 	C:\Users\NAGARAJU\.antigravity-ide\extensions\redhat.java-1.56.0-win32-x64\jre\21.0.12.1-win32-x86_64\bin\extnet.dll
0x00007ffd7e0d0000 - 0x00007ffd7e0de000 	C:\Users\NAGARAJU\.antigravity-ide\extensions\redhat.java-1.56.0-win32-x64\jre\21.0.12.1-win32-x86_64\bin\sunmscapi.dll
0x00007ffd9a730000 - 0x00007ffd9a8ae000 	C:\WINDOWS\System32\CRYPT32.dll
0x00007ffd99f00000 - 0x00007ffd99f30000 	C:\WINDOWS\SYSTEM32\ncrypt.dll
0x00007ffd99eb0000 - 0x00007ffd99eef000 	C:\WINDOWS\SYSTEM32\NTASN1.dll
0x00007ffd32530000 - 0x00007ffd32538000 	C:\WINDOWS\system32\wshunix.dll

JVMTI agents:
C:\Users\NAGARAJU\.gradle\wrapper\dists\gradle-8.9-bin\90cnw93cvbtalezasaz0blq0a\gradle-8.9\lib\agents\gradle-instrumentation-agent-8.9.jar path:C:\Users\NAGARAJU\.antigravity-ide\extensions\redhat.java-1.56.0-win32-x64\jre\21.0.12.1-win32-x86_64\bin\instrument.dll, loaded, initialized, instrumentlib options:none

dbghelp: loaded successfully - version: 4.0.5 - missing functions: none
symbol engine: initialized successfully - sym options: 0x614 - pdb path: .;C:\Users\NAGARAJU\.antigravity-ide\extensions\redhat.java-1.56.0-win32-x64\jre\21.0.12.1-win32-x86_64\bin;C:\WINDOWS\SYSTEM32;C:\WINDOWS\WinSxS\amd64_microsoft.windows.common-controls_6595b64144ccf1df_6.0.26100.8972_none_3e0da176e32f9d4b;C:\Users\NAGARAJU\.antigravity-ide\extensions\redhat.java-1.56.0-win32-x64\jre\21.0.12.1-win32-x86_64\bin\server;C:\Users\NAGARAJU\.gradle\native\c067742578af261105cb4f569cf0c3c89f3d7b1fecec35dd04571415982c5e48\windows-amd64;C:\Users\NAGARAJU\.gradle\native\100fb08df4bc3b14c8652ba06237920a3bd2aa13389f12d3474272988ae205f9\windows-amd64

VM Arguments:
jvm_args: --add-opens=java.base/java.util=ALL-UNNAMED --add-opens=java.base/java.lang=ALL-UNNAMED --add-opens=java.base/java.lang.invoke=ALL-UNNAMED --add-opens=java.prefs/java.util.prefs=ALL-UNNAMED --add-exports=jdk.compiler/com.sun.tools.javac.api=ALL-UNNAMED --add-exports=jdk.compiler/com.sun.tools.javac.util=ALL-UNNAMED --add-opens=java.base/java.nio.charset=ALL-UNNAMED --add-opens=java.base/java.net=ALL-UNNAMED --add-opens=java.base/java.util.concurrent.atomic=ALL-UNNAMED -XX:MaxMetaspaceSize=384m -XX:+HeapDumpOnOutOfMemoryError -Xms256m -Xmx512m -Dfile.encoding=utf8 -Duser.country=IN -Duser.language=en -Duser.variant -javaagent:C:\Users\NAGARAJU\.gradle\wrapper\dists\gradle-8.9-bin\90cnw93cvbtalezasaz0blq0a\gradle-8.9\lib\agents\gradle-instrumentation-agent-8.9.jar 
java_command: org.gradle.launcher.daemon.bootstrap.GradleDaemon 8.9
java_class_path (initial): C:\Users\NAGARAJU\.gradle\wrapper\dists\gradle-8.9-bin\90cnw93cvbtalezasaz0blq0a\gradle-8.9\lib\gradle-daemon-main-8.9.jar
Launcher Type: SUN_STANDARD

[Global flags]
     intx CICompilerCount                          = 4                                         {product} {ergonomic}
   size_t CompressedClassSpaceSize                 = 335544320                                 {product} {ergonomic}
     uint ConcGCThreads                            = 2                                         {product} {ergonomic}
     uint G1ConcRefinementThreads                  = 8                                         {product} {ergonomic}
   size_t G1HeapRegionSize                         = 1048576                                   {product} {ergonomic}
    uintx GCDrainStackTargetSize                   = 64                                        {product} {ergonomic}
     bool HeapDumpOnOutOfMemoryError               = true                                   {manageable} {command line}
   size_t InitialHeapSize                          = 268435456                                 {product} {command line}
   size_t MarkStackSize                            = 4194304                                   {product} {ergonomic}
   size_t MaxHeapSize                              = 536870912                                 {product} {command line}
   size_t MaxMetaspaceSize                         = 402653184                                 {product} {command line}
   size_t MaxNewSize                               = 321912832                                 {product} {ergonomic}
   size_t MinHeapDeltaBytes                        = 1048576                                   {product} {ergonomic}
   size_t MinHeapSize                              = 268435456                                 {product} {command line}
    uintx NonNMethodCodeHeapSize                   = 5839372                                {pd product} {ergonomic}
    uintx NonProfiledCodeHeapSize                  = 122909434                              {pd product} {ergonomic}
    uintx ProfiledCodeHeapSize                     = 122909434                              {pd product} {ergonomic}
    uintx ReservedCodeCacheSize                    = 251658240                              {pd product} {ergonomic}
     bool SegmentedCodeCache                       = true                                      {product} {ergonomic}
   size_t SoftMaxHeapSize                          = 536870912                              {manageable} {ergonomic}
     bool UseCompressedOops                        = true                           {product lp64_product} {ergonomic}
     bool UseG1GC                                  = true                                      {product} {ergonomic}
     bool UseLargePagesIndividualAllocation        = false                                  {pd product} {ergonomic}

Logging:
Log output configuration:
 #0: stdout all=warning uptime,level,tags foldmultilines=false
 #1: stderr all=off uptime,level,tags foldmultilines=false

Release file:
JAVA_VERSION="21.0.12.1" 
MODULES="java.base java.compiler java.datatransfer java.xml java.prefs java.desktop java.instrument java.logging java.management java.security.sasl java.naming java.rmi java.management.rmi java.net.http java.scripting java.security.jgss java.transaction.xa java.sql java.sql.rowset java.xml.crypto java.se java.smartcardio jdk.accessibility jdk.internal.jvmstat jdk.attach jdk.charsets jdk.internal.opt jdk.zipfs jdk.compiler jdk.crypto.ec jdk.crypto.cryptoki jdk.crypto.mscapi jdk.dynalink jdk.internal.ed jdk.editpad jdk.hotspot.agent jdk.httpserver jdk.internal.le jdk.internal.vm.ci jdk.internal.vm.compiler jdk.internal.vm.compiler.management jdk.jartool jdk.javadoc jdk.jcmd jdk.management jdk.management.agent jdk.jconsole jdk.jdeps jdk.jdwp.agent jdk.jdi jdk.jfr jdk.jshell jdk.jsobject jdk.jstatd jdk.localedata jdk.management.jfr jdk.naming.dns jdk.naming.rmi jdk.net jdk.nio.mapmode jdk.random jdk.sctp jdk.security.auth jdk.security.jgss jdk.unsupported jdk.unsupported.desktop jdk.xml.dom" 

Environment Variables:
JAVA_HOME=C:\Program Files\Eclipse Adoptium\jdk-21.0.11.10-hotspot
PATH=C:\Program Files\Eclipse Adoptium\jdk-21.0.11.10-hotspot\bin;C:\Program Files\Eclipse Adoptium\jdk-11.0.26.4-hotspot\bin;C:\Program Files\Eclipse Adoptium\jdk-17.0.14.7-hotspot\bin;C:\Program Files\Java\jdk-17\bin;C:\Program Files\nodejs;E:\Android\Sdk\platform-tools;E:\Android\Sdk\emulator;E:\Android\Sdk\cmdline-tools\latest\bin;C:\Users\NAGARAJU\AppData\Local\Android\Sdk\platform-tools;C:\Users\NAGARAJU\AppData\Local\Android\Sdk\emulator;C:\Users\NAGARAJU\AppData\Local\Android\Sdk\cmdline-tools\latest\bin;C:\Program Files\Eclipse Adoptium\jdk-21.0.11.10-hotspot\bin;C:\Program Files\Eclipse Adoptium\jdk-11.0.26.4-hotspot\bin;C:\Program Files\Eclipse Adoptium\jdk-17.0.14.7-hotspot\bin;C:\Program Files\Java\jdk-17\bin;C:\Program Files\nodejs;E:\Android\Sdk\platform-tools;E:\Android\Sdk\emulator;E:\Android\Sdk\cmdline-tools\latest\bin;C:\Users\NAGARAJU\AppData\Local\Android\Sdk\platform-tools;C:\Users\NAGARAJU\AppData\Local\Android\Sdk\emulator;C:\Users\NAGARAJU\AppData\Local\Android\Sdk\cmdline-tools\latest\bin;C:\Program Files\Eclipse Adoptium\jdk-21.0.11.10-hotspot\bin;C:\Program Files\Eclipse Adoptium\jdk-11.0.26.4-hotspot\bin;C:\Program Files\Eclipse Adoptium\jdk-17.0.14.7-hotspot\bin;C:\Program Files\Java\jdk-17\bin;C:\Program Files\nodejs;E:\Android\Sdk\platform-tools;E:\Android\Sdk\emulator;E:\Android\Sdk\cmdline-tools\latest\bin;C:\Users\NAGARAJU\AppData\Local\Android\Sdk\platform-tools;C:\Users\NAGARAJU\AppData\Local\Android\Sdk\emulator;C:\Users\NAGARAJU\AppData\Local\Android\Sdk\cmdline-tools\latest\bin;C:\WINDOWS\System32;C:\ProgramData\chocolatey\bin;C:\Program Files\nodejs\;C:\Program Files\Git\cmd;C:\Windows\System32;C:\Windows\System32\WindowsPowerShell\v1.0;C:\Windows\System32\OpenSSH;C:\Windows\System32\WindowsPowerShell\v1.0\;C:\Users\NAGARAJU\Downloads\stripe_1.30.0_windows_x86_64;C:\WINDOWS\system32;C:\WINDOWS;C:\WINDOWS\System32\Wbem;C:\WINDOWS\System32\WindowsPowerShell\v1.0\;C:\WINDOWS\System32\OpenSSH\;C:\ProgramData\chocolatey\bin;C:\Program Files\nodejs\;C:\Program Files\Git\cmd;C:\Windows\System32;C:\Windows\System32\WindowsPowerShell\v1.0;C:\Windows\System32\OpenSSH;C:\Windows\System32\WindowsPowerShell\v1.0\;C:\Users\NAGARAJU\Downloads\stripe_1.30.0_windows_x86_64;C:\WINDOWS\system32;C:\WINDOWS;C:\WINDOWS\System32\Wbem;C:\WINDOWS\System32\WindowsPowerShell\v1.0\;C:\WINDOWS\System32\OpenSSH\;C:\ProgramData\chocolatey\bin;C:\Program Files\nodejs\;C:\Program Files\Git\cmd;C:\Windows\System32;C:\Windows\System32\WindowsPowerShell\v1.0;C:\Windows\System32\OpenSSH;C:\Windows\System32\WindowsPowerShell\v1.0\;C:\Users\NAGARAJU\Downloads\stripe_1.30.0_windows_x86_64;C:\WINDOWS\system32;C:\WINDOWS;C:\WINDOWS\System32\Wbem;C:\WINDOWS\System32\WindowsPowerShell\v1.0\;C:\WINDOWS\System32\OpenSSH\;C:\Program Files\Eclipse Adoptium\jdk-21.0.11.10-hotspot\bin;C:\Program Files\Eclipse Adoptium\jdk-11.0.26.4-hotspot\bin;C:\Program Files\Eclipse Adoptium\jdk-17.0.14.7-hotspot\bin;C:\Program Files\Java\jdk-17\bin;C:\Program Files\nodejs;E:\Android\Sdk\platform-tools;E:\Android\Sdk\emulator;E:\Android\Sdk\cmdline-tools\latest\bin;C:\Users\NAGARAJU\AppData\Local\Android\Sdk\platform-tools;C:\Users\NAGARAJU\AppData\Local\Android\Sdk\emulator;C:\Users\NAGARAJU\AppData\Local\Android\Sdk\cmdline-tools\latest\bin;C:\Program Files\Eclipse Adoptium\jdk-21.0.11.10-hotspot\bin;C:\Program Files\Eclipse Adoptium\jdk-11.0.26.4-hotspot\bin;C:\Program Files\Eclipse Adoptium\jdk-17.0.14.7-hotspot\bin;C:\Program Files\Java\jdk-17\bin;C:\Program Files\nodejs;E:\Android\Sdk\platform-tools;E:\Android\Sdk\emulator;E:\Android\Sdk\cmdline-tools\latest\bin;C:\Users\NAGARAJU\AppData\Local\Android\Sdk\platform-tools;C:\Users\NAGARAJU\AppData\Local\Android\Sdk\emulator;C:\Users\NAGARAJU\AppData\Local\Android\Sdk\cmdline-tools\latest\bin;C:\Program Files\Eclipse Adoptium\jdk-21.0.11.10-hotspot\bin;C:\Program Files\Eclipse Adoptium\jdk-11.0.26.4-hotspot\bin;C:\Program Files\Eclipse Adoptium\jdk-17.0.14.7-hotspot\bin;C:\Program Files\Java\jdk-17\bin;C:\Program Files\nodejs;E:\Android\Sdk\platform-tools;E:\Android\Sdk\emulator;E:\Android\Sdk\cmdline-tools\latest\bin;C:\Users\NAGARAJU\AppData\Local\Android\Sdk\platform-tools;C:\Users\NAGARAJU\AppData\Local\Android\Sdk\emulator;C:\Users\NAGARAJU\AppData\Local\Android\Sdk\cmdline-tools\latest\bin;C:\WINDOWS\System32;C:\ProgramData\chocolatey\bin;C:\Program Files\nodejs\;C:\Program Files\Git\cmd;C:\Windows\System32;C:\Windows\System32\WindowsPowerShell\v1.0;C:\Windows\System32\OpenSSH;C:\Windows\System32\WindowsPowerShell\v1.0\;C:\Users\NAGARAJU\Downloads\stripe_1.30.0_windows_x86_64;C:\WINDOWS\system32;C:\WINDOWS;C:\WINDOWS\System32\Wbem;C:\WINDOWS\System32\WindowsPowerShell\v1.0\;C:\WINDOWS\System32\OpenSSH\;C:\ProgramData\chocolatey\bin;C:\Program Files\nodejs\;C:\Program Files\Git\cmd;C:\Windows\System32;C:\Windows\System32\WindowsPowerShell\v1.0;C:\Windows\System32\OpenSSH;C:\Windows\System32\WindowsPowerShell\v1.0\;C:\Users\NAGARAJU\Downloads\stripe_1.30.0_windows_x86_64;C:\WINDOWS\system32;C:\WINDOWS;C:\WINDOWS\System32\Wbem;C:\WINDOWS\System32\WindowsPowerShell\v1.0\;C:\WINDOWS\System32\OpenSSH\;C:\ProgramData\chocolatey\bin;C:\Program Files\nodejs\;C:\Program Files\Git\cmd;C:\Windows\System32;C:\Windows\System32\WindowsPowerShell\v1.0;C:\Windows\System32\OpenSSH;C:\Windows\System32\WindowsPowerShell\v1.0\;C:\Users\NAGARAJU\Downloads\stripe_1.30.0_windows_x86_64;C:\WINDOWS\system32;C:\WINDOWS;C:\WINDOWS\System32\Wbem;C:\WINDOWS\System32\WindowsPowerShell\v1.0\;C:\WINDOWS\System32\OpenSSH\;C:\Users\NAGARAJU\AppData\Local\Android\Sdk\platform-tools;C:\Users\NAGARAJU\AppData\Local\Android\Sdk\cmdline-tools\latest\bin;C:\Users\NAGARAJU\AppData\Roaming\npm;C:\Users\NAGARAJU\AppData\Local\Programs\Microsoft VS Code\bin;C:\Users\NAGARAJU\AppData\Local\Programs\Antigravity IDE\bin;C:\Users\NAGARAJU\AppData\Local\Microsoft\WindowsApps;C:\Users\NAGARAJU\AppData\Local\Kingsoft\WPS Office\12.1.0.27458\clitool
USERNAME=NAGARAJU
OS=Windows_NT
PROCESSOR_IDENTIFIER=AMD64 Family 23 Model 104 Stepping 1, AuthenticAMD
TMP=C:\Users\NAGARAJU\AppData\Local\Temp
TEMP=C:\Users\NAGARAJU\AppData\Local\Temp




Periodic native trim disabled

---------------  S Y S T E M  ---------------

OS:
 Windows 11 , 64 bit Build 26100 (10.0.26100.9168)
OS uptime: 0 days 0:49 hours

CPU: total 8 (initial active 8) (8 cores per cpu, 2 threads per core) family 23 model 104 stepping 1 microcode 0x8608109, cx8, cmov, fxsr, ht, mmx, 3dnowpref, sse, sse2, sse3, ssse3, sse4a, sse4.1, sse4.2, popcnt, lzcnt, tsc, tscinvbit, avx, avx2, aes, clmul, bmi1, bmi2, adx, sha, fma, vzeroupper, clflush, clflushopt, rdtscp, rdpid, f16c
Processor Information for the first 8 processors :
  Max Mhz: 2600, Current Mhz: 2600, Mhz Limit: 2600

Memory: 4k page, system-wide physical 7502M (60M free)
TotalPageFile size 40270M (AvailPageFile size 91M)
current process WorkingSet (physical memory assigned to process): 294M, peak: 297M
current process commit charge ("private bytes"): 572M, peak: 575M

vm_info: OpenJDK 64-Bit Server VM (21.0.12.1+1-LTS) for windows-amd64 JRE (21.0.12.1+1-LTS), built on 2026-08-18T00:00:00Z by "admin" with MS VC++ 17.12 (VS2022)

END.
