#
# There is insufficient memory for the Java Runtime Environment to continue.
# Native memory allocation (mmap) failed to map 65536 bytes. Error detail: Failed to commit metaspace.
# Possible reasons:
#   The system is out of physical RAM or swap space
#   This process is running with CompressedOops enabled, and the Java Heap may be blocking the growth of the native heap
# Possible solutions:
#   Reduce memory load on the system
#   Increase physical memory or swap space
#   Check if swap backing store is full
#   Decrease Java heap size (-Xmx/-Xms)
#   Decrease number of Java threads
#   Decrease Java thread stack sizes (-Xss)
#   Set larger code cache with -XX:ReservedCodeCacheSize=
#   JVM is running with Unscaled Compressed Oops mode in which the Java heap is
#     placed in the first 4GB address space. The Java Heap base address is the
#     maximum limit for the native heap growth. Please use -XX:HeapBaseMinAddress
#     to set the Java Heap base and to place the Java Heap above 4GB virtual address.
# This output file may be truncated or incomplete.
#
#  Out of Memory Error (virtualSpaceNode.cpp:113), pid=11500, tid=27516
#
# JRE version: OpenJDK Runtime Environment Temurin-21.0.12.1+1 (21.0.12.1+1) (build 21.0.12.1+1-LTS)
# Java VM: OpenJDK 64-Bit Server VM Temurin-21.0.12.1+1 (21.0.12.1+1-LTS, mixed mode, sharing, tiered, compressed oops, compressed class ptrs, g1 gc, windows-amd64)
# No core dump will be written. Minidumps are not enabled by default on client versions of Windows
#

---------------  S U M M A R Y ------------

Command Line: --add-opens=java.base/java.util=ALL-UNNAMED --add-opens=java.base/java.lang=ALL-UNNAMED --add-opens=java.base/java.lang.invoke=ALL-UNNAMED --add-opens=java.prefs/java.util.prefs=ALL-UNNAMED --add-exports=jdk.compiler/com.sun.tools.javac.api=ALL-UNNAMED --add-exports=jdk.compiler/com.sun.tools.javac.util=ALL-UNNAMED --add-opens=java.base/java.nio.charset=ALL-UNNAMED --add-opens=java.base/java.net=ALL-UNNAMED --add-opens=java.base/java.util.concurrent.atomic=ALL-UNNAMED -XX:MaxMetaspaceSize=384m -XX:+HeapDumpOnOutOfMemoryError -Xms256m -Xmx512m -Dfile.encoding=utf8 -Duser.country=IN -Duser.language=en -Duser.variant -javaagent:C:\Users\NAGARAJU\.gradle\wrapper\dists\gradle-8.9-bin\90cnw93cvbtalezasaz0blq0a\gradle-8.9\lib\agents\gradle-instrumentation-agent-8.9.jar org.gradle.launcher.daemon.bootstrap.GradleDaemon 8.9

Host: AMD Ryzen 3 5300U with Radeon Graphics         , 8 cores, 7G,  Windows 11 , 64 bit Build 26100 (10.0.26100.9168)
Time: Wed Sep  9 16:24:24 2026 India Standard Time elapsed time: 101.144056 seconds (0d 0h 1m 41s)

---------------  T H R E A D  ---------------

Current thread (0x000001e1fdb98560):  JavaThread "Daemon worker"        [_thread_in_vm, id=27516, stack(0x00000010d3d00000,0x00000010d3e00000) (1024K)]

Stack: [0x00000010d3d00000,0x00000010d3e00000]
Native frames: (J=compiled Java code, j=interpreted, Vv=VM code, C=native code)
V  [jvm.dll+0x6d83e9]
V  [jvm.dll+0x8b5736]
V  [jvm.dll+0x8b7cee]
V  [jvm.dll+0x8b83d3]
V  [jvm.dll+0x284596]
V  [jvm.dll+0x8b147e]
V  [jvm.dll+0x679ad4]
V  [jvm.dll+0x1e849b]
V  [jvm.dll+0x1e825e]
V  [jvm.dll+0x67c3d2]
V  [jvm.dll+0x67c202]
V  [jvm.dll+0x67a4ae]
V  [jvm.dll+0x26e440]
V  [jvm.dll+0x684715]
V  [jvm.dll+0x21973e]
V  [jvm.dll+0x219be5]
V  [jvm.dll+0x21a5d8]
V  [jvm.dll+0x20f80e]
V  [jvm.dll+0x5b6a7f]
V  [jvm.dll+0x82f606]
V  [jvm.dll+0x4792f8]
V  [jvm.dll+0x47f128]
C  [java.dll+0x17ec]

Java frames: (J=compiled Java code, j=interpreted, Vv=VM code)
J 814  java.lang.ClassLoader.defineClass1(Ljava/lang/ClassLoader;Ljava/lang/String;[BIILjava/security/ProtectionDomain;Ljava/lang/String;)Ljava/lang/Class; java.base@21.0.12.1 (0 bytes) @ 0x000001e1dc6eaa11 [0x000001e1dc6ea940+0x00000000000000d1]
J 1038 c1 java.lang.ClassLoader.defineClass(Ljava/lang/String;[BIILjava/security/ProtectionDomain;)Ljava/lang/Class; java.base@21.0.12.1 (43 bytes) @ 0x000001e1d4d74074 [0x000001e1d4d73d20+0x0000000000000354]
J 1305 c1 java.security.SecureClassLoader.defineClass(Ljava/lang/String;[BIILjava/security/CodeSource;)Ljava/lang/Class; java.base@21.0.12.1 (16 bytes) @ 0x000001e1d4e1e21c [0x000001e1d4e1e140+0x00000000000000dc]
J 3141 c2 java.net.URLClassLoader.findClass(Ljava/lang/String;)Ljava/lang/Class; java.base@21.0.12.1 (47 bytes) @ 0x000001e1dc8231f0 [0x000001e1dc821e40+0x00000000000013b0]
J 3068 c1 org.gradle.internal.classloader.TransformingClassLoader.findClass(Ljava/lang/String;)Ljava/lang/Class; (203 bytes) @ 0x000001e1d51b4af4 [0x000001e1d51b3aa0+0x0000000000001054]
J 2888 c2 java.lang.ClassLoader.loadClass(Ljava/lang/String;Z)Ljava/lang/Class; java.base@21.0.12.1 (121 bytes) @ 0x000001e1dc7e1400 [0x000001e1dc7ddbc0+0x0000000000003840]
J 830 c1 java.lang.ClassLoader.loadClass(Ljava/lang/String;)Ljava/lang/Class; java.base@21.0.12.1 (7 bytes) @ 0x000001e1d4d16fd4 [0x000001e1d4d16ec0+0x0000000000000114]
v  ~StubRoutines::call_stub 0x000001e1dc0f100d
J 2373  java.lang.Class.getDeclaredConstructors0(Z)[Ljava/lang/reflect/Constructor; java.base@21.0.12.1 (0 bytes) @ 0x000001e1dc79e013 [0x000001e1dc79dfc0+0x0000000000000053]
J 3155 c1 java.lang.Class.privateGetDeclaredConstructors(Z)[Ljava/lang/reflect/Constructor; java.base@21.0.12.1 (79 bytes) @ 0x000001e1d51d988c [0x000001e1d51d9620+0x000000000000026c]
j  java.lang.Class.getDeclaredConstructors()[Ljava/lang/reflect/Constructor;+20 java.base@21.0.12.1
j  org.gradle.internal.service.InjectUtil.selectConstructor(Ljava/lang/Class;)Ljava/lang/reflect/Constructor;+32
j  org.gradle.internal.service.DefaultServiceRegistry$ConstructorService.<init>(Lorg/gradle/internal/service/DefaultServiceRegistry;Ljava/lang/Class;Ljava/lang/Class;)V+63
j  org.gradle.internal.service.DefaultServiceRegistry$ConstructorService.<init>(Lorg/gradle/internal/service/DefaultServiceRegistry;Ljava/lang/Class;)V+4
j  org.gradle.internal.service.DefaultServiceRegistry$ConstructorService.<init>(Lorg/gradle/internal/service/DefaultServiceRegistry;Ljava/lang/Class;Lorg/gradle/internal/service/DefaultServiceRegistry$1;)V+3
j  org.gradle.internal.service.DefaultServiceRegistry$1.add(Ljava/lang/Class;)V+17
j  org.gradle.api.internal.artifacts.DependencyManagementBuildScopeServices.configure(Lorg/gradle/internal/service/ServiceRegistration;)V+27
j  java.lang.invoke.DirectMethodHandle$Holder.invokeVirtual(Ljava/lang/Object;Ljava/lang/Object;Ljava/lang/Object;)V+11 java.base@21.0.12.1
j  java.lang.invoke.LambdaForm$MH+0x000001e1e9094800.invoke(Ljava/lang/Object;Ljava/lang/Object;Ljava/lang/Object;)Ljava/lang/Object;+52 java.base@21.0.12.1
J 2232 c1 jdk.internal.reflect.DirectMethodHandleAccessor.invoke(Ljava/lang/Object;[Ljava/lang/Object;)Ljava/lang/Object; java.base@21.0.12.1 (92 bytes) @ 0x000001e1d50150bc [0x000001e1d50134c0+0x0000000000001bfc]
J 2231 c1 java.lang.reflect.Method.invoke(Ljava/lang/Object;[Ljava/lang/Object;)Ljava/lang/Object; java.base@21.0.12.1 (108 bytes) @ 0x000001e1d5012c54 [0x000001e1d5012740+0x0000000000000514]
j  org.gradle.internal.reflect.JavaMethod.invoke(Ljava/lang/Object;[Ljava/lang/Object;)Ljava/lang/Object;+6
j  org.gradle.internal.service.ReflectionBasedServiceMethod.invoke(Ljava/lang/Object;[Ljava/lang/Object;)Ljava/lang/Object;+6
j  org.gradle.internal.service.DefaultServiceRegistry.applyConfigureMethod(Lorg/gradle/internal/service/ServiceMethod;Ljava/lang/Object;)V+140
j  org.gradle.internal.service.DefaultServiceRegistry.findProviderMethods(Lorg/gradle/internal/service/ServiceRegistrationProvider;)V+196
j  org.gradle.internal.service.DefaultServiceRegistry.addProvider(Lorg/gradle/internal/service/ServiceRegistrationProvider;)Lorg/gradle/internal/service/DefaultServiceRegistry;+6
j  org.gradle.internal.service.DefaultServiceRegistry$1.addProvider(Lorg/gradle/internal/service/ServiceRegistrationProvider;)V+5
j  org.gradle.api.internal.artifacts.DependencyServices.registerBuildServices(Lorg/gradle/internal/service/ServiceRegistration;)V+8
j  org.gradle.internal.service.scopes.BuildScopeServices.lambda$new$0(Lorg/gradle/internal/build/BuildModelControllerServices$Supplier;Lorg/gradle/internal/service/ServiceRegistry;Lorg/gradle/internal/service/ServiceRegistration;)V+184
j  org.gradle.internal.service.scopes.BuildScopeServices$$Lambda+0x000001e1e92d10b8.execute(Ljava/lang/Object;)V+16
j  org.gradle.internal.service.DefaultServiceRegistry.register(Lorg/gradle/api/Action;)V+9
j  org.gradle.internal.service.scopes.BuildScopeServices.<init>(Lorg/gradle/internal/service/ServiceRegistry;Lorg/gradle/internal/build/BuildModelControllerServices$Supplier;)V+37
j  org.gradle.internal.build.AbstractBuildState.prepareServices(Lorg/gradle/internal/buildtree/BuildTreeState;Lorg/gradle/api/internal/BuildDefinition;Lorg/gradle/internal/build/BuildModelControllerServices$Supplier;)Lorg/gradle/internal/service/scopes/BuildScopeServices;+9
j  org.gradle.internal.build.AbstractBuildState.<init>(Lorg/gradle/internal/buildtree/BuildTreeState;Lorg/gradle/api/internal/BuildDefinition;Lorg/gradle/internal/build/BuildState;)V+38
j  org.gradle.composite.internal.AbstractCompositeParticipantBuildState.<init>(Lorg/gradle/internal/buildtree/BuildTreeState;Lorg/gradle/api/internal/BuildDefinition;Lorg/gradle/internal/build/BuildState;)V+4
j  org.gradle.composite.internal.DefaultRootBuildState.<init>(Lorg/gradle/api/internal/BuildDefinition;Lorg/gradle/internal/buildtree/BuildTreeState;Lorg/gradle/internal/event/ListenerManager;)V+4
j  org.gradle.composite.internal.BuildStateFactory.createRootBuild(Lorg/gradle/api/internal/BuildDefinition;)Lorg/gradle/internal/build/RootBuildState;+13
j  org.gradle.composite.internal.DefaultIncludedBuildRegistry.createRootBuild(Lorg/gradle/api/internal/BuildDefinition;)Lorg/gradle/internal/build/RootBuildState;+23
j  org.gradle.launcher.exec.RootBuildLifecycleBuildActionExecutor.execute(Lorg/gradle/internal/invocation/BuildAction;Lorg/gradle/internal/buildtree/BuildTreeContext;)Lorg/gradle/internal/buildtree/BuildActionRunner$Result;+14
j  org.gradle.internal.buildtree.InitDeprecationLoggingActionExecutor.execute(Lorg/gradle/internal/invocation/BuildAction;Lorg/gradle/internal/buildtree/BuildTreeContext;)Lorg/gradle/internal/buildtree/BuildActionRunner$Result;+83
j  org.gradle.internal.buildtree.InitProblems.execute(Lorg/gradle/internal/invocation/BuildAction;Lorg/gradle/internal/buildtree/BuildTreeContext;)Lorg/gradle/internal/buildtree/BuildActionRunner$Result;+13
j  org.gradle.internal.buildtree.DefaultBuildTreeContext.execute(Lorg/gradle/internal/invocation/BuildAction;)Lorg/gradle/internal/buildtree/BuildActionRunner$Result;+64
j  org.gradle.launcher.exec.BuildTreeLifecycleBuildActionExecutor.lambda$execute$0(Lorg/gradle/internal/invocation/BuildAction;Lorg/gradle/internal/buildtree/BuildTreeContext;)Lorg/gradle/internal/buildtree/BuildActionRunner$Result;+2
j  org.gradle.launcher.exec.BuildTreeLifecycleBuildActionExecutor$$Lambda+0x000001e1e92a3130.apply(Ljava/lang/Object;)Ljava/lang/Object;+8
j  org.gradle.internal.buildtree.BuildTreeState.run(Ljava/util/function/Function;)Ljava/lang/Object;+45
j  org.gradle.launcher.exec.BuildTreeLifecycleBuildActionExecutor.execute(Lorg/gradle/internal/invocation/BuildAction;Lorg/gradle/internal/session/BuildSessionContext;)Lorg/gradle/internal/buildtree/BuildActionRunner$Result;+74
j  org.gradle.launcher.exec.RunAsBuildOperationBuildActionExecutor$3.call(Lorg/gradle/internal/operations/BuildOperationContext;)Lorg/gradle/internal/buildtree/BuildActionRunner$Result;+25
j  org.gradle.launcher.exec.RunAsBuildOperationBuildActionExecutor$3.call(Lorg/gradle/internal/operations/BuildOperationContext;)Ljava/lang/Object;+2
j  org.gradle.internal.operations.DefaultBuildOperationRunner$CallableBuildOperationWorker.execute(Lorg/gradle/internal/operations/CallableBuildOperation;Lorg/gradle/internal/operations/BuildOperationContext;)V+3
j  org.gradle.internal.operations.DefaultBuildOperationRunner$CallableBuildOperationWorker.execute(Lorg/gradle/internal/operations/BuildOperation;Lorg/gradle/internal/operations/BuildOperationContext;)V+6
j  org.gradle.internal.operations.DefaultBuildOperationRunner$2.execute(Lorg/gradle/internal/operations/BuildOperationDescriptor;Lorg/gradle/internal/operations/BuildOperationState;Lorg/gradle/internal/operations/BuildOperationState;Lorg/gradle/internal/operations/DefaultBuildOperationRunner$ReadableBuildOperationContext;Lorg/gradle/internal/operations/DefaultBuildOperationRunner$BuildOperationExecutionListener;)Lorg/gradle/internal/operations/BuildOperation;+22
j  org.gradle.internal.operations.DefaultBuildOperationRunner$2.execute(Lorg/gradle/internal/operations/BuildOperationDescriptor;Lorg/gradle/internal/operations/BuildOperationState;Lorg/gradle/internal/operations/BuildOperationState;Lorg/gradle/internal/operations/DefaultBuildOperationRunner$ReadableBuildOperationContext;Lorg/gradle/internal/operations/DefaultBuildOperationRunner$BuildOperationExecutionListener;)Ljava/lang/Object;+8
j  org.gradle.internal.operations.DefaultBuildOperationRunner.execute(Lorg/gradle/internal/operations/BuildOperationDescriptor$Builder;Lorg/gradle/internal/operations/BuildOperationState;Lorg/gradle/internal/operations/DefaultBuildOperationRunner$BuildOperationExecution;)Ljava/lang/Object;+141
j  org.gradle.internal.operations.DefaultBuildOperationRunner.execute(Lorg/gradle/internal/operations/BuildOperation;Lorg/gradle/internal/operations/BuildOperationWorker;Lorg/gradle/internal/operations/BuildOperationState;)V+18
j  org.gradle.internal.operations.DefaultBuildOperationRunner.call(Lorg/gradle/internal/operations/CallableBuildOperation;)Ljava/lang/Object;+16
j  org.gradle.launcher.exec.RunAsBuildOperationBuildActionExecutor.execute(Lorg/gradle/internal/invocation/BuildAction;Lorg/gradle/internal/session/BuildSessionContext;)Lorg/gradle/internal/buildtree/BuildActionRunner$Result;+23
j  org.gradle.launcher.exec.RunAsWorkerThreadBuildActionExecutor.lambda$execute$0(Lorg/gradle/internal/invocation/BuildAction;Lorg/gradle/internal/session/BuildSessionContext;)Lorg/gradle/internal/buildtree/BuildActionRunner$Result;+6
j  org.gradle.launcher.exec.RunAsWorkerThreadBuildActionExecutor$$Lambda+0x000001e1e9278240.create()Ljava/lang/Object;+12
j  org.gradle.internal.work.DefaultWorkerLeaseService.withLocks(Ljava/util/Collection;Lorg/gradle/internal/Factory;)Ljava/lang/Object;+28
j  org.gradle.internal.work.DefaultWorkerLeaseService.runAsWorkerThread(Lorg/gradle/internal/Factory;)Ljava/lang/Object;+33
j  org.gradle.launcher.exec.RunAsWorkerThreadBuildActionExecutor.execute(Lorg/gradle/internal/invocation/BuildAction;Lorg/gradle/internal/session/BuildSessionContext;)Lorg/gradle/internal/buildtree/BuildActionRunner$Result;+12
j  org.gradle.tooling.internal.provider.continuous.ContinuousBuildActionExecutor.execute(Lorg/gradle/internal/invocation/BuildAction;Lorg/gradle/internal/session/BuildSessionContext;)Lorg/gradle/internal/buildtree/BuildActionRunner$Result;+58
j  org.gradle.tooling.internal.provider.SubscribableBuildActionExecutor.execute(Lorg/gradle/internal/invocation/BuildAction;Lorg/gradle/internal/session/BuildSessionContext;)Lorg/gradle/internal/buildtree/BuildActionRunner$Result;+30
j  org.gradle.internal.session.DefaultBuildSessionContext.execute(Lorg/gradle/internal/invocation/BuildAction;)Lorg/gradle/internal/buildtree/BuildActionRunner$Result;+64
j  org.gradle.internal.buildprocess.execution.BuildSessionLifecycleBuildActionExecutor$ActionImpl.apply(Lorg/gradle/internal/session/BuildSessionContext;)Lorg/gradle/launcher/exec/BuildActionResult;+6
j  org.gradle.internal.buildprocess.execution.BuildSessionLifecycleBuildActionExecutor$ActionImpl.apply(Ljava/lang/Object;)Ljava/lang/Object;+5
j  org.gradle.internal.session.BuildSessionState.run(Ljava/util/function/Function;)Ljava/lang/Object;+5
j  org.gradle.internal.buildprocess.execution.BuildSessionLifecycleBuildActionExecutor.execute(Lorg/gradle/internal/invocation/BuildAction;Lorg/gradle/launcher/exec/BuildActionParameters;Lorg/gradle/initialization/BuildRequestContext;)Lorg/gradle/launcher/exec/BuildActionResult;+95
j  org.gradle.internal.buildprocess.execution.BuildSessionLifecycleBuildActionExecutor.execute(Lorg/gradle/internal/invocation/BuildAction;Ljava/lang/Object;Ljava/lang/Object;)Lorg/gradle/launcher/exec/BuildActionResult;+10
j  org.gradle.internal.buildprocess.execution.StartParamsValidatingActionExecutor.execute(Lorg/gradle/internal/invocation/BuildAction;Lorg/gradle/launcher/exec/BuildActionParameters;Lorg/gradle/initialization/BuildRequestContext;)Lorg/gradle/launcher/exec/BuildActionResult;+203
j  org.gradle.internal.buildprocess.execution.StartParamsValidatingActionExecutor.execute(Lorg/gradle/internal/invocation/BuildAction;Ljava/lang/Object;Ljava/lang/Object;)Lorg/gradle/launcher/exec/BuildActionResult;+10
j  org.gradle.internal.buildprocess.execution.SessionFailureReportingActionExecutor.execute(Lorg/gradle/internal/invocation/BuildAction;Lorg/gradle/launcher/exec/BuildActionParameters;Lorg/gradle/initialization/BuildRequestContext;)Lorg/gradle/launcher/exec/BuildActionResult;+7
j  org.gradle.internal.buildprocess.execution.SessionFailureReportingActionExecutor.execute(Lorg/gradle/internal/invocation/BuildAction;Ljava/lang/Object;Ljava/lang/Object;)Lorg/gradle/launcher/exec/BuildActionResult;+10
j  org.gradle.internal.buildprocess.execution.SetupLoggingActionExecutor.execute(Lorg/gradle/internal/invocation/BuildAction;Lorg/gradle/launcher/exec/BuildActionParameters;Lorg/gradle/initialization/BuildRequestContext;)Lorg/gradle/launcher/exec/BuildActionResult;+50
j  org.gradle.internal.buildprocess.execution.SetupLoggingActionExecutor.execute(Lorg/gradle/internal/invocation/BuildAction;Ljava/lang/Object;Ljava/lang/Object;)Lorg/gradle/launcher/exec/BuildActionResult;+10
j  org.gradle.launcher.daemon.server.exec.ExecuteBuild.doBuild(Lorg/gradle/launcher/daemon/server/api/DaemonCommandExecution;Lorg/gradle/launcher/daemon/protocol/Build;)V+147
j  org.gradle.launcher.daemon.server.exec.BuildCommandOnly.execute(Lorg/gradle/launcher/daemon/server/api/DaemonCommandExecution;)V+49
j  org.gradle.launcher.daemon.server.api.DaemonCommandExecution.proceed()Z+23
j  org.gradle.launcher.daemon.server.exec.WatchForDisconnection.execute(Lorg/gradle/launcher/daemon/server/api/DaemonCommandExecution;)V+19
j  org.gradle.launcher.daemon.server.api.DaemonCommandExecution.proceed()Z+23
j  org.gradle.launcher.daemon.server.exec.ResetDeprecationLogger.execute(Lorg/gradle/launcher/daemon/server/api/DaemonCommandExecution;)V+7
j  org.gradle.launcher.daemon.server.api.DaemonCommandExecution.proceed()Z+23
j  org.gradle.launcher.daemon.server.exec.RequestStopIfSingleUsedDaemon.execute(Lorg/gradle/launcher/daemon/server/api/DaemonCommandExecution;)V+33
j  org.gradle.launcher.daemon.server.api.DaemonCommandExecution.proceed()Z+23
j  org.gradle.launcher.daemon.server.exec.ForwardClientInput.lambda$execute$0(Lorg/gradle/launcher/daemon/server/api/DaemonCommandExecution;Lorg/gradle/internal/daemon/clientinput/StdinHandler;)Ljava/lang/Object;+11
j  org.gradle.launcher.daemon.server.exec.ForwardClientInput$$Lambda+0x000001e1e918e758.apply(Ljava/lang/Object;)Ljava/lang/Object;+8
j  org.gradle.internal.daemon.clientinput.ClientInputForwarder.forwardInput(Ljava/util/function/Function;)Ljava/lang/Object;+46
j  org.gradle.launcher.daemon.server.exec.ForwardClientInput.execute(Lorg/gradle/launcher/daemon/server/api/DaemonCommandExecution;)V+10
j  org.gradle.launcher.daemon.server.api.DaemonCommandExecution.proceed()Z+23
j  org.gradle.launcher.daemon.server.exec.LogAndCheckHealth.execute(Lorg/gradle/launcher/daemon/server/api/DaemonCommandExecution;)V+51
j  org.gradle.launcher.daemon.server.api.DaemonCommandExecution.proceed()Z+23
j  org.gradle.launcher.daemon.server.exec.LogToClient.doBuild(Lorg/gradle/launcher/daemon/server/api/DaemonCommandExecution;Lorg/gradle/launcher/daemon/protocol/Build;)V+87
j  org.gradle.launcher.daemon.server.exec.BuildCommandOnly.execute(Lorg/gradle/launcher/daemon/server/api/DaemonCommandExecution;)V+49
j  org.gradle.launcher.daemon.server.api.DaemonCommandExecution.proceed()Z+23
j  org.gradle.launcher.daemon.server.exec.EstablishBuildEnvironment.doBuild(Lorg/gradle/launcher/daemon/server/api/DaemonCommandExecution;Lorg/gradle/launcher/daemon/protocol/Build;)V+356
j  org.gradle.launcher.daemon.server.exec.BuildCommandOnly.execute(Lorg/gradle/launcher/daemon/server/api/DaemonCommandExecution;)V+49
j  org.gradle.launcher.daemon.server.api.DaemonCommandExecution.proceed()Z+23
j  org.gradle.launcher.daemon.server.exec.StartBuildOrRespondWithBusy$1.run()V+44
j  org.gradle.launcher.daemon.server.DaemonStateCoordinator.lambda$runCommand$0(Ljava/lang/Runnable;)V+1
j  org.gradle.launcher.daemon.server.DaemonStateCoordinator$$Lambda+0x000001e1e918b2a8.run()V+8
j  org.gradle.internal.concurrent.ExecutorPolicy$CatchAndRecordFailures.onExecute(Ljava/lang/Runnable;)V+1
j  org.gradle.internal.concurrent.AbstractManagedExecutor$1.run()V+25
j  java.util.concurrent.ThreadPoolExecutor.runWorker(Ljava/util/concurrent/ThreadPoolExecutor$Worker;)V+92 java.base@21.0.12.1
j  java.util.concurrent.ThreadPoolExecutor$Worker.run()V+5 java.base@21.0.12.1
j  java.lang.Thread.runWith(Ljava/lang/Object;Ljava/lang/Runnable;)V+5 java.base@21.0.12.1
j  java.lang.Thread.run()V+19 java.base@21.0.12.1
v  ~StubRoutines::call_stub 0x000001e1dc0f100d

Compiled method (n/a) 103132  814     n 0       java.lang.ClassLoader::defineClass1 (native)
 total in heap  [0x000001e1dc6ea790,0x000001e1dc6ead28] = 1432
 relocation     [0x000001e1dc6ea8f0,0x000001e1dc6ea928] = 56
 main code      [0x000001e1dc6ea940,0x000001e1dc6ead21] = 993
 stub code      [0x000001e1dc6ead21,0x000001e1dc6ead28] = 7

[Constant Pool (empty)]

[MachCode]
[Entry Point]
  # {method} {0x000001e1e8434c38} 'defineClass1' '(Ljava/lang/ClassLoader;Ljava/lang/String;[BIILjava/security/ProtectionDomain;Ljava/lang/String;)Ljava/lang/Class;' in 'java/lang/ClassLoader'
  # parm0:    rdx:rdx   = 'java/lang/ClassLoader'
  # parm1:    r8:r8     = 'java/lang/String'
  # parm2:    r9:r9     = '[B'
  # parm3:    rdi       = int
  # parm4:    rsi       = int
  # parm5:    rcx:rcx   = 'java/security/ProtectionDomain'
  # parm6:    [sp+0xa0]   = 'java/lang/String'  (sp of caller)
  0x000001e1dc6ea940: 448b 5208 | 49bb 0000 | 00e8 e101 | 0000 4d03 | d349 3bc2 | 0f84 0600 

  0x000001e1dc6ea958: ;   {runtime_call ic_miss_stub}
  0x000001e1dc6ea958: 0000 e921 | 3ea5 ff90 
[Verified Entry Point]
  0x000001e1dc6ea960: 8984 2400 | 80ff ff55 | 488b ec48 | 81ec 9000 | 0000 6690 | 4181 7f20 | 0100 0000 

  0x000001e1dc6ea97c: ;   {runtime_call StubRoutines (final stubs)}
  0x000001e1dc6ea97c: 7405 e81d | bba3 ff48 | 837d 1000 | 488d 4510 | 480f 4445 | 1048 8944 | 2440 4889 | 4c24 7048 
  0x000001e1dc6ea99c: 83f9 0048 | 8d44 2470 | 480f 4444 | 2470 4889 | 4424 3848 | 8974 2430 | 4889 7c24 | 284c 894c 
  0x000001e1dc6ea9bc: 2458 4983 | f900 488d | 4424 5848 | 0f44 4424 | 5848 8944 | 2420 4c89 | 4424 5049 | 83f8 004c 
  0x000001e1dc6ea9dc: 8d4c 2450 | 4c0f 444c | 2450 4889 | 5424 4848 | 83fa 004c | 8d44 2448 | 4c0f 4444 

  0x000001e1dc6ea9f8: ;   {oop(a 'java/lang/Class'{0x00000000e088f980} = 'java/lang/ClassLoader')}
  0x000001e1dc6ea9f8: 2448 49be | 80f9 88e0 | 0000 0000 | 4c89 7424 | 784c 8d74 | 2478 498b | d6c5 f877 

  0x000001e1dc6eaa14: ;   {internal_word}
  0x000001e1dc6eaa14: 49ba 11aa | 6edc e101 | 0000 4d89 | 97a8 0300 | 0049 89a7 | a003 0000 

  0x000001e1dc6eaa2c: ;   {external_word}
  0x000001e1dc6eaa2c: 49ba 066d | 1dc9 fa7f | 0000 4180 | 3a00 0f84 | 4e00 0000 | 5241 5041 

  0x000001e1dc6eaa44: ;   {metadata({method} {0x000001e1e8434c38} 'defineClass1' '(Ljava/lang/ClassLoader;Ljava/lang/String;[BIILjava/security/ProtectionDomain;Ljava/lang/String;)Ljava/lang/Class;' in 'java/lang/ClassLoader')}
  0x000001e1dc6eaa44: 5148 ba30 | 4c43 e8e1 | 0100 0049 | 8bcf 4883 | ec20 40f6 | c40f 0f84 | 1900 0000 | 4883 ec08 
  0x000001e1dc6eaa64: ;   {runtime_call}
  0x000001e1dc6eaa64: 48b8 e0ea | c6c8 fa7f | 0000 ffd0 | 4883 c408 | e90c 0000 

  0x000001e1dc6eaa78: ;   {runtime_call}
  0x000001e1dc6eaa78: 0048 b8e0 | eac6 c8fa | 7f00 00ff | d048 83c4 | 2041 5941 | 585a 498d | 8fc0 0300 | 0041 c787 
  0x000001e1dc6eaa98: 4c04 0000 | 0400 0000 

  0x000001e1dc6eaaa0: ;   {runtime_call}
  0x000001e1dc6eaaa0: 48b8 ac16 | e55f fb7f | 0000 ffd0 | c5f8 7741 | c787 4c04 | 0000 0500 | 0000 f083 | 4424 c000 
  0x000001e1dc6eaac0: 493b af50 | 0400 000f | 870e 0000 | 0041 83bf | 4804 0000 | 000f 842b | 0000 00c5 | f877 4889 
  0x000001e1dc6eaae0: 45f8 498b | cf4c 8be4 | 4883 ec20 | 4883 e4f0 

  0x000001e1dc6eaaf0: ;   {runtime_call}
  0x000001e1dc6eaaf0: 48b8 0058 | 92c8 fa7f | 0000 ffd0 | 498b e44d | 33e4 488b | 45f8 41c7 | 874c 0400 | 0008 0000 
  0x000001e1dc6eab10: 0041 83bf | c804 0000 | 020f 84d5 

  0x000001e1dc6eab1c: ;   {external_word}
  0x000001e1dc6eab1c: 0100 0049 | ba06 6d1d | c9fa 7f00 | 0041 803a | 000f 844c | 0000 0048 

  0x000001e1dc6eab34: ;   {metadata({method} {0x000001e1e8434c38} 'defineClass1' '(Ljava/lang/ClassLoader;Ljava/lang/String;[BIILjava/security/ProtectionDomain;Ljava/lang/String;)Ljava/lang/Class;' in 'java/lang/ClassLoader')}
  0x000001e1dc6eab34: 8945 f848 | ba30 4c43 | e8e1 0100 | 0049 8bcf | 4883 ec20 | 40f6 c40f | 0f84 1900 | 0000 4883 
  0x000001e1dc6eab54: ;   {runtime_call}
  0x000001e1dc6eab54: ec08 48b8 | e0ea c6c8 | fa7f 0000 | ffd0 4883 | c408 e90c 

  0x000001e1dc6eab68: ;   {runtime_call}
  0x000001e1dc6eab68: 0000 0048 | b8e0 eac6 | c8fa 7f00 | 00ff d048 | 83c4 2048 | 8b45 f849 | c787 a003 | 0000 0000 
  0x000001e1dc6eab88: 0000 49c7 | 87a8 0300 | 0000 0000 | 00c5 f877 | 4885 c00f | 8430 0100 | 00a8 030f | 8508 0000 
  0x000001e1dc6eaba8: 0048 8b00 | e920 0100 | 00a8 010f | 8509 0000 | 0048 8b40 | fee9 0f01 | 0000 488b | 40ff 4180 
  0x000001e1dc6eabc8: 7f40 000f | 8400 0100 | 0048 83f8 | 000f 84f6 | 0000 0049 | 8b4f 2848 | 83f9 000f | 8414 0000 
  0x000001e1dc6eabe8: 0048 83e9 | 0849 894f | 2849 034f | 3848 8901 | e9d4 0000 | 0048 83ec | 7048 8904 | 2448 894c 
  0x000001e1dc6eac08: 2408 4889 | 5424 104c | 8944 2418 | 4c89 4c24 | 204c 8954 | 2428 4c89 | 5c24 30c5 | fb11 4424 
  0x000001e1dc6eac28: 40c5 fb11 | 4c24 48c5 | fb11 5424 | 50c5 fb11 | 5c24 58c5 | fb11 6424 | 60c5 fb11 | 6c24 6849 
  0x000001e1dc6eac48: 8bd7 488b | c848 83ec | 2040 f6c4 | 0f0f 8419 | 0000 0048 

  0x000001e1dc6eac5c: ;   {runtime_call}
  0x000001e1dc6eac5c: 83ec 0848 | b820 a485 | c8fa 7f00 | 00ff d048 | 83c4 08e9 | 0c00 0000 

  0x000001e1dc6eac74: ;   {runtime_call}
  0x000001e1dc6eac74: 48b8 20a4 | 85c8 fa7f | 0000 ffd0 | 4883 c420 | c5fb 106c | 2468 c5fb | 1064 2460 | c5fb 105c 
  0x000001e1dc6eac94: 2458 c5fb | 1054 2450 | c5fb 104c | 2448 c5fb | 1044 2440 | 4c8b 5c24 | 304c 8b54 | 2428 4c8b 
  0x000001e1dc6eacb4: 4c24 204c | 8b44 2418 | 488b 5424 | 1048 8b4c | 2408 488b | 0424 4883 | c470 c5f8 | 7749 8b8f 
  0x000001e1dc6eacd4: 3004 0000 | c781 0001 | 0000 0000 | 0000 c949 | 837f 0800 | 0f85 0100 

  0x000001e1dc6eacec: ;   {runtime_call StubRoutines (initial stubs)}
  0x000001e1dc6eacec: 0000 c3e9 | 0c62 a0ff | c5f8 7748 | 8945 f84c | 8be4 4883 | ec20 4883 

  0x000001e1dc6ead04: ;   {runtime_call}
  0x000001e1dc6ead04: e4f0 48b8 | 3022 c7c8 | fa7f 0000 | ffd0 498b | e44d 33e4 | 488b 45f8 | e9fe fdff | fff4 f4f4 
  0x000001e1dc6ead24: f4f4 f4f4 
[/MachCode]


Compiled method (c1) 103500 1038       3       java.lang.ClassLoader::defineClass (43 bytes)
 total in heap  [0x000001e1d4d73b10,0x000001e1d4d74460] = 2384
 relocation     [0x000001e1d4d73c70,0x000001e1d4d73d10] = 160
 main code      [0x000001e1d4d73d20,0x000001e1d4d741b8] = 1176
 stub code      [0x000001e1d4d741b8,0x000001e1d4d74230] = 120
 metadata       [0x000001e1d4d74230,0x000001e1d4d74260] = 48
 scopes data    [0x000001e1d4d74260,0x000001e1d4d74350] = 240
 scopes pcs     [0x000001e1d4d74350,0x000001e1d4d74430] = 224
 dependencies   [0x000001e1d4d74430,0x000001e1d4d74438] = 8
 nul chk table  [0x000001e1d4d74438,0x000001e1d4d74460] = 40

[Constant Pool (empty)]

[MachCode]
[Entry Point]
  # {method} {0x000001e1e8434fb8} 'defineClass' '(Ljava/lang/String;[BIILjava/security/ProtectionDomain;)Ljava/lang/Class;' in 'java/lang/ClassLoader'
  # this:     rdx:rdx   = 'java/lang/ClassLoader'
  # parm0:    r8:r8     = 'java/lang/String'
  # parm1:    r9:r9     = '[B'
  # parm2:    rdi       = int
  # parm3:    rsi       = int
  # parm4:    rcx:rcx   = 'java/security/ProtectionDomain'
  #           [sp+0xc0]  (sp of caller)
  0x000001e1d4d73d20: 448b 5208 | 49bb 0000 | 00e8 e101 | 0000 4d03 | d34c 3bd0 

  0x000001e1d4d73d34: ;   {runtime_call ic_miss_stub}
  0x000001e1d4d73d34: 0f85 46aa | 3c07 660f | 1f44 0000 
[Verified Entry Point]
  0x000001e1d4d73d40: 8984 2400 | 80ff ff55 | 4881 ecb0 | 0000 0090 | 4181 7f20 | 0100 0000 

  0x000001e1d4d73d58: ;   {runtime_call StubRoutines (final stubs)}
  0x000001e1d4d73d58: 7405 e841 | 273b 0748 | 8954 2478 

  0x000001e1d4d73d64: ;   {metadata(method data for {method} {0x000001e1e8434fb8} 'defineClass' '(Ljava/lang/String;[BIILjava/security/ProtectionDomain;)Ljava/lang/Class;' in 'java/lang/ClassLoader')}
  0x000001e1d4d73d64: 48bb 1894 | 1780 e101 | 0000 8b83 | cc00 0000 | 83c0 0289 | 83cc 0000 | 0025 fe07 | 0000 85c0 
  0x000001e1d4d73d84: 0f84 5003 | 0000 89b4 | 2494 0000 | 0089 bc24 | 9000 0000 | 4c89 8c24 | 8800 0000 

  0x000001e1d4d73da0: ;   {metadata(method data for {method} {0x000001e1e8434fb8} 'defineClass' '(Ljava/lang/String;[BIILjava/security/ProtectionDomain;)Ljava/lang/Class;' in 'java/lang/ClassLoader')}
  0x000001e1d4d73da0: 488b da48 | b818 9417 | 80e1 0100 | 0048 8380 | 1001 0000 | 0149 8bd8 | 4c8b c34c | 8bc9 488b 
  0x000001e1d4d73dc0: ca48 8bd1 | 4889 9c24 | 8000 0000 

  0x000001e1d4d73dcc: ;   {optimized virtual_call}
  0x000001e1d4d73dcc: 6666 90e8 

  0x000001e1d4d73dd0: ; ImmutableOopMap {[120]=Oop [128]=Oop [136]=Oop }
                      ;*invokevirtual preDefineClass {reexecute=0 rethrow=0 return_oop=0}
                      ; - java.lang.ClassLoader::defineClass@4
  0x000001e1d4d73dd0: 4c0a 0000 

  0x000001e1d4d73dd4: ;   {other}
  0x000001e1d4d73dd4: 0f1f 8400 | c402 0000 | 4889 8424 | 9800 0000 | 488b 5424 

  0x000001e1d4d73de8: ;   {metadata(method data for {method} {0x000001e1e8434fb8} 'defineClass' '(Ljava/lang/String;[BIILjava/security/ProtectionDomain;)Ljava/lang/Class;' in 'java/lang/ClassLoader')}
  0x000001e1d4d73de8: 7849 b818 | 9417 80e1 | 0100 0049 | 8380 4801 

  0x000001e1d4d73df8: ;   {metadata(method data for {method} {0x000001e1e8434ca0} 'defineClassSourceLocation' '(Ljava/security/ProtectionDomain;)Ljava/lang/String;' in 'java/lang/ClassLoader')}
  0x000001e1d4d73df8: 0000 0149 | b830 9b17 | 80e1 0100 | 0041 8b90 | cc00 0000 | 83c2 0241 | 8990 cc00 | 0000 81e2 
  0x000001e1d4d73e18: feff 1f00 | 85d2 0f84 | d702 0000 

  0x000001e1d4d73e24: ; implicit exception: dispatches to 0x000001e1d4d7411c
  0x000001e1d4d73e24: 483b 004c 

  0x000001e1d4d73e28: ;   {metadata(method data for {method} {0x000001e1e8434ca0} 'defineClassSourceLocation' '(Ljava/security/ProtectionDomain;)Ljava/lang/String;' in 'java/lang/ClassLoader')}
  0x000001e1d4d73e28: 8bc0 48ba | 309b 1780 | e101 0000 | 4883 8210 | 0100 0001 | 448b 4010 

  0x000001e1d4d73e40: ;   {metadata(method data for {method} {0x000001e1e8434ca0} 'defineClassSourceLocation' '(Ljava/security/ProtectionDomain;)Ljava/lang/String;' in 'java/lang/ClassLoader')}
  0x000001e1d4d73e40: 4d85 c048 | ba30 9b17 | 80e1 0100 | 0048 c7c6 | 5801 0000 | 7507 48c7 | c648 0100 | 0048 8b3c 
  0x000001e1d4d73e60: 3248 8d7f | 0148 893c | 320f 850f 

  0x000001e1d4d73e6c: ;   {oop(nullptr)}
  0x000001e1d4d73e6c: 0000 0048 | bb00 0000 | 0000 0000 | 00e9 a101 | 0000 493b | 0049 8bd0 

  0x000001e1d4d73e84: ;   {metadata(method data for {method} {0x000001e1e8434ca0} 'defineClassSourceLocation' '(Ljava/security/ProtectionDomain;)Ljava/lang/String;' in 'java/lang/ClassLoader')}
  0x000001e1d4d73e84: 48be 309b | 1780 e101 | 0000 4883 | 8668 0100 | 0001 418b | 500c 4885 

  0x000001e1d4d73e9c: ;   {metadata(method data for {method} {0x000001e1e8434ca0} 'defineClassSourceLocation' '(Ljava/security/ProtectionDomain;)Ljava/lang/String;' in 'java/lang/ClassLoader')}
  0x000001e1d4d73e9c: d248 be30 | 9b17 80e1 | 0100 0048 | c7c7 b001 | 0000 7507 | 48c7 c7a0 | 0100 0048 | 8b1c 3e48 
  0x000001e1d4d73ebc: 8d5b 0148 | 891c 3e0f | 850f 0000 

  0x000001e1d4d73ec8: ;   {oop(nullptr)}
  0x000001e1d4d73ec8: 0048 bb00 | 0000 0000 | 0000 00e9 | 4701 0000 

  0x000001e1d4d73ed8: ;   {metadata(method data for {method} {0x000001e1e8434ca0} 'defineClassSourceLocation' '(Ljava/security/ProtectionDomain;)Ljava/lang/String;' in 'java/lang/ClassLoader')}
  0x000001e1d4d73ed8: 48be 309b | 1780 e101 | 0000 4883 | 86c0 0100 | 0001 483b | 024c 8bc2 

  0x000001e1d4d73ef0: ;   {metadata(method data for {method} {0x000001e1e8434ca0} 'defineClassSourceLocation' '(Ljava/security/ProtectionDomain;)Ljava/lang/String;' in 'java/lang/ClassLoader')}
  0x000001e1d4d73ef0: 48be 309b | 1780 e101 | 0000 4883 | 86f8 0100 

  0x000001e1d4d73f00: ;   {metadata(method data for {method} {0x000001e1e801abf0} 'toString' '()Ljava/lang/String;' in 'java/net/URL')}
  0x000001e1d4d73f00: 0001 49b8 | 2808 0e80 | e101 0000 | 418b b0cc | 0000 0083 | c602 4189 | b0cc 0000 | 0081 e6fe 
  0x000001e1d4d73f20: ff1f 0085 | f60f 8400 | 0200 004c 

  0x000001e1d4d73f2c: ;   {metadata(method data for {method} {0x000001e1e801abf0} 'toString' '()Ljava/lang/String;' in 'java/net/URL')}
  0x000001e1d4d73f2c: 8bc2 48be | 2808 0e80 | e101 0000 | 4883 8610 | 0100 0001 

  0x000001e1d4d73f40: ;   {metadata(method data for {method} {0x000001e1e8428840} 'toExternalForm' '()Ljava/lang/String;' in 'java/net/URL')}
  0x000001e1d4d73f40: 49b8 b009 | 0e80 e101 | 0000 418b | b0cc 0000 | 0083 c602 | 4189 b0cc | 0000 0081 | e6fe ff1f 
  0x000001e1d4d73f60: 0085 f60f | 84e3 0100 | 008b 7238 

  0x000001e1d4d73f6c: ; implicit exception: dispatches to 0x000001e1d4d7416d
  0x000001e1d4d73f6c: 483b 064c 

  0x000001e1d4d73f70: ;   {metadata(method data for {method} {0x000001e1e8428840} 'toExternalForm' '()Ljava/lang/String;' in 'java/net/URL')}
  0x000001e1d4d73f70: 8bc6 48bf | b009 0e80 | e101 0000 | 458b 4008 | 49ba 0000 | 00e8 e101 | 0000 4d03 | c24c 3b87 
  0x000001e1d4d73f90: 2001 0000 | 750d 4883 | 8728 0100 | 0001 e960 | 0000 004c | 3b87 3001 | 0000 750d | 4883 8738 
  0x000001e1d4d73fb0: 0100 0001 | e94a 0000 | 0048 83bf | 2001 0000 | 0075 174c | 8987 2001 | 0000 48c7 | 8728 0100 
  0x000001e1d4d73fd0: 0001 0000 | 00e9 2900 | 0000 4883 | bf30 0100 | 0000 7517 | 4c89 8730 | 0100 0048 | c787 3801 
  0x000001e1d4d73ff0: 0000 0100 | 0000 e908 | 0000 0048 | 8387 1001 | 0000 014c | 8bc2 488b | d666 0f1f 

  0x000001e1d4d7400c: ;   {optimized virtual_call}
  0x000001e1d4d7400c: 4400 00e8 

  0x000001e1d4d74010: ; ImmutableOopMap {[120]=Oop [128]=Oop [136]=Oop [152]=Oop }
                      ;*invokevirtual toExternalForm {reexecute=0 rethrow=0 return_oop=0}
                      ; - java.net.URL::toExternalForm@5
                      ; - java.net.URL::toString@1
                      ; - java.lang.ClassLoader::defineClassSourceLocation@22
                      ; - java.lang.ClassLoader::defineClass@12
  0x000001e1d4d74010: 0c27 fcff 

  0x000001e1d4d74014: ;   {other}
  0x000001e1d4d74014: 0f1f 8400 | 0405 0001 | 488b d848 | 8b84 2498 | 0000 008b | b424 9400 | 0000 8bbc | 2490 0000 
  0x000001e1d4d74034: 004c 8b8c | 2488 0000 | 004c 8b84 | 2480 0000 | 0048 8b54 

  0x000001e1d4d74048: ;   {metadata(method data for {method} {0x000001e1e8434fb8} 'defineClass' '(Ljava/lang/String;[BIILjava/security/ProtectionDomain;)Ljava/lang/Class;' in 'java/lang/ClassLoader')}
  0x000001e1d4d74048: 2478 48b9 | 1894 1780 | e101 0000 | 4883 8180 | 0100 0001 | 4c8b da49 | 8bd3 488b | c848 891c 
  0x000001e1d4d74068: 2466 0f1f 

  0x000001e1d4d7406c: ;   {static_call}
  0x000001e1d4d7406c: 4400 00e8 

  0x000001e1d4d74070: ; ImmutableOopMap {[120]=Oop [152]=Oop }
                      ;*invokestatic defineClass1 {reexecute=0 rethrow=0 return_oop=0}
                      ; - java.lang.ClassLoader::defineClass@27
  0x000001e1d4d74070: ec68 9707 

  0x000001e1d4d74074: ;   {other}
  0x000001e1d4d74074: 0f1f 8400 | 6405 0002 | 488b 5424 

  0x000001e1d4d74080: ;   {metadata(method data for {method} {0x000001e1e8434fb8} 'defineClass' '(Ljava/lang/String;[BIILjava/security/ProtectionDomain;)Ljava/lang/Class;' in 'java/lang/ClassLoader')}
  0x000001e1d4d74080: 7849 b818 | 9417 80e1 | 0100 0049 | 8380 9001 | 0000 014c | 8bc0 4c8b | 8c24 9800 | 0000 488b 
  0x000001e1d4d740a0: 5424 7848 | 8984 24a0 | 0000 000f 

  0x000001e1d4d740ac: ;   {optimized virtual_call}
  0x000001e1d4d740ac: 1f40 00e8 

  0x000001e1d4d740b0: ; ImmutableOopMap {[160]=Oop }
                      ;*invokevirtual postDefineClass {reexecute=0 rethrow=0 return_oop=0}
                      ; - java.lang.ClassLoader::defineClass@37
  0x000001e1d4d740b0: ec04 feff 

  0x000001e1d4d740b4: ;   {other}
  0x000001e1d4d740b4: 0f1f 8400 | a405 0003 | 488b 8424 | a000 0000 | 4881 c4b0 | 0000 005d 

  0x000001e1d4d740cc: ;   {poll_return}
  0x000001e1d4d740cc: 493b a750 | 0400 000f | 8799 0000 

  0x000001e1d4d740d8: ;   {metadata({method} {0x000001e1e8434fb8} 'defineClass' '(Ljava/lang/String;[BIILjava/security/ProtectionDomain;)Ljava/lang/Class;' in 'java/lang/ClassLoader')}
  0x000001e1d4d740d8: 00c3 49ba | b04f 43e8 | e101 0000 | 4c89 5424 | 0848 c704 | 24ff ffff 

  0x000001e1d4d740f0: ;   {runtime_call counter_overflow Runtime1 stub}
  0x000001e1d4d740f0: ffe8 0ad1 

  0x000001e1d4d740f4: ; ImmutableOopMap {rdx=Oop r8=Oop r9=Oop rcx=Oop [120]=Oop }
                      ;*synchronization entry
                      ; - java.lang.ClassLoader::defineClass@-1
  0x000001e1d4d740f4: 4807 e98f 

  0x000001e1d4d740f8: ;   {metadata({method} {0x000001e1e8434ca0} 'defineClassSourceLocation' '(Ljava/security/ProtectionDomain;)Ljava/lang/String;' in 'java/lang/ClassLoader')}
  0x000001e1d4d740f8: fcff ff49 | ba98 4c43 | e8e1 0100 | 004c 8954 | 2408 48c7 | 0424 ffff 

  0x000001e1d4d74110: ;   {runtime_call counter_overflow Runtime1 stub}
  0x000001e1d4d74110: ffff e8e9 

  0x000001e1d4d74114: ; ImmutableOopMap {rax=Oop [120]=Oop [128]=Oop [136]=Oop [152]=Oop }
                      ;*synchronization entry
                      ; - java.lang.ClassLoader::defineClassSourceLocation@-1
                      ; - java.lang.ClassLoader::defineClass@12
  0x000001e1d4d74114: d048 07e9 | 08fd ffff 

  0x000001e1d4d7411c: ;   {runtime_call throw_null_pointer_exception Runtime1 stub}
  0x000001e1d4d7411c: e8df 7b48 

  0x000001e1d4d74120: ; ImmutableOopMap {rax=Oop [120]=Oop [128]=Oop [136]=Oop [152]=Oop }
                      ;*invokevirtual getCodeSource {reexecute=0 rethrow=0 return_oop=0}
                      ; - java.lang.ClassLoader::defineClassSourceLocation@1
                      ; - java.lang.ClassLoader::defineClass@12
                      ;   {runtime_call throw_null_pointer_exception Runtime1 stub}
  0x000001e1d4d74120: 07e8 da7b 

  0x000001e1d4d74124: ; ImmutableOopMap {rax=Oop r8=Oop [120]=Oop [128]=Oop [136]=Oop [152]=Oop }
                      ;*invokevirtual getLocation {reexecute=0 rethrow=0 return_oop=0}
                      ; - java.lang.ClassLoader::defineClassSourceLocation@12
                      ; - java.lang.ClassLoader::defineClass@12
                      ;   {runtime_call throw_null_pointer_exception Runtime1 stub}
  0x000001e1d4d74124: 4807 e8d5 

  0x000001e1d4d74128: ; ImmutableOopMap {rdx=Oop [120]=Oop [128]=Oop [136]=Oop [152]=Oop }
                      ;*invokevirtual toString {reexecute=0 rethrow=0 return_oop=0}
                      ; - java.lang.ClassLoader::defineClassSourceLocation@22
                      ; - java.lang.ClassLoader::defineClass@12
                      ;   {metadata({method} {0x000001e1e801abf0} 'toString' '()Ljava/lang/String;' in 'java/net/URL')}
  0x000001e1d4d74128: 7b48 0749 | bae8 ab01 | e8e1 0100 | 004c 8954 | 2408 48c7 | 0424 ffff 

  0x000001e1d4d74140: ;   {runtime_call counter_overflow Runtime1 stub}
  0x000001e1d4d74140: ffff e8b9 

  0x000001e1d4d74144: ; ImmutableOopMap {rdx=Oop [120]=Oop [128]=Oop [136]=Oop [152]=Oop }
                      ;*synchronization entry
                      ; - java.net.URL::toString@-1
                      ; - java.lang.ClassLoader::defineClassSourceLocation@22
                      ; - java.lang.ClassLoader::defineClass@12
  0x000001e1d4d74144: d048 07e9 | dffd ffff 

  0x000001e1d4d7414c: ;   {metadata({method} {0x000001e1e8428840} 'toExternalForm' '()Ljava/lang/String;' in 'java/net/URL')}
  0x000001e1d4d7414c: 49ba 3888 | 42e8 e101 | 0000 4c89 | 5424 0848 | c704 24ff 

  0x000001e1d4d74160: ;   {runtime_call counter_overflow Runtime1 stub}
  0x000001e1d4d74160: ffff ffe8 

  0x000001e1d4d74164: ; ImmutableOopMap {rdx=Oop [120]=Oop [128]=Oop [136]=Oop [152]=Oop }
                      ;*synchronization entry
                      ; - java.net.URL::toExternalForm@-1
                      ; - java.net.URL::toString@1
                      ; - java.lang.ClassLoader::defineClassSourceLocation@22
                      ; - java.lang.ClassLoader::defineClass@12
  0x000001e1d4d74164: 98d0 4807 | e9fc fdff 

  0x000001e1d4d7416c: ;   {runtime_call throw_null_pointer_exception Runtime1 stub}
  0x000001e1d4d7416c: ffe8 8e7b 

  0x000001e1d4d74170: ; ImmutableOopMap {rdx=Oop rsi=Oop [120]=Oop [128]=Oop [136]=Oop [152]=Oop }
                      ;*invokevirtual toExternalForm {reexecute=0 rethrow=0 return_oop=0}
                      ; - java.net.URL::toExternalForm@5
                      ; - java.net.URL::toString@1
                      ; - java.lang.ClassLoader::defineClassSourceLocation@22
                      ; - java.lang.ClassLoader::defineClass@12
                      ;   {internal_word}
  0x000001e1d4d74170: 4807 49ba | cc40 d7d4 | e101 0000 | 4d89 9768 

  0x000001e1d4d74180: ;   {runtime_call SafepointBlob}
  0x000001e1d4d74180: 0400 00e9 | f812 3d07 | 498b 8700 | 0500 0049 | c787 0005 | 0000 0000 | 0000 49c7 | 8708 0500 
  0x000001e1d4d741a0: 0000 0000 | 0048 81c4 | b000 0000 

  0x000001e1d4d741ac: ;   {runtime_call unwind_exception Runtime1 stub}
  0x000001e1d4d741ac: 5de9 4e6c | 4807 f4f4 | f4f4 f4f4 
[Stub Code]
  0x000001e1d4d741b8: ;   {no_reloc}
  0x000001e1d4d741b8: 0f1f 4400 

  0x000001e1d4d741bc: ;   {static_stub}
  0x000001e1d4d741bc: 0048 bb00 | 0000 0000 

  0x000001e1d4d741c4: ;   {runtime_call nmethod}
  0x000001e1d4d741c4: 0000 00e9 | fbff ffff 

  0x000001e1d4d741cc: ;   {static_stub}
  0x000001e1d4d741cc: 48bb 0000 | 0000 0000 

  0x000001e1d4d741d4: ;   {runtime_call nmethod}
  0x000001e1d4d741d4: 0000 e9fb 

  0x000001e1d4d741d8: ;   {static_stub}
  0x000001e1d4d741d8: ffff ff48 | bb00 0000 | 0000 0000 

  0x000001e1d4d741e4: ;   {runtime_call nmethod}
  0x000001e1d4d741e4: 00e9 fbff 

  0x000001e1d4d741e8: ;   {static_stub}
  0x000001e1d4d741e8: ffff 48bb | 0000 0000 | 0000 0000 

  0x000001e1d4d741f4: ;   {runtime_call nmethod}
  0x000001e1d4d741f4: e9fb ffff 

  0x000001e1d4d741f8: ;   {runtime_call handle_exception_from_callee Runtime1 stub}
  0x000001e1d4d741f8: ffe8 029d 

  0x000001e1d4d741fc: ;   {external_word}
  0x000001e1d4d741fc: 4807 48b9 | 5063 f3c8 | fa7f 0000 | 4883 e4f0 

  0x000001e1d4d7420c: ;   {runtime_call}
  0x000001e1d4d7420c: 48b8 c0c9 | b5c8 fa7f | 0000 ffd0 

  0x000001e1d4d74218: ;   {section_word}
  0x000001e1d4d74218: f449 ba19 | 42d7 d4e1 | 0100 0041 

  0x000001e1d4d74224: ;   {runtime_call DeoptimizationBlob}
  0x000001e1d4d74224: 52e9 f604 | 3d07 f4f4 | f4f4 f4f4 
[/MachCode]


Compiled method (c1) 103724 1305       3       java.security.SecureClassLoader::defineClass (16 bytes)
 total in heap  [0x000001e1d4e1df90,0x000001e1d4e1e390] = 1024
 relocation     [0x000001e1d4e1e0f0,0x000001e1d4e1e140] = 80
 main code      [0x000001e1d4e1e140,0x000001e1d4e1e298] = 344
 stub code      [0x000001e1d4e1e298,0x000001e1d4e1e2e8] = 80
 metadata       [0x000001e1d4e1e2e8,0x000001e1d4e1e2f0] = 8
 scopes data    [0x000001e1d4e1e2f0,0x000001e1d4e1e338] = 72
 scopes pcs     [0x000001e1d4e1e338,0x000001e1d4e1e388] = 80
 dependencies   [0x000001e1d4e1e388,0x000001e1d4e1e390] = 8

[Constant Pool (empty)]

[MachCode]
[Entry Point]
  # {method} {0x000001e1e804e0e8} 'defineClass' '(Ljava/lang/String;[BIILjava/security/CodeSource;)Ljava/lang/Class;' in 'java/security/SecureClassLoader'
  # this:     rdx:rdx   = 'java/security/SecureClassLoader'
  # parm0:    r8:r8     = 'java/lang/String'
  # parm1:    r9:r9     = '[B'
  # parm2:    rdi       = int
  # parm3:    rsi       = int
  # parm4:    rcx:rcx   = 'java/security/CodeSource'
  #           [sp+0x80]  (sp of caller)
  0x000001e1d4e1e140: 448b 5208 | 49bb 0000 | 00e8 e101 | 0000 4d03 | d34c 3bd0 

  0x000001e1d4e1e154: ;   {runtime_call ic_miss_stub}
  0x000001e1d4e1e154: 0f85 2606 | 3207 660f | 1f44 0000 
[Verified Entry Point]
  0x000001e1d4e1e160: 8984 2400 | 80ff ff55 | 4883 ec70 | 4181 7f20 | 0100 0000 

  0x000001e1d4e1e174: ;   {runtime_call StubRoutines (final stubs)}
  0x000001e1d4e1e174: 7405 e825 

  0x000001e1d4e1e178: ;   {metadata(method data for {method} {0x000001e1e804e0e8} 'defineClass' '(Ljava/lang/String;[BIILjava/security/CodeSource;)Ljava/lang/Class;' in 'java/security/SecureClassLoader')}
  0x000001e1d4e1e178: 8330 0748 | bb48 c317 | 80e1 0100 | 008b 83cc | 0000 0083 | c002 8983 | cc00 0000 | 25fe 0700 
  0x000001e1d4e1e198: 0085 c00f | 8496 0000 | 0089 7424 | 5c89 7c24 | 584c 894c | 2450 4c89 | 4424 4848 

  0x000001e1d4e1e1b4: ;   {metadata(method data for {method} {0x000001e1e804e0e8} 'defineClass' '(Ljava/lang/String;[BIILjava/security/CodeSource;)Ljava/lang/Class;' in 'java/security/SecureClassLoader')}
  0x000001e1d4e1e1b4: 8bda 48b8 | 48c3 1780 | e101 0000 | 4883 8010 | 0100 0001 | 4c8b c148 | 8bc2 488b | d048 8944 
  0x000001e1d4e1e1d4: ;   {optimized virtual_call}
  0x000001e1d4e1e1d4: 2440 90e8 

  0x000001e1d4e1e1d8: ; ImmutableOopMap {[64]=Oop [72]=Oop [80]=Oop }
                      ;*invokevirtual getProtectionDomain {reexecute=0 rethrow=0 return_oop=0}
                      ; - java.security.SecureClassLoader::defineClass@9
  0x000001e1d4e1e1d8: 4492 0900 

  0x000001e1d4e1e1dc: ;   {other}
  0x000001e1d4e1e1dc: 0f1f 8400 | 4c02 0000 | 488b 5424 

  0x000001e1d4e1e1e8: ;   {metadata(method data for {method} {0x000001e1e804e0e8} 'defineClass' '(Ljava/lang/String;[BIILjava/security/CodeSource;)Ljava/lang/Class;' in 'java/security/SecureClassLoader')}
  0x000001e1d4e1e1e8: 4049 b848 | c317 80e1 | 0100 0049 | 8380 4801 | 0000 014c | 8b44 2448 | 4c8b 4c24 | 508b 7c24 
  0x000001e1d4e1e208: 588b 7424 | 5c48 8bc8 | 488b 5424 

  0x000001e1d4e1e214: ;   {optimized virtual_call}
  0x000001e1d4e1e214: 4066 90e8 

  0x000001e1d4e1e218: ; ImmutableOopMap {}
                      ;*invokevirtual defineClass {reexecute=0 rethrow=0 return_oop=0}
                      ; - java.security.SecureClassLoader::defineClass@12
  0x000001e1d4e1e218: 245b f5ff 

  0x000001e1d4e1e21c: ;   {other}
  0x000001e1d4e1e21c: 0f1f 8400 | 8c02 0001 | 4883 c470 

  0x000001e1d4e1e228: ;   {poll_return}
  0x000001e1d4e1e228: 5d49 3ba7 | 5004 0000 | 0f87 2200 

  0x000001e1d4e1e234: ;   {metadata({method} {0x000001e1e804e0e8} 'defineClass' '(Ljava/lang/String;[BIILjava/security/CodeSource;)Ljava/lang/Class;' in 'java/security/SecureClassLoader')}
  0x000001e1d4e1e234: 0000 c349 | bae0 e004 | e8e1 0100 | 004c 8954 | 2408 48c7 | 0424 ffff 

  0x000001e1d4e1e24c: ;   {runtime_call counter_overflow Runtime1 stub}
  0x000001e1d4e1e24c: ffff e8ad 

  0x000001e1d4e1e250: ; ImmutableOopMap {rdx=Oop r8=Oop r9=Oop rcx=Oop }
                      ;*synchronization entry
                      ; - java.security.SecureClassLoader::defineClass@-1
  0x000001e1d4e1e250: 2f3e 07e9 | 49ff ffff 

  0x000001e1d4e1e258: ;   {internal_word}
  0x000001e1d4e1e258: 49ba 29e2 | e1d4 e101 | 0000 4d89 | 9768 0400 

  0x000001e1d4e1e268: ;   {runtime_call SafepointBlob}
  0x000001e1d4e1e268: 00e9 1272 | 3207 498b | 8700 0500 | 0049 c787 | 0005 0000 | 0000 0000 | 49c7 8708 | 0500 0000 
  0x000001e1d4e1e288: 0000 0048 | 83c4 705d 

  0x000001e1d4e1e290: ;   {runtime_call unwind_exception Runtime1 stub}
  0x000001e1d4e1e290: e96b cb3d | 07f4 f4f4 
[Stub Code]
  0x000001e1d4e1e298: ;   {no_reloc}
  0x000001e1d4e1e298: 48bb 30e0 | 04e8 e101 

  0x000001e1d4e1e2a0: ;   {runtime_call I2C/C2I adapters}
  0x000001e1d4e1e2a0: 0000 e940 

  0x000001e1d4e1e2a4: ;   {static_stub}
  0x000001e1d4e1e2a4: 5d32 0748 | bb00 0000 | 0000 0000 

  0x000001e1d4e1e2b0: ;   {runtime_call nmethod}
  0x000001e1d4e1e2b0: 00e9 fbff 

  0x000001e1d4e1e2b4: ;   {runtime_call handle_exception_from_callee Runtime1 stub}
  0x000001e1d4e1e2b4: ffff e845 

  0x000001e1d4e1e2b8: ;   {external_word}
  0x000001e1d4e1e2b8: fc3d 0748 | b950 63f3 | c8fa 7f00 | 0048 83e4 

  0x000001e1d4e1e2c8: ;   {runtime_call}
  0x000001e1d4e1e2c8: f048 b8c0 | c9b5 c8fa | 7f00 00ff 

  0x000001e1d4e1e2d4: ;   {section_word}
  0x000001e1d4e1e2d4: d0f4 49ba | d6e2 e1d4 | e101 0000 

  0x000001e1d4e1e2e0: ;   {runtime_call DeoptimizationBlob}
  0x000001e1d4e1e2e0: 4152 e939 | 6432 07f4 
[/MachCode]


---------------  P R O C E S S  ---------------

Threads class SMR info:
_java_thread_list=0x000001e1fdf18800, length=25, elements={
0x000001e1cf612c20, 0x000001e1e7376c40, 0x000001e1e73776a0, 0x000001e1e737b9a0,
0x000001e1e737c400, 0x000001e1e7381c20, 0x000001e1e73827b0, 0x000001e1e7384550,
0x000001e1e7389010, 0x000001e1e760bf00, 0x000001e1e764cb00, 0x000001e1fd438800,
0x000001e1fd431c20, 0x000001e1fdb55460, 0x000001e1fdd40f90, 0x000001e1fdd421b0,
0x000001e1fdbb1220, 0x000001e1fdb98560, 0x000001e1fdb98bf0, 0x000001e1fdb97ed0,
0x000001e1fdb99280, 0x000001e1fdb971b0, 0x000001e1fdb97840, 0x000001e1fdb96490,
0x000001e1fdb99910
}

Java Threads: ( => current thread )
  0x000001e1cf612c20 JavaThread "main"                              [_thread_blocked, id=19652, stack(0x00000010d3e00000,0x00000010d3f00000) (1024K)]
  0x000001e1e7376c40 JavaThread "Reference Handler"          daemon [_thread_blocked, id=11952, stack(0x00000010d4600000,0x00000010d4700000) (1024K)]
  0x000001e1e73776a0 JavaThread "Finalizer"                  daemon [_thread_blocked, id=13532, stack(0x00000010d4700000,0x00000010d4800000) (1024K)]
  0x000001e1e737b9a0 JavaThread "Signal Dispatcher"          daemon [_thread_blocked, id=28036, stack(0x00000010d4800000,0x00000010d4900000) (1024K)]
  0x000001e1e737c400 JavaThread "Attach Listener"            daemon [_thread_blocked, id=22704, stack(0x00000010d4900000,0x00000010d4a00000) (1024K)]
  0x000001e1e7381c20 JavaThread "Service Thread"             daemon [_thread_blocked, id=27112, stack(0x00000010d4a00000,0x00000010d4b00000) (1024K)]
  0x000001e1e73827b0 JavaThread "Monitor Deflation Thread"   daemon [_thread_blocked, id=16952, stack(0x00000010d4b00000,0x00000010d4c00000) (1024K)]
  0x000001e1e7384550 JavaThread "C2 CompilerThread0"         daemon [_thread_blocked, id=31388, stack(0x00000010d4c00000,0x00000010d4d00000) (1024K)]
  0x000001e1e7389010 JavaThread "C1 CompilerThread0"         daemon [_thread_blocked, id=36568, stack(0x00000010d4d00000,0x00000010d4e00000) (1024K)]
  0x000001e1e760bf00 JavaThread "Common-Cleaner"             daemon [_thread_blocked, id=28776, stack(0x00000010d4e00000,0x00000010d4f00000) (1024K)]
  0x000001e1e764cb00 JavaThread "Notification Thread"        daemon [_thread_blocked, id=29468, stack(0x00000010d4f00000,0x00000010d5000000) (1024K)]
  0x000001e1fd438800 JavaThread "Daemon health stats"               [_thread_blocked, id=36960, stack(0x00000010d5500000,0x00000010d5600000) (1024K)]
  0x000001e1fd431c20 JavaThread "Incoming local TCP Connector on port 65326"        [_thread_in_native, id=16908, stack(0x00000010d5600000,0x00000010d5700000) (1024K)]
  0x000001e1fdb55460 JavaThread "Daemon periodic checks"            [_thread_blocked, id=25216, stack(0x00000010d5700000,0x00000010d5800000) (1024K)]
  0x000001e1fdd40f90 JavaThread "Daemon"                            [_thread_blocked, id=7572, stack(0x00000010d5800000,0x00000010d5900000) (1024K)]
  0x000001e1fdd421b0 JavaThread "Handler for socket connection from /127.0.0.1:65326 to /127.0.0.1:65333"        [_thread_in_native, id=26648, stack(0x00000010d5900000,0x00000010d5a00000) (1024K)]
  0x000001e1fdbb1220 JavaThread "Cancel handler"                    [_thread_blocked, id=33584, stack(0x00000010d5a00000,0x00000010d5b00000) (1024K)]
=>0x000001e1fdb98560 JavaThread "Daemon worker"                     [_thread_in_vm, id=27516, stack(0x00000010d3d00000,0x00000010d3e00000) (1024K)]
  0x000001e1fdb98bf0 JavaThread "Asynchronous log dispatcher for DefaultDaemonConnection: socket connection from /127.0.0.1:65326 to /127.0.0.1:65333"        [_thread_blocked, id=15780, stack(0x00000010d5b00000,0x00000010d5c00000) (1024K)]
  0x000001e1fdb97ed0 JavaThread "Stdin handler"                     [_thread_blocked, id=24236, stack(0x00000010d5c00000,0x00000010d5d00000) (1024K)]
  0x000001e1fdb99280 JavaThread "Daemon client event forwarder"        [_thread_blocked, id=22060, stack(0x00000010d5d00000,0x00000010d5e00000) (1024K)]
  0x000001e1fdb971b0 JavaThread "Cache worker for journal cache (C:\Users\NAGARAJU\.gradle\caches\journal-1)"        [_thread_blocked, id=28616, stack(0x00000010d5e00000,0x00000010d5f00000) (1024K)]
  0x000001e1fdb97840 JavaThread "File lock request listener"        [_thread_in_native, id=30552, stack(0x00000010d5f00000,0x00000010d6000000) (1024K)]
  0x000001e1fdb96490 JavaThread "File lock release action executor"        [_thread_blocked, id=30956, stack(0x00000010d6000000,0x00000010d6100000) (1024K)]
  0x000001e1fdb99910 JavaThread "Cache worker for file hash cache (C:\Users\NAGARAJU\.gradle\caches\8.9\fileHashes)"        [_thread_blocked, id=29612, stack(0x00000010d6100000,0x00000010d6200000) (1024K)]
Total: 25

Other Threads:
  0x000001e1e7356f50 VMThread "VM Thread"                           [id=36796, stack(0x00000010d4500000,0x00000010d4600000) (1024K)] _threads_hazard_ptr=0x000001e1fdf18800
  0x000001e1e734a670 WatcherThread "VM Periodic Task Thread"        [id=29820, stack(0x00000010d4400000,0x00000010d4500000) (1024K)]
  0x000001e1d19f9940 WorkerThread "GC Thread#0"                     [id=33620, stack(0x00000010d3f00000,0x00000010d4000000) (1024K)]
  0x000001e1e77a9010 WorkerThread "GC Thread#1"                     [id=30176, stack(0x00000010d5000000,0x00000010d5100000) (1024K)]
  0x000001e1e7eda6d0 WorkerThread "GC Thread#2"                     [id=32512, stack(0x00000010d5100000,0x00000010d5200000) (1024K)]
  0x000001e1e7f6e7c0 WorkerThread "GC Thread#3"                     [id=37192, stack(0x00000010d5200000,0x00000010d5300000) (1024K)]
  0x000001e1e7f6eb70 WorkerThread "GC Thread#4"                     [id=30044, stack(0x00000010d5300000,0x00000010d5400000) (1024K)]
  0x000001e1e7e50c50 WorkerThread "GC Thread#5"                     [id=17744, stack(0x00000010d5400000,0x00000010d5500000) (1024K)]
  0x000001e1e7575ea0 WorkerThread "GC Thread#6"                     [id=36188, stack(0x00000010d6200000,0x00000010d6300000) (1024K)]
  0x000001e1e7577870 WorkerThread "GC Thread#7"                     [id=37688, stack(0x00000010d6300000,0x00000010d6400000) (1024K)]
  0x000001e1d19fe740 ConcurrentGCThread "G1 Main Marker"            [id=31116, stack(0x00000010d4000000,0x00000010d4100000) (1024K)]
  0x000001e1d19ffee0 WorkerThread "G1 Conc#0"                       [id=27012, stack(0x00000010d4100000,0x00000010d4200000) (1024K)]
  0x000001e1e720f640 ConcurrentGCThread "G1 Refine#0"               [id=35500, stack(0x00000010d4200000,0x00000010d4300000) (1024K)]
  0x000001e1e720fe70 ConcurrentGCThread "G1 Service"                [id=25300, stack(0x00000010d4300000,0x00000010d4400000) (1024K)]
Total: 14

Threads with active compile tasks:
Total: 0

VM state: synchronizing (normal execution)

VM Mutex/Monitor currently owned by a thread:  ([mutex/lock_event])
[0x00007ffac91ed530] Metaspace_lock - owner thread: 0x000001e1fdb98560
[0x00007ffac91ef5b0] Threads_lock - owner thread: 0x000001e1e7356f50

Heap address: 0x00000000e0000000, size: 512 MB, Compressed Oops mode: 32-bit

CDS archive(s) mapped at: [0x000001e1e8000000-0x000001e1e8ba0000-0x000001e1e8ba0000), size 12189696, SharedBaseAddress: 0x000001e1e8000000, ArchiveRelocationMode: 1.
Compressed class space mapped at: 0x000001e1e9000000-0x000001e1fd000000, reserved size: 335544320
Narrow klass base: 0x000001e1e8000000, Narrow klass shift: 0, Narrow klass range: 0x100000000

GC Precious Log:
 CardTable entry size: 512
 Card Set container configuration: InlinePtr #cards 5 size 8 Array Of Cards #cards 12 size 40 Howl #buckets 4 coarsen threshold 1843 Howl Bitmap #cards 512 size 80 coarsen threshold 460 Card regions per heap region 1 cards per card region 2048
 CPUs: 8 total, 8 available
 Memory: 7502M
 Large Page Support: Disabled
 NUMA Support: Disabled
 Compressed Oops: Enabled (32-bit)
 Heap Region Size: 1M
 Heap Min Capacity: 256M
 Heap Initial Capacity: 256M
 Heap Max Capacity: 512M
 Pre-touch: Disabled
 Parallel Workers: 8
 Concurrent Workers: 2
 Concurrent Refinement Workers: 8
 Periodic GC: Disabled

Heap:
 garbage-first heap   total 262144K, used 28609K [0x00000000e0000000, 0x0000000100000000)
  region size 1024K, 8 young (8192K), 1 survivors (1024K)
 Metaspace       used 18994K, committed 19520K, reserved 393216K
  class space    used 2742K, committed 3008K, reserved 327680K

Heap Regions: E=young(eden), S=young(survivor), O=old, HS=humongous(starts), HC=humongous(continues), CS=collection set, F=free, TAMS=top-at-mark-start, PB=parsable bottom
|   0|0x00000000e0000000, 0x00000000e0100000, 0x00000000e0100000|100%|HS|  |TAMS 0x00000000e0000000| PB 0x00000000e0000000| Complete 
|   1|0x00000000e0100000, 0x00000000e0200000, 0x00000000e0200000|100%|HC|  |TAMS 0x00000000e0100000| PB 0x00000000e0100000| Complete 
|   2|0x00000000e0200000, 0x00000000e0300000, 0x00000000e0300000|100%|HC|  |TAMS 0x00000000e0200000| PB 0x00000000e0200000| Complete 
|   3|0x00000000e0300000, 0x00000000e0400000, 0x00000000e0400000|100%|HC|  |TAMS 0x00000000e0300000| PB 0x00000000e0300000| Complete 
|   4|0x00000000e0400000, 0x00000000e0500000, 0x00000000e0500000|100%| O|  |TAMS 0x00000000e0400000| PB 0x00000000e0400000| Untracked 
|   5|0x00000000e0500000, 0x00000000e0600000, 0x00000000e0600000|100%| O|  |TAMS 0x00000000e0500000| PB 0x00000000e0500000| Untracked 
|   6|0x00000000e0600000, 0x00000000e0700000, 0x00000000e0700000|100%| O|  |TAMS 0x00000000e0600000| PB 0x00000000e0600000| Untracked 
|   7|0x00000000e0700000, 0x00000000e0800000, 0x00000000e0800000|100%| O|  |TAMS 0x00000000e0700000| PB 0x00000000e0700000| Untracked 
|   8|0x00000000e0800000, 0x00000000e0900000, 0x00000000e0900000|100%| O|  |TAMS 0x00000000e0800000| PB 0x00000000e0800000| Untracked 
|   9|0x00000000e0900000, 0x00000000e0a00000, 0x00000000e0a00000|100%| O|  |TAMS 0x00000000e0900000| PB 0x00000000e0900000| Untracked 
|  10|0x00000000e0a00000, 0x00000000e0b00000, 0x00000000e0b00000|100%| O|  |TAMS 0x00000000e0a00000| PB 0x00000000e0a00000| Untracked 
|  11|0x00000000e0b00000, 0x00000000e0c00000, 0x00000000e0c00000|100%|HS|  |TAMS 0x00000000e0b00000| PB 0x00000000e0b00000| Complete 
|  12|0x00000000e0c00000, 0x00000000e0d00000, 0x00000000e0d00000|100%| O|  |TAMS 0x00000000e0c00000| PB 0x00000000e0c00000| Untracked 
|  13|0x00000000e0d00000, 0x00000000e0e00000, 0x00000000e0e00000|100%| O|  |TAMS 0x00000000e0d00000| PB 0x00000000e0d00000| Untracked 
|  14|0x00000000e0e00000, 0x00000000e0f00000, 0x00000000e0f00000|100%| O|  |TAMS 0x00000000e0e00000| PB 0x00000000e0e00000| Untracked 
|  15|0x00000000e0f00000, 0x00000000e1000000, 0x00000000e1000000|100%| O|  |TAMS 0x00000000e0f00000| PB 0x00000000e0f00000| Untracked 
|  16|0x00000000e1000000, 0x00000000e1100000, 0x00000000e1100000|100%| O|  |TAMS 0x00000000e1000000| PB 0x00000000e1000000| Untracked 
|  17|0x00000000e1100000, 0x00000000e1200000, 0x00000000e1200000|100%| O|  |TAMS 0x00000000e1100000| PB 0x00000000e1100000| Untracked 
|  18|0x00000000e1200000, 0x00000000e1300000, 0x00000000e1300000|100%| O|  |TAMS 0x00000000e1200000| PB 0x00000000e1200000| Untracked 
|  19|0x00000000e1300000, 0x00000000e1400000, 0x00000000e1400000|100%| O|  |TAMS 0x00000000e1300000| PB 0x00000000e1300000| Untracked 
|  20|0x00000000e1400000, 0x00000000e1500000, 0x00000000e1500000|100%| O|  |TAMS 0x00000000e1400000| PB 0x00000000e1400000| Untracked 
|  21|0x00000000e1500000, 0x00000000e15f0410, 0x00000000e1600000| 93%| O|  |TAMS 0x00000000e1500000| PB 0x00000000e1500000| Untracked 
|  22|0x00000000e1600000, 0x00000000e1600000, 0x00000000e1700000|  0%| F|  |TAMS 0x00000000e1600000| PB 0x00000000e1600000| Untracked 
|  23|0x00000000e1700000, 0x00000000e1700000, 0x00000000e1800000|  0%| F|  |TAMS 0x00000000e1700000| PB 0x00000000e1700000| Untracked 
|  24|0x00000000e1800000, 0x00000000e1800000, 0x00000000e1900000|  0%| F|  |TAMS 0x00000000e1800000| PB 0x00000000e1800000| Untracked 
|  25|0x00000000e1900000, 0x00000000e1900000, 0x00000000e1a00000|  0%| F|  |TAMS 0x00000000e1900000| PB 0x00000000e1900000| Untracked 
|  26|0x00000000e1a00000, 0x00000000e1a00000, 0x00000000e1b00000|  0%| F|  |TAMS 0x00000000e1a00000| PB 0x00000000e1a00000| Untracked 
|  27|0x00000000e1b00000, 0x00000000e1b00000, 0x00000000e1c00000|  0%| F|  |TAMS 0x00000000e1b00000| PB 0x00000000e1b00000| Untracked 
|  28|0x00000000e1c00000, 0x00000000e1c00000, 0x00000000e1d00000|  0%| F|  |TAMS 0x00000000e1c00000| PB 0x00000000e1c00000| Untracked 
|  29|0x00000000e1d00000, 0x00000000e1d00000, 0x00000000e1e00000|  0%| F|  |TAMS 0x00000000e1d00000| PB 0x00000000e1d00000| Untracked 
|  30|0x00000000e1e00000, 0x00000000e1e00000, 0x00000000e1f00000|  0%| F|  |TAMS 0x00000000e1e00000| PB 0x00000000e1e00000| Untracked 
|  31|0x00000000e1f00000, 0x00000000e1f00000, 0x00000000e2000000|  0%| F|  |TAMS 0x00000000e1f00000| PB 0x00000000e1f00000| Untracked 
|  32|0x00000000e2000000, 0x00000000e2000000, 0x00000000e2100000|  0%| F|  |TAMS 0x00000000e2000000| PB 0x00000000e2000000| Untracked 
|  33|0x00000000e2100000, 0x00000000e2100000, 0x00000000e2200000|  0%| F|  |TAMS 0x00000000e2100000| PB 0x00000000e2100000| Untracked 
|  34|0x00000000e2200000, 0x00000000e2200000, 0x00000000e2300000|  0%| F|  |TAMS 0x00000000e2200000| PB 0x00000000e2200000| Untracked 
|  35|0x00000000e2300000, 0x00000000e2300000, 0x00000000e2400000|  0%| F|  |TAMS 0x00000000e2300000| PB 0x00000000e2300000| Untracked 
|  36|0x00000000e2400000, 0x00000000e2400000, 0x00000000e2500000|  0%| F|  |TAMS 0x00000000e2400000| PB 0x00000000e2400000| Untracked 
|  37|0x00000000e2500000, 0x00000000e2500000, 0x00000000e2600000|  0%| F|  |TAMS 0x00000000e2500000| PB 0x00000000e2500000| Untracked 
|  38|0x00000000e2600000, 0x00000000e2600000, 0x00000000e2700000|  0%| F|  |TAMS 0x00000000e2600000| PB 0x00000000e2600000| Untracked 
|  39|0x00000000e2700000, 0x00000000e2700000, 0x00000000e2800000|  0%| F|  |TAMS 0x00000000e2700000| PB 0x00000000e2700000| Untracked 
|  40|0x00000000e2800000, 0x00000000e2800000, 0x00000000e2900000|  0%| F|  |TAMS 0x00000000e2800000| PB 0x00000000e2800000| Untracked 
|  41|0x00000000e2900000, 0x00000000e2900000, 0x00000000e2a00000|  0%| F|  |TAMS 0x00000000e2900000| PB 0x00000000e2900000| Untracked 
|  42|0x00000000e2a00000, 0x00000000e2a00000, 0x00000000e2b00000|  0%| F|  |TAMS 0x00000000e2a00000| PB 0x00000000e2a00000| Untracked 
|  43|0x00000000e2b00000, 0x00000000e2b00000, 0x00000000e2c00000|  0%| F|  |TAMS 0x00000000e2b00000| PB 0x00000000e2b00000| Untracked 
|  44|0x00000000e2c00000, 0x00000000e2c00000, 0x00000000e2d00000|  0%| F|  |TAMS 0x00000000e2c00000| PB 0x00000000e2c00000| Untracked 
|  45|0x00000000e2d00000, 0x00000000e2d00000, 0x00000000e2e00000|  0%| F|  |TAMS 0x00000000e2d00000| PB 0x00000000e2d00000| Untracked 
|  46|0x00000000e2e00000, 0x00000000e2e00000, 0x00000000e2f00000|  0%| F|  |TAMS 0x00000000e2e00000| PB 0x00000000e2e00000| Untracked 
|  47|0x00000000e2f00000, 0x00000000e2f00000, 0x00000000e3000000|  0%| F|  |TAMS 0x00000000e2f00000| PB 0x00000000e2f00000| Untracked 
|  48|0x00000000e3000000, 0x00000000e3000000, 0x00000000e3100000|  0%| F|  |TAMS 0x00000000e3000000| PB 0x00000000e3000000| Untracked 
|  49|0x00000000e3100000, 0x00000000e3100000, 0x00000000e3200000|  0%| F|  |TAMS 0x00000000e3100000| PB 0x00000000e3100000| Untracked 
|  50|0x00000000e3200000, 0x00000000e3200000, 0x00000000e3300000|  0%| F|  |TAMS 0x00000000e3200000| PB 0x00000000e3200000| Untracked 
|  51|0x00000000e3300000, 0x00000000e3300000, 0x00000000e3400000|  0%| F|  |TAMS 0x00000000e3300000| PB 0x00000000e3300000| Untracked 
|  52|0x00000000e3400000, 0x00000000e3400000, 0x00000000e3500000|  0%| F|  |TAMS 0x00000000e3400000| PB 0x00000000e3400000| Untracked 
|  53|0x00000000e3500000, 0x00000000e3500000, 0x00000000e3600000|  0%| F|  |TAMS 0x00000000e3500000| PB 0x00000000e3500000| Untracked 
|  54|0x00000000e3600000, 0x00000000e3600000, 0x00000000e3700000|  0%| F|  |TAMS 0x00000000e3600000| PB 0x00000000e3600000| Untracked 
|  55|0x00000000e3700000, 0x00000000e3700000, 0x00000000e3800000|  0%| F|  |TAMS 0x00000000e3700000| PB 0x00000000e3700000| Untracked 
|  56|0x00000000e3800000, 0x00000000e3800000, 0x00000000e3900000|  0%| F|  |TAMS 0x00000000e3800000| PB 0x00000000e3800000| Untracked 
|  57|0x00000000e3900000, 0x00000000e3900000, 0x00000000e3a00000|  0%| F|  |TAMS 0x00000000e3900000| PB 0x00000000e3900000| Untracked 
|  58|0x00000000e3a00000, 0x00000000e3a00000, 0x00000000e3b00000|  0%| F|  |TAMS 0x00000000e3a00000| PB 0x00000000e3a00000| Untracked 
|  59|0x00000000e3b00000, 0x00000000e3b00000, 0x00000000e3c00000|  0%| F|  |TAMS 0x00000000e3b00000| PB 0x00000000e3b00000| Untracked 
|  60|0x00000000e3c00000, 0x00000000e3c00000, 0x00000000e3d00000|  0%| F|  |TAMS 0x00000000e3c00000| PB 0x00000000e3c00000| Untracked 
|  61|0x00000000e3d00000, 0x00000000e3d00000, 0x00000000e3e00000|  0%| F|  |TAMS 0x00000000e3d00000| PB 0x00000000e3d00000| Untracked 
|  62|0x00000000e3e00000, 0x00000000e3e00000, 0x00000000e3f00000|  0%| F|  |TAMS 0x00000000e3e00000| PB 0x00000000e3e00000| Untracked 
|  63|0x00000000e3f00000, 0x00000000e3f00000, 0x00000000e4000000|  0%| F|  |TAMS 0x00000000e3f00000| PB 0x00000000e3f00000| Untracked 
|  64|0x00000000e4000000, 0x00000000e4000000, 0x00000000e4100000|  0%| F|  |TAMS 0x00000000e4000000| PB 0x00000000e4000000| Untracked 
|  65|0x00000000e4100000, 0x00000000e4100000, 0x00000000e4200000|  0%| F|  |TAMS 0x00000000e4100000| PB 0x00000000e4100000| Untracked 
|  66|0x00000000e4200000, 0x00000000e4200000, 0x00000000e4300000|  0%| F|  |TAMS 0x00000000e4200000| PB 0x00000000e4200000| Untracked 
|  67|0x00000000e4300000, 0x00000000e4300000, 0x00000000e4400000|  0%| F|  |TAMS 0x00000000e4300000| PB 0x00000000e4300000| Untracked 
|  68|0x00000000e4400000, 0x00000000e4400000, 0x00000000e4500000|  0%| F|  |TAMS 0x00000000e4400000| PB 0x00000000e4400000| Untracked 
|  69|0x00000000e4500000, 0x00000000e4500000, 0x00000000e4600000|  0%| F|  |TAMS 0x00000000e4500000| PB 0x00000000e4500000| Untracked 
|  70|0x00000000e4600000, 0x00000000e4600000, 0x00000000e4700000|  0%| F|  |TAMS 0x00000000e4600000| PB 0x00000000e4600000| Untracked 
|  71|0x00000000e4700000, 0x00000000e4700000, 0x00000000e4800000|  0%| F|  |TAMS 0x00000000e4700000| PB 0x00000000e4700000| Untracked 
|  72|0x00000000e4800000, 0x00000000e4800000, 0x00000000e4900000|  0%| F|  |TAMS 0x00000000e4800000| PB 0x00000000e4800000| Untracked 
|  73|0x00000000e4900000, 0x00000000e4900000, 0x00000000e4a00000|  0%| F|  |TAMS 0x00000000e4900000| PB 0x00000000e4900000| Untracked 
|  74|0x00000000e4a00000, 0x00000000e4a00000, 0x00000000e4b00000|  0%| F|  |TAMS 0x00000000e4a00000| PB 0x00000000e4a00000| Untracked 
|  75|0x00000000e4b00000, 0x00000000e4b00000, 0x00000000e4c00000|  0%| F|  |TAMS 0x00000000e4b00000| PB 0x00000000e4b00000| Untracked 
|  76|0x00000000e4c00000, 0x00000000e4c00000, 0x00000000e4d00000|  0%| F|  |TAMS 0x00000000e4c00000| PB 0x00000000e4c00000| Untracked 
|  77|0x00000000e4d00000, 0x00000000e4d00000, 0x00000000e4e00000|  0%| F|  |TAMS 0x00000000e4d00000| PB 0x00000000e4d00000| Untracked 
|  78|0x00000000e4e00000, 0x00000000e4e00000, 0x00000000e4f00000|  0%| F|  |TAMS 0x00000000e4e00000| PB 0x00000000e4e00000| Untracked 
|  79|0x00000000e4f00000, 0x00000000e4f00000, 0x00000000e5000000|  0%| F|  |TAMS 0x00000000e4f00000| PB 0x00000000e4f00000| Untracked 
|  80|0x00000000e5000000, 0x00000000e5000000, 0x00000000e5100000|  0%| F|  |TAMS 0x00000000e5000000| PB 0x00000000e5000000| Untracked 
|  81|0x00000000e5100000, 0x00000000e5100000, 0x00000000e5200000|  0%| F|  |TAMS 0x00000000e5100000| PB 0x00000000e5100000| Untracked 
|  82|0x00000000e5200000, 0x00000000e5200000, 0x00000000e5300000|  0%| F|  |TAMS 0x00000000e5200000| PB 0x00000000e5200000| Untracked 
|  83|0x00000000e5300000, 0x00000000e5300000, 0x00000000e5400000|  0%| F|  |TAMS 0x00000000e5300000| PB 0x00000000e5300000| Untracked 
|  84|0x00000000e5400000, 0x00000000e5400000, 0x00000000e5500000|  0%| F|  |TAMS 0x00000000e5400000| PB 0x00000000e5400000| Untracked 
|  85|0x00000000e5500000, 0x00000000e5500000, 0x00000000e5600000|  0%| F|  |TAMS 0x00000000e5500000| PB 0x00000000e5500000| Untracked 
|  86|0x00000000e5600000, 0x00000000e5600000, 0x00000000e5700000|  0%| F|  |TAMS 0x00000000e5600000| PB 0x00000000e5600000| Untracked 
|  87|0x00000000e5700000, 0x00000000e5700000, 0x00000000e5800000|  0%| F|  |TAMS 0x00000000e5700000| PB 0x00000000e5700000| Untracked 
|  88|0x00000000e5800000, 0x00000000e5800000, 0x00000000e5900000|  0%| F|  |TAMS 0x00000000e5800000| PB 0x00000000e5800000| Untracked 
|  89|0x00000000e5900000, 0x00000000e5900000, 0x00000000e5a00000|  0%| F|  |TAMS 0x00000000e5900000| PB 0x00000000e5900000| Untracked 
|  90|0x00000000e5a00000, 0x00000000e5a00000, 0x00000000e5b00000|  0%| F|  |TAMS 0x00000000e5a00000| PB 0x00000000e5a00000| Untracked 
|  91|0x00000000e5b00000, 0x00000000e5b00000, 0x00000000e5c00000|  0%| F|  |TAMS 0x00000000e5b00000| PB 0x00000000e5b00000| Untracked 
|  92|0x00000000e5c00000, 0x00000000e5c00000, 0x00000000e5d00000|  0%| F|  |TAMS 0x00000000e5c00000| PB 0x00000000e5c00000| Untracked 
|  93|0x00000000e5d00000, 0x00000000e5d00000, 0x00000000e5e00000|  0%| F|  |TAMS 0x00000000e5d00000| PB 0x00000000e5d00000| Untracked 
|  94|0x00000000e5e00000, 0x00000000e5e00000, 0x00000000e5f00000|  0%| F|  |TAMS 0x00000000e5e00000| PB 0x00000000e5e00000| Untracked 
|  95|0x00000000e5f00000, 0x00000000e5f00000, 0x00000000e6000000|  0%| F|  |TAMS 0x00000000e5f00000| PB 0x00000000e5f00000| Untracked 
|  96|0x00000000e6000000, 0x00000000e6000000, 0x00000000e6100000|  0%| F|  |TAMS 0x00000000e6000000| PB 0x00000000e6000000| Untracked 
|  97|0x00000000e6100000, 0x00000000e6100000, 0x00000000e6200000|  0%| F|  |TAMS 0x00000000e6100000| PB 0x00000000e6100000| Untracked 
|  98|0x00000000e6200000, 0x00000000e6200000, 0x00000000e6300000|  0%| F|  |TAMS 0x00000000e6200000| PB 0x00000000e6200000| Untracked 
|  99|0x00000000e6300000, 0x00000000e6300000, 0x00000000e6400000|  0%| F|  |TAMS 0x00000000e6300000| PB 0x00000000e6300000| Untracked 
| 100|0x00000000e6400000, 0x00000000e6400000, 0x00000000e6500000|  0%| F|  |TAMS 0x00000000e6400000| PB 0x00000000e6400000| Untracked 
| 101|0x00000000e6500000, 0x00000000e6500000, 0x00000000e6600000|  0%| F|  |TAMS 0x00000000e6500000| PB 0x00000000e6500000| Untracked 
| 102|0x00000000e6600000, 0x00000000e6600000, 0x00000000e6700000|  0%| F|  |TAMS 0x00000000e6600000| PB 0x00000000e6600000| Untracked 
| 103|0x00000000e6700000, 0x00000000e6700000, 0x00000000e6800000|  0%| F|  |TAMS 0x00000000e6700000| PB 0x00000000e6700000| Untracked 
| 104|0x00000000e6800000, 0x00000000e6800000, 0x00000000e6900000|  0%| F|  |TAMS 0x00000000e6800000| PB 0x00000000e6800000| Untracked 
| 105|0x00000000e6900000, 0x00000000e6900000, 0x00000000e6a00000|  0%| F|  |TAMS 0x00000000e6900000| PB 0x00000000e6900000| Untracked 
| 106|0x00000000e6a00000, 0x00000000e6a00000, 0x00000000e6b00000|  0%| F|  |TAMS 0x00000000e6a00000| PB 0x00000000e6a00000| Untracked 
| 107|0x00000000e6b00000, 0x00000000e6b00000, 0x00000000e6c00000|  0%| F|  |TAMS 0x00000000e6b00000| PB 0x00000000e6b00000| Untracked 
| 108|0x00000000e6c00000, 0x00000000e6c00000, 0x00000000e6d00000|  0%| F|  |TAMS 0x00000000e6c00000| PB 0x00000000e6c00000| Untracked 
| 109|0x00000000e6d00000, 0x00000000e6d00000, 0x00000000e6e00000|  0%| F|  |TAMS 0x00000000e6d00000| PB 0x00000000e6d00000| Untracked 
| 110|0x00000000e6e00000, 0x00000000e6e00000, 0x00000000e6f00000|  0%| F|  |TAMS 0x00000000e6e00000| PB 0x00000000e6e00000| Untracked 
| 111|0x00000000e6f00000, 0x00000000e6f00000, 0x00000000e7000000|  0%| F|  |TAMS 0x00000000e6f00000| PB 0x00000000e6f00000| Untracked 
| 112|0x00000000e7000000, 0x00000000e7000000, 0x00000000e7100000|  0%| F|  |TAMS 0x00000000e7000000| PB 0x00000000e7000000| Untracked 
| 113|0x00000000e7100000, 0x00000000e7100000, 0x00000000e7200000|  0%| F|  |TAMS 0x00000000e7100000| PB 0x00000000e7100000| Untracked 
| 114|0x00000000e7200000, 0x00000000e7200000, 0x00000000e7300000|  0%| F|  |TAMS 0x00000000e7200000| PB 0x00000000e7200000| Untracked 
| 115|0x00000000e7300000, 0x00000000e7300000, 0x00000000e7400000|  0%| F|  |TAMS 0x00000000e7300000| PB 0x00000000e7300000| Untracked 
| 116|0x00000000e7400000, 0x00000000e7400000, 0x00000000e7500000|  0%| F|  |TAMS 0x00000000e7400000| PB 0x00000000e7400000| Untracked 
| 117|0x00000000e7500000, 0x00000000e7500000, 0x00000000e7600000|  0%| F|  |TAMS 0x00000000e7500000| PB 0x00000000e7500000| Untracked 
| 118|0x00000000e7600000, 0x00000000e7600000, 0x00000000e7700000|  0%| F|  |TAMS 0x00000000e7600000| PB 0x00000000e7600000| Untracked 
| 119|0x00000000e7700000, 0x00000000e7700000, 0x00000000e7800000|  0%| F|  |TAMS 0x00000000e7700000| PB 0x00000000e7700000| Untracked 
| 120|0x00000000e7800000, 0x00000000e7800000, 0x00000000e7900000|  0%| F|  |TAMS 0x00000000e7800000| PB 0x00000000e7800000| Untracked 
| 121|0x00000000e7900000, 0x00000000e7900000, 0x00000000e7a00000|  0%| F|  |TAMS 0x00000000e7900000| PB 0x00000000e7900000| Untracked 
| 122|0x00000000e7a00000, 0x00000000e7a00000, 0x00000000e7b00000|  0%| F|  |TAMS 0x00000000e7a00000| PB 0x00000000e7a00000| Untracked 
| 123|0x00000000e7b00000, 0x00000000e7b00000, 0x00000000e7c00000|  0%| F|  |TAMS 0x00000000e7b00000| PB 0x00000000e7b00000| Untracked 
| 124|0x00000000e7c00000, 0x00000000e7c00000, 0x00000000e7d00000|  0%| F|  |TAMS 0x00000000e7c00000| PB 0x00000000e7c00000| Untracked 
| 125|0x00000000e7d00000, 0x00000000e7d00000, 0x00000000e7e00000|  0%| F|  |TAMS 0x00000000e7d00000| PB 0x00000000e7d00000| Untracked 
| 126|0x00000000e7e00000, 0x00000000e7e00000, 0x00000000e7f00000|  0%| F|  |TAMS 0x00000000e7e00000| PB 0x00000000e7e00000| Untracked 
| 127|0x00000000e7f00000, 0x00000000e7f00000, 0x00000000e8000000|  0%| F|  |TAMS 0x00000000e7f00000| PB 0x00000000e7f00000| Untracked 
| 128|0x00000000e8000000, 0x00000000e8000000, 0x00000000e8100000|  0%| F|  |TAMS 0x00000000e8000000| PB 0x00000000e8000000| Untracked 
| 129|0x00000000e8100000, 0x00000000e8100000, 0x00000000e8200000|  0%| F|  |TAMS 0x00000000e8100000| PB 0x00000000e8100000| Untracked 
| 130|0x00000000e8200000, 0x00000000e8200000, 0x00000000e8300000|  0%| F|  |TAMS 0x00000000e8200000| PB 0x00000000e8200000| Untracked 
| 131|0x00000000e8300000, 0x00000000e8300000, 0x00000000e8400000|  0%| F|  |TAMS 0x00000000e8300000| PB 0x00000000e8300000| Untracked 
| 132|0x00000000e8400000, 0x00000000e8400000, 0x00000000e8500000|  0%| F|  |TAMS 0x00000000e8400000| PB 0x00000000e8400000| Untracked 
| 133|0x00000000e8500000, 0x00000000e8500000, 0x00000000e8600000|  0%| F|  |TAMS 0x00000000e8500000| PB 0x00000000e8500000| Untracked 
| 134|0x00000000e8600000, 0x00000000e8600000, 0x00000000e8700000|  0%| F|  |TAMS 0x00000000e8600000| PB 0x00000000e8600000| Untracked 
| 135|0x00000000e8700000, 0x00000000e8700000, 0x00000000e8800000|  0%| F|  |TAMS 0x00000000e8700000| PB 0x00000000e8700000| Untracked 
| 136|0x00000000e8800000, 0x00000000e8800000, 0x00000000e8900000|  0%| F|  |TAMS 0x00000000e8800000| PB 0x00000000e8800000| Untracked 
| 137|0x00000000e8900000, 0x00000000e8900000, 0x00000000e8a00000|  0%| F|  |TAMS 0x00000000e8900000| PB 0x00000000e8900000| Untracked 
| 138|0x00000000e8a00000, 0x00000000e8a00000, 0x00000000e8b00000|  0%| F|  |TAMS 0x00000000e8a00000| PB 0x00000000e8a00000| Untracked 
| 139|0x00000000e8b00000, 0x00000000e8b00000, 0x00000000e8c00000|  0%| F|  |TAMS 0x00000000e8b00000| PB 0x00000000e8b00000| Untracked 
| 140|0x00000000e8c00000, 0x00000000e8c00000, 0x00000000e8d00000|  0%| F|  |TAMS 0x00000000e8c00000| PB 0x00000000e8c00000| Untracked 
| 141|0x00000000e8d00000, 0x00000000e8d00000, 0x00000000e8e00000|  0%| F|  |TAMS 0x00000000e8d00000| PB 0x00000000e8d00000| Untracked 
| 142|0x00000000e8e00000, 0x00000000e8e00000, 0x00000000e8f00000|  0%| F|  |TAMS 0x00000000e8e00000| PB 0x00000000e8e00000| Untracked 
| 143|0x00000000e8f00000, 0x00000000e8f00000, 0x00000000e9000000|  0%| F|  |TAMS 0x00000000e8f00000| PB 0x00000000e8f00000| Untracked 
| 144|0x00000000e9000000, 0x00000000e9000000, 0x00000000e9100000|  0%| F|  |TAMS 0x00000000e9000000| PB 0x00000000e9000000| Untracked 
| 145|0x00000000e9100000, 0x00000000e9100000, 0x00000000e9200000|  0%| F|  |TAMS 0x00000000e9100000| PB 0x00000000e9100000| Untracked 
| 146|0x00000000e9200000, 0x00000000e9200000, 0x00000000e9300000|  0%| F|  |TAMS 0x00000000e9200000| PB 0x00000000e9200000| Untracked 
| 147|0x00000000e9300000, 0x00000000e9300000, 0x00000000e9400000|  0%| F|  |TAMS 0x00000000e9300000| PB 0x00000000e9300000| Untracked 
| 148|0x00000000e9400000, 0x00000000e9400000, 0x00000000e9500000|  0%| F|  |TAMS 0x00000000e9400000| PB 0x00000000e9400000| Untracked 
| 149|0x00000000e9500000, 0x00000000e9500000, 0x00000000e9600000|  0%| F|  |TAMS 0x00000000e9500000| PB 0x00000000e9500000| Untracked 
| 150|0x00000000e9600000, 0x00000000e9600000, 0x00000000e9700000|  0%| F|  |TAMS 0x00000000e9600000| PB 0x00000000e9600000| Untracked 
| 151|0x00000000e9700000, 0x00000000e9700000, 0x00000000e9800000|  0%| F|  |TAMS 0x00000000e9700000| PB 0x00000000e9700000| Untracked 
| 152|0x00000000e9800000, 0x00000000e9800000, 0x00000000e9900000|  0%| F|  |TAMS 0x00000000e9800000| PB 0x00000000e9800000| Untracked 
| 153|0x00000000e9900000, 0x00000000e9900000, 0x00000000e9a00000|  0%| F|  |TAMS 0x00000000e9900000| PB 0x00000000e9900000| Untracked 
| 154|0x00000000e9a00000, 0x00000000e9a00000, 0x00000000e9b00000|  0%| F|  |TAMS 0x00000000e9a00000| PB 0x00000000e9a00000| Untracked 
| 155|0x00000000e9b00000, 0x00000000e9b00000, 0x00000000e9c00000|  0%| F|  |TAMS 0x00000000e9b00000| PB 0x00000000e9b00000| Untracked 
| 156|0x00000000e9c00000, 0x00000000e9c00000, 0x00000000e9d00000|  0%| F|  |TAMS 0x00000000e9c00000| PB 0x00000000e9c00000| Untracked 
| 157|0x00000000e9d00000, 0x00000000e9d00000, 0x00000000e9e00000|  0%| F|  |TAMS 0x00000000e9d00000| PB 0x00000000e9d00000| Untracked 
| 158|0x00000000e9e00000, 0x00000000e9e00000, 0x00000000e9f00000|  0%| F|  |TAMS 0x00000000e9e00000| PB 0x00000000e9e00000| Untracked 
| 159|0x00000000e9f00000, 0x00000000e9f00000, 0x00000000ea000000|  0%| F|  |TAMS 0x00000000e9f00000| PB 0x00000000e9f00000| Untracked 
| 160|0x00000000ea000000, 0x00000000ea000000, 0x00000000ea100000|  0%| F|  |TAMS 0x00000000ea000000| PB 0x00000000ea000000| Untracked 
| 161|0x00000000ea100000, 0x00000000ea100000, 0x00000000ea200000|  0%| F|  |TAMS 0x00000000ea100000| PB 0x00000000ea100000| Untracked 
| 162|0x00000000ea200000, 0x00000000ea200000, 0x00000000ea300000|  0%| F|  |TAMS 0x00000000ea200000| PB 0x00000000ea200000| Untracked 
| 163|0x00000000ea300000, 0x00000000ea300000, 0x00000000ea400000|  0%| F|  |TAMS 0x00000000ea300000| PB 0x00000000ea300000| Untracked 
| 164|0x00000000ea400000, 0x00000000ea400000, 0x00000000ea500000|  0%| F|  |TAMS 0x00000000ea400000| PB 0x00000000ea400000| Untracked 
| 165|0x00000000ea500000, 0x00000000ea500000, 0x00000000ea600000|  0%| F|  |TAMS 0x00000000ea500000| PB 0x00000000ea500000| Untracked 
| 166|0x00000000ea600000, 0x00000000ea600000, 0x00000000ea700000|  0%| F|  |TAMS 0x00000000ea600000| PB 0x00000000ea600000| Untracked 
| 167|0x00000000ea700000, 0x00000000ea700000, 0x00000000ea800000|  0%| F|  |TAMS 0x00000000ea700000| PB 0x00000000ea700000| Untracked 
| 168|0x00000000ea800000, 0x00000000ea800000, 0x00000000ea900000|  0%| F|  |TAMS 0x00000000ea800000| PB 0x00000000ea800000| Untracked 
| 169|0x00000000ea900000, 0x00000000ea900000, 0x00000000eaa00000|  0%| F|  |TAMS 0x00000000ea900000| PB 0x00000000ea900000| Untracked 
| 170|0x00000000eaa00000, 0x00000000eaa00000, 0x00000000eab00000|  0%| F|  |TAMS 0x00000000eaa00000| PB 0x00000000eaa00000| Untracked 
| 171|0x00000000eab00000, 0x00000000eab00000, 0x00000000eac00000|  0%| F|  |TAMS 0x00000000eab00000| PB 0x00000000eab00000| Untracked 
| 172|0x00000000eac00000, 0x00000000eac00000, 0x00000000ead00000|  0%| F|  |TAMS 0x00000000eac00000| PB 0x00000000eac00000| Untracked 
| 173|0x00000000ead00000, 0x00000000ead00000, 0x00000000eae00000|  0%| F|  |TAMS 0x00000000ead00000| PB 0x00000000ead00000| Untracked 
| 174|0x00000000eae00000, 0x00000000eae00000, 0x00000000eaf00000|  0%| F|  |TAMS 0x00000000eae00000| PB 0x00000000eae00000| Untracked 
| 175|0x00000000eaf00000, 0x00000000eaf00000, 0x00000000eb000000|  0%| F|  |TAMS 0x00000000eaf00000| PB 0x00000000eaf00000| Untracked 
| 176|0x00000000eb000000, 0x00000000eb000000, 0x00000000eb100000|  0%| F|  |TAMS 0x00000000eb000000| PB 0x00000000eb000000| Untracked 
| 177|0x00000000eb100000, 0x00000000eb100000, 0x00000000eb200000|  0%| F|  |TAMS 0x00000000eb100000| PB 0x00000000eb100000| Untracked 
| 178|0x00000000eb200000, 0x00000000eb200000, 0x00000000eb300000|  0%| F|  |TAMS 0x00000000eb200000| PB 0x00000000eb200000| Untracked 
| 179|0x00000000eb300000, 0x00000000eb300000, 0x00000000eb400000|  0%| F|  |TAMS 0x00000000eb300000| PB 0x00000000eb300000| Untracked 
| 180|0x00000000eb400000, 0x00000000eb400000, 0x00000000eb500000|  0%| F|  |TAMS 0x00000000eb400000| PB 0x00000000eb400000| Untracked 
| 181|0x00000000eb500000, 0x00000000eb500000, 0x00000000eb600000|  0%| F|  |TAMS 0x00000000eb500000| PB 0x00000000eb500000| Untracked 
| 182|0x00000000eb600000, 0x00000000eb600000, 0x00000000eb700000|  0%| F|  |TAMS 0x00000000eb600000| PB 0x00000000eb600000| Untracked 
| 183|0x00000000eb700000, 0x00000000eb700000, 0x00000000eb800000|  0%| F|  |TAMS 0x00000000eb700000| PB 0x00000000eb700000| Untracked 
| 184|0x00000000eb800000, 0x00000000eb800000, 0x00000000eb900000|  0%| F|  |TAMS 0x00000000eb800000| PB 0x00000000eb800000| Untracked 
| 185|0x00000000eb900000, 0x00000000eb900000, 0x00000000eba00000|  0%| F|  |TAMS 0x00000000eb900000| PB 0x00000000eb900000| Untracked 
| 186|0x00000000eba00000, 0x00000000eba00000, 0x00000000ebb00000|  0%| F|  |TAMS 0x00000000eba00000| PB 0x00000000eba00000| Untracked 
| 187|0x00000000ebb00000, 0x00000000ebb00000, 0x00000000ebc00000|  0%| F|  |TAMS 0x00000000ebb00000| PB 0x00000000ebb00000| Untracked 
| 188|0x00000000ebc00000, 0x00000000ebc00000, 0x00000000ebd00000|  0%| F|  |TAMS 0x00000000ebc00000| PB 0x00000000ebc00000| Untracked 
| 189|0x00000000ebd00000, 0x00000000ebd00000, 0x00000000ebe00000|  0%| F|  |TAMS 0x00000000ebd00000| PB 0x00000000ebd00000| Untracked 
| 190|0x00000000ebe00000, 0x00000000ebe00000, 0x00000000ebf00000|  0%| F|  |TAMS 0x00000000ebe00000| PB 0x00000000ebe00000| Untracked 
| 191|0x00000000ebf00000, 0x00000000ebf00000, 0x00000000ec000000|  0%| F|  |TAMS 0x00000000ebf00000| PB 0x00000000ebf00000| Untracked 
| 192|0x00000000ec000000, 0x00000000ec000000, 0x00000000ec100000|  0%| F|  |TAMS 0x00000000ec000000| PB 0x00000000ec000000| Untracked 
| 193|0x00000000ec100000, 0x00000000ec100000, 0x00000000ec200000|  0%| F|  |TAMS 0x00000000ec100000| PB 0x00000000ec100000| Untracked 
| 194|0x00000000ec200000, 0x00000000ec200000, 0x00000000ec300000|  0%| F|  |TAMS 0x00000000ec200000| PB 0x00000000ec200000| Untracked 
| 195|0x00000000ec300000, 0x00000000ec300000, 0x00000000ec400000|  0%| F|  |TAMS 0x00000000ec300000| PB 0x00000000ec300000| Untracked 
| 196|0x00000000ec400000, 0x00000000ec400000, 0x00000000ec500000|  0%| F|  |TAMS 0x00000000ec400000| PB 0x00000000ec400000| Untracked 
| 197|0x00000000ec500000, 0x00000000ec500000, 0x00000000ec600000|  0%| F|  |TAMS 0x00000000ec500000| PB 0x00000000ec500000| Untracked 
| 198|0x00000000ec600000, 0x00000000ec600000, 0x00000000ec700000|  0%| F|  |TAMS 0x00000000ec600000| PB 0x00000000ec600000| Untracked 
| 199|0x00000000ec700000, 0x00000000ec700000, 0x00000000ec800000|  0%| F|  |TAMS 0x00000000ec700000| PB 0x00000000ec700000| Untracked 
| 200|0x00000000ec800000, 0x00000000ec800000, 0x00000000ec900000|  0%| F|  |TAMS 0x00000000ec800000| PB 0x00000000ec800000| Untracked 
| 201|0x00000000ec900000, 0x00000000ec900000, 0x00000000eca00000|  0%| F|  |TAMS 0x00000000ec900000| PB 0x00000000ec900000| Untracked 
| 202|0x00000000eca00000, 0x00000000eca00000, 0x00000000ecb00000|  0%| F|  |TAMS 0x00000000eca00000| PB 0x00000000eca00000| Untracked 
| 203|0x00000000ecb00000, 0x00000000ecb00000, 0x00000000ecc00000|  0%| F|  |TAMS 0x00000000ecb00000| PB 0x00000000ecb00000| Untracked 
| 204|0x00000000ecc00000, 0x00000000ecc00000, 0x00000000ecd00000|  0%| F|  |TAMS 0x00000000ecc00000| PB 0x00000000ecc00000| Untracked 
| 205|0x00000000ecd00000, 0x00000000ecd00000, 0x00000000ece00000|  0%| F|  |TAMS 0x00000000ecd00000| PB 0x00000000ecd00000| Untracked 
| 206|0x00000000ece00000, 0x00000000ece00000, 0x00000000ecf00000|  0%| F|  |TAMS 0x00000000ece00000| PB 0x00000000ece00000| Untracked 
| 207|0x00000000ecf00000, 0x00000000ecf00000, 0x00000000ed000000|  0%| F|  |TAMS 0x00000000ecf00000| PB 0x00000000ecf00000| Untracked 
| 208|0x00000000ed000000, 0x00000000ed000000, 0x00000000ed100000|  0%| F|  |TAMS 0x00000000ed000000| PB 0x00000000ed000000| Untracked 
| 209|0x00000000ed100000, 0x00000000ed100000, 0x00000000ed200000|  0%| F|  |TAMS 0x00000000ed100000| PB 0x00000000ed100000| Untracked 
| 210|0x00000000ed200000, 0x00000000ed200000, 0x00000000ed300000|  0%| F|  |TAMS 0x00000000ed200000| PB 0x00000000ed200000| Untracked 
| 211|0x00000000ed300000, 0x00000000ed300000, 0x00000000ed400000|  0%| F|  |TAMS 0x00000000ed300000| PB 0x00000000ed300000| Untracked 
| 212|0x00000000ed400000, 0x00000000ed400000, 0x00000000ed500000|  0%| F|  |TAMS 0x00000000ed400000| PB 0x00000000ed400000| Untracked 
| 213|0x00000000ed500000, 0x00000000ed500000, 0x00000000ed600000|  0%| F|  |TAMS 0x00000000ed500000| PB 0x00000000ed500000| Untracked 
| 214|0x00000000ed600000, 0x00000000ed600000, 0x00000000ed700000|  0%| F|  |TAMS 0x00000000ed600000| PB 0x00000000ed600000| Untracked 
| 215|0x00000000ed700000, 0x00000000ed700000, 0x00000000ed800000|  0%| F|  |TAMS 0x00000000ed700000| PB 0x00000000ed700000| Untracked 
| 216|0x00000000ed800000, 0x00000000ed800000, 0x00000000ed900000|  0%| F|  |TAMS 0x00000000ed800000| PB 0x00000000ed800000| Untracked 
| 217|0x00000000ed900000, 0x00000000ed900000, 0x00000000eda00000|  0%| F|  |TAMS 0x00000000ed900000| PB 0x00000000ed900000| Untracked 
| 218|0x00000000eda00000, 0x00000000eda00000, 0x00000000edb00000|  0%| F|  |TAMS 0x00000000eda00000| PB 0x00000000eda00000| Untracked 
| 219|0x00000000edb00000, 0x00000000edb00000, 0x00000000edc00000|  0%| F|  |TAMS 0x00000000edb00000| PB 0x00000000edb00000| Untracked 
| 220|0x00000000edc00000, 0x00000000edc00000, 0x00000000edd00000|  0%| F|  |TAMS 0x00000000edc00000| PB 0x00000000edc00000| Untracked 
| 221|0x00000000edd00000, 0x00000000edd00000, 0x00000000ede00000|  0%| F|  |TAMS 0x00000000edd00000| PB 0x00000000edd00000| Untracked 
| 222|0x00000000ede00000, 0x00000000ede00000, 0x00000000edf00000|  0%| F|  |TAMS 0x00000000ede00000| PB 0x00000000ede00000| Untracked 
| 223|0x00000000edf00000, 0x00000000edf00000, 0x00000000ee000000|  0%| F|  |TAMS 0x00000000edf00000| PB 0x00000000edf00000| Untracked 
| 224|0x00000000ee000000, 0x00000000ee000000, 0x00000000ee100000|  0%| F|  |TAMS 0x00000000ee000000| PB 0x00000000ee000000| Untracked 
| 225|0x00000000ee100000, 0x00000000ee100000, 0x00000000ee200000|  0%| F|  |TAMS 0x00000000ee100000| PB 0x00000000ee100000| Untracked 
| 226|0x00000000ee200000, 0x00000000ee200000, 0x00000000ee300000|  0%| F|  |TAMS 0x00000000ee200000| PB 0x00000000ee200000| Untracked 
| 227|0x00000000ee300000, 0x00000000ee300000, 0x00000000ee400000|  0%| F|  |TAMS 0x00000000ee300000| PB 0x00000000ee300000| Untracked 
| 228|0x00000000ee400000, 0x00000000ee400000, 0x00000000ee500000|  0%| F|  |TAMS 0x00000000ee400000| PB 0x00000000ee400000| Untracked 
| 229|0x00000000ee500000, 0x00000000ee500000, 0x00000000ee600000|  0%| F|  |TAMS 0x00000000ee500000| PB 0x00000000ee500000| Untracked 
| 230|0x00000000ee600000, 0x00000000ee600000, 0x00000000ee700000|  0%| F|  |TAMS 0x00000000ee600000| PB 0x00000000ee600000| Untracked 
| 231|0x00000000ee700000, 0x00000000ee700000, 0x00000000ee800000|  0%| F|  |TAMS 0x00000000ee700000| PB 0x00000000ee700000| Untracked 
| 232|0x00000000ee800000, 0x00000000ee800000, 0x00000000ee900000|  0%| F|  |TAMS 0x00000000ee800000| PB 0x00000000ee800000| Untracked 
| 233|0x00000000ee900000, 0x00000000ee900000, 0x00000000eea00000|  0%| F|  |TAMS 0x00000000ee900000| PB 0x00000000ee900000| Untracked 
| 234|0x00000000eea00000, 0x00000000eea00000, 0x00000000eeb00000|  0%| F|  |TAMS 0x00000000eea00000| PB 0x00000000eea00000| Untracked 
| 235|0x00000000eeb00000, 0x00000000eeb00000, 0x00000000eec00000|  0%| F|  |TAMS 0x00000000eeb00000| PB 0x00000000eeb00000| Untracked 
| 236|0x00000000eec00000, 0x00000000eec00000, 0x00000000eed00000|  0%| F|  |TAMS 0x00000000eec00000| PB 0x00000000eec00000| Untracked 
| 237|0x00000000eed00000, 0x00000000eed00000, 0x00000000eee00000|  0%| F|  |TAMS 0x00000000eed00000| PB 0x00000000eed00000| Untracked 
| 238|0x00000000eee00000, 0x00000000eee00000, 0x00000000eef00000|  0%| F|  |TAMS 0x00000000eee00000| PB 0x00000000eee00000| Untracked 
| 239|0x00000000eef00000, 0x00000000eef00000, 0x00000000ef000000|  0%| F|  |TAMS 0x00000000eef00000| PB 0x00000000eef00000| Untracked 
| 240|0x00000000ef000000, 0x00000000ef000000, 0x00000000ef100000|  0%| F|  |TAMS 0x00000000ef000000| PB 0x00000000ef000000| Untracked 
| 241|0x00000000ef100000, 0x00000000ef100000, 0x00000000ef200000|  0%| F|  |TAMS 0x00000000ef100000| PB 0x00000000ef100000| Untracked 
| 242|0x00000000ef200000, 0x00000000ef200000, 0x00000000ef300000|  0%| F|  |TAMS 0x00000000ef200000| PB 0x00000000ef200000| Untracked 
| 243|0x00000000ef300000, 0x00000000ef400000, 0x00000000ef400000|100%| S|CS|TAMS 0x00000000ef300000| PB 0x00000000ef300000| Complete 
| 244|0x00000000ef400000, 0x00000000ef400000, 0x00000000ef500000|  0%| F|  |TAMS 0x00000000ef400000| PB 0x00000000ef400000| Untracked 
| 245|0x00000000ef500000, 0x00000000ef500000, 0x00000000ef600000|  0%| F|  |TAMS 0x00000000ef500000| PB 0x00000000ef500000| Untracked 
| 246|0x00000000ef600000, 0x00000000ef600000, 0x00000000ef700000|  0%| F|  |TAMS 0x00000000ef600000| PB 0x00000000ef600000| Untracked 
| 247|0x00000000ef700000, 0x00000000ef700000, 0x00000000ef800000|  0%| F|  |TAMS 0x00000000ef700000| PB 0x00000000ef700000| Untracked 
| 248|0x00000000ef800000, 0x00000000ef800000, 0x00000000ef900000|  0%| F|  |TAMS 0x00000000ef800000| PB 0x00000000ef800000| Untracked 
| 249|0x00000000ef900000, 0x00000000ef9a3ef8, 0x00000000efa00000| 64%| E|  |TAMS 0x00000000ef900000| PB 0x00000000ef900000| Complete 
| 250|0x00000000efa00000, 0x00000000efb00000, 0x00000000efb00000|100%| E|CS|TAMS 0x00000000efa00000| PB 0x00000000efa00000| Complete 
| 251|0x00000000efb00000, 0x00000000efc00000, 0x00000000efc00000|100%| E|CS|TAMS 0x00000000efb00000| PB 0x00000000efb00000| Complete 
| 252|0x00000000efc00000, 0x00000000efd00000, 0x00000000efd00000|100%| E|CS|TAMS 0x00000000efc00000| PB 0x00000000efc00000| Complete 
| 253|0x00000000efd00000, 0x00000000efe00000, 0x00000000efe00000|100%| E|CS|TAMS 0x00000000efd00000| PB 0x00000000efd00000| Complete 
| 254|0x00000000efe00000, 0x00000000eff00000, 0x00000000eff00000|100%| E|  |TAMS 0x00000000efe00000| PB 0x00000000efe00000| Complete 
| 255|0x00000000eff00000, 0x00000000f0000000, 0x00000000f0000000|100%| E|CS|TAMS 0x00000000eff00000| PB 0x00000000eff00000| Complete 

Card table byte_map: [0x000001e1e3ff0000,0x000001e1e40f0000] _byte_map_base: 0x000001e1e38f0000

Marking Bits: (CMBitMap*) 0x000001e1d19f9e60
 Bits: [0x000001e1e40f0000, 0x000001e1e48f0000)

Polling page: 0x000001e1cf850000

Metaspace:

Usage:
  Non-class:     15.87 MB used.
      Class:      2.68 MB used.
       Both:     18.55 MB used.

Virtual space:
  Non-class space:       64.00 MB reserved,      16.12 MB ( 25%) committed,  1 nodes.
      Class space:      320.00 MB reserved,       2.94 MB ( <1%) committed,  1 nodes.
             Both:      384.00 MB reserved,      19.06 MB (  5%) committed. 

Chunk freelists:
   Non-Class:  15.61 MB
       Class:  13.09 MB
        Both:  28.70 MB

MaxMetaspaceSize: 384.00 MB
CompressedClassSpaceSize: 320.00 MB
Initial GC threshold: 21.00 MB
Current GC threshold: 21.00 MB
CDS: on
 - commit_granule_bytes: 65536.
 - commit_granule_words: 8192.
 - virtual_space_node_default_size: 8388608.
 - enlarge_chunks_in_place: 1.
 - use_allocation_guard: 0.


Internal statistics:

num_allocs_failed_limit: 0.
num_arena_births: 810.
num_arena_deaths: 0.
num_vsnodes_births: 2.
num_vsnodes_deaths: 0.
num_space_committed: 305.
num_space_uncommitted: 0.
num_chunks_returned_to_freelist: 0.
num_chunks_taken_from_freelist: 1527.
num_chunk_merges: 0.
num_chunk_splits: 1000.
num_chunks_enlarged: 677.
num_inconsistent_stats: 0.

CodeHeap 'non-profiled nmethods': size=120000Kb used=1684Kb max_used=1684Kb free=118316Kb
 bounds [0x000001e1dc690000, 0x000001e1dc900000, 0x000001e1e3bc0000]
CodeHeap 'profiled nmethods': size=120000Kb used=6264Kb max_used=6264Kb free=113735Kb
 bounds [0x000001e1d4bc0000, 0x000001e1d51e0000, 0x000001e1dc0f0000]
CodeHeap 'non-nmethods': size=5760Kb used=1419Kb max_used=1459Kb free=4340Kb
 bounds [0x000001e1dc0f0000, 0x000001e1dc360000, 0x000001e1dc690000]
CodeCache: size=245760Kb, used=9367Kb, max_used=9407Kb, free=236391Kb
 total_blobs=3734, nmethods=3161, adapters=477, full_count=0
Compilation: enabled, stopped_count=0, restarted_count=0

Compilation events (20 events):
Event: 95.961 Thread 0x000001e1e7389010 nmethod 3151 0x000001e1d51d7810 code [0x000001e1d51d7a40, 0x000001e1d51d82e8]
Event: 95.961 Thread 0x000001e1e7389010 3152       3       java.lang.reflect.Method::hasGenericInformation (13 bytes)
Event: 95.961 Thread 0x000001e1e7389010 nmethod 3152 0x000001e1d51d8510 code [0x000001e1d51d86c0, 0x000001e1d51d8838]
Event: 95.961 Thread 0x000001e1e7389010 3153   !   3       sun.reflect.annotation.AnnotationParser::parseClassValue (56 bytes)
Event: 95.962 Thread 0x000001e1e7389010 nmethod 3153 0x000001e1d51d8910 code [0x000001e1d51d8b40, 0x000001e1d51d9120]
Event: 95.972 Thread 0x000001e1e7384550 nmethod 3154 0x000001e1dc833110 code [0x000001e1dc833340, 0x000001e1dc833b90]
Event: 96.018 Thread 0x000001e1e7389010 3155       3       java.lang.Class::privateGetDeclaredConstructors (79 bytes)
Event: 96.019 Thread 0x000001e1e7389010 nmethod 3155 0x000001e1d51d9410 code [0x000001e1d51d9620, 0x000001e1d51d9b20]
Event: 96.544 Thread 0x000001e1e7389010 3156       3       java.lang.invoke.LambdaForm$MH/0x000001e1e90c0000::invoke (42 bytes)
Event: 96.545 Thread 0x000001e1e7389010 nmethod 3156 0x000001e1d51d9d10 code [0x000001e1d51d9fa0, 0x000001e1d51dac50]
Event: 96.550 Thread 0x000001e1e7389010 3157   !   3       jdk.proxy1.$Proxy2::annotationType (29 bytes)
Event: 96.550 Thread 0x000001e1e7389010 nmethod 3157 0x000001e1d51db090 code [0x000001e1d51db260, 0x000001e1d51db660]
Event: 96.975 Thread 0x000001e1e7389010 3158       3       org.gradle.internal.service.AbstractServiceMethod::<init> (42 bytes)
Event: 96.978 Thread 0x000001e1e7389010 nmethod 3158 0x000001e1d51db810 code [0x000001e1d51dbb80, 0x000001e1d51dd6a8]
Event: 98.182 Thread 0x000001e1e7389010 3161       3       java.util.concurrent.ThreadPoolExecutor::runStateAtLeast (11 bytes)
Event: 98.183 Thread 0x000001e1e7389010 nmethod 3161 0x000001e1d51dde90 code [0x000001e1d51de020, 0x000001e1d51de160]
Event: 98.761 Thread 0x000001e1e7384550 3162       4       java.nio.HeapByteBuffer::getShort (29 bytes)
Event: 98.763 Thread 0x000001e1e7384550 nmethod 3162 0x000001e1dc834890 code [0x000001e1dc834a20, 0x000001e1dc834b50]
Event: 99.996 Thread 0x000001e1e7389010 3163       1       org.gradle.launcher.daemon.server.health.gc.GarbageCollectionEvent::getUsage (5 bytes)
Event: 99.996 Thread 0x000001e1e7389010 nmethod 3163 0x000001e1dc834d10 code [0x000001e1dc834ea0, 0x000001e1dc834f68]

GC Heap History (10 events):
Event: 12.061 GC heap before
{Heap before GC invocations=0 (full 0):
 garbage-first heap   total 262144K, used 26624K [0x00000000e0000000, 0x0000000100000000)
  region size 1024K, 23 young (23552K), 0 survivors (0K)
 Metaspace       used 1117K, committed 1216K, reserved 393216K
  class space    used 80K, committed 128K, reserved 327680K
}
Event: 12.970 GC heap after
{Heap after GC invocations=1 (full 0):
 garbage-first heap   total 262144K, used 10240K [0x00000000e0000000, 0x0000000100000000)
  region size 1024K, 3 young (3072K), 3 survivors (3072K)
 Metaspace       used 1117K, committed 1216K, reserved 393216K
  class space    used 80K, committed 128K, reserved 327680K
}
Event: 22.772 GC heap before
{Heap before GC invocations=1 (full 0):
 garbage-first heap   total 262144K, used 40960K [0x00000000e0000000, 0x0000000100000000)
  region size 1024K, 33 young (33792K), 3 survivors (3072K)
 Metaspace       used 4304K, committed 4480K, reserved 393216K
  class space    used 546K, committed 640K, reserved 327680K
}
Event: 22.777 GC heap after
{Heap after GC invocations=2 (full 0):
 garbage-first heap   total 262144K, used 12023K [0x00000000e0000000, 0x0000000100000000)
  region size 1024K, 2 young (2048K), 2 survivors (2048K)
 Metaspace       used 4304K, committed 4480K, reserved 393216K
  class space    used 546K, committed 640K, reserved 327680K
}
Event: 84.161 GC heap before
{Heap before GC invocations=2 (full 0):
 garbage-first heap   total 262144K, used 114423K [0x00000000e0000000, 0x0000000100000000)
  region size 1024K, 100 young (102400K), 2 survivors (2048K)
 Metaspace       used 16599K, committed 17152K, reserved 393216K
  class space    used 2333K, committed 2560K, reserved 327680K
}
Event: 86.119 GC heap after
{Heap after GC invocations=3 (full 0):
 garbage-first heap   total 262144K, used 22470K [0x00000000e0000000, 0x0000000100000000)
  region size 1024K, 11 young (11264K), 11 survivors (11264K)
 Metaspace       used 16599K, committed 17152K, reserved 393216K
  class space    used 2333K, committed 2560K, reserved 327680K
}
Event: 86.650 GC heap before
{Heap before GC invocations=3 (full 0):
 garbage-first heap   total 262144K, used 23494K [0x00000000e0000000, 0x0000000100000000)
  region size 1024K, 12 young (12288K), 11 survivors (11264K)
 Metaspace       used 16702K, committed 17216K, reserved 393216K
  class space    used 2350K, committed 2560K, reserved 327680K
}
Event: 86.663 GC heap after
{Heap after GC invocations=4 (full 0):
 garbage-first heap   total 262144K, used 23489K [0x00000000e0000000, 0x0000000100000000)
  region size 1024K, 1 young (1024K), 1 survivors (1024K)
 Metaspace       used 16702K, committed 17216K, reserved 393216K
  class space    used 2350K, committed 2560K, reserved 327680K
}
Event: 94.497 GC heap before
{Heap before GC invocations=4 (full 0):
 garbage-first heap   total 262144K, used 34753K [0x00000000e0000000, 0x0000000100000000)
  region size 1024K, 12 young (12288K), 1 survivors (1024K)
 Metaspace       used 18159K, committed 18752K, reserved 393216K
  class space    used 2602K, committed 2880K, reserved 327680K
}
Event: 94.607 GC heap after
{Heap after GC invocations=5 (full 0):
 garbage-first heap   total 262144K, used 23489K [0x00000000e0000000, 0x0000000100000000)
  region size 1024K, 1 young (1024K), 1 survivors (1024K)
 Metaspace       used 18159K, committed 18752K, reserved 393216K
  class space    used 2602K, committed 2880K, reserved 327680K
}

Dll operation events (20 events):
Event: 4.427 Attempting to load shared library C:\Users\NAGARAJU\.antigravity-ide\extensions\redhat.java-1.56.0-win32-x64\jre\21.0.12.1-win32-x86_64\bin\nio.dll
Event: 4.692 Loaded shared library C:\Users\NAGARAJU\.antigravity-ide\extensions\redhat.java-1.56.0-win32-x64\jre\21.0.12.1-win32-x86_64\bin\nio.dll
Event: 4.699 Attempting to load shared library C:\Users\NAGARAJU\.antigravity-ide\extensions\redhat.java-1.56.0-win32-x64\jre\21.0.12.1-win32-x86_64\bin\zip.dll
Event: 4.699 Loaded shared library C:\Users\NAGARAJU\.antigravity-ide\extensions\redhat.java-1.56.0-win32-x64\jre\21.0.12.1-win32-x86_64\bin\zip.dll
Event: 9.207 Attempting to load shared library C:\Users\NAGARAJU\.antigravity-ide\extensions\redhat.java-1.56.0-win32-x64\jre\21.0.12.1-win32-x86_64\bin\jimage.dll
Event: 9.207 Loaded shared library C:\Users\NAGARAJU\.antigravity-ide\extensions\redhat.java-1.56.0-win32-x64\jre\21.0.12.1-win32-x86_64\bin\jimage.dll
Event: 12.987 Attempting to load shared library C:\Users\NAGARAJU\.antigravity-ide\extensions\redhat.java-1.56.0-win32-x64\jre\21.0.12.1-win32-x86_64\bin\verify.dll
Event: 12.988 Loaded shared library C:\Users\NAGARAJU\.antigravity-ide\extensions\redhat.java-1.56.0-win32-x64\jre\21.0.12.1-win32-x86_64\bin\verify.dll
Event: 16.628 Attempting to load shared library C:\Users\NAGARAJU\.gradle\native\c067742578af261105cb4f569cf0c3c89f3d7b1fecec35dd04571415982c5e48\windows-amd64\native-platform.dll
Event: 16.632 Loaded shared library C:\Users\NAGARAJU\.gradle\native\c067742578af261105cb4f569cf0c3c89f3d7b1fecec35dd04571415982c5e48\windows-amd64\native-platform.dll
Event: 16.692 Attempting to load shared library C:\Users\NAGARAJU\.gradle\native\100fb08df4bc3b14c8652ba06237920a3bd2aa13389f12d3474272988ae205f9\windows-amd64\native-platform-file-events.dll
Event: 16.695 Loaded shared library C:\Users\NAGARAJU\.gradle\native\100fb08df4bc3b14c8652ba06237920a3bd2aa13389f12d3474272988ae205f9\windows-amd64\native-platform-file-events.dll
Event: 31.474 Attempting to load shared library C:\Users\NAGARAJU\.antigravity-ide\extensions\redhat.java-1.56.0-win32-x64\jre\21.0.12.1-win32-x86_64\bin\management.dll
Event: 31.479 Loaded shared library C:\Users\NAGARAJU\.antigravity-ide\extensions\redhat.java-1.56.0-win32-x64\jre\21.0.12.1-win32-x86_64\bin\management.dll
Event: 31.485 Attempting to load shared library C:\Users\NAGARAJU\.antigravity-ide\extensions\redhat.java-1.56.0-win32-x64\jre\21.0.12.1-win32-x86_64\bin\management_ext.dll
Event: 31.489 Loaded shared library C:\Users\NAGARAJU\.antigravity-ide\extensions\redhat.java-1.56.0-win32-x64\jre\21.0.12.1-win32-x86_64\bin\management_ext.dll
Event: 34.885 Attempting to load shared library C:\Users\NAGARAJU\.antigravity-ide\extensions\redhat.java-1.56.0-win32-x64\jre\21.0.12.1-win32-x86_64\bin\extnet.dll
Event: 34.913 Loaded shared library C:\Users\NAGARAJU\.antigravity-ide\extensions\redhat.java-1.56.0-win32-x64\jre\21.0.12.1-win32-x86_64\bin\extnet.dll
Event: 49.434 Attempting to load shared library C:\Users\NAGARAJU\.antigravity-ide\extensions\redhat.java-1.56.0-win32-x64\jre\21.0.12.1-win32-x86_64\bin\sunmscapi.dll
Event: 49.594 Loaded shared library C:\Users\NAGARAJU\.antigravity-ide\extensions\redhat.java-1.56.0-win32-x64\jre\21.0.12.1-win32-x86_64\bin\sunmscapi.dll

Deoptimization events (20 events):
Event: 74.122 Thread 0x000001e1fdb98560 Uncommon trap: trap_request=0xffffffde fr.pc=0x000001e1dc7593e4 relative=0x0000000000000304
Event: 74.122 Thread 0x000001e1fdb98560 Uncommon trap: reason=class_check action=maybe_recompile pc=0x000001e1dc7593e4 method=java.util.regex.Pattern$BmpCharPropertyGreedy.match(Ljava/util/regex/Matcher;ILjava/lang/CharSequence;)Z @ 26 c2
Event: 74.122 Thread 0x000001e1fdb98560 DEOPT PACKING pc=0x000001e1dc7593e4 sp=0x00000010d3dfc3b0
Event: 74.122 Thread 0x000001e1fdb98560 DEOPT UNPACKING pc=0x000001e1dc144422 sp=0x00000010d3dfc368 mode 2
Event: 78.643 Thread 0x000001e1fdb98560 Uncommon trap: trap_request=0xffffff45 fr.pc=0x000001e1dc6b76f0 relative=0x0000000000000cf0
Event: 78.643 Thread 0x000001e1fdb98560 Uncommon trap: reason=unstable_if action=reinterpret pc=0x000001e1dc6b76f0 method=java.io.WinNTFileSystem.resolve(Ljava/lang/String;Ljava/lang/String;)Ljava/lang/String; @ 19 c2
Event: 78.643 Thread 0x000001e1fdb98560 DEOPT PACKING pc=0x000001e1dc6b76f0 sp=0x00000010d3dfbc40
Event: 78.643 Thread 0x000001e1fdb98560 DEOPT UNPACKING pc=0x000001e1dc144422 sp=0x00000010d3dfbbd8 mode 2
Event: 78.777 Thread 0x000001e1fdb98560 Uncommon trap: trap_request=0xffffff45 fr.pc=0x000001e1dc727810 relative=0x0000000000000630
Event: 78.777 Thread 0x000001e1fdb98560 Uncommon trap: reason=unstable_if action=reinterpret pc=0x000001e1dc727810 method=java.io.File.getName()Ljava/lang/String; @ 16 c2
Event: 78.777 Thread 0x000001e1fdb98560 DEOPT PACKING pc=0x000001e1dc727810 sp=0x00000010d3dfbc00
Event: 78.777 Thread 0x000001e1fdb98560 DEOPT UNPACKING pc=0x000001e1dc144422 sp=0x00000010d3dfbbd0 mode 2
Event: 82.205 Thread 0x000001e1fdb98560 Uncommon trap: trap_request=0xffffff45 fr.pc=0x000001e1dc6bc614 relative=0x00000000000000f4
Event: 82.205 Thread 0x000001e1fdb98560 Uncommon trap: reason=unstable_if action=reinterpret pc=0x000001e1dc6bc614 method=java.util.HashMap.hash(Ljava/lang/Object;)I @ 1 c2
Event: 82.205 Thread 0x000001e1fdb98560 DEOPT PACKING pc=0x000001e1dc6bc614 sp=0x00000010d3dfc9c0
Event: 82.205 Thread 0x000001e1fdb98560 DEOPT UNPACKING pc=0x000001e1dc144422 sp=0x00000010d3dfc900 mode 2
Event: 87.037 Thread 0x000001e1fdb98560 Uncommon trap: trap_request=0xfffffff4 fr.pc=0x000001e1dc715c4c relative=0x00000000000004cc
Event: 87.037 Thread 0x000001e1fdb98560 Uncommon trap: reason=null_check action=make_not_entrant pc=0x000001e1dc715c4c method=java.io.File.equals(Ljava/lang/Object;)Z @ 1 c2
Event: 87.037 Thread 0x000001e1fdb98560 DEOPT PACKING pc=0x000001e1dc715c4c sp=0x00000010d3dfd700
Event: 87.037 Thread 0x000001e1fdb98560 DEOPT UNPACKING pc=0x000001e1dc144422 sp=0x00000010d3dfd6b8 mode 2

Classes loaded (20 events):
Event: 84.050 Loading class java/lang/invoke/BoundMethodHandle$Species_LLLLLLLLLLLLLLLLLLLLLL
Event: 84.050 Loading class java/lang/invoke/BoundMethodHandle$Species_LLLLLLLLLLLLLLLLLLLLLL done
Event: 84.051 Loading class java/lang/invoke/BoundMethodHandle$Species_LLLLLLLLLLLLLLLLLLLLLLL
Event: 84.051 Loading class java/lang/invoke/BoundMethodHandle$Species_LLLLLLLLLLLLLLLLLLLLLLL done
Event: 89.332 Loading class java/util/function/LongFunction
Event: 89.351 Loading class java/util/function/LongFunction done
Event: 91.036 Loading class java/security/InvalidKeyException
Event: 91.040 Loading class java/security/KeyException
Event: 91.042 Loading class java/security/KeyException done
Event: 91.042 Loading class java/security/InvalidKeyException done
Event: 93.157 Loading class java/io/ObjectOutputStream
Event: 93.159 Loading class java/io/ObjectOutput
Event: 93.159 Loading class java/io/ObjectOutput done
Event: 93.159 Loading class java/io/ObjectStreamConstants
Event: 93.159 Loading class java/io/ObjectStreamConstants done
Event: 93.159 Loading class java/io/ObjectOutputStream done
Event: 93.196 Loading class java/io/ObjectInputStream
Event: 93.197 Loading class java/io/ObjectInput
Event: 93.197 Loading class java/io/ObjectInput done
Event: 93.197 Loading class java/io/ObjectInputStream done

Classes unloaded (0 events):
No events

Classes redefined (0 events):
No events

Internal exceptions (20 events):
Event: 83.897 Thread 0x000001e1fdb98560 Exception <a 'java/lang/NoSuchMethodError'{0x00000000e9ee47c0}: 'java.lang.Object java.lang.invoke.DelegatingMethodHandle$Holder.reinvoke_L(java.lang.Object, java.lang.Object, java.lang.Object, java.lang.Object, java.lang.Object, java.lang.Object, java.lang.Object, java.lang.Object, java.lang.Object, java.lang.Object, java.lang.Object, java.lang.Object, java.lang.Object, java.lang.Object, java.lang.Object, java.lang.Object, java.lang.Object, java.lang.Object, java.lang.Object, java.lang.Object, java.lang.O
Event: 83.963 Thread 0x000001e1fdb98560 Exception <a 'java/lang/NoSuchMethodError'{0x00000000e9d51470}: 'java.lang.Object java.lang.invoke.DirectMethodHandle$Holder.invokeStatic(java.lang.Object, java.lang.Object, java.lang.Object, java.lang.Object, java.lang.Object, java.lang.Object, java.lang.Object, java.lang.Object, java.lang.Object, java.lang.Object, java.lang.Object, java.lang.Object, java.lang.Object, java.lang.Object, java.lang.Object, java.lang.Object, java.lang.Object)'> (0x00000000e9d51470) 
thrown [s\src\hotspot\share\interpreter\lin
Event: 83.964 Thread 0x000001e1fdb98560 Exception <a 'java/lang/NoSuchMethodError'{0x00000000e9d79dd0}: 'java.lang.Object java.lang.invoke.DirectMethodHandle$Holder.invokeStatic(java.lang.Object, java.lang.Object, java.lang.Object, java.lang.Object, java.lang.Object, java.lang.Object, java.lang.Object, java.lang.Object, java.lang.Object, java.lang.Object, java.lang.Object, java.lang.Object, java.lang.Object, java.lang.Object, java.lang.Object, java.lang.Object, java.lang.Object, java.lang.Object)'> (0x00000000e9d79dd0) 
thrown [s\src\hotspot\sha
Event: 83.966 Thread 0x000001e1fdb98560 Exception <a 'java/lang/NoSuchMethodError'{0x00000000e9da3c48}: 'java.lang.Object java.lang.invoke.DirectMethodHandle$Holder.invokeStatic(java.lang.Object, java.lang.Object, java.lang.Object, java.lang.Object, java.lang.Object, java.lang.Object, java.lang.Object, java.lang.Object, java.lang.Object, java.lang.Object, java.lang.Object, java.lang.Object, java.lang.Object, java.lang.Object, java.lang.Object, java.lang.Object, java.lang.Object, java.lang.Object, java.lang.Object)'> (0x00000000e9da3c48) 
thrown 
Event: 83.968 Thread 0x000001e1fdb98560 Exception <a 'java/lang/NoSuchMethodError'{0x00000000e9dcece0}: 'java.lang.Object java.lang.invoke.DirectMethodHandle$Holder.invokeStatic(java.lang.Object, java.lang.Object, java.lang.Object, java.lang.Object, java.lang.Object, java.lang.Object, java.lang.Object, java.lang.Object, java.lang.Object, java.lang.Object, java.lang.Object, java.lang.Object, java.lang.Object, java.lang.Object, java.lang.Object, java.lang.Object, java.lang.Object, java.lang.Object, java.lang.Object, java.lang.Object)'> (0x00000000
Event: 84.000 Thread 0x000001e1fdb98560 Exception <a 'java/lang/NoSuchMethodError'{0x00000000e9dfaf20}: 'java.lang.Object java.lang.invoke.DirectMethodHandle$Holder.invokeStatic(java.lang.Object, java.lang.Object, java.lang.Object, java.lang.Object, java.lang.Object, java.lang.Object, java.lang.Object, java.lang.Object, java.lang.Object, java.lang.Object, java.lang.Object, java.lang.Object, java.lang.Object, java.lang.Object, java.lang.Object, java.lang.Object, java.lang.Object, java.lang.Object, java.lang.Object, java.lang.Object, java.lang.Obj
Event: 84.027 Thread 0x000001e1fdb98560 Exception <a 'java/lang/NoSuchMethodError'{0x00000000e9c288a8}: 'java.lang.Object java.lang.invoke.DirectMethodHandle$Holder.invokeStatic(java.lang.Object, java.lang.Object, java.lang.Object, java.lang.Object, java.lang.Object, java.lang.Object, java.lang.Object, java.lang.Object, java.lang.Object, java.lang.Object, java.lang.Object, java.lang.Object, java.lang.Object, java.lang.Object, java.lang.Object, java.lang.Object, java.lang.Object, java.lang.Object, java.lang.Object, java.lang.Object, java.lang.Obj
Event: 84.029 Thread 0x000001e1fdb98560 Exception <a 'java/lang/NoSuchMethodError'{0x00000000e9c56648}: 'java.lang.Object java.lang.invoke.DirectMethodHandle$Holder.invokeStatic(java.lang.Object, java.lang.Object, java.lang.Object, java.lang.Object, java.lang.Object, java.lang.Object, java.lang.Object, java.lang.Object, java.lang.Object, java.lang.Object, java.lang.Object, java.lang.Object, java.lang.Object, java.lang.Object, java.lang.Object, java.lang.Object, java.lang.Object, java.lang.Object, java.lang.Object, java.lang.Object, java.lang.Obj
Event: 84.031 Thread 0x000001e1fdb98560 Exception <a 'java/lang/NoSuchMethodError'{0x00000000e9c855a8}: 'java.lang.Object java.lang.invoke.DirectMethodHandle$Holder.invokeStatic(java.lang.Object, java.lang.Object, java.lang.Object, java.lang.Object, java.lang.Object, java.lang.Object, java.lang.Object, java.lang.Object, java.lang.Object, java.lang.Object, java.lang.Object, java.lang.Object, java.lang.Object, java.lang.Object, java.lang.Object, java.lang.Object, java.lang.Object, java.lang.Object, java.lang.Object, java.lang.Object, java.lang.Obj
Event: 84.050 Thread 0x000001e1fdb98560 Exception <a 'java/lang/NoSuchMethodError'{0x00000000e9cb4e28}: 'java.lang.Object java.lang.invoke.DirectMethodHandle$Holder.invokeStatic(java.lang.Object, java.lang.Object, java.lang.Object, java.lang.Object, java.lang.Object, java.lang.Object, java.lang.Object, java.lang.Object, java.lang.Object, java.lang.Object, java.lang.Object, java.lang.Object, java.lang.Object, java.lang.Object, java.lang.Object, java.lang.Object, java.lang.Object, java.lang.Object, java.lang.Object, java.lang.Object, java.lang.Obj
Event: 84.077 Thread 0x000001e1fdb98560 Exception <a 'java/lang/NoSuchMethodError'{0x00000000e9ce6000}: 'java.lang.Object java.lang.invoke.DirectMethodHandle$Holder.invokeStatic(java.lang.Object, java.lang.Object, java.lang.Object, java.lang.Object, java.lang.Object, java.lang.Object, java.lang.Object, java.lang.Object, java.lang.Object, java.lang.Object, java.lang.Object, java.lang.Object, java.lang.Object, java.lang.Object, java.lang.Object, java.lang.Object, java.lang.Object, java.lang.Object, java.lang.Object, java.lang.Object, java.lang.Obj
Event: 87.037 Thread 0x000001e1fdb98560 Implicit null exception at 0x000001e1dc7157bd to 0x000001e1dc715c3c
Event: 92.497 Thread 0x000001e1fdb98560 Exception <a 'java/lang/IncompatibleClassChangeError'{0x00000000ef7f4bc0}: Found class java.lang.Object, but interface was expected> (0x00000000ef7f4bc0) 
thrown [s\src\hotspot\share\interpreter\linkResolver.cpp, line 840]
Event: 92.657 Thread 0x000001e1fdb98560 Exception <a 'java/lang/NoSuchMethodError'{0x00000000ef6292f0}: 'java.lang.Object java.lang.invoke.DirectMethodHandle$Holder.newInvokeSpecial(java.lang.Object, java.lang.Object, java.lang.Object, java.lang.Object, java.lang.Object, java.lang.Object, java.lang.Object, java.lang.Object, java.lang.Object, java.lang.Object, java.lang.Object, java.lang.Object, java.lang.Object)'> (0x00000000ef6292f0) 
thrown [s\src\hotspot\share\interpreter\linkResolver.cpp, line 773]
Event: 92.658 Thread 0x000001e1fdb98560 Exception <a 'java/lang/NoSuchMethodError'{0x00000000ef62ebe0}: 'java.lang.Object java.lang.invoke.DirectMethodHandle$Holder.invokeSpecial(java.lang.Object, java.lang.Object, java.lang.Object, java.lang.Object, java.lang.Object, java.lang.Object, java.lang.Object, java.lang.Object, java.lang.Object, java.lang.Object, java.lang.Object, java.lang.Object, java.lang.Object, java.lang.Object)'> (0x00000000ef62ebe0) 
thrown [s\src\hotspot\share\interpreter\linkResolver.cpp, line 773]
Event: 92.677 Thread 0x000001e1fdb98560 Exception <a 'java/lang/NoSuchMethodError'{0x00000000ef6333d0}: 'java.lang.Object java.lang.invoke.DelegatingMethodHandle$Holder.reinvoke_L(java.lang.Object, java.lang.Object, java.lang.Object, java.lang.Object, java.lang.Object, java.lang.Object, java.lang.Object, java.lang.Object, java.lang.Object, java.lang.Object, java.lang.Object, java.lang.Object, java.lang.Object)'> (0x00000000ef6333d0) 
thrown [s\src\hotspot\share\interpreter\linkResolver.cpp, line 773]
Event: 93.831 Thread 0x000001e1fdb98560 Exception <a 'java/lang/NoSuchMethodError'{0x00000000ef574f08}: 'java.lang.Object java.lang.invoke.DirectMethodHandle$Holder.newInvokeSpecial(java.lang.Object, java.lang.Object, java.lang.Object, java.lang.Object, java.lang.Object, java.lang.Object, java.lang.Object, java.lang.Object)'> (0x00000000ef574f08) 
thrown [s\src\hotspot\share\interpreter\linkResolver.cpp, line 773]
Event: 93.892 Thread 0x000001e1fdb98560 Exception <a 'java/lang/NoSuchMethodError'{0x00000000ef5bddd8}: 'int java.lang.invoke.DirectMethodHandle$Holder.invokeStaticInit(java.lang.Object, java.lang.Object, java.lang.Object)'> (0x00000000ef5bddd8) 
thrown [s\src\hotspot\share\interpreter\linkResolver.cpp, line 773]
Event: 97.027 Thread 0x000001e1fdb98560 Exception <a 'java/lang/NoSuchMethodError'{0x00000000efb25910}: 'java.lang.Object java.lang.invoke.DirectMethodHandle$Holder.invokeVirtual(java.lang.Object, java.lang.Object, java.lang.Object, java.lang.Object, java.lang.Object, java.lang.Object, java.lang.Object, java.lang.Object, java.lang.Object, java.lang.Object, java.lang.Object, java.lang.Object, java.lang.Object, java.lang.Object, java.lang.Object, java.lang.Object, java.lang.Object, java.lang.Object, java.lang.Object, java.lang.Object, java.lang.Ob
Event: 97.372 Thread 0x000001e1fdb98560 Exception <a 'java/lang/NoSuchMethodError'{0x00000000efb9fb80}: 'java.lang.Object java.lang.invoke.DirectMethodHandle$Holder.invokeSpecial(java.lang.Object, java.lang.Object, java.lang.Object, java.lang.Object, java.lang.Object, java.lang.Object, java.lang.Object, java.lang.Object, java.lang.Object, java.lang.Object, java.lang.Object, java.lang.Object, java.lang.Object, java.lang.Object, java.lang.Object, java.lang.Object, java.lang.Object, java.lang.Object, java.lang.Object, java.lang.Object, java.lang.Ob

ZGC Phase Switch (0 events):
No events

VM Operations (20 events):
Event: 87.671 Executing safepoint VM operation: Cleanup
Event: 87.873 Executing safepoint VM operation: Cleanup done
Event: 88.880 Executing safepoint VM operation: Cleanup
Event: 88.880 Executing safepoint VM operation: Cleanup done
Event: 89.893 Executing safepoint VM operation: Cleanup
Event: 89.893 Executing safepoint VM operation: Cleanup done
Event: 90.901 Executing safepoint VM operation: Cleanup
Event: 90.901 Executing safepoint VM operation: Cleanup done
Event: 91.912 Executing safepoint VM operation: Cleanup
Event: 91.942 Executing safepoint VM operation: Cleanup done
Event: 92.957 Executing safepoint VM operation: Cleanup
Event: 92.957 Executing safepoint VM operation: Cleanup done
Event: 93.959 Executing safepoint VM operation: Cleanup
Event: 94.007 Executing safepoint VM operation: Cleanup done
Event: 94.497 Executing safepoint VM operation: G1CollectForAllocation (G1 Evacuation Pause)
Event: 94.607 Executing safepoint VM operation: G1CollectForAllocation (G1 Evacuation Pause) done
Event: 96.619 Executing safepoint VM operation: Cleanup
Event: 96.746 Executing safepoint VM operation: Cleanup done
Event: 98.774 Executing safepoint VM operation: Cleanup
Event: 98.774 Executing safepoint VM operation: Cleanup done

Memory protections (0 events):
No events

Nmethod flushes (0 events):
No events

Events (20 events):
Event: 3.262 Thread 0x000001e1cf612c20 Thread added: 0x000001e1e7381c20
Event: 3.262 Thread 0x000001e1cf612c20 Thread added: 0x000001e1e73827b0
Event: 3.263 Thread 0x000001e1cf612c20 Thread added: 0x000001e1e7384550
Event: 3.263 Thread 0x000001e1cf612c20 Thread added: 0x000001e1e7389010
Event: 3.578 Thread 0x000001e1cf612c20 Thread added: 0x000001e1e760bf00
Event: 4.723 Thread 0x000001e1cf612c20 Thread added: 0x000001e1e764cb00
Event: 32.161 Thread 0x000001e1cf612c20 Thread added: 0x000001e1fd438800
Event: 34.975 Thread 0x000001e1cf612c20 Thread added: 0x000001e1fd431c20
Event: 39.993 Thread 0x000001e1cf612c20 Thread added: 0x000001e1fdb55460
Event: 51.214 Thread 0x000001e1fd431c20 Thread added: 0x000001e1fdd40f90
Event: 51.487 Thread 0x000001e1fdd40f90 Thread added: 0x000001e1fdd421b0
Event: 52.675 Thread 0x000001e1fdd40f90 Thread added: 0x000001e1fdbb1220
Event: 59.427 Thread 0x000001e1fdd40f90 Thread added: 0x000001e1fdb98560
Event: 59.915 Thread 0x000001e1fdb98560 Thread added: 0x000001e1fdb98bf0
Event: 60.022 Thread 0x000001e1fdb98560 Thread added: 0x000001e1fdb97ed0
Event: 60.135 Thread 0x000001e1fdb98560 Thread added: 0x000001e1fdb99280
Event: 74.771 Thread 0x000001e1fdb98560 Thread added: 0x000001e1fdb971b0
Event: 75.421 Thread 0x000001e1fdb98560 Thread added: 0x000001e1fdb97840
Event: 75.747 Thread 0x000001e1fdb97840 Thread added: 0x000001e1fdb96490
Event: 76.254 Thread 0x000001e1fdb98560 Thread added: 0x000001e1fdb99910


Dynamic libraries:
0x00007ff6aaf70000 - 0x00007ff6aaf7e000 	C:\Users\NAGARAJU\.antigravity-ide\extensions\redhat.java-1.56.0-win32-x64\jre\21.0.12.1-win32-x86_64\bin\java.exe
0x00007ffba2e60000 - 0x00007ffba30c6000 	C:\WINDOWS\SYSTEM32\ntdll.dll
0x00007ffba16f0000 - 0x00007ffba17b9000 	C:\WINDOWS\System32\KERNEL32.DLL
0x00007ffba01d0000 - 0x00007ffba05cf000 	C:\WINDOWS\System32\KERNELBASE.dll
0x00007ffba0070000 - 0x00007ffba01bc000 	C:\WINDOWS\System32\ucrtbase.dll
0x00007ffb616e0000 - 0x00007ffb616fe000 	C:\Users\NAGARAJU\.antigravity-ide\extensions\redhat.java-1.56.0-win32-x64\jre\21.0.12.1-win32-x86_64\bin\VCRUNTIME140.dll
0x00007ffb616c0000 - 0x00007ffb616d8000 	C:\Users\NAGARAJU\.antigravity-ide\extensions\redhat.java-1.56.0-win32-x64\jre\21.0.12.1-win32-x86_64\bin\jli.dll
0x00007ffba2320000 - 0x00007ffba24e6000 	C:\WINDOWS\System32\USER32.dll
0x00007ffba08a0000 - 0x00007ffba08c7000 	C:\WINDOWS\System32\win32u.dll
0x00007ffba2df0000 - 0x00007ffba2e1b000 	C:\WINDOWS\System32\GDI32.dll
0x00007ffba05e0000 - 0x00007ffba0709000 	C:\WINDOWS\System32\gdi32full.dll
0x00007ffba0ae0000 - 0x00007ffba0b83000 	C:\WINDOWS\System32\msvcp_win.dll
0x00007ffb88780000 - 0x00007ffb88a11000 	C:\WINDOWS\WinSxS\amd64_microsoft.windows.common-controls_6595b64144ccf1df_6.0.26100.8972_none_3e0da176e32f9d4b\COMCTL32.dll
0x00007ffba24f0000 - 0x00007ffba2599000 	C:\WINDOWS\System32\msvcrt.dll
0x00007ffba2150000 - 0x00007ffba2182000 	C:\WINDOWS\System32\IMM32.DLL
0x00007ffb83500000 - 0x00007ffb8350c000 	C:\Users\NAGARAJU\.antigravity-ide\extensions\redhat.java-1.56.0-win32-x64\jre\21.0.12.1-win32-x86_64\bin\vcruntime140_1.dll
0x00007ffb1bac0000 - 0x00007ffb1bb4d000 	C:\Users\NAGARAJU\.antigravity-ide\extensions\redhat.java-1.56.0-win32-x64\jre\21.0.12.1-win32-x86_64\bin\msvcp140.dll
0x00007ffac8530000 - 0x00007ffac92d2000 	C:\Users\NAGARAJU\.antigravity-ide\extensions\redhat.java-1.56.0-win32-x64\jre\21.0.12.1-win32-x86_64\bin\server\jvm.dll
0x00007ffba0d00000 - 0x00007ffba0dbc000 	C:\WINDOWS\System32\ADVAPI32.dll
0x00007ffba28a0000 - 0x00007ffba294a000 	C:\WINDOWS\System32\sechost.dll
0x00007ffba25a0000 - 0x00007ffba26b8000 	C:\WINDOWS\System32\RPCRT4.dll
0x00007ffba1ab0000 - 0x00007ffba1b32000 	C:\WINDOWS\System32\WS2_32.dll
0x00007ffb9fed0000 - 0x00007ffb9ff2e000 	C:\WINDOWS\SYSTEM32\POWRPROF.dll
0x00007ffb99880000 - 0x00007ffb9988b000 	C:\WINDOWS\SYSTEM32\VERSION.dll
0x00007ffb99840000 - 0x00007ffb99876000 	C:\WINDOWS\SYSTEM32\WINMM.dll
0x00007ffb9feb0000 - 0x00007ffb9fec5000 	C:\WINDOWS\SYSTEM32\UMPDC.dll
0x00007ffb9ed60000 - 0x00007ffb9ed7b000 	C:\WINDOWS\SYSTEM32\kernel.appcore.dll
0x00007ffb82eb0000 - 0x00007ffb82eba000 	C:\Users\NAGARAJU\.antigravity-ide\extensions\redhat.java-1.56.0-win32-x64\jre\21.0.12.1-win32-x86_64\bin\jimage.dll
0x00007ffb94900000 - 0x00007ffb94b42000 	C:\WINDOWS\SYSTEM32\DBGHELP.DLL
0x00007ffba2a10000 - 0x00007ffba2d95000 	C:\WINDOWS\System32\combase.dll
0x00007ffba21c0000 - 0x00007ffba2299000 	C:\WINDOWS\System32\OLEAUT32.dll
0x00007ffb81c30000 - 0x00007ffb81c6b000 	C:\WINDOWS\SYSTEM32\dbgcore.DLL
0x00007ffba08d0000 - 0x00007ffba097c000 	C:\WINDOWS\System32\bcryptPrimitives.dll
0x00007ffb65d80000 - 0x00007ffb65d8f000 	C:\Users\NAGARAJU\.antigravity-ide\extensions\redhat.java-1.56.0-win32-x64\jre\21.0.12.1-win32-x86_64\bin\instrument.dll
0x00007ffb5fe50000 - 0x00007ffb5fe70000 	C:\Users\NAGARAJU\.antigravity-ide\extensions\redhat.java-1.56.0-win32-x64\jre\21.0.12.1-win32-x86_64\bin\java.dll
0x00007ffba0f50000 - 0x00007ffba16d8000 	C:\WINDOWS\System32\SHELL32.dll
0x00007ffb9db40000 - 0x00007ffb9e3db000 	C:\WINDOWS\SYSTEM32\windows.storage.dll
0x00007ffba0dd0000 - 0x00007ffba0ec9000 	C:\WINDOWS\System32\SHCORE.dll
0x00007ffba0c90000 - 0x00007ffba0cf6000 	C:\WINDOWS\System32\shlwapi.dll
0x00007ffb9ff90000 - 0x00007ffb9ffb9000 	C:\WINDOWS\SYSTEM32\profapi.dll
0x00007ffb4d020000 - 0x00007ffb4d038000 	C:\Users\NAGARAJU\.antigravity-ide\extensions\redhat.java-1.56.0-win32-x64\jre\21.0.12.1-win32-x86_64\bin\zip.dll
0x00007ffb72940000 - 0x00007ffb72950000 	C:\Users\NAGARAJU\.antigravity-ide\extensions\redhat.java-1.56.0-win32-x64\jre\21.0.12.1-win32-x86_64\bin\net.dll
0x00007ffb95940000 - 0x00007ffb95a68000 	C:\WINDOWS\SYSTEM32\WINHTTP.dll
0x00007ffb9f310000 - 0x00007ffb9f37c000 	C:\WINDOWS\system32\mswsock.dll
0x00007ffb5f9d0000 - 0x00007ffb5f9e6000 	C:\Users\NAGARAJU\.antigravity-ide\extensions\redhat.java-1.56.0-win32-x64\jre\21.0.12.1-win32-x86_64\bin\nio.dll
0x00007ffb62900000 - 0x00007ffb62910000 	C:\Users\NAGARAJU\.antigravity-ide\extensions\redhat.java-1.56.0-win32-x64\jre\21.0.12.1-win32-x86_64\bin\verify.dll
0x00007ffb83540000 - 0x00007ffb83567000 	C:\Users\NAGARAJU\.gradle\native\c067742578af261105cb4f569cf0c3c89f3d7b1fecec35dd04571415982c5e48\windows-amd64\native-platform.dll
0x00007ffb597c0000 - 0x00007ffb59904000 	C:\Users\NAGARAJU\.gradle\native\100fb08df4bc3b14c8652ba06237920a3bd2aa13389f12d3474272988ae205f9\windows-amd64\native-platform-file-events.dll
0x00007ffb95860000 - 0x00007ffb9586a000 	C:\Users\NAGARAJU\.antigravity-ide\extensions\redhat.java-1.56.0-win32-x64\jre\21.0.12.1-win32-x86_64\bin\management.dll
0x00007ffb831e0000 - 0x00007ffb831ec000 	C:\Users\NAGARAJU\.antigravity-ide\extensions\redhat.java-1.56.0-win32-x64\jre\21.0.12.1-win32-x86_64\bin\management_ext.dll
0x00007ffba1cb0000 - 0x00007ffba1cb8000 	C:\WINDOWS\System32\PSAPI.DLL
0x00007ffb9f600000 - 0x00007ffb9f61b000 	C:\WINDOWS\SYSTEM32\CRYPTSP.dll
0x00007ffb9ecc0000 - 0x00007ffb9ecf9000 	C:\WINDOWS\system32\rsaenh.dll
0x00007ffb9f3c0000 - 0x00007ffb9f3f2000 	C:\WINDOWS\SYSTEM32\USERENV.dll
0x00007ffb9ff60000 - 0x00007ffb9ff8a000 	C:\WINDOWS\SYSTEM32\bcrypt.dll
0x00007ffb9f620000 - 0x00007ffb9f62c000 	C:\WINDOWS\SYSTEM32\CRYPTBASE.dll
0x00007ffb9e6b0000 - 0x00007ffb9e6e3000 	C:\WINDOWS\SYSTEM32\IPHLPAPI.DLL
0x00007ffba16e0000 - 0x00007ffba16ea000 	C:\WINDOWS\System32\NSI.dll
0x00007ffb831d0000 - 0x00007ffb831d9000 	C:\Users\NAGARAJU\.antigravity-ide\extensions\redhat.java-1.56.0-win32-x64\jre\21.0.12.1-win32-x86_64\bin\extnet.dll
0x00007ffb831c0000 - 0x00007ffb831ce000 	C:\Users\NAGARAJU\.antigravity-ide\extensions\redhat.java-1.56.0-win32-x64\jre\21.0.12.1-win32-x86_64\bin\sunmscapi.dll
0x00007ffba0710000 - 0x00007ffba088e000 	C:\WINDOWS\System32\CRYPT32.dll
0x00007ffb9f840000 - 0x00007ffb9f870000 	C:\WINDOWS\SYSTEM32\ncrypt.dll
0x00007ffb9f7f0000 - 0x00007ffb9f82f000 	C:\WINDOWS\SYSTEM32\NTASN1.dll
0x00007ffb15860000 - 0x00007ffb15868000 	C:\WINDOWS\system32\wshunix.dll

JVMTI agents:
C:\Users\NAGARAJU\.gradle\wrapper\dists\gradle-8.9-bin\90cnw93cvbtalezasaz0blq0a\gradle-8.9\lib\agents\gradle-instrumentation-agent-8.9.jar path:C:\Users\NAGARAJU\.antigravity-ide\extensions\redhat.java-1.56.0-win32-x64\jre\21.0.12.1-win32-x86_64\bin\instrument.dll, loaded, initialized, instrumentlib options:none

dbghelp: loaded successfully - version: 4.0.5 - missing functions: none
symbol engine: initialized successfully - sym options: 0x614 - pdb path: .;C:\Users\NAGARAJU\.antigravity-ide\extensions\redhat.java-1.56.0-win32-x64\jre\21.0.12.1-win32-x86_64\bin;C:\WINDOWS\SYSTEM32;C:\WINDOWS\WinSxS\amd64_microsoft.windows.common-controls_6595b64144ccf1df_6.0.26100.8972_none_3e0da176e32f9d4b;C:\Users\NAGARAJU\.antigravity-ide\extensions\redhat.java-1.56.0-win32-x64\jre\21.0.12.1-win32-x86_64\bin\server;C:\Users\NAGARAJU\.gradle\native\c067742578af261105cb4f569cf0c3c89f3d7b1fecec35dd04571415982c5e48\windows-amd64;C:\Users\NAGARAJU\.gradle\native\100fb08df4bc3b14c8652ba06237920a3bd2aa13389f12d3474272988ae205f9\windows-amd64

VM Arguments:
jvm_args: --add-opens=java.base/java.util=ALL-UNNAMED --add-opens=java.base/java.lang=ALL-UNNAMED --add-opens=java.base/java.lang.invoke=ALL-UNNAMED --add-opens=java.prefs/java.util.prefs=ALL-UNNAMED --add-exports=jdk.compiler/com.sun.tools.javac.api=ALL-UNNAMED --add-exports=jdk.compiler/com.sun.tools.javac.util=ALL-UNNAMED --add-opens=java.base/java.nio.charset=ALL-UNNAMED --add-opens=java.base/java.net=ALL-UNNAMED --add-opens=java.base/java.util.concurrent.atomic=ALL-UNNAMED -XX:MaxMetaspaceSize=384m -XX:+HeapDumpOnOutOfMemoryError -Xms256m -Xmx512m -Dfile.encoding=utf8 -Duser.country=IN -Duser.language=en -Duser.variant -javaagent:C:\Users\NAGARAJU\.gradle\wrapper\dists\gradle-8.9-bin\90cnw93cvbtalezasaz0blq0a\gradle-8.9\lib\agents\gradle-instrumentation-agent-8.9.jar 
java_command: org.gradle.launcher.daemon.bootstrap.GradleDaemon 8.9
java_class_path (initial): C:\Users\NAGARAJU\.gradle\wrapper\dists\gradle-8.9-bin\90cnw93cvbtalezasaz0blq0a\gradle-8.9\lib\gradle-daemon-main-8.9.jar
Launcher Type: SUN_STANDARD

[Global flags]
     intx CICompilerCount                          = 4                                         {product} {ergonomic}
   size_t CompressedClassSpaceSize                 = 335544320                                 {product} {ergonomic}
     uint ConcGCThreads                            = 2                                         {product} {ergonomic}
     uint G1ConcRefinementThreads                  = 8                                         {product} {ergonomic}
   size_t G1HeapRegionSize                         = 1048576                                   {product} {ergonomic}
    uintx GCDrainStackTargetSize                   = 64                                        {product} {ergonomic}
     bool HeapDumpOnOutOfMemoryError               = true                                   {manageable} {command line}
   size_t InitialHeapSize                          = 268435456                                 {product} {command line}
   size_t MarkStackSize                            = 4194304                                   {product} {ergonomic}
   size_t MaxHeapSize                              = 536870912                                 {product} {command line}
   size_t MaxMetaspaceSize                         = 402653184                                 {product} {command line}
   size_t MaxNewSize                               = 321912832                                 {product} {ergonomic}
   size_t MinHeapDeltaBytes                        = 1048576                                   {product} {ergonomic}
   size_t MinHeapSize                              = 268435456                                 {product} {command line}
    uintx NonNMethodCodeHeapSize                   = 5839372                                {pd product} {ergonomic}
    uintx NonProfiledCodeHeapSize                  = 122909434                              {pd product} {ergonomic}
    uintx ProfiledCodeHeapSize                     = 122909434                              {pd product} {ergonomic}
    uintx ReservedCodeCacheSize                    = 251658240                              {pd product} {ergonomic}
     bool SegmentedCodeCache                       = true                                      {product} {ergonomic}
   size_t SoftMaxHeapSize                          = 536870912                              {manageable} {ergonomic}
     bool UseCompressedOops                        = true                           {product lp64_product} {ergonomic}
     bool UseG1GC                                  = true                                      {product} {ergonomic}
     bool UseLargePagesIndividualAllocation        = false                                  {pd product} {ergonomic}

Logging:
Log output configuration:
 #0: stdout all=warning uptime,level,tags foldmultilines=false
 #1: stderr all=off uptime,level,tags foldmultilines=false

Release file:
JAVA_VERSION="21.0.12.1" 
MODULES="java.base java.compiler java.datatransfer java.xml java.prefs java.desktop java.instrument java.logging java.management java.security.sasl java.naming java.rmi java.management.rmi java.net.http java.scripting java.security.jgss java.transaction.xa java.sql java.sql.rowset java.xml.crypto java.se java.smartcardio jdk.accessibility jdk.internal.jvmstat jdk.attach jdk.charsets jdk.internal.opt jdk.zipfs jdk.compiler jdk.crypto.ec jdk.crypto.cryptoki jdk.crypto.mscapi jdk.dynalink jdk.internal.ed jdk.editpad jdk.hotspot.agent jdk.httpserver jdk.internal.le jdk.internal.vm.ci jdk.internal.vm.compiler jdk.internal.vm.compiler.management jdk.jartool jdk.javadoc jdk.jcmd jdk.management jdk.management.agent jdk.jconsole jdk.jdeps jdk.jdwp.agent jdk.jdi jdk.jfr jdk.jshell jdk.jsobject jdk.jstatd jdk.localedata jdk.management.jfr jdk.naming.dns jdk.naming.rmi jdk.net jdk.nio.mapmode jdk.random jdk.sctp jdk.security.auth jdk.security.jgss jdk.unsupported jdk.unsupported.desktop jdk.xml.dom" 

Environment Variables:
JAVA_HOME=C:\Program Files\Eclipse Adoptium\jdk-21.0.11.10-hotspot
PATH=C:\Program Files\Eclipse Adoptium\jdk-21.0.11.10-hotspot\bin;C:\Program Files\Eclipse Adoptium\jdk-11.0.26.4-hotspot\bin;C:\Program Files\Eclipse Adoptium\jdk-17.0.14.7-hotspot\bin;C:\Program Files\Java\jdk-17\bin;C:\Program Files\nodejs;E:\Android\Sdk\platform-tools;E:\Android\Sdk\emulator;E:\Android\Sdk\cmdline-tools\latest\bin;C:\Users\NAGARAJU\AppData\Local\Android\Sdk\platform-tools;C:\Users\NAGARAJU\AppData\Local\Android\Sdk\emulator;C:\Users\NAGARAJU\AppData\Local\Android\Sdk\cmdline-tools\latest\bin;C:\Program Files\Eclipse Adoptium\jdk-21.0.11.10-hotspot\bin;C:\Program Files\Eclipse Adoptium\jdk-11.0.26.4-hotspot\bin;C:\Program Files\Eclipse Adoptium\jdk-17.0.14.7-hotspot\bin;C:\Program Files\Java\jdk-17\bin;C:\Program Files\nodejs;E:\Android\Sdk\platform-tools;E:\Android\Sdk\emulator;E:\Android\Sdk\cmdline-tools\latest\bin;C:\Users\NAGARAJU\AppData\Local\Android\Sdk\platform-tools;C:\Users\NAGARAJU\AppData\Local\Android\Sdk\emulator;C:\Users\NAGARAJU\AppData\Local\Android\Sdk\cmdline-tools\latest\bin;C:\Program Files\Eclipse Adoptium\jdk-21.0.11.10-hotspot\bin;C:\Program Files\Eclipse Adoptium\jdk-11.0.26.4-hotspot\bin;C:\Program Files\Eclipse Adoptium\jdk-17.0.14.7-hotspot\bin;C:\Program Files\Java\jdk-17\bin;C:\Program Files\nodejs;E:\Android\Sdk\platform-tools;E:\Android\Sdk\emulator;E:\Android\Sdk\cmdline-tools\latest\bin;C:\Users\NAGARAJU\AppData\Local\Android\Sdk\platform-tools;C:\Users\NAGARAJU\AppData\Local\Android\Sdk\emulator;C:\Users\NAGARAJU\AppData\Local\Android\Sdk\cmdline-tools\latest\bin;C:\WINDOWS\System32;C:\ProgramData\chocolatey\bin;C:\Program Files\nodejs\;C:\Program Files\Git\cmd;C:\Windows\System32;C:\Windows\System32\WindowsPowerShell\v1.0;C:\Windows\System32\OpenSSH;C:\Windows\System32\WindowsPowerShell\v1.0\;C:\Users\NAGARAJU\Downloads\stripe_1.30.0_windows_x86_64;C:\WINDOWS\system32;C:\WINDOWS;C:\WINDOWS\System32\Wbem;C:\WINDOWS\System32\WindowsPowerShell\v1.0\;C:\WINDOWS\System32\OpenSSH\;C:\ProgramData\chocolatey\bin;C:\Program Files\nodejs\;C:\Program Files\Git\cmd;C:\Windows\System32;C:\Windows\System32\WindowsPowerShell\v1.0;C:\Windows\System32\OpenSSH;C:\Windows\System32\WindowsPowerShell\v1.0\;C:\Users\NAGARAJU\Downloads\stripe_1.30.0_windows_x86_64;C:\WINDOWS\system32;C:\WINDOWS;C:\WINDOWS\System32\Wbem;C:\WINDOWS\System32\WindowsPowerShell\v1.0\;C:\WINDOWS\System32\OpenSSH\;C:\ProgramData\chocolatey\bin;C:\Program Files\nodejs\;C:\Program Files\Git\cmd;C:\Windows\System32;C:\Windows\System32\WindowsPowerShell\v1.0;C:\Windows\System32\OpenSSH;C:\Windows\System32\WindowsPowerShell\v1.0\;C:\Users\NAGARAJU\Downloads\stripe_1.30.0_windows_x86_64;C:\WINDOWS\system32;C:\WINDOWS;C:\WINDOWS\System32\Wbem;C:\WINDOWS\System32\WindowsPowerShell\v1.0\;C:\WINDOWS\System32\OpenSSH\;C:\Program Files\Eclipse Adoptium\jdk-21.0.11.10-hotspot\bin;C:\Program Files\Eclipse Adoptium\jdk-11.0.26.4-hotspot\bin;C:\Program Files\Eclipse Adoptium\jdk-17.0.14.7-hotspot\bin;C:\Program Files\Java\jdk-17\bin;C:\Program Files\nodejs;E:\Android\Sdk\platform-tools;E:\Android\Sdk\emulator;E:\Android\Sdk\cmdline-tools\latest\bin;C:\Users\NAGARAJU\AppData\Local\Android\Sdk\platform-tools;C:\Users\NAGARAJU\AppData\Local\Android\Sdk\emulator;C:\Users\NAGARAJU\AppData\Local\Android\Sdk\cmdline-tools\latest\bin;C:\Program Files\Eclipse Adoptium\jdk-21.0.11.10-hotspot\bin;C:\Program Files\Eclipse Adoptium\jdk-11.0.26.4-hotspot\bin;C:\Program Files\Eclipse Adoptium\jdk-17.0.14.7-hotspot\bin;C:\Program Files\Java\jdk-17\bin;C:\Program Files\nodejs;E:\Android\Sdk\platform-tools;E:\Android\Sdk\emulator;E:\Android\Sdk\cmdline-tools\latest\bin;C:\Users\NAGARAJU\AppData\Local\Android\Sdk\platform-tools;C:\Users\NAGARAJU\AppData\Local\Android\Sdk\emulator;C:\Users\NAGARAJU\AppData\Local\Android\Sdk\cmdline-tools\latest\bin;C:\Program Files\Eclipse Adoptium\jdk-21.0.11.10-hotspot\bin;C:\Program Files\Eclipse Adoptium\jdk-11.0.26.4-hotspot\bin;C:\Program Files\Eclipse Adoptium\jdk-17.0.14.7-hotspot\bin;C:\Program Files\Java\jdk-17\bin;C:\Program Files\nodejs;E:\Android\Sdk\platform-tools;E:\Android\Sdk\emulator;E:\Android\Sdk\cmdline-tools\latest\bin;C:\Users\NAGARAJU\AppData\Local\Android\Sdk\platform-tools;C:\Users\NAGARAJU\AppData\Local\Android\Sdk\emulator;C:\Users\NAGARAJU\AppData\Local\Android\Sdk\cmdline-tools\latest\bin;C:\WINDOWS\System32;C:\ProgramData\chocolatey\bin;C:\Program Files\nodejs\;C:\Program Files\Git\cmd;C:\Windows\System32;C:\Windows\System32\WindowsPowerShell\v1.0;C:\Windows\System32\OpenSSH;C:\Windows\System32\WindowsPowerShell\v1.0\;C:\Users\NAGARAJU\Downloads\stripe_1.30.0_windows_x86_64;C:\WINDOWS\system32;C:\WINDOWS;C:\WINDOWS\System32\Wbem;C:\WINDOWS\System32\WindowsPowerShell\v1.0\;C:\WINDOWS\System32\OpenSSH\;C:\ProgramData\chocolatey\bin;C:\Program Files\nodejs\;C:\Program Files\Git\cmd;C:\Windows\System32;C:\Windows\System32\WindowsPowerShell\v1.0;C:\Windows\System32\OpenSSH;C:\Windows\System32\WindowsPowerShell\v1.0\;C:\Users\NAGARAJU\Downloads\stripe_1.30.0_windows_x86_64;C:\WINDOWS\system32;C:\WINDOWS;C:\WINDOWS\System32\Wbem;C:\WINDOWS\System32\WindowsPowerShell\v1.0\;C:\WINDOWS\System32\OpenSSH\;C:\ProgramData\chocolatey\bin;C:\Program Files\nodejs\;C:\Program Files\Git\cmd;C:\Windows\System32;C:\Windows\System32\WindowsPowerShell\v1.0;C:\Windows\System32\OpenSSH;C:\Windows\System32\WindowsPowerShell\v1.0\;C:\Users\NAGARAJU\Downloads\stripe_1.30.0_windows_x86_64;C:\WINDOWS\system32;C:\WINDOWS;C:\WINDOWS\System32\Wbem;C:\WINDOWS\System32\WindowsPowerShell\v1.0\;C:\WINDOWS\System32\OpenSSH\;C:\Users\NAGARAJU\AppData\Local\Android\Sdk\platform-tools;C:\Users\NAGARAJU\AppData\Local\Android\Sdk\cmdline-tools\latest\bin;C:\Users\NAGARAJU\AppData\Roaming\npm;C:\Users\NAGARAJU\AppData\Local\Programs\Microsoft VS Code\bin;C:\Users\NAGARAJU\AppData\Local\Programs\Antigravity IDE\bin;C:\Users\NAGARAJU\AppData\Local\Microsoft\WindowsApps;C:\Users\NAGARAJU\AppData\Local\Kingsoft\WPS Office\12.1.0.27458\clitool
USERNAME=NAGARAJU
OS=Windows_NT
PROCESSOR_IDENTIFIER=AMD64 Family 23 Model 104 Stepping 1, AuthenticAMD
TMP=C:\Users\NAGARAJU\AppData\Local\Temp
TEMP=C:\Users\NAGARAJU\AppData\Local\Temp




Periodic native trim disabled

---------------  S Y S T E M  ---------------

OS:
 Windows 11 , 64 bit Build 26100 (10.0.26100.9168)
OS uptime: 0 days 1:31 hours

CPU: total 8 (initial active 8) (8 cores per cpu, 2 threads per core) family 23 model 104 stepping 1 microcode 0x8608109, cx8, cmov, fxsr, ht, mmx, 3dnowpref, sse, sse2, sse3, ssse3, sse4a, sse4.1, sse4.2, popcnt, lzcnt, tsc, tscinvbit, avx, avx2, aes, clmul, bmi1, bmi2, adx, sha, fma, vzeroupper, clflush, clflushopt, rdtscp, rdpid, f16c
Processor Information for the first 8 processors :
  Max Mhz: 2600, Current Mhz: 2600, Mhz Limit: 2600

Memory: 4k page, system-wide physical 7502M (386M free)
TotalPageFile size 40270M (AvailPageFile size 1858M)
current process WorkingSet (physical memory assigned to process): 77M, peak: 153M
current process commit charge ("private bytes"): 392M, peak: 415M

vm_info: OpenJDK 64-Bit Server VM (21.0.12.1+1-LTS) for windows-amd64 JRE (21.0.12.1+1-LTS), built on 2026-08-18T00:00:00Z by "admin" with MS VC++ 17.12 (VS2022)

END.
