#
# There is insufficient memory for the Java Runtime Environment to continue.
# Native memory allocation (malloc) failed to allocate 65552 bytes. Error detail: Chunk::new
# Possible reasons:
#   The system is out of physical RAM or swap space
#   This process is running with CompressedOops enabled, and the Java Heap may be blocking the growth of the native heap
# Possible solutions:
#   Reduce memory load on the system
#   Increase physical memory or swap space
#   Check if swap backing store is full
#   Decrease Java heap size (-Xmx/-Xms)
#   Decrease number of Java threads
#   Decrease Java thread stack sizes (-Xss)
#   Set larger code cache with -XX:ReservedCodeCacheSize=
#   JVM is running with Unscaled Compressed Oops mode in which the Java heap is
#     placed in the first 4GB address space. The Java Heap base address is the
#     maximum limit for the native heap growth. Please use -XX:HeapBaseMinAddress
#     to set the Java Heap base and to place the Java Heap above 4GB virtual address.
# This output file may be truncated or incomplete.
#
#  Out of Memory Error (arena.cpp:168), pid=30904, tid=29968
#
# JRE version: OpenJDK Runtime Environment Temurin-21.0.12.1+1 (21.0.12.1+1) (build 21.0.12.1+1-LTS)
# Java VM: OpenJDK 64-Bit Server VM Temurin-21.0.12.1+1 (21.0.12.1+1-LTS, mixed mode, sharing, tiered, compressed oops, compressed class ptrs, g1 gc, windows-amd64)
# No core dump will be written. Minidumps are not enabled by default on client versions of Windows
#

---------------  S U M M A R Y ------------

Command Line: --add-opens=java.base/java.util=ALL-UNNAMED --add-opens=java.base/java.lang=ALL-UNNAMED --add-opens=java.base/java.lang.invoke=ALL-UNNAMED --add-opens=java.prefs/java.util.prefs=ALL-UNNAMED --add-exports=jdk.compiler/com.sun.tools.javac.api=ALL-UNNAMED --add-exports=jdk.compiler/com.sun.tools.javac.util=ALL-UNNAMED --add-opens=java.base/java.nio.charset=ALL-UNNAMED --add-opens=java.base/java.net=ALL-UNNAMED --add-opens=java.base/java.util.concurrent.atomic=ALL-UNNAMED -XX:MaxMetaspaceSize=384m -XX:+HeapDumpOnOutOfMemoryError -Xms256m -Xmx512m -Dfile.encoding=utf8 -Duser.country=IN -Duser.language=en -Duser.variant -javaagent:C:\Users\NAGARAJU\.gradle\wrapper\dists\gradle-8.9-bin\90cnw93cvbtalezasaz0blq0a\gradle-8.9\lib\agents\gradle-instrumentation-agent-8.9.jar org.gradle.launcher.daemon.bootstrap.GradleDaemon 8.9

Host: AMD Ryzen 3 5300U with Radeon Graphics         , 8 cores, 7G,  Windows 11 , 64 bit Build 26100 (10.0.26100.9168)
Time: Wed Sep  9 15:48:53 2026 India Standard Time elapsed time: 761.739200 seconds (0d 0h 12m 41s)

---------------  T H R E A D  ---------------

Current thread (0x000001c437b778e0):  JavaThread "C2 CompilerThread0" daemon [_thread_in_native, id=29968, stack(0x0000004c08d00000,0x0000004c08e00000) (1024K)]


Current CompileTask:
C2:761739 14669       4       org.gradle.internal.execution.steps.BuildOperationStep$1::call (11 bytes)

Stack: [0x0000004c08d00000,0x0000004c08e00000]
Native frames: (J=compiled Java code, j=interpreted, Vv=VM code, C=native code)
V  [jvm.dll+0x6d83e9]
V  [jvm.dll+0x8b5736]
V  [jvm.dll+0x8b7cee]
V  [jvm.dll+0x8b83d3]
V  [jvm.dll+0x284596]
V  [jvm.dll+0xc685d]
V  [jvm.dll+0xc6da1]
V  [jvm.dll+0xd41cd]
V  [jvm.dll+0x5eeedd]
V  [jvm.dll+0x5ed3fd]
V  [jvm.dll+0x5edca0]
V  [jvm.dll+0x5ed21e]
V  [jvm.dll+0x5ed231]
V  [jvm.dll+0x5ed231]
V  [jvm.dll+0x5ff5e3]
V  [jvm.dll+0x255d67]
V  [jvm.dll+0x25612d]
V  [jvm.dll+0x24e6a0]
V  [jvm.dll+0x24bbe6]
V  [jvm.dll+0x1cb4ae]
V  [jvm.dll+0x25baad]
V  [jvm.dll+0x25a03a]
V  [jvm.dll+0x3f8aae]
V  [jvm.dll+0x8600cd]
V  [jvm.dll+0x6d6c1d]
C  [ucrtbase.dll+0x2cd30]
C  [KERNEL32.DLL+0x2ccb7]
C  [ntdll.dll+0xaad6c]


---------------  P R O C E S S  ---------------

Threads class SMR info:
_java_thread_list=0x000001c45366c7f0, length=58, elements={
0x000001c41fd313c0, 0x000001c437b70080, 0x000001c437b73660, 0x000001c437b74c30,
0x000001c437b75690, 0x000001c437b760f0, 0x000001c437b76b50, 0x000001c437b778e0,
0x000001c437b85aa0, 0x000001c437d2aea0, 0x000001c437e4c5d0, 0x000001c45250cb50,
0x000001c452856e30, 0x000001c452596470, 0x000001c437eed730, 0x000001c437eea2b0,
0x000001c437eea940, 0x000001c452f91e00, 0x000001c452f910e0, 0x000001c452f8e980,
0x000001c452f903c0, 0x000001c451d83730, 0x000001c451d84450, 0x000001c451d84ae0,
0x000001c451d81660, 0x000001c4554c3d00, 0x000001c4554c5740, 0x000001c4554c5dd0,
0x000001c4554c2950, 0x000001c4554c22c0, 0x000001c437eec380, 0x000001c452f8f6a0,
0x000001c4554c1c30, 0x000001c458028cd0, 0x000001c458026c00, 0x000001c458027290,
0x000001c458027920, 0x000001c45802c150, 0x000001c45802b430, 0x000001c45802bac0,
0x000001c45802a710, 0x000001c45802c7e0, 0x000001c45802ce70, 0x000001c4580299f0,
0x000001c45802db90, 0x000001c45802ada0, 0x000001c455898190, 0x000001c455895a30,
0x000001c455898820, 0x000001c455896750, 0x000001c455897470, 0x000001c455897b00,
0x000001c4558960c0, 0x000001c455896de0, 0x000001c4558953a0, 0x000001c455898eb0,
0x000001c45589b610, 0x000001c455899540
}

Java Threads: ( => current thread )
  0x000001c41fd313c0 JavaThread "main"                              [_thread_blocked, id=30992, stack(0x0000004c07f00000,0x0000004c08000000) (1024K)]
  0x000001c437b70080 JavaThread "Reference Handler"          daemon [_thread_blocked, id=25300, stack(0x0000004c08700000,0x0000004c08800000) (1024K)]
  0x000001c437b73660 JavaThread "Finalizer"                  daemon [_thread_blocked, id=24836, stack(0x0000004c08800000,0x0000004c08900000) (1024K)]
  0x000001c437b74c30 JavaThread "Signal Dispatcher"          daemon [_thread_blocked, id=9112, stack(0x0000004c08900000,0x0000004c08a00000) (1024K)]
  0x000001c437b75690 JavaThread "Attach Listener"            daemon [_thread_blocked, id=14820, stack(0x0000004c08a00000,0x0000004c08b00000) (1024K)]
  0x000001c437b760f0 JavaThread "Service Thread"             daemon [_thread_blocked, id=3372, stack(0x0000004c08b00000,0x0000004c08c00000) (1024K)]
  0x000001c437b76b50 JavaThread "Monitor Deflation Thread"   daemon [_thread_blocked, id=15320, stack(0x0000004c08c00000,0x0000004c08d00000) (1024K)]
=>0x000001c437b778e0 JavaThread "C2 CompilerThread0"         daemon [_thread_in_native, id=29968, stack(0x0000004c08d00000,0x0000004c08e00000) (1024K)]
  0x000001c437b85aa0 JavaThread "C1 CompilerThread0"         daemon [_thread_blocked, id=27680, stack(0x0000004c08e00000,0x0000004c08f00000) (1024K)]
  0x000001c437d2aea0 JavaThread "Common-Cleaner"             daemon [_thread_blocked, id=30108, stack(0x0000004c08f00000,0x0000004c09000000) (1024K)]
  0x000001c437e4c5d0 JavaThread "Notification Thread"        daemon [_thread_blocked, id=31348, stack(0x0000004c09000000,0x0000004c09100000) (1024K)]
  0x000001c45250cb50 JavaThread "Daemon health stats"               [_thread_blocked, id=32456, stack(0x0000004c09600000,0x0000004c09700000) (1024K)]
  0x000001c452856e30 JavaThread "Incoming local TCP Connector on port 58737"        [_thread_in_native, id=32596, stack(0x0000004c09700000,0x0000004c09800000) (1024K)]
  0x000001c452596470 JavaThread "Daemon periodic checks"            [_thread_in_native, id=32608, stack(0x0000004c09800000,0x0000004c09900000) (1024K)]
  0x000001c437eed730 JavaThread "Cache worker for journal cache (C:\Users\NAGARAJU\.gradle\caches\journal-1)"        [_thread_blocked, id=32740, stack(0x0000004c0a200000,0x0000004c0a300000) (1024K)]
  0x000001c437eea2b0 JavaThread "File lock request listener"        [_thread_in_native, id=32744, stack(0x0000004c0a300000,0x0000004c0a400000) (1024K)]
  0x000001c437eea940 JavaThread "Cache worker for file hash cache (C:\Users\NAGARAJU\.gradle\caches\8.9\fileHashes)"        [_thread_blocked, id=32752, stack(0x0000004c0a400000,0x0000004c0a500000) (1024K)]
  0x000001c452f91e00 JavaThread "File watcher server"        daemon [_thread_in_native, id=30244, stack(0x0000004c0a900000,0x0000004c0aa00000) (1024K)]
  0x000001c452f910e0 JavaThread "File watcher consumer"      daemon [_thread_blocked, id=32300, stack(0x0000004c0aa00000,0x0000004c0ab00000) (1024K)]
  0x000001c452f8e980 JavaThread "Cache worker for file content cache (C:\Users\NAGARAJU\.gradle\caches\8.9\fileContent)"        [_thread_blocked, id=32356, stack(0x0000004c0ac00000,0x0000004c0ad00000) (1024K)]
  0x000001c452f903c0 JavaThread "jar transforms"                    [_thread_blocked, id=10276, stack(0x0000004c0af00000,0x0000004c0b000000) (1024K)]
  0x000001c451d83730 JavaThread "jar transforms Thread 2"           [_thread_blocked, id=30184, stack(0x0000004c0b000000,0x0000004c0b100000) (1024K)]
  0x000001c451d84450 JavaThread "jar transforms Thread 3"           [_thread_blocked, id=27168, stack(0x0000004c0b100000,0x0000004c0b200000) (1024K)]
  0x000001c451d84ae0 JavaThread "jar transforms Thread 4"           [_thread_blocked, id=28156, stack(0x0000004c0b200000,0x0000004c0b300000) (1024K)]
  0x000001c451d81660 JavaThread "jar transforms Thread 5"           [_thread_blocked, id=30360, stack(0x0000004c0b300000,0x0000004c0b400000) (1024K)]
  0x000001c4554c3d00 JavaThread "jar transforms Thread 6"           [_thread_blocked, id=32216, stack(0x0000004c0c700000,0x0000004c0c800000) (1024K)]
  0x000001c4554c5740 JavaThread "jar transforms Thread 7"           [_thread_blocked, id=33484, stack(0x0000004c0ae00000,0x0000004c0af00000) (1024K)]
  0x000001c4554c5dd0 JavaThread "jar transforms Thread 8"           [_thread_blocked, id=33732, stack(0x0000004c0b400000,0x0000004c0b500000) (1024K)]
  0x000001c4554c2950 JavaThread "Daemon Thread 2"                   [_thread_blocked, id=25784, stack(0x0000004c07d00000,0x0000004c07e00000) (1024K)]
  0x000001c4554c22c0 JavaThread "Daemon worker Thread 2"            [_thread_in_Java, id=29084, stack(0x0000004c09a00000,0x0000004c09b00000) (1024K)]
  0x000001c437eec380 JavaThread "Memory manager"                    [_thread_blocked, id=25524, stack(0x0000004c0cc00000,0x0000004c0cd00000) (1024K)]
  0x000001c452f8f6a0 JavaThread "pool-5-thread-1"                   [_thread_blocked, id=29032, stack(0x0000004c09b00000,0x0000004c09c00000) (1024K)]
  0x000001c4554c1c30 JavaThread "File lock release action executor Thread 4"        [_thread_blocked, id=31560, stack(0x0000004c0bd00000,0x0000004c0be00000) (1024K)]
  0x000001c458028cd0 JavaThread "VFS cleanup Thread 5"              [_thread_blocked, id=11640, stack(0x0000004c09c00000,0x0000004c09d00000) (1024K)]
  0x000001c458026c00 JavaThread "Handler for socket connection from /127.0.0.1:58737 to /127.0.0.1:62527"        [_thread_in_native, id=34508, stack(0x0000004c07e00000,0x0000004c07f00000) (1024K)]
  0x000001c458027290 JavaThread "Cancel handler"                    [_thread_blocked, id=37664, stack(0x0000004c09900000,0x0000004c09a00000) (1024K)]
  0x000001c458027920 JavaThread "Asynchronous log dispatcher for DefaultDaemonConnection: socket connection from /127.0.0.1:58737 to /127.0.0.1:62527"        [_thread_blocked, id=19416, stack(0x0000004c09f00000,0x0000004c0a000000) (1024K)]
  0x000001c45802c150 JavaThread "Stdin handler"                     [_thread_blocked, id=10740, stack(0x0000004c0a000000,0x0000004c0a100000) (1024K)]
  0x000001c45802b430 JavaThread "Daemon client event forwarder"        [_thread_blocked, id=28232, stack(0x0000004c0a100000,0x0000004c0a200000) (1024K)]
  0x000001c45802bac0 JavaThread "Cache worker for file hash cache (C:\zynnative\DocApp-CLI\node_modules\@react-native-firebase\firestore\android\.gradle\8.9\fileHashes)"        [_thread_blocked, id=35836, stack(0x0000004c0a500000,0x0000004c0a600000) (1024K)]
  0x000001c45802a710 JavaThread "Cache worker for Build Output Cleanup Cache (C:\zynnative\DocApp-CLI\node_modules\@react-native-firebase\firestore\android\.gradle\buildOutputCleanup)"        [_thread_blocked, id=16488, stack(0x0000004c0a700000,0x0000004c0a800000) (1024K)]
  0x000001c45802c7e0 JavaThread "Cache worker for checksums cache (C:\zynnative\DocApp-CLI\node_modules\@react-native-firebase\firestore\android\.gradle\8.9\checksums)"        [_thread_blocked, id=30940, stack(0x0000004c0a800000,0x0000004c0a900000) (1024K)]
  0x000001c45802ce70 JavaThread "Cache worker for cache directory md-rule (C:\Users\NAGARAJU\.gradle\caches\8.9\md-rule)"        [_thread_blocked, id=32492, stack(0x0000004c0ab00000,0x0000004c0ac00000) (1024K)]
  0x000001c4580299f0 JavaThread "Cache worker for cache directory md-supplier (C:\Users\NAGARAJU\.gradle\caches\8.9\md-supplier)"        [_thread_blocked, id=37440, stack(0x0000004c0ad00000,0x0000004c0ae00000) (1024K)]
  0x000001c45802db90 JavaThread "Unconstrained build operations"        [_thread_blocked, id=34804, stack(0x0000004c0b500000,0x0000004c0b600000) (1024K)]
  0x000001c45802ada0 JavaThread "Unconstrained build operations Thread 2"        [_thread_blocked, id=32276, stack(0x0000004c0b600000,0x0000004c0b700000) (1024K)]
  0x000001c455898190 JavaThread "Unconstrained build operations Thread 3"        [_thread_blocked, id=36972, stack(0x0000004c0b700000,0x0000004c0b800000) (1024K)]
  0x000001c455895a30 JavaThread "Unconstrained build operations Thread 4"        [_thread_blocked, id=33468, stack(0x0000004c0b800000,0x0000004c0b900000) (1024K)]
  0x000001c455898820 JavaThread "Unconstrained build operations Thread 5"        [_thread_blocked, id=26872, stack(0x0000004c0b900000,0x0000004c0ba00000) (1024K)]
  0x000001c455896750 JavaThread "Unconstrained build operations Thread 6"        [_thread_blocked, id=35548, stack(0x0000004c0ba00000,0x0000004c0bb00000) (1024K)]
  0x000001c455897470 JavaThread "Unconstrained build operations Thread 7"        [_thread_blocked, id=27004, stack(0x0000004c0bb00000,0x0000004c0bc00000) (1024K)]
  0x000001c455897b00 JavaThread "Unconstrained build operations Thread 8"        [_thread_blocked, id=28868, stack(0x0000004c0bc00000,0x0000004c0bd00000) (1024K)]
  0x000001c4558960c0 JavaThread "Unconstrained build operations Thread 9"        [_thread_blocked, id=34020, stack(0x0000004c0be00000,0x0000004c0bf00000) (1024K)]
  0x000001c455896de0 JavaThread "Unconstrained build operations Thread 10"        [_thread_blocked, id=21820, stack(0x0000004c0bf00000,0x0000004c0c000000) (1024K)]
  0x000001c4558953a0 JavaThread "Unconstrained build operations Thread 11"        [_thread_blocked, id=18820, stack(0x0000004c0c000000,0x0000004c0c100000) (1024K)]
  0x000001c455898eb0 JavaThread "Unconstrained build operations Thread 12"        [_thread_blocked, id=33976, stack(0x0000004c0c100000,0x0000004c0c200000) (1024K)]
  0x000001c45589b610 JavaThread "Unconstrained build operations Thread 13"        [_thread_blocked, id=20132, stack(0x0000004c0c200000,0x0000004c0c300000) (1024K)]
  0x000001c455899540 JavaThread "Unconstrained build operations Thread 14"        [_thread_blocked, id=17804, stack(0x0000004c0c300000,0x0000004c0c400000) (1024K)]
Total: 58

Other Threads:
  0x000001c437b4ffb0 VMThread "VM Thread"                           [id=30960, stack(0x0000004c08600000,0x0000004c08700000) (1024K)]
  0x000001c437b43290 WatcherThread "VM Periodic Task Thread"        [id=4952, stack(0x0000004c08500000,0x0000004c08600000) (1024K)]
  0x000001c4221e7a80 WorkerThread "GC Thread#0"                     [id=4716, stack(0x0000004c08000000,0x0000004c08100000) (1024K)]
  0x000001c451189800 WorkerThread "GC Thread#1"                     [id=31004, stack(0x0000004c09100000,0x0000004c09200000) (1024K)]
  0x000001c45108b780 WorkerThread "GC Thread#2"                     [id=30568, stack(0x0000004c09200000,0x0000004c09300000) (1024K)]
  0x000001c4510b0e60 WorkerThread "GC Thread#3"                     [id=31336, stack(0x0000004c09300000,0x0000004c09400000) (1024K)]
  0x000001c4510b1a20 WorkerThread "GC Thread#4"                     [id=18700, stack(0x0000004c09400000,0x0000004c09500000) (1024K)]
  0x000001c4510b1dd0 WorkerThread "GC Thread#5"                     [id=31368, stack(0x0000004c09500000,0x0000004c09600000) (1024K)]
  0x000001c45263df90 WorkerThread "GC Thread#6"                     [id=32668, stack(0x0000004c09d00000,0x0000004c09e00000) (1024K)]
  0x000001c45263f960 WorkerThread "GC Thread#7"                     [id=32672, stack(0x0000004c09e00000,0x0000004c09f00000) (1024K)]
  0x000001c4221ec880 ConcurrentGCThread "G1 Main Marker"            [id=11696, stack(0x0000004c08100000,0x0000004c08200000) (1024K)]
  0x000001c4221ed1a0 WorkerThread "G1 Conc#0"                       [id=23268, stack(0x0000004c08200000,0x0000004c08300000) (1024K)]
  0x000001c4530a2b40 WorkerThread "G1 Conc#1"                       [id=29612, stack(0x0000004c0a600000,0x0000004c0a700000) (1024K)]
  0x000001c437a0f240 ConcurrentGCThread "G1 Refine#0"               [id=30548, stack(0x0000004c08300000,0x0000004c08400000) (1024K)]
  0x000001c437a10690 ConcurrentGCThread "G1 Service"                [id=15136, stack(0x0000004c08400000,0x0000004c08500000) (1024K)]
Total: 15

Threads with active compile tasks:
C2 CompilerThread0  761817 14669       4       org.gradle.internal.execution.steps.BuildOperationStep$1::call (11 bytes)
Total: 1

VM state: not at safepoint (normal execution)

VM Mutex/Monitor currently owned by a thread: None

Heap address: 0x00000000e0000000, size: 512 MB, Compressed Oops mode: 32-bit

CDS archive(s) mapped at: [0x000001c438000000-0x000001c438ba0000-0x000001c438ba0000), size 12189696, SharedBaseAddress: 0x000001c438000000, ArchiveRelocationMode: 1.
Compressed class space mapped at: 0x000001c439000000-0x000001c44d000000, reserved size: 335544320
Narrow klass base: 0x000001c438000000, Narrow klass shift: 0, Narrow klass range: 0x100000000

GC Precious Log:
 CardTable entry size: 512
 Card Set container configuration: InlinePtr #cards 5 size 8 Array Of Cards #cards 12 size 40 Howl #buckets 4 coarsen threshold 1843 Howl Bitmap #cards 512 size 80 coarsen threshold 460 Card regions per heap region 1 cards per card region 2048
 CPUs: 8 total, 8 available
 Memory: 7502M
 Large Page Support: Disabled
 NUMA Support: Disabled
 Compressed Oops: Enabled (32-bit)
 Heap Region Size: 1M
 Heap Min Capacity: 256M
 Heap Initial Capacity: 256M
 Heap Max Capacity: 512M
 Pre-touch: Disabled
 Parallel Workers: 8
 Concurrent Workers: 2
 Concurrent Refinement Workers: 8
 Periodic GC: Disabled

Heap:
 garbage-first heap   total 263168K, used 175005K [0x00000000e0000000, 0x0000000100000000)
  region size 1024K, 9 young (9216K), 7 survivors (7168K)
 Metaspace       used 108789K, committed 110336K, reserved 458752K
  class space    used 14559K, committed 15296K, reserved 327680K

Heap Regions: E=young(eden), S=young(survivor), O=old, HS=humongous(starts), HC=humongous(continues), CS=collection set, F=free, TAMS=top-at-mark-start, PB=parsable bottom
|   0|0x00000000e0000000, 0x00000000e0100000, 0x00000000e0100000|100%|HS|  |TAMS 0x00000000e0000000| PB 0x00000000e0000000| Complete 
|   1|0x00000000e0100000, 0x00000000e0200000, 0x00000000e0200000|100%|HC|  |TAMS 0x00000000e0100000| PB 0x00000000e0100000| Complete 
|   2|0x00000000e0200000, 0x00000000e0300000, 0x00000000e0300000|100%|HC|  |TAMS 0x00000000e0200000| PB 0x00000000e0200000| Complete 
|   3|0x00000000e0300000, 0x00000000e0400000, 0x00000000e0400000|100%|HC|  |TAMS 0x00000000e0300000| PB 0x00000000e0300000| Complete 
|   4|0x00000000e0400000, 0x00000000e0500000, 0x00000000e0500000|100%| O|  |TAMS 0x00000000e0400000| PB 0x00000000e0400000| Untracked 
|   5|0x00000000e0500000, 0x00000000e0600000, 0x00000000e0600000|100%| O|  |TAMS 0x00000000e0500000| PB 0x00000000e0500000| Untracked 
|   6|0x00000000e0600000, 0x00000000e0700000, 0x00000000e0700000|100%| O|  |TAMS 0x00000000e0600000| PB 0x00000000e0600000| Untracked 
|   7|0x00000000e0700000, 0x00000000e0800000, 0x00000000e0800000|100%| O|  |TAMS 0x00000000e0700000| PB 0x00000000e0700000| Untracked 
|   8|0x00000000e0800000, 0x00000000e0900000, 0x00000000e0900000|100%| O|  |TAMS 0x00000000e0800000| PB 0x00000000e0800000| Untracked 
|   9|0x00000000e0900000, 0x00000000e0a00000, 0x00000000e0a00000|100%| O|  |TAMS 0x00000000e0900000| PB 0x00000000e0900000| Untracked 
|  10|0x00000000e0a00000, 0x00000000e0b00000, 0x00000000e0b00000|100%|HS|  |TAMS 0x00000000e0a00000| PB 0x00000000e0a00000| Complete 
|  11|0x00000000e0b00000, 0x00000000e0c00000, 0x00000000e0c00000|100%| O|  |TAMS 0x00000000e0b00000| PB 0x00000000e0b00000| Untracked 
|  12|0x00000000e0c00000, 0x00000000e0d00000, 0x00000000e0d00000|100%| O|  |TAMS 0x00000000e0c00000| PB 0x00000000e0c00000| Untracked 
|  13|0x00000000e0d00000, 0x00000000e0e00000, 0x00000000e0e00000|100%| O|  |TAMS 0x00000000e0d00000| PB 0x00000000e0d00000| Untracked 
|  14|0x00000000e0e00000, 0x00000000e0f00000, 0x00000000e0f00000|100%| O|  |TAMS 0x00000000e0e00000| PB 0x00000000e0e00000| Untracked 
|  15|0x00000000e0f00000, 0x00000000e1000000, 0x00000000e1000000|100%| O|  |TAMS 0x00000000e0f00000| PB 0x00000000e0f00000| Untracked 
|  16|0x00000000e1000000, 0x00000000e1100000, 0x00000000e1100000|100%| O|  |TAMS 0x00000000e1000000| PB 0x00000000e1000000| Untracked 
|  17|0x00000000e1100000, 0x00000000e1200000, 0x00000000e1200000|100%| O|  |TAMS 0x00000000e1100000| PB 0x00000000e1100000| Untracked 
|  18|0x00000000e1200000, 0x00000000e1300000, 0x00000000e1300000|100%| O|  |TAMS 0x00000000e1200000| PB 0x00000000e1200000| Untracked 
|  19|0x00000000e1300000, 0x00000000e1400000, 0x00000000e1400000|100%| O|  |TAMS 0x00000000e1300000| PB 0x00000000e1300000| Untracked 
|  20|0x00000000e1400000, 0x00000000e1500000, 0x00000000e1500000|100%|HS|  |TAMS 0x00000000e1400000| PB 0x00000000e1400000| Complete 
|  21|0x00000000e1500000, 0x00000000e1600000, 0x00000000e1600000|100%|HC|  |TAMS 0x00000000e1500000| PB 0x00000000e1500000| Complete 
|  22|0x00000000e1600000, 0x00000000e1700000, 0x00000000e1700000|100%|HS|  |TAMS 0x00000000e1600000| PB 0x00000000e1600000| Complete 
|  23|0x00000000e1700000, 0x00000000e1800000, 0x00000000e1800000|100%|HC|  |TAMS 0x00000000e1700000| PB 0x00000000e1700000| Complete 
|  24|0x00000000e1800000, 0x00000000e1900000, 0x00000000e1900000|100%|HC|  |TAMS 0x00000000e1800000| PB 0x00000000e1800000| Complete 
|  25|0x00000000e1900000, 0x00000000e1a00000, 0x00000000e1a00000|100%|HC|  |TAMS 0x00000000e1900000| PB 0x00000000e1900000| Complete 
|  26|0x00000000e1a00000, 0x00000000e1b00000, 0x00000000e1b00000|100%| O|  |TAMS 0x00000000e1a00000| PB 0x00000000e1a00000| Untracked 
|  27|0x00000000e1b00000, 0x00000000e1c00000, 0x00000000e1c00000|100%| O|  |TAMS 0x00000000e1b00000| PB 0x00000000e1b00000| Untracked 
|  28|0x00000000e1c00000, 0x00000000e1d00000, 0x00000000e1d00000|100%| O|  |TAMS 0x00000000e1c00000| PB 0x00000000e1c00000| Untracked 
|  29|0x00000000e1d00000, 0x00000000e1e00000, 0x00000000e1e00000|100%| O|  |TAMS 0x00000000e1d00000| PB 0x00000000e1d00000| Untracked 
|  30|0x00000000e1e00000, 0x00000000e1f00000, 0x00000000e1f00000|100%| O|  |TAMS 0x00000000e1e00000| PB 0x00000000e1e00000| Untracked 
|  31|0x00000000e1f00000, 0x00000000e2000000, 0x00000000e2000000|100%| O|  |TAMS 0x00000000e1f00000| PB 0x00000000e1f00000| Untracked 
|  32|0x00000000e2000000, 0x00000000e2100000, 0x00000000e2100000|100%| O|  |TAMS 0x00000000e2000000| PB 0x00000000e2000000| Untracked 
|  33|0x00000000e2100000, 0x00000000e2200000, 0x00000000e2200000|100%| O|  |TAMS 0x00000000e2100000| PB 0x00000000e2100000| Untracked 
|  34|0x00000000e2200000, 0x00000000e2300000, 0x00000000e2300000|100%| O|  |TAMS 0x00000000e2200000| PB 0x00000000e2200000| Untracked 
|  35|0x00000000e2300000, 0x00000000e2400000, 0x00000000e2400000|100%| O|  |TAMS 0x00000000e2300000| PB 0x00000000e2300000| Untracked 
|  36|0x00000000e2400000, 0x00000000e2500000, 0x00000000e2500000|100%| O|  |TAMS 0x00000000e2400000| PB 0x00000000e2400000| Untracked 
|  37|0x00000000e2500000, 0x00000000e2500000, 0x00000000e2600000|  0%| F|  |TAMS 0x00000000e2500000| PB 0x00000000e2500000| Untracked 
|  38|0x00000000e2600000, 0x00000000e2700000, 0x00000000e2700000|100%| O|  |TAMS 0x00000000e2600000| PB 0x00000000e2600000| Untracked 
|  39|0x00000000e2700000, 0x00000000e2800000, 0x00000000e2800000|100%| O|  |TAMS 0x00000000e2700000| PB 0x00000000e2700000| Untracked 
|  40|0x00000000e2800000, 0x00000000e2900000, 0x00000000e2900000|100%| O|  |TAMS 0x00000000e2800000| PB 0x00000000e2800000| Untracked 
|  41|0x00000000e2900000, 0x00000000e2a00000, 0x00000000e2a00000|100%| O|  |TAMS 0x00000000e2900000| PB 0x00000000e2900000| Untracked 
|  42|0x00000000e2a00000, 0x00000000e2b00000, 0x00000000e2b00000|100%| O|  |TAMS 0x00000000e2a00000| PB 0x00000000e2a00000| Untracked 
|  43|0x00000000e2b00000, 0x00000000e2c00000, 0x00000000e2c00000|100%| O|  |TAMS 0x00000000e2b00000| PB 0x00000000e2b00000| Untracked 
|  44|0x00000000e2c00000, 0x00000000e2d00000, 0x00000000e2d00000|100%| O|  |TAMS 0x00000000e2c00000| PB 0x00000000e2c00000| Untracked 
|  45|0x00000000e2d00000, 0x00000000e2e00000, 0x00000000e2e00000|100%| O|  |TAMS 0x00000000e2d00000| PB 0x00000000e2d00000| Untracked 
|  46|0x00000000e2e00000, 0x00000000e2f00000, 0x00000000e2f00000|100%| O|  |TAMS 0x00000000e2e00000| PB 0x00000000e2e00000| Untracked 
|  47|0x00000000e2f00000, 0x00000000e3000000, 0x00000000e3000000|100%| O|  |TAMS 0x00000000e2f00000| PB 0x00000000e2f00000| Untracked 
|  48|0x00000000e3000000, 0x00000000e3100000, 0x00000000e3100000|100%| O|  |TAMS 0x00000000e3000000| PB 0x00000000e3000000| Untracked 
|  49|0x00000000e3100000, 0x00000000e3200000, 0x00000000e3200000|100%| O|  |TAMS 0x00000000e3100000| PB 0x00000000e3100000| Untracked 
|  50|0x00000000e3200000, 0x00000000e3300000, 0x00000000e3300000|100%| O|  |TAMS 0x00000000e3200000| PB 0x00000000e3200000| Untracked 
|  51|0x00000000e3300000, 0x00000000e3400000, 0x00000000e3400000|100%| O|  |TAMS 0x00000000e3300000| PB 0x00000000e3300000| Untracked 
|  52|0x00000000e3400000, 0x00000000e3500000, 0x00000000e3500000|100%|HS|  |TAMS 0x00000000e3400000| PB 0x00000000e3400000| Complete 
|  53|0x00000000e3500000, 0x00000000e3600000, 0x00000000e3600000|100%| O|  |TAMS 0x00000000e3500000| PB 0x00000000e3500000| Untracked 
|  54|0x00000000e3600000, 0x00000000e3700000, 0x00000000e3700000|100%| O|  |TAMS 0x00000000e3600000| PB 0x00000000e3600000| Untracked 
|  55|0x00000000e3700000, 0x00000000e3800000, 0x00000000e3800000|100%|HS|  |TAMS 0x00000000e3700000| PB 0x00000000e3700000| Complete 
|  56|0x00000000e3800000, 0x00000000e3900000, 0x00000000e3900000|100%| O|  |TAMS 0x00000000e3800000| PB 0x00000000e3800000| Untracked 
|  57|0x00000000e3900000, 0x00000000e3a00000, 0x00000000e3a00000|100%|HS|  |TAMS 0x00000000e3900000| PB 0x00000000e3900000| Complete 
|  58|0x00000000e3a00000, 0x00000000e3b00000, 0x00000000e3b00000|100%| O|  |TAMS 0x00000000e3a00000| PB 0x00000000e3a00000| Untracked 
|  59|0x00000000e3b00000, 0x00000000e3c00000, 0x00000000e3c00000|100%|HS|  |TAMS 0x00000000e3b00000| PB 0x00000000e3b00000| Complete 
|  60|0x00000000e3c00000, 0x00000000e3d00000, 0x00000000e3d00000|100%|HS|  |TAMS 0x00000000e3c00000| PB 0x00000000e3c00000| Complete 
|  61|0x00000000e3d00000, 0x00000000e3e00000, 0x00000000e3e00000|100%|HC|  |TAMS 0x00000000e3d00000| PB 0x00000000e3d00000| Complete 
|  62|0x00000000e3e00000, 0x00000000e3f00000, 0x00000000e3f00000|100%| O|  |TAMS 0x00000000e3e00000| PB 0x00000000e3e00000| Untracked 
|  63|0x00000000e3f00000, 0x00000000e4000000, 0x00000000e4000000|100%| O|  |TAMS 0x00000000e3f00000| PB 0x00000000e3f00000| Untracked 
|  64|0x00000000e4000000, 0x00000000e4100000, 0x00000000e4100000|100%| O|  |TAMS 0x00000000e4000000| PB 0x00000000e4000000| Untracked 
|  65|0x00000000e4100000, 0x00000000e4200000, 0x00000000e4200000|100%| O|  |TAMS 0x00000000e4100000| PB 0x00000000e4100000| Untracked 
|  66|0x00000000e4200000, 0x00000000e4300000, 0x00000000e4300000|100%| O|  |TAMS 0x00000000e4200000| PB 0x00000000e4200000| Untracked 
|  67|0x00000000e4300000, 0x00000000e4400000, 0x00000000e4400000|100%| O|  |TAMS 0x00000000e4300000| PB 0x00000000e4300000| Untracked 
|  68|0x00000000e4400000, 0x00000000e4500000, 0x00000000e4500000|100%| O|  |TAMS 0x00000000e4400000| PB 0x00000000e4400000| Untracked 
|  69|0x00000000e4500000, 0x00000000e4600000, 0x00000000e4600000|100%| O|  |TAMS 0x00000000e4500000| PB 0x00000000e4500000| Untracked 
|  70|0x00000000e4600000, 0x00000000e4700000, 0x00000000e4700000|100%| O|  |TAMS 0x00000000e4600000| PB 0x00000000e4600000| Untracked 
|  71|0x00000000e4700000, 0x00000000e4800000, 0x00000000e4800000|100%| O|  |TAMS 0x00000000e4700000| PB 0x00000000e4700000| Untracked 
|  72|0x00000000e4800000, 0x00000000e4900000, 0x00000000e4900000|100%| O|  |TAMS 0x00000000e4800000| PB 0x00000000e4800000| Untracked 
|  73|0x00000000e4900000, 0x00000000e4a00000, 0x00000000e4a00000|100%|HS|  |TAMS 0x00000000e4900000| PB 0x00000000e4900000| Complete 
|  74|0x00000000e4a00000, 0x00000000e4b00000, 0x00000000e4b00000|100%|HC|  |TAMS 0x00000000e4a00000| PB 0x00000000e4a00000| Complete 
|  75|0x00000000e4b00000, 0x00000000e4c00000, 0x00000000e4c00000|100%|HS|  |TAMS 0x00000000e4b00000| PB 0x00000000e4b00000| Complete 
|  76|0x00000000e4c00000, 0x00000000e4d00000, 0x00000000e4d00000|100%|HS|  |TAMS 0x00000000e4c00000| PB 0x00000000e4c00000| Complete 
|  77|0x00000000e4d00000, 0x00000000e4e00000, 0x00000000e4e00000|100%|HC|  |TAMS 0x00000000e4d00000| PB 0x00000000e4d00000| Complete 
|  78|0x00000000e4e00000, 0x00000000e4f00000, 0x00000000e4f00000|100%|HC|  |TAMS 0x00000000e4e00000| PB 0x00000000e4e00000| Complete 
|  79|0x00000000e4f00000, 0x00000000e5000000, 0x00000000e5000000|100%|HC|  |TAMS 0x00000000e4f00000| PB 0x00000000e4f00000| Complete 
|  80|0x00000000e5000000, 0x00000000e5100000, 0x00000000e5100000|100%| O|  |TAMS 0x00000000e5000000| PB 0x00000000e5000000| Untracked 
|  81|0x00000000e5100000, 0x00000000e5200000, 0x00000000e5200000|100%| O|  |TAMS 0x00000000e5100000| PB 0x00000000e5100000| Untracked 
|  82|0x00000000e5200000, 0x00000000e5300000, 0x00000000e5300000|100%| O|  |TAMS 0x00000000e5200000| PB 0x00000000e5200000| Untracked 
|  83|0x00000000e5300000, 0x00000000e5400000, 0x00000000e5400000|100%|HS|  |TAMS 0x00000000e5300000| PB 0x00000000e5300000| Complete 
|  84|0x00000000e5400000, 0x00000000e5500000, 0x00000000e5500000|100%| O|  |TAMS 0x00000000e5400000| PB 0x00000000e5400000| Untracked 
|  85|0x00000000e5500000, 0x00000000e5600000, 0x00000000e5600000|100%|HS|  |TAMS 0x00000000e5500000| PB 0x00000000e5500000| Complete 
|  86|0x00000000e5600000, 0x00000000e5700000, 0x00000000e5700000|100%|HC|  |TAMS 0x00000000e5600000| PB 0x00000000e5600000| Complete 
|  87|0x00000000e5700000, 0x00000000e5800000, 0x00000000e5800000|100%|HS|  |TAMS 0x00000000e5700000| PB 0x00000000e5700000| Complete 
|  88|0x00000000e5800000, 0x00000000e5900000, 0x00000000e5900000|100%|HC|  |TAMS 0x00000000e5800000| PB 0x00000000e5800000| Complete 
|  89|0x00000000e5900000, 0x00000000e5a00000, 0x00000000e5a00000|100%|HC|  |TAMS 0x00000000e5900000| PB 0x00000000e5900000| Complete 
|  90|0x00000000e5a00000, 0x00000000e5b00000, 0x00000000e5b00000|100%|HC|  |TAMS 0x00000000e5a00000| PB 0x00000000e5a00000| Complete 
|  91|0x00000000e5b00000, 0x00000000e5c00000, 0x00000000e5c00000|100%| O|  |TAMS 0x00000000e5b00000| PB 0x00000000e5b00000| Untracked 
|  92|0x00000000e5c00000, 0x00000000e5d00000, 0x00000000e5d00000|100%| O|  |TAMS 0x00000000e5c00000| PB 0x00000000e5c00000| Untracked 
|  93|0x00000000e5d00000, 0x00000000e5e00000, 0x00000000e5e00000|100%| O|  |TAMS 0x00000000e5d00000| PB 0x00000000e5d00000| Untracked 
|  94|0x00000000e5e00000, 0x00000000e5f00000, 0x00000000e5f00000|100%| O|  |TAMS 0x00000000e5e00000| PB 0x00000000e5e00000| Untracked 
|  95|0x00000000e5f00000, 0x00000000e6000000, 0x00000000e6000000|100%| O|  |TAMS 0x00000000e5f00000| PB 0x00000000e5f00000| Untracked 
|  96|0x00000000e6000000, 0x00000000e6100000, 0x00000000e6100000|100%| O|  |TAMS 0x00000000e6000000| PB 0x00000000e6000000| Untracked 
|  97|0x00000000e6100000, 0x00000000e6200000, 0x00000000e6200000|100%| O|  |TAMS 0x00000000e6100000| PB 0x00000000e6100000| Untracked 
|  98|0x00000000e6200000, 0x00000000e6300000, 0x00000000e6300000|100%| O|  |TAMS 0x00000000e6200000| PB 0x00000000e6200000| Untracked 
|  99|0x00000000e6300000, 0x00000000e6400000, 0x00000000e6400000|100%| O|  |TAMS 0x00000000e6300000| PB 0x00000000e6300000| Untracked 
| 100|0x00000000e6400000, 0x00000000e6500000, 0x00000000e6500000|100%| O|  |TAMS 0x00000000e6400000| PB 0x00000000e6400000| Untracked 
| 101|0x00000000e6500000, 0x00000000e6600000, 0x00000000e6600000|100%| O|  |TAMS 0x00000000e6500000| PB 0x00000000e6500000| Untracked 
| 102|0x00000000e6600000, 0x00000000e6700000, 0x00000000e6700000|100%| O|  |TAMS 0x00000000e6600000| PB 0x00000000e6600000| Untracked 
| 103|0x00000000e6700000, 0x00000000e6800000, 0x00000000e6800000|100%| O|  |TAMS 0x00000000e6700000| PB 0x00000000e6700000| Untracked 
| 104|0x00000000e6800000, 0x00000000e6900000, 0x00000000e6900000|100%| O|  |TAMS 0x00000000e6800000| PB 0x00000000e6800000| Untracked 
| 105|0x00000000e6900000, 0x00000000e6a00000, 0x00000000e6a00000|100%| O|  |TAMS 0x00000000e6900000| PB 0x00000000e6900000| Untracked 
| 106|0x00000000e6a00000, 0x00000000e6b00000, 0x00000000e6b00000|100%| O|  |TAMS 0x00000000e6a00000| PB 0x00000000e6a00000| Untracked 
| 107|0x00000000e6b00000, 0x00000000e6c00000, 0x00000000e6c00000|100%| O|  |TAMS 0x00000000e6b00000| PB 0x00000000e6b00000| Untracked 
| 108|0x00000000e6c00000, 0x00000000e6d00000, 0x00000000e6d00000|100%| O|  |TAMS 0x00000000e6c00000| PB 0x00000000e6c00000| Untracked 
| 109|0x00000000e6d00000, 0x00000000e6e00000, 0x00000000e6e00000|100%| O|  |TAMS 0x00000000e6d00000| PB 0x00000000e6d00000| Untracked 
| 110|0x00000000e6e00000, 0x00000000e6f00000, 0x00000000e6f00000|100%| O|  |TAMS 0x00000000e6e00000| PB 0x00000000e6e00000| Untracked 
| 111|0x00000000e6f00000, 0x00000000e7000000, 0x00000000e7000000|100%| O|  |TAMS 0x00000000e6f00000| PB 0x00000000e6f00000| Untracked 
| 112|0x00000000e7000000, 0x00000000e7100000, 0x00000000e7100000|100%| O|  |TAMS 0x00000000e7000000| PB 0x00000000e7000000| Untracked 
| 113|0x00000000e7100000, 0x00000000e7200000, 0x00000000e7200000|100%| O|  |TAMS 0x00000000e7100000| PB 0x00000000e7100000| Untracked 
| 114|0x00000000e7200000, 0x00000000e7300000, 0x00000000e7300000|100%| O|  |TAMS 0x00000000e7200000| PB 0x00000000e7200000| Untracked 
| 115|0x00000000e7300000, 0x00000000e7400000, 0x00000000e7400000|100%| O|  |TAMS 0x00000000e7300000| PB 0x00000000e7300000| Untracked 
| 116|0x00000000e7400000, 0x00000000e7500000, 0x00000000e7500000|100%| O|  |TAMS 0x00000000e7400000| PB 0x00000000e7400000| Untracked 
| 117|0x00000000e7500000, 0x00000000e7600000, 0x00000000e7600000|100%| O|  |TAMS 0x00000000e7500000| PB 0x00000000e7500000| Untracked 
| 118|0x00000000e7600000, 0x00000000e7700000, 0x00000000e7700000|100%| O|  |TAMS 0x00000000e7600000| PB 0x00000000e7600000| Untracked 
| 119|0x00000000e7700000, 0x00000000e7800000, 0x00000000e7800000|100%| O|  |TAMS 0x00000000e7700000| PB 0x00000000e7700000| Untracked 
| 120|0x00000000e7800000, 0x00000000e7900000, 0x00000000e7900000|100%| O|  |TAMS 0x00000000e7800000| PB 0x00000000e7800000| Untracked 
| 121|0x00000000e7900000, 0x00000000e7a00000, 0x00000000e7a00000|100%| O|  |TAMS 0x00000000e7900000| PB 0x00000000e7900000| Untracked 
| 122|0x00000000e7a00000, 0x00000000e7b00000, 0x00000000e7b00000|100%| O|  |TAMS 0x00000000e7a00000| PB 0x00000000e7a00000| Untracked 
| 123|0x00000000e7b00000, 0x00000000e7c00000, 0x00000000e7c00000|100%| O|  |TAMS 0x00000000e7b00000| PB 0x00000000e7b00000| Untracked 
| 124|0x00000000e7c00000, 0x00000000e7d00000, 0x00000000e7d00000|100%| O|  |TAMS 0x00000000e7c00000| PB 0x00000000e7c00000| Untracked 
| 125|0x00000000e7d00000, 0x00000000e7e00000, 0x00000000e7e00000|100%| O|  |TAMS 0x00000000e7d00000| PB 0x00000000e7d00000| Untracked 
| 126|0x00000000e7e00000, 0x00000000e7f00000, 0x00000000e7f00000|100%| O|  |TAMS 0x00000000e7e00000| PB 0x00000000e7e00000| Untracked 
| 127|0x00000000e7f00000, 0x00000000e8000000, 0x00000000e8000000|100%| O|  |TAMS 0x00000000e7f00000| PB 0x00000000e7f00000| Untracked 
| 128|0x00000000e8000000, 0x00000000e8100000, 0x00000000e8100000|100%| O|  |TAMS 0x00000000e8000000| PB 0x00000000e8000000| Untracked 
| 129|0x00000000e8100000, 0x00000000e8200000, 0x00000000e8200000|100%| O|  |TAMS 0x00000000e8100000| PB 0x00000000e8100000| Untracked 
| 130|0x00000000e8200000, 0x00000000e8300000, 0x00000000e8300000|100%| O|  |TAMS 0x00000000e8200000| PB 0x00000000e8200000| Untracked 
| 131|0x00000000e8300000, 0x00000000e8400000, 0x00000000e8400000|100%| O|  |TAMS 0x00000000e8300000| PB 0x00000000e8300000| Untracked 
| 132|0x00000000e8400000, 0x00000000e8500000, 0x00000000e8500000|100%| O|  |TAMS 0x00000000e8400000| PB 0x00000000e8400000| Untracked 
| 133|0x00000000e8500000, 0x00000000e8600000, 0x00000000e8600000|100%| O|  |TAMS 0x00000000e8500000| PB 0x00000000e8500000| Untracked 
| 134|0x00000000e8600000, 0x00000000e8700000, 0x00000000e8700000|100%| O|  |TAMS 0x00000000e8600000| PB 0x00000000e8600000| Untracked 
| 135|0x00000000e8700000, 0x00000000e8800000, 0x00000000e8800000|100%| O|  |TAMS 0x00000000e8700000| PB 0x00000000e8700000| Untracked 
| 136|0x00000000e8800000, 0x00000000e8900000, 0x00000000e8900000|100%| O|  |TAMS 0x00000000e8800000| PB 0x00000000e8800000| Untracked 
| 137|0x00000000e8900000, 0x00000000e8a00000, 0x00000000e8a00000|100%| O|  |TAMS 0x00000000e8900000| PB 0x00000000e8900000| Untracked 
| 138|0x00000000e8a00000, 0x00000000e8b00000, 0x00000000e8b00000|100%| O|  |TAMS 0x00000000e8a00000| PB 0x00000000e8a00000| Untracked 
| 139|0x00000000e8b00000, 0x00000000e8c00000, 0x00000000e8c00000|100%| O|  |TAMS 0x00000000e8b00000| PB 0x00000000e8b00000| Untracked 
| 140|0x00000000e8c00000, 0x00000000e8d00000, 0x00000000e8d00000|100%| O|  |TAMS 0x00000000e8c00000| PB 0x00000000e8c00000| Untracked 
| 141|0x00000000e8d00000, 0x00000000e8e00000, 0x00000000e8e00000|100%| O|  |TAMS 0x00000000e8d00000| PB 0x00000000e8d00000| Untracked 
| 142|0x00000000e8e00000, 0x00000000e8f00000, 0x00000000e8f00000|100%| O|  |TAMS 0x00000000e8e00000| PB 0x00000000e8e00000| Untracked 
| 143|0x00000000e8f00000, 0x00000000e9000000, 0x00000000e9000000|100%|HS|  |TAMS 0x00000000e8f00000| PB 0x00000000e8f00000| Complete 
| 144|0x00000000e9000000, 0x00000000e9100000, 0x00000000e9100000|100%|HS|  |TAMS 0x00000000e9000000| PB 0x00000000e9000000| Complete 
| 145|0x00000000e9100000, 0x00000000e9200000, 0x00000000e9200000|100%|HS|  |TAMS 0x00000000e9100000| PB 0x00000000e9100000| Complete 
| 146|0x00000000e9200000, 0x00000000e9300000, 0x00000000e9300000|100%| O|  |TAMS 0x00000000e9200000| PB 0x00000000e9200000| Untracked 
| 147|0x00000000e9300000, 0x00000000e9400000, 0x00000000e9400000|100%|HS|  |TAMS 0x00000000e9300000| PB 0x00000000e9300000| Complete 
| 148|0x00000000e9400000, 0x00000000e9500000, 0x00000000e9500000|100%|HS|  |TAMS 0x00000000e9400000| PB 0x00000000e9400000| Complete 
| 149|0x00000000e9500000, 0x00000000e9600000, 0x00000000e9600000|100%| O|  |TAMS 0x00000000e9500000| PB 0x00000000e9500000| Untracked 
| 150|0x00000000e9600000, 0x00000000e9700000, 0x00000000e9700000|100%| O|  |TAMS 0x00000000e9600000| PB 0x00000000e9600000| Untracked 
| 151|0x00000000e9700000, 0x00000000e9800000, 0x00000000e9800000|100%| O|  |TAMS 0x00000000e9700000| PB 0x00000000e9700000| Untracked 
| 152|0x00000000e9800000, 0x00000000e9900000, 0x00000000e9900000|100%| O|  |TAMS 0x00000000e9800000| PB 0x00000000e9800000| Untracked 
| 153|0x00000000e9900000, 0x00000000e9a00000, 0x00000000e9a00000|100%|HS|  |TAMS 0x00000000e9900000| PB 0x00000000e9900000| Complete 
| 154|0x00000000e9a00000, 0x00000000e9b00000, 0x00000000e9b00000|100%| O|  |TAMS 0x00000000e9a00000| PB 0x00000000e9a00000| Untracked 
| 155|0x00000000e9b00000, 0x00000000e9c00000, 0x00000000e9c00000|100%| O|  |TAMS 0x00000000e9b00000| PB 0x00000000e9b00000| Untracked 
| 156|0x00000000e9c00000, 0x00000000e9d00000, 0x00000000e9d00000|100%| O|  |TAMS 0x00000000e9c00000| PB 0x00000000e9c00000| Untracked 
| 157|0x00000000e9d00000, 0x00000000e9e00000, 0x00000000e9e00000|100%| O|  |TAMS 0x00000000e9d00000| PB 0x00000000e9d00000| Untracked 
| 158|0x00000000e9e00000, 0x00000000e9f00000, 0x00000000e9f00000|100%| O|  |TAMS 0x00000000e9e00000| PB 0x00000000e9e00000| Untracked 
| 159|0x00000000e9f00000, 0x00000000ea000000, 0x00000000ea000000|100%| O|  |TAMS 0x00000000e9f00000| PB 0x00000000e9f00000| Untracked 
| 160|0x00000000ea000000, 0x00000000ea100000, 0x00000000ea100000|100%| O|  |TAMS 0x00000000ea000000| PB 0x00000000ea000000| Untracked 
| 161|0x00000000ea100000, 0x00000000ea200000, 0x00000000ea200000|100%| O|  |TAMS 0x00000000ea100000| PB 0x00000000ea100000| Untracked 
| 162|0x00000000ea200000, 0x00000000ea2e7648, 0x00000000ea300000| 90%| O|  |TAMS 0x00000000ea200000| PB 0x00000000ea200000| Untracked 
| 163|0x00000000ea300000, 0x00000000ea300000, 0x00000000ea400000|  0%| F|  |TAMS 0x00000000ea300000| PB 0x00000000ea300000| Untracked 
| 164|0x00000000ea400000, 0x00000000ea400000, 0x00000000ea500000|  0%| F|  |TAMS 0x00000000ea400000| PB 0x00000000ea400000| Untracked 
| 165|0x00000000ea500000, 0x00000000ea500000, 0x00000000ea600000|  0%| F|  |TAMS 0x00000000ea500000| PB 0x00000000ea500000| Untracked 
| 166|0x00000000ea600000, 0x00000000ea600000, 0x00000000ea700000|  0%| F|  |TAMS 0x00000000ea600000| PB 0x00000000ea600000| Untracked 
| 167|0x00000000ea700000, 0x00000000ea700000, 0x00000000ea800000|  0%| F|  |TAMS 0x00000000ea700000| PB 0x00000000ea700000| Untracked 
| 168|0x00000000ea800000, 0x00000000ea800000, 0x00000000ea900000|  0%| F|  |TAMS 0x00000000ea800000| PB 0x00000000ea800000| Untracked 
| 169|0x00000000ea900000, 0x00000000ea900000, 0x00000000eaa00000|  0%| F|  |TAMS 0x00000000ea900000| PB 0x00000000ea900000| Untracked 
| 170|0x00000000eaa00000, 0x00000000eaa00000, 0x00000000eab00000|  0%| F|  |TAMS 0x00000000eaa00000| PB 0x00000000eaa00000| Untracked 
| 171|0x00000000eab00000, 0x00000000eab00000, 0x00000000eac00000|  0%| F|  |TAMS 0x00000000eab00000| PB 0x00000000eab00000| Untracked 
| 172|0x00000000eac00000, 0x00000000eac00000, 0x00000000ead00000|  0%| F|  |TAMS 0x00000000eac00000| PB 0x00000000eac00000| Untracked 
| 173|0x00000000ead00000, 0x00000000ead00000, 0x00000000eae00000|  0%| F|  |TAMS 0x00000000ead00000| PB 0x00000000ead00000| Untracked 
| 174|0x00000000eae00000, 0x00000000eaf00000, 0x00000000eaf00000|100%| S|CS|TAMS 0x00000000eae00000| PB 0x00000000eae00000| Complete 
| 175|0x00000000eaf00000, 0x00000000eb000000, 0x00000000eb000000|100%| S|CS|TAMS 0x00000000eaf00000| PB 0x00000000eaf00000| Complete 
| 176|0x00000000eb000000, 0x00000000eb100000, 0x00000000eb100000|100%| S|CS|TAMS 0x00000000eb000000| PB 0x00000000eb000000| Complete 
| 177|0x00000000eb100000, 0x00000000eb200000, 0x00000000eb200000|100%| S|CS|TAMS 0x00000000eb100000| PB 0x00000000eb100000| Complete 
| 178|0x00000000eb200000, 0x00000000eb300000, 0x00000000eb300000|100%| S|CS|TAMS 0x00000000eb200000| PB 0x00000000eb200000| Complete 
| 179|0x00000000eb300000, 0x00000000eb400000, 0x00000000eb400000|100%| S|CS|TAMS 0x00000000eb300000| PB 0x00000000eb300000| Complete 
| 180|0x00000000eb400000, 0x00000000eb500000, 0x00000000eb500000|100%| S|CS|TAMS 0x00000000eb400000| PB 0x00000000eb400000| Complete 
| 181|0x00000000eb500000, 0x00000000eb500000, 0x00000000eb600000|  0%| F|  |TAMS 0x00000000eb500000| PB 0x00000000eb500000| Untracked 
| 182|0x00000000eb600000, 0x00000000eb600000, 0x00000000eb700000|  0%| F|  |TAMS 0x00000000eb600000| PB 0x00000000eb600000| Untracked 
| 183|0x00000000eb700000, 0x00000000eb700000, 0x00000000eb800000|  0%| F|  |TAMS 0x00000000eb700000| PB 0x00000000eb700000| Untracked 
| 184|0x00000000eb800000, 0x00000000eb800000, 0x00000000eb900000|  0%| F|  |TAMS 0x00000000eb800000| PB 0x00000000eb800000| Untracked 
| 185|0x00000000eb900000, 0x00000000eb900000, 0x00000000eba00000|  0%| F|  |TAMS 0x00000000eb900000| PB 0x00000000eb900000| Untracked 
| 186|0x00000000eba00000, 0x00000000eba00000, 0x00000000ebb00000|  0%| F|  |TAMS 0x00000000eba00000| PB 0x00000000eba00000| Untracked 
| 187|0x00000000ebb00000, 0x00000000ebb00000, 0x00000000ebc00000|  0%| F|  |TAMS 0x00000000ebb00000| PB 0x00000000ebb00000| Untracked 
| 188|0x00000000ebc00000, 0x00000000ebc00000, 0x00000000ebd00000|  0%| F|  |TAMS 0x00000000ebc00000| PB 0x00000000ebc00000| Untracked 
| 189|0x00000000ebd00000, 0x00000000ebd00000, 0x00000000ebe00000|  0%| F|  |TAMS 0x00000000ebd00000| PB 0x00000000ebd00000| Untracked 
| 190|0x00000000ebe00000, 0x00000000ebe00000, 0x00000000ebf00000|  0%| F|  |TAMS 0x00000000ebe00000| PB 0x00000000ebe00000| Untracked 
| 191|0x00000000ebf00000, 0x00000000ebf00000, 0x00000000ec000000|  0%| F|  |TAMS 0x00000000ebf00000| PB 0x00000000ebf00000| Untracked 
| 192|0x00000000ec000000, 0x00000000ec000000, 0x00000000ec100000|  0%| F|  |TAMS 0x00000000ec000000| PB 0x00000000ec000000| Untracked 
| 193|0x00000000ec100000, 0x00000000ec100000, 0x00000000ec200000|  0%| F|  |TAMS 0x00000000ec100000| PB 0x00000000ec100000| Untracked 
| 194|0x00000000ec200000, 0x00000000ec200000, 0x00000000ec300000|  0%| F|  |TAMS 0x00000000ec200000| PB 0x00000000ec200000| Untracked 
| 195|0x00000000ec300000, 0x00000000ec300000, 0x00000000ec400000|  0%| F|  |TAMS 0x00000000ec300000| PB 0x00000000ec300000| Untracked 
| 196|0x00000000ec400000, 0x00000000ec400000, 0x00000000ec500000|  0%| F|  |TAMS 0x00000000ec400000| PB 0x00000000ec400000| Untracked 
| 197|0x00000000ec500000, 0x00000000ec500000, 0x00000000ec600000|  0%| F|  |TAMS 0x00000000ec500000| PB 0x00000000ec500000| Untracked 
| 198|0x00000000ec600000, 0x00000000ec600000, 0x00000000ec700000|  0%| F|  |TAMS 0x00000000ec600000| PB 0x00000000ec600000| Untracked 
| 199|0x00000000ec700000, 0x00000000ec700000, 0x00000000ec800000|  0%| F|  |TAMS 0x00000000ec700000| PB 0x00000000ec700000| Untracked 
| 200|0x00000000ec800000, 0x00000000ec800000, 0x00000000ec900000|  0%| F|  |TAMS 0x00000000ec800000| PB 0x00000000ec800000| Untracked 
| 201|0x00000000ec900000, 0x00000000ec900000, 0x00000000eca00000|  0%| F|  |TAMS 0x00000000ec900000| PB 0x00000000ec900000| Untracked 
| 202|0x00000000eca00000, 0x00000000eca00000, 0x00000000ecb00000|  0%| F|  |TAMS 0x00000000eca00000| PB 0x00000000eca00000| Untracked 
| 203|0x00000000ecb00000, 0x00000000ecb00000, 0x00000000ecc00000|  0%| F|  |TAMS 0x00000000ecb00000| PB 0x00000000ecb00000| Untracked 
| 204|0x00000000ecc00000, 0x00000000ecc00000, 0x00000000ecd00000|  0%| F|  |TAMS 0x00000000ecc00000| PB 0x00000000ecc00000| Untracked 
| 205|0x00000000ecd00000, 0x00000000ecd00000, 0x00000000ece00000|  0%| F|  |TAMS 0x00000000ecd00000| PB 0x00000000ecd00000| Untracked 
| 206|0x00000000ece00000, 0x00000000ece00000, 0x00000000ecf00000|  0%| F|  |TAMS 0x00000000ece00000| PB 0x00000000ece00000| Untracked 
| 207|0x00000000ecf00000, 0x00000000ecf00000, 0x00000000ed000000|  0%| F|  |TAMS 0x00000000ecf00000| PB 0x00000000ecf00000| Untracked 
| 208|0x00000000ed000000, 0x00000000ed000000, 0x00000000ed100000|  0%| F|  |TAMS 0x00000000ed000000| PB 0x00000000ed000000| Untracked 
| 209|0x00000000ed100000, 0x00000000ed100000, 0x00000000ed200000|  0%| F|  |TAMS 0x00000000ed100000| PB 0x00000000ed100000| Untracked 
| 210|0x00000000ed200000, 0x00000000ed200000, 0x00000000ed300000|  0%| F|  |TAMS 0x00000000ed200000| PB 0x00000000ed200000| Untracked 
| 211|0x00000000ed300000, 0x00000000ed300000, 0x00000000ed400000|  0%| F|  |TAMS 0x00000000ed300000| PB 0x00000000ed300000| Untracked 
| 212|0x00000000ed400000, 0x00000000ed400000, 0x00000000ed500000|  0%| F|  |TAMS 0x00000000ed400000| PB 0x00000000ed400000| Untracked 
| 213|0x00000000ed500000, 0x00000000ed500000, 0x00000000ed600000|  0%| F|  |TAMS 0x00000000ed500000| PB 0x00000000ed500000| Untracked 
| 214|0x00000000ed600000, 0x00000000ed600000, 0x00000000ed700000|  0%| F|  |TAMS 0x00000000ed600000| PB 0x00000000ed600000| Untracked 
| 215|0x00000000ed700000, 0x00000000ed700000, 0x00000000ed800000|  0%| F|  |TAMS 0x00000000ed700000| PB 0x00000000ed700000| Untracked 
| 216|0x00000000ed800000, 0x00000000ed800000, 0x00000000ed900000|  0%| F|  |TAMS 0x00000000ed800000| PB 0x00000000ed800000| Untracked 
| 217|0x00000000ed900000, 0x00000000ed900000, 0x00000000eda00000|  0%| F|  |TAMS 0x00000000ed900000| PB 0x00000000ed900000| Untracked 
| 218|0x00000000eda00000, 0x00000000eda00000, 0x00000000edb00000|  0%| F|  |TAMS 0x00000000eda00000| PB 0x00000000eda00000| Untracked 
| 219|0x00000000edb00000, 0x00000000edb00000, 0x00000000edc00000|  0%| F|  |TAMS 0x00000000edb00000| PB 0x00000000edb00000| Untracked 
| 220|0x00000000edc00000, 0x00000000edc00000, 0x00000000edd00000|  0%| F|  |TAMS 0x00000000edc00000| PB 0x00000000edc00000| Untracked 
| 221|0x00000000edd00000, 0x00000000edd00000, 0x00000000ede00000|  0%| F|  |TAMS 0x00000000edd00000| PB 0x00000000edd00000| Untracked 
| 222|0x00000000ede00000, 0x00000000ede00000, 0x00000000edf00000|  0%| F|  |TAMS 0x00000000ede00000| PB 0x00000000ede00000| Untracked 
| 223|0x00000000edf00000, 0x00000000edf00000, 0x00000000ee000000|  0%| F|  |TAMS 0x00000000edf00000| PB 0x00000000edf00000| Untracked 
| 224|0x00000000ee000000, 0x00000000ee000000, 0x00000000ee100000|  0%| F|  |TAMS 0x00000000ee000000| PB 0x00000000ee000000| Untracked 
| 225|0x00000000ee100000, 0x00000000ee100000, 0x00000000ee200000|  0%| F|  |TAMS 0x00000000ee100000| PB 0x00000000ee100000| Untracked 
| 226|0x00000000ee200000, 0x00000000ee200000, 0x00000000ee300000|  0%| F|  |TAMS 0x00000000ee200000| PB 0x00000000ee200000| Untracked 
| 227|0x00000000ee300000, 0x00000000ee300000, 0x00000000ee400000|  0%| F|  |TAMS 0x00000000ee300000| PB 0x00000000ee300000| Untracked 
| 228|0x00000000ee400000, 0x00000000ee400000, 0x00000000ee500000|  0%| F|  |TAMS 0x00000000ee400000| PB 0x00000000ee400000| Untracked 
| 229|0x00000000ee500000, 0x00000000ee500000, 0x00000000ee600000|  0%| F|  |TAMS 0x00000000ee500000| PB 0x00000000ee500000| Untracked 
| 230|0x00000000ee600000, 0x00000000ee600000, 0x00000000ee700000|  0%| F|  |TAMS 0x00000000ee600000| PB 0x00000000ee600000| Untracked 
| 231|0x00000000ee700000, 0x00000000ee700000, 0x00000000ee800000|  0%| F|  |TAMS 0x00000000ee700000| PB 0x00000000ee700000| Untracked 
| 232|0x00000000ee800000, 0x00000000ee800000, 0x00000000ee900000|  0%| F|  |TAMS 0x00000000ee800000| PB 0x00000000ee800000| Untracked 
| 233|0x00000000ee900000, 0x00000000ee900000, 0x00000000eea00000|  0%| F|  |TAMS 0x00000000ee900000| PB 0x00000000ee900000| Untracked 
| 234|0x00000000eea00000, 0x00000000eea00000, 0x00000000eeb00000|  0%| F|  |TAMS 0x00000000eea00000| PB 0x00000000eea00000| Untracked 
| 235|0x00000000eeb00000, 0x00000000eeb00000, 0x00000000eec00000|  0%| F|  |TAMS 0x00000000eeb00000| PB 0x00000000eeb00000| Untracked 
| 236|0x00000000eec00000, 0x00000000eec00000, 0x00000000eed00000|  0%| F|  |TAMS 0x00000000eec00000| PB 0x00000000eec00000| Untracked 
| 237|0x00000000eed00000, 0x00000000eed00000, 0x00000000eee00000|  0%| F|  |TAMS 0x00000000eed00000| PB 0x00000000eed00000| Untracked 
| 238|0x00000000eee00000, 0x00000000eee00000, 0x00000000eef00000|  0%| F|  |TAMS 0x00000000eee00000| PB 0x00000000eee00000| Untracked 
| 239|0x00000000eef00000, 0x00000000eef00000, 0x00000000ef000000|  0%| F|  |TAMS 0x00000000eef00000| PB 0x00000000eef00000| Untracked 
| 240|0x00000000ef000000, 0x00000000ef000000, 0x00000000ef100000|  0%| F|  |TAMS 0x00000000ef000000| PB 0x00000000ef000000| Untracked 
| 241|0x00000000ef100000, 0x00000000ef100000, 0x00000000ef200000|  0%| F|  |TAMS 0x00000000ef100000| PB 0x00000000ef100000| Untracked 
| 242|0x00000000ef200000, 0x00000000ef200000, 0x00000000ef300000|  0%| F|  |TAMS 0x00000000ef200000| PB 0x00000000ef200000| Untracked 
| 243|0x00000000ef300000, 0x00000000ef300000, 0x00000000ef400000|  0%| F|  |TAMS 0x00000000ef300000| PB 0x00000000ef300000| Untracked 
| 244|0x00000000ef400000, 0x00000000ef400000, 0x00000000ef500000|  0%| F|  |TAMS 0x00000000ef400000| PB 0x00000000ef400000| Untracked 
| 245|0x00000000ef500000, 0x00000000ef500000, 0x00000000ef600000|  0%| F|  |TAMS 0x00000000ef500000| PB 0x00000000ef500000| Untracked 
| 246|0x00000000ef600000, 0x00000000ef600000, 0x00000000ef700000|  0%| F|  |TAMS 0x00000000ef600000| PB 0x00000000ef600000| Untracked 
| 247|0x00000000ef700000, 0x00000000ef700000, 0x00000000ef800000|  0%| F|  |TAMS 0x00000000ef700000| PB 0x00000000ef700000| Untracked 
| 248|0x00000000ef800000, 0x00000000ef800000, 0x00000000ef900000|  0%| F|  |TAMS 0x00000000ef800000| PB 0x00000000ef800000| Untracked 
| 249|0x00000000ef900000, 0x00000000ef900000, 0x00000000efa00000|  0%| F|  |TAMS 0x00000000ef900000| PB 0x00000000ef900000| Untracked 
| 250|0x00000000efa00000, 0x00000000efa00000, 0x00000000efb00000|  0%| F|  |TAMS 0x00000000efa00000| PB 0x00000000efa00000| Untracked 
| 251|0x00000000efb00000, 0x00000000efb00000, 0x00000000efc00000|  0%| F|  |TAMS 0x00000000efb00000| PB 0x00000000efb00000| Untracked 
| 252|0x00000000efc00000, 0x00000000efc00000, 0x00000000efd00000|  0%| F|  |TAMS 0x00000000efc00000| PB 0x00000000efc00000| Untracked 
| 253|0x00000000efd00000, 0x00000000efd00000, 0x00000000efe00000|  0%| F|  |TAMS 0x00000000efd00000| PB 0x00000000efd00000| Untracked 
| 254|0x00000000efe00000, 0x00000000eff00000, 0x00000000eff00000|100%| E|  |TAMS 0x00000000efe00000| PB 0x00000000efe00000| Complete 
| 255|0x00000000eff00000, 0x00000000f0000000, 0x00000000f0000000|100%| E|CS|TAMS 0x00000000eff00000| PB 0x00000000eff00000| Complete 
| 511|0x00000000fff00000, 0x0000000100000000, 0x0000000100000000|100%| O|  |TAMS 0x00000000fff00000| PB 0x00000000fff00000| Untracked 

Card table byte_map: [0x000001c4347f0000,0x000001c4348f0000] _byte_map_base: 0x000001c4340f0000

Marking Bits: (CMBitMap*) 0x000001c4221e7fa0
 Bits: [0x000001c4348f0000, 0x000001c4350f0000)

Polling page: 0x000001c41ff50000

Metaspace:

Usage:
  Non-class:     92.02 MB used.
      Class:     14.22 MB used.
       Both:    106.24 MB used.

Virtual space:
  Non-class space:      128.00 MB reserved,      92.81 MB ( 73%) committed,  2 nodes.
      Class space:      320.00 MB reserved,      14.94 MB (  5%) committed,  1 nodes.
             Both:      448.00 MB reserved,     107.75 MB ( 24%) committed. 

Chunk freelists:
   Non-Class:  2.62 MB
       Class:  1.11 MB
        Both:  3.74 MB

MaxMetaspaceSize: 384.00 MB
CompressedClassSpaceSize: 320.00 MB
Initial GC threshold: 21.00 MB
Current GC threshold: 164.38 MB
CDS: on
 - commit_granule_bytes: 65536.
 - commit_granule_words: 8192.
 - virtual_space_node_default_size: 8388608.
 - enlarge_chunks_in_place: 1.
 - use_allocation_guard: 0.


Internal statistics:

num_allocs_failed_limit: 21.
num_arena_births: 3994.
num_arena_deaths: 1642.
num_vsnodes_births: 3.
num_vsnodes_deaths: 0.
num_space_committed: 1724.
num_space_uncommitted: 0.
num_chunks_returned_to_freelist: 1868.
num_chunks_taken_from_freelist: 9572.
num_chunk_merges: 656.
num_chunk_splits: 5855.
num_chunks_enlarged: 3856.
num_inconsistent_stats: 0.

CodeHeap 'non-profiled nmethods': size=120000Kb used=9916Kb max_used=9916Kb free=110083Kb
 bounds [0x000001c42ce80000, 0x000001c42d830000, 0x000001c4343b0000]
CodeHeap 'profiled nmethods': size=120000Kb used=25534Kb max_used=25753Kb free=94465Kb
 bounds [0x000001c4253b0000, 0x000001c426ce0000, 0x000001c42c8e0000]
CodeHeap 'non-nmethods': size=5760Kb used=2702Kb max_used=2760Kb free=3058Kb
 bounds [0x000001c42c8e0000, 0x000001c42cba0000, 0x000001c42ce80000]
CodeCache: size=245760Kb, used=38152Kb, max_used=38429Kb, free=207606Kb
 total_blobs=14036, nmethods=13076, adapters=864, full_count=0
Compilation: enabled, stopped_count=0, restarted_count=0

Compilation events (20 events):
Event: 758.362 Thread 0x000001c437b85aa0 14670       3       org.gradle.api.internal.artifacts.transform.DefaultTransformInvocationFactory$$Lambda/0x000001c4397bbc08::<init> (15 bytes)
Event: 758.362 Thread 0x000001c437b85aa0 nmethod 14670 0x000001c425aea990 code [0x000001c425aeab40, 0x000001c425aead60]
Event: 758.362 Thread 0x000001c437b85aa0 14668       3       org.gradle.api.internal.artifacts.transform.DefaultTransformInvocationFactory::determineProducerProject (33 bytes)
Event: 758.363 Thread 0x000001c437b85aa0 nmethod 14668 0x000001c425ae9e90 code [0x000001c425aea0a0, 0x000001c425aea700]
Event: 758.363 Thread 0x000001c437b85aa0 14671       3       org.gradle.api.internal.artifacts.transform.AbstractTransformExecution::lambda$visitIdentityInputs$0 (33 bytes)
Event: 758.364 Thread 0x000001c437b85aa0 nmethod 14671 0x000001c425ae9790 code [0x000001c425ae9960, 0x000001c425ae9d28]
Event: 758.364 Thread 0x000001c437b85aa0 14672       3       org.gradle.internal.execution.impl.DefaultExecutionEngine$1::executeDeferred (22 bytes)
Event: 758.387 Thread 0x000001c437b85aa0 nmethod 14672 0x000001c425ae9210 code [0x000001c425ae93e0, 0x000001c425ae9630]
Event: 758.387 Thread 0x000001c437b85aa0 14663       3       org.gradle.api.internal.artifacts.transform.TransformExecutionResult$Builder$MixedInputAndProducedOutputResult$$Lambda/0x000001c4397c7000::<init> (10 bytes)
Event: 758.387 Thread 0x000001c437b85aa0 nmethod 14663 0x000001c425ae8e10 code [0x000001c425ae8fc0, 0x000001c425ae9178]
Event: 758.387 Thread 0x000001c437b85aa0 14658       3       org.gradle.api.internal.artifacts.transform.TransformStep$$Lambda/0x000001c4397c4000::<init> (10 bytes)
Event: 758.387 Thread 0x000001c437b85aa0 nmethod 14658 0x000001c425ae8a10 code [0x000001c425ae8bc0, 0x000001c425ae8d78]
Event: 759.355 Thread 0x000001c437b85aa0 14696       3       org.gradle.internal.classpath.TransformedClassPath::areInstrumentedAndOriginalEntriesValid (68 bytes)
Event: 759.369 Thread 0x000001c437b85aa0 nmethod 14696 0x000001c425ae7290 code [0x000001c425ae7560, 0x000001c425ae8550]
Event: 759.379 Thread 0x000001c437b85aa0 14697       3       org.gradle.internal.classpath.TransformedClassPath$Builder::add (28 bytes)
Event: 759.391 Thread 0x000001c437b85aa0 nmethod 14697 0x000001c425ae6410 code [0x000001c425ae6640, 0x000001c425ae6f40]
Event: 759.675 Thread 0x000001c437b85aa0 14698       3       org.gradle.internal.fingerprint.impl.IgnoredPathFileSystemLocationFingerprint::create (64 bytes)
Event: 759.676 Thread 0x000001c437b85aa0 nmethod 14698 0x000001c425ae5b90 code [0x000001c425ae5d80, 0x000001c425ae6238]
Event: 759.710 Thread 0x000001c437b85aa0 14699       3       java.util.zip.ZipFile$Source$Key::equals (93 bytes)
Event: 759.713 Thread 0x000001c437b85aa0 nmethod 14699 0x000001c425b1fe10 code [0x000001c425b200c0, 0x000001c425b211a0]

GC Heap History (20 events):
Event: 663.816 GC heap before
{Heap before GC invocations=20 (full 0):
 garbage-first heap   total 263168K, used 236127K [0x00000000e0000000, 0x0000000100000000)
  region size 1024K, 114 young (116736K), 16 survivors (16384K)
 Metaspace       used 98838K, committed 100992K, reserved 458752K
  class space    used 13478K, committed 14528K, reserved 327680K
}
Event: 666.272 GC heap after
{Heap after GC invocations=21 (full 0):
 garbage-first heap   total 263168K, used 142800K [0x00000000e0000000, 0x0000000100000000)
  region size 1024K, 9 young (9216K), 9 survivors (9216K)
 Metaspace       used 98838K, committed 100992K, reserved 458752K
  class space    used 13478K, committed 14528K, reserved 327680K
}
Event: 666.463 GC heap before
{Heap before GC invocations=21 (full 0):
 garbage-first heap   total 263168K, used 145872K [0x00000000e0000000, 0x0000000100000000)
  region size 1024K, 12 young (12288K), 9 survivors (9216K)
 Metaspace       used 98838K, committed 100992K, reserved 458752K
  class space    used 13478K, committed 14528K, reserved 327680K
}
Event: 666.588 GC heap after
{Heap after GC invocations=22 (full 0):
 garbage-first heap   total 263168K, used 144104K [0x00000000e0000000, 0x0000000100000000)
  region size 1024K, 2 young (2048K), 2 survivors (2048K)
 Metaspace       used 98838K, committed 100992K, reserved 458752K
  class space    used 13478K, committed 14528K, reserved 327680K
}
Event: 668.341 GC heap before
{Heap before GC invocations=22 (full 0):
 garbage-first heap   total 263168K, used 153320K [0x00000000e0000000, 0x0000000100000000)
  region size 1024K, 12 young (12288K), 2 survivors (2048K)
 Metaspace       used 98838K, committed 100992K, reserved 458752K
  class space    used 13478K, committed 14528K, reserved 327680K
}
Event: 668.475 GC heap after
{Heap after GC invocations=23 (full 0):
 garbage-first heap   total 263168K, used 144801K [0x00000000e0000000, 0x0000000100000000)
  region size 1024K, 2 young (2048K), 2 survivors (2048K)
 Metaspace       used 98838K, committed 100992K, reserved 458752K
  class space    used 13478K, committed 14528K, reserved 327680K
}
Event: 672.549 GC heap before
{Heap before GC invocations=23 (full 0):
 garbage-first heap   total 263168K, used 154017K [0x00000000e0000000, 0x0000000100000000)
  region size 1024K, 12 young (12288K), 2 survivors (2048K)
 Metaspace       used 97041K, committed 100992K, reserved 458752K
  class space    used 13053K, committed 14528K, reserved 327680K
}
Event: 672.557 GC heap after
{Heap after GC invocations=24 (full 0):
 garbage-first heap   total 263168K, used 146133K [0x00000000e0000000, 0x0000000100000000)
  region size 1024K, 2 young (2048K), 2 survivors (2048K)
 Metaspace       used 97041K, committed 100992K, reserved 458752K
  class space    used 13053K, committed 14528K, reserved 327680K
}
Event: 673.935 GC heap before
{Heap before GC invocations=25 (full 0):
 garbage-first heap   total 263168K, used 155349K [0x00000000e0000000, 0x0000000100000000)
  region size 1024K, 12 young (12288K), 2 survivors (2048K)
 Metaspace       used 97041K, committed 100992K, reserved 458752K
  class space    used 13053K, committed 14528K, reserved 327680K
}
Event: 673.943 GC heap after
{Heap after GC invocations=26 (full 0):
 garbage-first heap   total 263168K, used 148201K [0x00000000e0000000, 0x0000000100000000)
  region size 1024K, 2 young (2048K), 2 survivors (2048K)
 Metaspace       used 97041K, committed 100992K, reserved 458752K
  class space    used 13053K, committed 14528K, reserved 327680K
}
Event: 676.464 GC heap before
{Heap before GC invocations=26 (full 0):
 garbage-first heap   total 263168K, used 172777K [0x00000000e0000000, 0x0000000100000000)
  region size 1024K, 27 young (27648K), 2 survivors (2048K)
 Metaspace       used 97041K, committed 100992K, reserved 458752K
  class space    used 13053K, committed 14528K, reserved 327680K
}
Event: 676.478 GC heap after
{Heap after GC invocations=27 (full 0):
 garbage-first heap   total 263168K, used 148385K [0x00000000e0000000, 0x0000000100000000)
  region size 1024K, 4 young (4096K), 4 survivors (4096K)
 Metaspace       used 97041K, committed 100992K, reserved 458752K
  class space    used 13053K, committed 14528K, reserved 327680K
}
Event: 677.632 GC heap before
{Heap before GC invocations=27 (full 0):
 garbage-first heap   total 263168K, used 167841K [0x00000000e0000000, 0x0000000100000000)
  region size 1024K, 24 young (24576K), 4 survivors (4096K)
 Metaspace       used 97041K, committed 100992K, reserved 458752K
  class space    used 13053K, committed 14528K, reserved 327680K
}
Event: 677.642 GC heap after
{Heap after GC invocations=28 (full 0):
 garbage-first heap   total 263168K, used 148963K [0x00000000e0000000, 0x0000000100000000)
  region size 1024K, 3 young (3072K), 3 survivors (3072K)
 Metaspace       used 97041K, committed 100992K, reserved 458752K
  class space    used 13053K, committed 14528K, reserved 327680K
}
Event: 718.619 GC heap before
{Heap before GC invocations=28 (full 0):
 garbage-first heap   total 263168K, used 230883K [0x00000000e0000000, 0x0000000100000000)
  region size 1024K, 77 young (78848K), 3 survivors (3072K)
 Metaspace       used 103686K, committed 105344K, reserved 458752K
  class space    used 13804K, committed 14720K, reserved 327680K
}
Event: 718.701 GC heap after
{Heap after GC invocations=29 (full 0):
 garbage-first heap   total 263168K, used 159718K [0x00000000e0000000, 0x0000000100000000)
  region size 1024K, 8 young (8192K), 8 survivors (8192K)
 Metaspace       used 103686K, committed 105344K, reserved 458752K
  class space    used 13804K, committed 14720K, reserved 327680K
}
Event: 736.459 GC heap before
{Heap before GC invocations=29 (full 0):
 garbage-first heap   total 263168K, used 234470K [0x00000000e0000000, 0x0000000100000000)
  region size 1024K, 75 young (76800K), 8 survivors (8192K)
 Metaspace       used 107716K, committed 109248K, reserved 458752K
  class space    used 14402K, committed 15104K, reserved 327680K
}
Event: 736.507 GC heap after
{Heap after GC invocations=30 (full 0):
 garbage-first heap   total 263168K, used 167583K [0x00000000e0000000, 0x0000000100000000)
  region size 1024K, 8 young (8192K), 8 survivors (8192K)
 Metaspace       used 107716K, committed 109248K, reserved 458752K
  class space    used 14402K, committed 15104K, reserved 327680K
}
Event: 759.449 GC heap before
{Heap before GC invocations=30 (full 0):
 garbage-first heap   total 263168K, used 236191K [0x00000000e0000000, 0x0000000100000000)
  region size 1024K, 75 young (76800K), 8 survivors (8192K)
 Metaspace       used 108782K, committed 110336K, reserved 458752K
  class space    used 14559K, committed 15296K, reserved 327680K
}
Event: 759.508 GC heap after
{Heap after GC invocations=31 (full 0):
 garbage-first heap   total 263168K, used 173981K [0x00000000e0000000, 0x0000000100000000)
  region size 1024K, 7 young (7168K), 7 survivors (7168K)
 Metaspace       used 108782K, committed 110336K, reserved 458752K
  class space    used 14559K, committed 15296K, reserved 327680K
}

Dll operation events (20 events):
Event: 0.676 Attempting to load shared library C:\Users\NAGARAJU\.antigravity-ide\extensions\redhat.java-1.56.0-win32-x64\jre\21.0.12.1-win32-x86_64\bin\nio.dll
Event: 0.680 Loaded shared library C:\Users\NAGARAJU\.antigravity-ide\extensions\redhat.java-1.56.0-win32-x64\jre\21.0.12.1-win32-x86_64\bin\nio.dll
Event: 0.688 Attempting to load shared library C:\Users\NAGARAJU\.antigravity-ide\extensions\redhat.java-1.56.0-win32-x64\jre\21.0.12.1-win32-x86_64\bin\zip.dll
Event: 0.688 Loaded shared library C:\Users\NAGARAJU\.antigravity-ide\extensions\redhat.java-1.56.0-win32-x64\jre\21.0.12.1-win32-x86_64\bin\zip.dll
Event: 1.498 Attempting to load shared library C:\Users\NAGARAJU\.antigravity-ide\extensions\redhat.java-1.56.0-win32-x64\jre\21.0.12.1-win32-x86_64\bin\jimage.dll
Event: 1.498 Loaded shared library C:\Users\NAGARAJU\.antigravity-ide\extensions\redhat.java-1.56.0-win32-x64\jre\21.0.12.1-win32-x86_64\bin\jimage.dll
Event: 2.150 Attempting to load shared library C:\Users\NAGARAJU\.antigravity-ide\extensions\redhat.java-1.56.0-win32-x64\jre\21.0.12.1-win32-x86_64\bin\verify.dll
Event: 2.156 Loaded shared library C:\Users\NAGARAJU\.antigravity-ide\extensions\redhat.java-1.56.0-win32-x64\jre\21.0.12.1-win32-x86_64\bin\verify.dll
Event: 2.828 Attempting to load shared library C:\Users\NAGARAJU\.gradle\native\c067742578af261105cb4f569cf0c3c89f3d7b1fecec35dd04571415982c5e48\windows-amd64\native-platform.dll
Event: 2.831 Loaded shared library C:\Users\NAGARAJU\.gradle\native\c067742578af261105cb4f569cf0c3c89f3d7b1fecec35dd04571415982c5e48\windows-amd64\native-platform.dll
Event: 2.849 Attempting to load shared library C:\Users\NAGARAJU\.gradle\native\100fb08df4bc3b14c8652ba06237920a3bd2aa13389f12d3474272988ae205f9\windows-amd64\native-platform-file-events.dll
Event: 4.095 Loaded shared library C:\Users\NAGARAJU\.gradle\native\100fb08df4bc3b14c8652ba06237920a3bd2aa13389f12d3474272988ae205f9\windows-amd64\native-platform-file-events.dll
Event: 8.223 Attempting to load shared library C:\Users\NAGARAJU\.antigravity-ide\extensions\redhat.java-1.56.0-win32-x64\jre\21.0.12.1-win32-x86_64\bin\management.dll
Event: 8.224 Loaded shared library C:\Users\NAGARAJU\.antigravity-ide\extensions\redhat.java-1.56.0-win32-x64\jre\21.0.12.1-win32-x86_64\bin\management.dll
Event: 8.324 Attempting to load shared library C:\Users\NAGARAJU\.antigravity-ide\extensions\redhat.java-1.56.0-win32-x64\jre\21.0.12.1-win32-x86_64\bin\management_ext.dll
Event: 8.337 Loaded shared library C:\Users\NAGARAJU\.antigravity-ide\extensions\redhat.java-1.56.0-win32-x64\jre\21.0.12.1-win32-x86_64\bin\management_ext.dll
Event: 9.347 Attempting to load shared library C:\Users\NAGARAJU\.antigravity-ide\extensions\redhat.java-1.56.0-win32-x64\jre\21.0.12.1-win32-x86_64\bin\extnet.dll
Event: 9.397 Loaded shared library C:\Users\NAGARAJU\.antigravity-ide\extensions\redhat.java-1.56.0-win32-x64\jre\21.0.12.1-win32-x86_64\bin\extnet.dll
Event: 10.359 Attempting to load shared library C:\Users\NAGARAJU\.antigravity-ide\extensions\redhat.java-1.56.0-win32-x64\jre\21.0.12.1-win32-x86_64\bin\sunmscapi.dll
Event: 10.373 Loaded shared library C:\Users\NAGARAJU\.antigravity-ide\extensions\redhat.java-1.56.0-win32-x64\jre\21.0.12.1-win32-x86_64\bin\sunmscapi.dll

Deoptimization events (20 events):
Event: 740.508 Thread 0x000001c4554c2950 DEOPT PACKING pc=0x000001c42d7ad48c sp=0x0000004c07dfc950
Event: 740.509 Thread 0x000001c4554c2950 DEOPT UNPACKING pc=0x000001c42c934422 sp=0x0000004c07dfc850 mode 2
Event: 756.555 Thread 0x000001c4554c22c0 Uncommon trap: trap_request=0xffffffc6 fr.pc=0x000001c42d0115dc relative=0x00000000000002fc
Event: 756.555 Thread 0x000001c4554c22c0 Uncommon trap: reason=bimorphic_or_optimized_type_check action=maybe_recompile pc=0x000001c42d0115dc method=com.google.common.base.CharMatcher.indexIn(Ljava/lang/CharSequence;I)I @ 31 c2
Event: 756.555 Thread 0x000001c4554c22c0 DEOPT PACKING pc=0x000001c42d0115dc sp=0x0000004c09af8c40
Event: 756.555 Thread 0x000001c4554c22c0 DEOPT UNPACKING pc=0x000001c42c934422 sp=0x0000004c09af8be8 mode 2
Event: 758.312 Thread 0x000001c4554c22c0 DEOPT PACKING pc=0x000001c425777836 sp=0x0000004c09af6fa0
Event: 758.312 Thread 0x000001c4554c22c0 DEOPT UNPACKING pc=0x000001c42c934bc2 sp=0x0000004c09af64d8 mode 0
Event: 758.313 Thread 0x000001c4554c22c0 DEOPT PACKING pc=0x000001c4257778f5 sp=0x0000004c09af6fa0
Event: 758.313 Thread 0x000001c4554c22c0 DEOPT UNPACKING pc=0x000001c42c934bc2 sp=0x0000004c09af64d8 mode 0
Event: 758.314 Thread 0x000001c4554c22c0 DEOPT PACKING pc=0x000001c425777836 sp=0x0000004c09af6fa0
Event: 758.314 Thread 0x000001c4554c22c0 DEOPT UNPACKING pc=0x000001c42c934bc2 sp=0x0000004c09af64d8 mode 0
Event: 758.315 Thread 0x000001c4554c22c0 Uncommon trap: trap_request=0xffffffd6 fr.pc=0x000001c42d1a2ac0 relative=0x00000000000009c0
Event: 758.315 Thread 0x000001c4554c22c0 Uncommon trap: reason=array_check action=maybe_recompile pc=0x000001c42d1a2ac0 method=java.util.ComparableTimSort.binarySort([Ljava/lang/Object;III)V @ 183 c2
Event: 758.315 Thread 0x000001c4554c22c0 DEOPT PACKING pc=0x000001c42d1a2ac0 sp=0x0000004c09af8130
Event: 758.315 Thread 0x000001c4554c22c0 DEOPT UNPACKING pc=0x000001c42c934422 sp=0x0000004c09af80e0 mode 2
Event: 758.316 Thread 0x000001c4554c22c0 Uncommon trap: trap_request=0xffffffd6 fr.pc=0x000001c42d1a2ac0 relative=0x00000000000009c0
Event: 758.316 Thread 0x000001c4554c22c0 Uncommon trap: reason=array_check action=maybe_recompile pc=0x000001c42d1a2ac0 method=java.util.ComparableTimSort.binarySort([Ljava/lang/Object;III)V @ 183 c2
Event: 758.316 Thread 0x000001c4554c22c0 DEOPT PACKING pc=0x000001c42d1a2ac0 sp=0x0000004c09af8130
Event: 758.316 Thread 0x000001c4554c22c0 DEOPT UNPACKING pc=0x000001c42c934422 sp=0x0000004c09af80e0 mode 2

Classes loaded (20 events):
Event: 739.580 Loading class java/lang/ExceptionBeanInfo
Event: 739.580 Loading class java/lang/ExceptionBeanInfo done
Event: 739.581 Loading class java/lang/ExceptionBeanInfo
Event: 739.581 Loading class java/lang/ExceptionBeanInfo done
Event: 739.582 Loading class java/lang/ThrowableBeanInfo
Event: 739.582 Loading class java/lang/ThrowableBeanInfo done
Event: 739.583 Loading class java/lang/ThrowableBeanInfo
Event: 739.583 Loading class java/lang/ThrowableBeanInfo done
Event: 739.583 Loading class java/lang/ThrowableCustomizer
Event: 739.584 Loading class java/lang/ThrowableCustomizer done
Event: 739.585 Loading class java/lang/ThrowableCustomizer
Event: 739.585 Loading class java/lang/ThrowableCustomizer done
Event: 739.587 Loading class java/lang/ExceptionCustomizer
Event: 739.587 Loading class java/lang/ExceptionCustomizer done
Event: 739.587 Loading class java/lang/ExceptionCustomizer
Event: 739.587 Loading class java/lang/ExceptionCustomizer done
Event: 739.588 Loading class java/lang/RuntimeExceptionCustomizer
Event: 739.588 Loading class java/lang/RuntimeExceptionCustomizer done
Event: 739.589 Loading class java/lang/RuntimeExceptionCustomizer
Event: 739.589 Loading class java/lang/RuntimeExceptionCustomizer done

Classes unloaded (20 events):
Event: 670.795 Thread 0x000001c437b4ffb0 Unloading class 0x000001c4390e9400 'java/lang/invoke/LambdaForm$MH+0x000001c4390e9400'
Event: 670.795 Thread 0x000001c437b4ffb0 Unloading class 0x000001c4390e8400 'java/lang/invoke/LambdaForm$MH+0x000001c4390e8400'
Event: 670.795 Thread 0x000001c437b4ffb0 Unloading class 0x000001c4390e7c00 'java/lang/invoke/LambdaForm$MH+0x000001c4390e7c00'
Event: 670.795 Thread 0x000001c437b4ffb0 Unloading class 0x000001c4390e7400 'java/lang/invoke/LambdaForm$MH+0x000001c4390e7400'
Event: 670.796 Thread 0x000001c437b4ffb0 Unloading class 0x000001c4390e5800 'java/lang/invoke/LambdaForm$MH+0x000001c4390e5800'
Event: 670.796 Thread 0x000001c437b4ffb0 Unloading class 0x000001c4390e5400 'java/lang/invoke/LambdaForm$MH+0x000001c4390e5400'
Event: 670.796 Thread 0x000001c437b4ffb0 Unloading class 0x000001c4390e5000 'java/lang/invoke/LambdaForm$MH+0x000001c4390e5000'
Event: 670.796 Thread 0x000001c437b4ffb0 Unloading class 0x000001c4390dc800 'java/lang/invoke/LambdaForm$MH+0x000001c4390dc800'
Event: 670.796 Thread 0x000001c437b4ffb0 Unloading class 0x000001c4390dc400 'java/lang/invoke/LambdaForm$MH+0x000001c4390dc400'
Event: 670.796 Thread 0x000001c437b4ffb0 Unloading class 0x000001c4390dc000 'java/lang/invoke/LambdaForm$BMH+0x000001c4390dc000'
Event: 670.796 Thread 0x000001c437b4ffb0 Unloading class 0x000001c4390a9400 'java/lang/invoke/LambdaForm$MH+0x000001c4390a9400'
Event: 670.797 Thread 0x000001c437b4ffb0 Unloading class 0x000001c4390a9000 'java/lang/invoke/LambdaForm$MH+0x000001c4390a9000'
Event: 670.797 Thread 0x000001c437b4ffb0 Unloading class 0x000001c439080000 'java/lang/invoke/LambdaForm$DMH+0x000001c439080000'
Event: 670.798 Thread 0x000001c437b4ffb0 Unloading class 0x000001c43902a400 'java/lang/invoke/LambdaForm$MH+0x000001c43902a400'
Event: 670.798 Thread 0x000001c437b4ffb0 Unloading class 0x000001c43902a000 'java/lang/invoke/LambdaForm$MH+0x000001c43902a000'
Event: 670.798 Thread 0x000001c437b4ffb0 Unloading class 0x000001c439028400 'java/lang/invoke/LambdaForm$MH+0x000001c439028400'
Event: 670.798 Thread 0x000001c437b4ffb0 Unloading class 0x000001c439002400 'java/lang/invoke/LambdaForm$MH+0x000001c439002400'
Event: 670.798 Thread 0x000001c437b4ffb0 Unloading class 0x000001c439002000 'java/lang/invoke/LambdaForm$MH+0x000001c439002000'
Event: 670.798 Thread 0x000001c437b4ffb0 Unloading class 0x000001c439001c00 'java/lang/invoke/LambdaForm$MH+0x000001c439001c00'
Event: 670.798 Thread 0x000001c437b4ffb0 Unloading class 0x000001c439001400 'java/lang/invoke/LambdaForm$MH+0x000001c439001400'

Classes redefined (0 events):
No events

Internal exceptions (20 events):
Event: 739.580 Thread 0x000001c4554c22c0 Exception <a 'java/lang/ClassNotFoundException'{0x00000000ee542540}: java/lang/RuntimeExceptionBeanInfo> (0x00000000ee542540) 
thrown [s\src\hotspot\share\classfile\systemDictionary.cpp, line 313]
Event: 739.581 Thread 0x000001c4554c22c0 Exception <a 'java/lang/ClassNotFoundException'{0x00000000ee546b80}: java/lang/ExceptionBeanInfo> (0x00000000ee546b80) 
thrown [s\src\hotspot\share\classfile\systemDictionary.cpp, line 313]
Event: 739.583 Thread 0x000001c4554c22c0 Exception <a 'java/lang/ClassNotFoundException'{0x00000000ee54b470}: java/lang/ThrowableBeanInfo> (0x00000000ee54b470) 
thrown [s\src\hotspot\share\classfile\systemDictionary.cpp, line 313]
Event: 739.585 Thread 0x000001c4554c22c0 Exception <a 'java/lang/ClassNotFoundException'{0x00000000ee54fd30}: java/lang/ThrowableCustomizer> (0x00000000ee54fd30) 
thrown [s\src\hotspot\share\classfile\systemDictionary.cpp, line 313]
Event: 739.587 Thread 0x000001c4554c22c0 Exception <a 'java/lang/ClassNotFoundException'{0x00000000ee55c940}: java/lang/ExceptionCustomizer> (0x00000000ee55c940) 
thrown [s\src\hotspot\share\classfile\systemDictionary.cpp, line 313]
Event: 739.589 Thread 0x000001c4554c22c0 Exception <a 'java/lang/ClassNotFoundException'{0x00000000ee5633a8}: java/lang/RuntimeExceptionCustomizer> (0x00000000ee5633a8) 
thrown [s\src\hotspot\share\classfile\systemDictionary.cpp, line 313]
Event: 739.592 Thread 0x000001c4554c22c0 Exception <a 'java/lang/ClassNotFoundException'{0x00000000ee56c8e0}: org/gradle/api/GradleExceptionCustomizer> (0x00000000ee56c8e0) 
thrown [s\src\hotspot\share\classfile\systemDictionary.cpp, line 313]
Event: 739.594 Thread 0x000001c4554c22c0 Exception <a 'java/lang/ClassNotFoundException'{0x00000000ee576210}: org/gradle/internal/exceptions/DefaultMultiCauseExceptionCustomizer> (0x00000000ee576210) 
thrown [s\src\hotspot\share\classfile\systemDictionary.cpp, line 313]
Event: 739.596 Thread 0x000001c4554c22c0 Exception <a 'java/lang/ClassNotFoundException'{0x00000000ee589830}: org/gradle/execution/MultipleBuildFailuresCustomizer> (0x00000000ee589830) 
thrown [s\src\hotspot\share\classfile\systemDictionary.cpp, line 313]
Event: 740.476 Thread 0x000001c4554c2950 Exception <a 'java/lang/NoSuchMethodError'{0x00000000edfde190}: static [Ljava/net/URL;.<clinit>()V> (0x00000000edfde190) 
thrown [s\src\hotspot\share\prims\jni.cpp, line 1111]
Event: 740.508 Thread 0x000001c4554c2950 Exception <a 'java/lang/NoSuchMethodError'{0x00000000edff4208}: static Lorg/gradle/internal/classloader/FilteringClassLoader$Spec;.<clinit>()V> (0x00000000edff4208) 
thrown [s\src\hotspot\share\prims\jni.cpp, line 1111]
Event: 740.525 Thread 0x000001c4554c2950 Exception <a 'java/lang/NoSuchMethodError'{0x00000000ede0df48}: static Lorg/gradle/internal/classloader/CachingClassLoader$Spec;.<clinit>()V> (0x00000000ede0df48) 
thrown [s\src\hotspot\share\prims\jni.cpp, line 1111]
Event: 753.445 Thread 0x000001c4554c22c0 Exception <a 'sun/nio/fs/WindowsException'{0x00000000ed6cb138}> (0x00000000ed6cb138) 
thrown [s\src\hotspot\share\prims\jni.cpp, line 520]
Event: 753.448 Thread 0x000001c4554c22c0 Exception <a 'sun/nio/fs/WindowsException'{0x00000000ed6cc5f8}> (0x00000000ed6cc5f8) 
thrown [s\src\hotspot\share\prims\jni.cpp, line 520]
Event: 753.452 Thread 0x000001c4554c22c0 Exception <a 'sun/nio/fs/WindowsException'{0x00000000ed6cdab0}> (0x00000000ed6cdab0) 
thrown [s\src\hotspot\share\prims\jni.cpp, line 520]
Event: 753.452 Thread 0x000001c4554c22c0 Exception <a 'sun/nio/fs/WindowsException'{0x00000000ed6ceb68}> (0x00000000ed6ceb68) 
thrown [s\src\hotspot\share\prims\jni.cpp, line 520]
Event: 753.850 Thread 0x000001c4554c22c0 Exception <a 'java/lang/ClassNotFoundException'{0x00000000ed5f60b8}: settings_4v7te6n29tqzdhu9yn6k38myoBeanInfo> (0x00000000ed5f60b8) 
thrown [s\src\hotspot\share\classfile\systemDictionary.cpp, line 313]
Event: 753.851 Thread 0x000001c4554c22c0 Exception <a 'java/lang/ClassNotFoundException'{0x00000000ed5fbd60}: settings_4v7te6n29tqzdhu9yn6k38myoCustomizer> (0x00000000ed5fbd60) 
thrown [s\src\hotspot\share\classfile\systemDictionary.cpp, line 313]
Event: 756.202 Thread 0x000001c4554c22c0 Exception <a 'java/lang/ClassNotFoundException'{0x00000000ed3d2bb8}: build_43h5ozj2uvih9q328mv8lynunBeanInfo> (0x00000000ed3d2bb8) 
thrown [s\src\hotspot\share\classfile\systemDictionary.cpp, line 313]
Event: 756.205 Thread 0x000001c4554c22c0 Exception <a 'java/lang/ClassNotFoundException'{0x00000000ed3d95a8}: build_43h5ozj2uvih9q328mv8lynunCustomizer> (0x00000000ed3d95a8) 
thrown [s\src\hotspot\share\classfile\systemDictionary.cpp, line 313]

ZGC Phase Switch (0 events):
No events

VM Operations (20 events):
Event: 739.542 Executing safepoint VM operation: Cleanup
Event: 739.542 Executing safepoint VM operation: Cleanup done
Event: 740.563 Executing safepoint VM operation: Cleanup
Event: 740.563 Executing safepoint VM operation: Cleanup done
Event: 752.640 Executing safepoint VM operation: Cleanup
Event: 752.707 Executing safepoint VM operation: Cleanup done
Event: 753.713 Executing safepoint VM operation: Cleanup
Event: 753.729 Executing safepoint VM operation: Cleanup done
Event: 754.733 Executing safepoint VM operation: Cleanup
Event: 754.733 Executing safepoint VM operation: Cleanup done
Event: 756.750 Executing safepoint VM operation: Cleanup
Event: 756.766 Executing safepoint VM operation: Cleanup done
Event: 757.770 Executing safepoint VM operation: Cleanup
Event: 757.800 Executing safepoint VM operation: Cleanup done
Event: 758.811 Executing safepoint VM operation: Cleanup
Event: 759.354 Executing safepoint VM operation: Cleanup done
Event: 759.449 Executing safepoint VM operation: G1CollectForAllocation (G1 Evacuation Pause)
Event: 759.508 Executing safepoint VM operation: G1CollectForAllocation (G1 Evacuation Pause) done
Event: 760.509 Executing safepoint VM operation: Cleanup
Event: 760.509 Executing safepoint VM operation: Cleanup done

Memory protections (0 events):
No events

Nmethod flushes (20 events):
Event: 671.737 Thread 0x000001c437b4ffb0 flushing  nmethod 0x000001c425b9d990
Event: 671.737 Thread 0x000001c437b4ffb0 flushing  nmethod 0x000001c425b9f810
Event: 671.737 Thread 0x000001c437b4ffb0 flushing  nmethod 0x000001c425bbef90
Event: 671.737 Thread 0x000001c437b4ffb0 flushing  nmethod 0x000001c425c3e790
Event: 671.737 Thread 0x000001c437b4ffb0 flushing  nmethod 0x000001c425c41a10
Event: 671.737 Thread 0x000001c437b4ffb0 flushing  nmethod 0x000001c425c42390
Event: 671.737 Thread 0x000001c437b4ffb0 flushing  nmethod 0x000001c425c42710
Event: 671.737 Thread 0x000001c437b4ffb0 flushing  nmethod 0x000001c425cf3490
Event: 671.737 Thread 0x000001c437b4ffb0 flushing  nmethod 0x000001c425d99610
Event: 671.737 Thread 0x000001c437b4ffb0 flushing  nmethod 0x000001c425def210
Event: 671.737 Thread 0x000001c437b4ffb0 flushing  nmethod 0x000001c425eadc10
Event: 671.737 Thread 0x000001c437b4ffb0 flushing  nmethod 0x000001c425efa510
Event: 671.737 Thread 0x000001c437b4ffb0 flushing  nmethod 0x000001c425f71790
Event: 671.737 Thread 0x000001c437b4ffb0 flushing  nmethod 0x000001c425f76a90
Event: 671.737 Thread 0x000001c437b4ffb0 flushing  nmethod 0x000001c425f7a210
Event: 671.738 Thread 0x000001c437b4ffb0 flushing  nmethod 0x000001c426061310
Event: 671.738 Thread 0x000001c437b4ffb0 flushing  nmethod 0x000001c426063c90
Event: 671.738 Thread 0x000001c437b4ffb0 flushing  nmethod 0x000001c426064390
Event: 671.738 Thread 0x000001c437b4ffb0 flushing  nmethod 0x000001c426064d10
Event: 671.738 Thread 0x000001c437b4ffb0 flushing  nmethod 0x000001c426433890

Events (20 events):
Event: 752.587 Thread 0x000001c4554c22c0 Thread added: 0x000001c45802b430
Event: 752.856 Thread 0x000001c4554c22c0 Thread added: 0x000001c45802bac0
Event: 752.906 Thread 0x000001c4554c22c0 Thread added: 0x000001c45802a710
Event: 753.154 Thread 0x000001c4554c22c0 Thread added: 0x000001c45802c7e0
Event: 753.249 Thread 0x000001c4554c22c0 Thread added: 0x000001c45802ce70
Event: 753.310 Thread 0x000001c4554c22c0 Thread added: 0x000001c4580299f0
Event: 757.662 Thread 0x000001c4554c22c0 Thread added: 0x000001c45802db90
Event: 757.662 Thread 0x000001c4554c22c0 Thread added: 0x000001c45802ada0
Event: 757.663 Thread 0x000001c4554c22c0 Thread added: 0x000001c455898190
Event: 757.665 Thread 0x000001c4554c22c0 Thread added: 0x000001c455895a30
Event: 757.665 Thread 0x000001c4554c22c0 Thread added: 0x000001c455898820
Event: 757.666 Thread 0x000001c4554c22c0 Thread added: 0x000001c455896750
Event: 757.666 Thread 0x000001c4554c22c0 Thread added: 0x000001c455897470
Event: 758.320 Thread 0x000001c4554c22c0 Thread added: 0x000001c455897b00
Event: 758.321 Thread 0x000001c4554c22c0 Thread added: 0x000001c4558960c0
Event: 758.321 Thread 0x000001c4554c22c0 Thread added: 0x000001c455896de0
Event: 758.324 Thread 0x000001c4554c22c0 Thread added: 0x000001c4558953a0
Event: 758.326 Thread 0x000001c4554c22c0 Thread added: 0x000001c455898eb0
Event: 758.327 Thread 0x000001c4554c22c0 Thread added: 0x000001c45589b610
Event: 758.370 Thread 0x000001c4554c22c0 Thread added: 0x000001c455899540


Dynamic libraries:
0x00007ff6aaf70000 - 0x00007ff6aaf7e000 	C:\Users\NAGARAJU\.antigravity-ide\extensions\redhat.java-1.56.0-win32-x64\jre\21.0.12.1-win32-x86_64\bin\java.exe
0x00007ffba2e60000 - 0x00007ffba30c6000 	C:\WINDOWS\SYSTEM32\ntdll.dll
0x00007ffba16f0000 - 0x00007ffba17b9000 	C:\WINDOWS\System32\KERNEL32.DLL
0x00007ffba01d0000 - 0x00007ffba05cf000 	C:\WINDOWS\System32\KERNELBASE.dll
0x00007ffba0070000 - 0x00007ffba01bc000 	C:\WINDOWS\System32\ucrtbase.dll
0x00007ffb616c0000 - 0x00007ffb616d8000 	C:\Users\NAGARAJU\.antigravity-ide\extensions\redhat.java-1.56.0-win32-x64\jre\21.0.12.1-win32-x86_64\bin\jli.dll
0x00007ffba2320000 - 0x00007ffba24e6000 	C:\WINDOWS\System32\USER32.dll
0x00007ffba08a0000 - 0x00007ffba08c7000 	C:\WINDOWS\System32\win32u.dll
0x00007ffba2df0000 - 0x00007ffba2e1b000 	C:\WINDOWS\System32\GDI32.dll
0x00007ffba05e0000 - 0x00007ffba0709000 	C:\WINDOWS\System32\gdi32full.dll
0x00007ffba0ae0000 - 0x00007ffba0b83000 	C:\WINDOWS\System32\msvcp_win.dll
0x00007ffb616e0000 - 0x00007ffb616fe000 	C:\Users\NAGARAJU\.antigravity-ide\extensions\redhat.java-1.56.0-win32-x64\jre\21.0.12.1-win32-x86_64\bin\VCRUNTIME140.dll
0x00007ffb88780000 - 0x00007ffb88a11000 	C:\WINDOWS\WinSxS\amd64_microsoft.windows.common-controls_6595b64144ccf1df_6.0.26100.8972_none_3e0da176e32f9d4b\COMCTL32.dll
0x00007ffba24f0000 - 0x00007ffba2599000 	C:\WINDOWS\System32\msvcrt.dll
0x00007ffba2150000 - 0x00007ffba2182000 	C:\WINDOWS\System32\IMM32.DLL
0x00007ffb83500000 - 0x00007ffb8350c000 	C:\Users\NAGARAJU\.antigravity-ide\extensions\redhat.java-1.56.0-win32-x64\jre\21.0.12.1-win32-x86_64\bin\vcruntime140_1.dll
0x00007ffb1bac0000 - 0x00007ffb1bb4d000 	C:\Users\NAGARAJU\.antigravity-ide\extensions\redhat.java-1.56.0-win32-x64\jre\21.0.12.1-win32-x86_64\bin\msvcp140.dll
0x00007ffac8530000 - 0x00007ffac92d2000 	C:\Users\NAGARAJU\.antigravity-ide\extensions\redhat.java-1.56.0-win32-x64\jre\21.0.12.1-win32-x86_64\bin\server\jvm.dll
0x00007ffba0d00000 - 0x00007ffba0dbc000 	C:\WINDOWS\System32\ADVAPI32.dll
0x00007ffba28a0000 - 0x00007ffba294a000 	C:\WINDOWS\System32\sechost.dll
0x00007ffba25a0000 - 0x00007ffba26b8000 	C:\WINDOWS\System32\RPCRT4.dll
0x00007ffba1ab0000 - 0x00007ffba1b32000 	C:\WINDOWS\System32\WS2_32.dll
0x00007ffb9fed0000 - 0x00007ffb9ff2e000 	C:\WINDOWS\SYSTEM32\POWRPROF.dll
0x00007ffb99840000 - 0x00007ffb99876000 	C:\WINDOWS\SYSTEM32\WINMM.dll
0x00007ffb99880000 - 0x00007ffb9988b000 	C:\WINDOWS\SYSTEM32\VERSION.dll
0x00007ffb9feb0000 - 0x00007ffb9fec5000 	C:\WINDOWS\SYSTEM32\UMPDC.dll
0x00007ffb9ed60000 - 0x00007ffb9ed7b000 	C:\WINDOWS\SYSTEM32\kernel.appcore.dll
0x00007ffb82eb0000 - 0x00007ffb82eba000 	C:\Users\NAGARAJU\.antigravity-ide\extensions\redhat.java-1.56.0-win32-x64\jre\21.0.12.1-win32-x86_64\bin\jimage.dll
0x00007ffb94900000 - 0x00007ffb94b42000 	C:\WINDOWS\SYSTEM32\DBGHELP.DLL
0x00007ffba2a10000 - 0x00007ffba2d95000 	C:\WINDOWS\System32\combase.dll
0x00007ffba21c0000 - 0x00007ffba2299000 	C:\WINDOWS\System32\OLEAUT32.dll
0x00007ffb81c30000 - 0x00007ffb81c6b000 	C:\WINDOWS\SYSTEM32\dbgcore.DLL
0x00007ffba08d0000 - 0x00007ffba097c000 	C:\WINDOWS\System32\bcryptPrimitives.dll
0x00007ffb65d80000 - 0x00007ffb65d8f000 	C:\Users\NAGARAJU\.antigravity-ide\extensions\redhat.java-1.56.0-win32-x64\jre\21.0.12.1-win32-x86_64\bin\instrument.dll
0x00007ffb5fe50000 - 0x00007ffb5fe70000 	C:\Users\NAGARAJU\.antigravity-ide\extensions\redhat.java-1.56.0-win32-x64\jre\21.0.12.1-win32-x86_64\bin\java.dll
0x00007ffba0f50000 - 0x00007ffba16d8000 	C:\WINDOWS\System32\SHELL32.dll
0x00007ffb9db40000 - 0x00007ffb9e3db000 	C:\WINDOWS\SYSTEM32\windows.storage.dll
0x00007ffba0dd0000 - 0x00007ffba0ec9000 	C:\WINDOWS\System32\SHCORE.dll
0x00007ffba0c90000 - 0x00007ffba0cf6000 	C:\WINDOWS\System32\shlwapi.dll
0x00007ffb9ff90000 - 0x00007ffb9ffb9000 	C:\WINDOWS\SYSTEM32\profapi.dll
0x00007ffb4d020000 - 0x00007ffb4d038000 	C:\Users\NAGARAJU\.antigravity-ide\extensions\redhat.java-1.56.0-win32-x64\jre\21.0.12.1-win32-x86_64\bin\zip.dll
0x00007ffb72940000 - 0x00007ffb72950000 	C:\Users\NAGARAJU\.antigravity-ide\extensions\redhat.java-1.56.0-win32-x64\jre\21.0.12.1-win32-x86_64\bin\net.dll
0x00007ffb95940000 - 0x00007ffb95a68000 	C:\WINDOWS\SYSTEM32\WINHTTP.dll
0x00007ffb9f310000 - 0x00007ffb9f37c000 	C:\WINDOWS\system32\mswsock.dll
0x00007ffb5f9d0000 - 0x00007ffb5f9e6000 	C:\Users\NAGARAJU\.antigravity-ide\extensions\redhat.java-1.56.0-win32-x64\jre\21.0.12.1-win32-x86_64\bin\nio.dll
0x00007ffb62900000 - 0x00007ffb62910000 	C:\Users\NAGARAJU\.antigravity-ide\extensions\redhat.java-1.56.0-win32-x64\jre\21.0.12.1-win32-x86_64\bin\verify.dll
0x00007ffb83540000 - 0x00007ffb83567000 	C:\Users\NAGARAJU\.gradle\native\c067742578af261105cb4f569cf0c3c89f3d7b1fecec35dd04571415982c5e48\windows-amd64\native-platform.dll
0x00007ffb597c0000 - 0x00007ffb59904000 	C:\Users\NAGARAJU\.gradle\native\100fb08df4bc3b14c8652ba06237920a3bd2aa13389f12d3474272988ae205f9\windows-amd64\native-platform-file-events.dll
0x00007ffb95860000 - 0x00007ffb9586a000 	C:\Users\NAGARAJU\.antigravity-ide\extensions\redhat.java-1.56.0-win32-x64\jre\21.0.12.1-win32-x86_64\bin\management.dll
0x00007ffb831e0000 - 0x00007ffb831ec000 	C:\Users\NAGARAJU\.antigravity-ide\extensions\redhat.java-1.56.0-win32-x64\jre\21.0.12.1-win32-x86_64\bin\management_ext.dll
0x00007ffba1cb0000 - 0x00007ffba1cb8000 	C:\WINDOWS\System32\PSAPI.DLL
0x00007ffb9f600000 - 0x00007ffb9f61b000 	C:\WINDOWS\SYSTEM32\CRYPTSP.dll
0x00007ffb9ecc0000 - 0x00007ffb9ecf9000 	C:\WINDOWS\system32\rsaenh.dll
0x00007ffb9f3c0000 - 0x00007ffb9f3f2000 	C:\WINDOWS\SYSTEM32\USERENV.dll
0x00007ffb9ff60000 - 0x00007ffb9ff8a000 	C:\WINDOWS\SYSTEM32\bcrypt.dll
0x00007ffb9f620000 - 0x00007ffb9f62c000 	C:\WINDOWS\SYSTEM32\CRYPTBASE.dll
0x00007ffb9e6b0000 - 0x00007ffb9e6e3000 	C:\WINDOWS\SYSTEM32\IPHLPAPI.DLL
0x00007ffba16e0000 - 0x00007ffba16ea000 	C:\WINDOWS\System32\NSI.dll
0x00007ffb831d0000 - 0x00007ffb831d9000 	C:\Users\NAGARAJU\.antigravity-ide\extensions\redhat.java-1.56.0-win32-x64\jre\21.0.12.1-win32-x86_64\bin\extnet.dll
0x00007ffb831c0000 - 0x00007ffb831ce000 	C:\Users\NAGARAJU\.antigravity-ide\extensions\redhat.java-1.56.0-win32-x64\jre\21.0.12.1-win32-x86_64\bin\sunmscapi.dll
0x00007ffba0710000 - 0x00007ffba088e000 	C:\WINDOWS\System32\CRYPT32.dll
0x00007ffb9f840000 - 0x00007ffb9f870000 	C:\WINDOWS\SYSTEM32\ncrypt.dll
0x00007ffb9f7f0000 - 0x00007ffb9f82f000 	C:\WINDOWS\SYSTEM32\NTASN1.dll
0x00007ffb15860000 - 0x00007ffb15868000 	C:\WINDOWS\system32\wshunix.dll

JVMTI agents:
C:\Users\NAGARAJU\.gradle\wrapper\dists\gradle-8.9-bin\90cnw93cvbtalezasaz0blq0a\gradle-8.9\lib\agents\gradle-instrumentation-agent-8.9.jar path:C:\Users\NAGARAJU\.antigravity-ide\extensions\redhat.java-1.56.0-win32-x64\jre\21.0.12.1-win32-x86_64\bin\instrument.dll, loaded, initialized, instrumentlib options:none

dbghelp: loaded successfully - version: 4.0.5 - missing functions: none
symbol engine: initialized successfully - sym options: 0x614 - pdb path: .;C:\Users\NAGARAJU\.antigravity-ide\extensions\redhat.java-1.56.0-win32-x64\jre\21.0.12.1-win32-x86_64\bin;C:\WINDOWS\SYSTEM32;C:\WINDOWS\WinSxS\amd64_microsoft.windows.common-controls_6595b64144ccf1df_6.0.26100.8972_none_3e0da176e32f9d4b;C:\Users\NAGARAJU\.antigravity-ide\extensions\redhat.java-1.56.0-win32-x64\jre\21.0.12.1-win32-x86_64\bin\server;C:\Users\NAGARAJU\.gradle\native\c067742578af261105cb4f569cf0c3c89f3d7b1fecec35dd04571415982c5e48\windows-amd64;C:\Users\NAGARAJU\.gradle\native\100fb08df4bc3b14c8652ba06237920a3bd2aa13389f12d3474272988ae205f9\windows-amd64

VM Arguments:
jvm_args: --add-opens=java.base/java.util=ALL-UNNAMED --add-opens=java.base/java.lang=ALL-UNNAMED --add-opens=java.base/java.lang.invoke=ALL-UNNAMED --add-opens=java.prefs/java.util.prefs=ALL-UNNAMED --add-exports=jdk.compiler/com.sun.tools.javac.api=ALL-UNNAMED --add-exports=jdk.compiler/com.sun.tools.javac.util=ALL-UNNAMED --add-opens=java.base/java.nio.charset=ALL-UNNAMED --add-opens=java.base/java.net=ALL-UNNAMED --add-opens=java.base/java.util.concurrent.atomic=ALL-UNNAMED -XX:MaxMetaspaceSize=384m -XX:+HeapDumpOnOutOfMemoryError -Xms256m -Xmx512m -Dfile.encoding=utf8 -Duser.country=IN -Duser.language=en -Duser.variant -javaagent:C:\Users\NAGARAJU\.gradle\wrapper\dists\gradle-8.9-bin\90cnw93cvbtalezasaz0blq0a\gradle-8.9\lib\agents\gradle-instrumentation-agent-8.9.jar 
java_command: org.gradle.launcher.daemon.bootstrap.GradleDaemon 8.9
java_class_path (initial): C:\Users\NAGARAJU\.gradle\wrapper\dists\gradle-8.9-bin\90cnw93cvbtalezasaz0blq0a\gradle-8.9\lib\gradle-daemon-main-8.9.jar
Launcher Type: SUN_STANDARD

[Global flags]
     intx CICompilerCount                          = 4                                         {product} {ergonomic}
   size_t CompressedClassSpaceSize                 = 335544320                                 {product} {ergonomic}
     uint ConcGCThreads                            = 2                                         {product} {ergonomic}
     uint G1ConcRefinementThreads                  = 8                                         {product} {ergonomic}
   size_t G1HeapRegionSize                         = 1048576                                   {product} {ergonomic}
    uintx GCDrainStackTargetSize                   = 64                                        {product} {ergonomic}
     bool HeapDumpOnOutOfMemoryError               = true                                   {manageable} {command line}
   size_t InitialHeapSize                          = 268435456                                 {product} {command line}
   size_t MarkStackSize                            = 4194304                                   {product} {ergonomic}
   size_t MaxHeapSize                              = 536870912                                 {product} {command line}
   size_t MaxMetaspaceSize                         = 402653184                                 {product} {command line}
   size_t MaxNewSize                               = 321912832                                 {product} {ergonomic}
   size_t MinHeapDeltaBytes                        = 1048576                                   {product} {ergonomic}
   size_t MinHeapSize                              = 268435456                                 {product} {command line}
    uintx NonNMethodCodeHeapSize                   = 5839372                                {pd product} {ergonomic}
    uintx NonProfiledCodeHeapSize                  = 122909434                              {pd product} {ergonomic}
    uintx ProfiledCodeHeapSize                     = 122909434                              {pd product} {ergonomic}
    uintx ReservedCodeCacheSize                    = 251658240                              {pd product} {ergonomic}
     bool SegmentedCodeCache                       = true                                      {product} {ergonomic}
   size_t SoftMaxHeapSize                          = 536870912                              {manageable} {ergonomic}
     bool UseCompressedOops                        = true                           {product lp64_product} {ergonomic}
     bool UseG1GC                                  = true                                      {product} {ergonomic}
     bool UseLargePagesIndividualAllocation        = false                                  {pd product} {ergonomic}

Logging:
Log output configuration:
 #0: stdout all=warning uptime,level,tags foldmultilines=false
 #1: stderr all=off uptime,level,tags foldmultilines=false

Release file:
JAVA_VERSION="21.0.12.1" 
MODULES="java.base java.compiler java.datatransfer java.xml java.prefs java.desktop java.instrument java.logging java.management java.security.sasl java.naming java.rmi java.management.rmi java.net.http java.scripting java.security.jgss java.transaction.xa java.sql java.sql.rowset java.xml.crypto java.se java.smartcardio jdk.accessibility jdk.internal.jvmstat jdk.attach jdk.charsets jdk.internal.opt jdk.zipfs jdk.compiler jdk.crypto.ec jdk.crypto.cryptoki jdk.crypto.mscapi jdk.dynalink jdk.internal.ed jdk.editpad jdk.hotspot.agent jdk.httpserver jdk.internal.le jdk.internal.vm.ci jdk.internal.vm.compiler jdk.internal.vm.compiler.management jdk.jartool jdk.javadoc jdk.jcmd jdk.management jdk.management.agent jdk.jconsole jdk.jdeps jdk.jdwp.agent jdk.jdi jdk.jfr jdk.jshell jdk.jsobject jdk.jstatd jdk.localedata jdk.management.jfr jdk.naming.dns jdk.naming.rmi jdk.net jdk.nio.mapmode jdk.random jdk.sctp jdk.security.auth jdk.security.jgss jdk.unsupported jdk.unsupported.desktop jdk.xml.dom" 

Environment Variables:
JAVA_HOME=C:\Program Files\Eclipse Adoptium\jdk-21.0.11.10-hotspot
PATH=C:\Program Files\Eclipse Adoptium\jdk-21.0.11.10-hotspot\bin;C:\Program Files\Eclipse Adoptium\jdk-11.0.26.4-hotspot\bin;C:\Program Files\Eclipse Adoptium\jdk-17.0.14.7-hotspot\bin;C:\Program Files\Java\jdk-17\bin;C:\Program Files\nodejs;E:\Android\Sdk\platform-tools;E:\Android\Sdk\emulator;E:\Android\Sdk\cmdline-tools\latest\bin;C:\Users\NAGARAJU\AppData\Local\Android\Sdk\platform-tools;C:\Users\NAGARAJU\AppData\Local\Android\Sdk\emulator;C:\Users\NAGARAJU\AppData\Local\Android\Sdk\cmdline-tools\latest\bin;C:\Program Files\Eclipse Adoptium\jdk-21.0.11.10-hotspot\bin;C:\Program Files\Eclipse Adoptium\jdk-11.0.26.4-hotspot\bin;C:\Program Files\Eclipse Adoptium\jdk-17.0.14.7-hotspot\bin;C:\Program Files\Java\jdk-17\bin;C:\Program Files\nodejs;E:\Android\Sdk\platform-tools;E:\Android\Sdk\emulator;E:\Android\Sdk\cmdline-tools\latest\bin;C:\Users\NAGARAJU\AppData\Local\Android\Sdk\platform-tools;C:\Users\NAGARAJU\AppData\Local\Android\Sdk\emulator;C:\Users\NAGARAJU\AppData\Local\Android\Sdk\cmdline-tools\latest\bin;C:\Program Files\Eclipse Adoptium\jdk-21.0.11.10-hotspot\bin;C:\Program Files\Eclipse Adoptium\jdk-11.0.26.4-hotspot\bin;C:\Program Files\Eclipse Adoptium\jdk-17.0.14.7-hotspot\bin;C:\Program Files\Java\jdk-17\bin;C:\Program Files\nodejs;E:\Android\Sdk\platform-tools;E:\Android\Sdk\emulator;E:\Android\Sdk\cmdline-tools\latest\bin;C:\Users\NAGARAJU\AppData\Local\Android\Sdk\platform-tools;C:\Users\NAGARAJU\AppData\Local\Android\Sdk\emulator;C:\Users\NAGARAJU\AppData\Local\Android\Sdk\cmdline-tools\latest\bin;C:\WINDOWS\System32;C:\ProgramData\chocolatey\bin;C:\Program Files\nodejs\;C:\Program Files\Git\cmd;C:\Windows\System32;C:\Windows\System32\WindowsPowerShell\v1.0;C:\Windows\System32\OpenSSH;C:\Windows\System32\WindowsPowerShell\v1.0\;C:\Users\NAGARAJU\Downloads\stripe_1.30.0_windows_x86_64;C:\WINDOWS\system32;C:\WINDOWS;C:\WINDOWS\System32\Wbem;C:\WINDOWS\System32\WindowsPowerShell\v1.0\;C:\WINDOWS\System32\OpenSSH\;C:\ProgramData\chocolatey\bin;C:\Program Files\nodejs\;C:\Program Files\Git\cmd;C:\Windows\System32;C:\Windows\System32\WindowsPowerShell\v1.0;C:\Windows\System32\OpenSSH;C:\Windows\System32\WindowsPowerShell\v1.0\;C:\Users\NAGARAJU\Downloads\stripe_1.30.0_windows_x86_64;C:\WINDOWS\system32;C:\WINDOWS;C:\WINDOWS\System32\Wbem;C:\WINDOWS\System32\WindowsPowerShell\v1.0\;C:\WINDOWS\System32\OpenSSH\;C:\ProgramData\chocolatey\bin;C:\Program Files\nodejs\;C:\Program Files\Git\cmd;C:\Windows\System32;C:\Windows\System32\WindowsPowerShell\v1.0;C:\Windows\System32\OpenSSH;C:\Windows\System32\WindowsPowerShell\v1.0\;C:\Users\NAGARAJU\Downloads\stripe_1.30.0_windows_x86_64;C:\WINDOWS\system32;C:\WINDOWS;C:\WINDOWS\System32\Wbem;C:\WINDOWS\System32\WindowsPowerShell\v1.0\;C:\WINDOWS\System32\OpenSSH\;C:\Program Files\Eclipse Adoptium\jdk-21.0.11.10-hotspot\bin;C:\Program Files\Eclipse Adoptium\jdk-11.0.26.4-hotspot\bin;C:\Program Files\Eclipse Adoptium\jdk-17.0.14.7-hotspot\bin;C:\Program Files\Java\jdk-17\bin;C:\Program Files\nodejs;E:\Android\Sdk\platform-tools;E:\Android\Sdk\emulator;E:\Android\Sdk\cmdline-tools\latest\bin;C:\Users\NAGARAJU\AppData\Local\Android\Sdk\platform-tools;C:\Users\NAGARAJU\AppData\Local\Android\Sdk\emulator;C:\Users\NAGARAJU\AppData\Local\Android\Sdk\cmdline-tools\latest\bin;C:\Program Files\Eclipse Adoptium\jdk-21.0.11.10-hotspot\bin;C:\Program Files\Eclipse Adoptium\jdk-11.0.26.4-hotspot\bin;C:\Program Files\Eclipse Adoptium\jdk-17.0.14.7-hotspot\bin;C:\Program Files\Java\jdk-17\bin;C:\Program Files\nodejs;E:\Android\Sdk\platform-tools;E:\Android\Sdk\emulator;E:\Android\Sdk\cmdline-tools\latest\bin;C:\Users\NAGARAJU\AppData\Local\Android\Sdk\platform-tools;C:\Users\NAGARAJU\AppData\Local\Android\Sdk\emulator;C:\Users\NAGARAJU\AppData\Local\Android\Sdk\cmdline-tools\latest\bin;C:\Program Files\Eclipse Adoptium\jdk-21.0.11.10-hotspot\bin;C:\Program Files\Eclipse Adoptium\jdk-11.0.26.4-hotspot\bin;C:\Program Files\Eclipse Adoptium\jdk-17.0.14.7-hotspot\bin;C:\Program Files\Java\jdk-17\bin;C:\Program Files\nodejs;E:\Android\Sdk\platform-tools;E:\Android\Sdk\emulator;E:\Android\Sdk\cmdline-tools\latest\bin;C:\Users\NAGARAJU\AppData\Local\Android\Sdk\platform-tools;C:\Users\NAGARAJU\AppData\Local\Android\Sdk\emulator;C:\Users\NAGARAJU\AppData\Local\Android\Sdk\cmdline-tools\latest\bin;C:\WINDOWS\System32;C:\ProgramData\chocolatey\bin;C:\Program Files\nodejs\;C:\Program Files\Git\cmd;C:\Windows\System32;C:\Windows\System32\WindowsPowerShell\v1.0;C:\Windows\System32\OpenSSH;C:\Windows\System32\WindowsPowerShell\v1.0\;C:\Users\NAGARAJU\Downloads\stripe_1.30.0_windows_x86_64;C:\WINDOWS\system32;C:\WINDOWS;C:\WINDOWS\System32\Wbem;C:\WINDOWS\System32\WindowsPowerShell\v1.0\;C:\WINDOWS\System32\OpenSSH\;C:\ProgramData\chocolatey\bin;C:\Program Files\nodejs\;C:\Program Files\Git\cmd;C:\Windows\System32;C:\Windows\System32\WindowsPowerShell\v1.0;C:\Windows\System32\OpenSSH;C:\Windows\System32\WindowsPowerShell\v1.0\;C:\Users\NAGARAJU\Downloads\stripe_1.30.0_windows_x86_64;C:\WINDOWS\system32;C:\WINDOWS;C:\WINDOWS\System32\Wbem;C:\WINDOWS\System32\WindowsPowerShell\v1.0\;C:\WINDOWS\System32\OpenSSH\;C:\ProgramData\chocolatey\bin;C:\Program Files\nodejs\;C:\Program Files\Git\cmd;C:\Windows\System32;C:\Windows\System32\WindowsPowerShell\v1.0;C:\Windows\System32\OpenSSH;C:\Windows\System32\WindowsPowerShell\v1.0\;C:\Users\NAGARAJU\Downloads\stripe_1.30.0_windows_x86_64;C:\WINDOWS\system32;C:\WINDOWS;C:\WINDOWS\System32\Wbem;C:\WINDOWS\System32\WindowsPowerShell\v1.0\;C:\WINDOWS\System32\OpenSSH\;C:\Users\NAGARAJU\AppData\Local\Android\Sdk\platform-tools;C:\Users\NAGARAJU\AppData\Local\Android\Sdk\cmdline-tools\latest\bin;C:\Users\NAGARAJU\AppData\Roaming\npm;C:\Users\NAGARAJU\AppData\Local\Programs\Microsoft VS Code\bin;C:\Users\NAGARAJU\AppData\Local\Programs\Antigravity IDE\bin;C:\Users\NAGARAJU\AppData\Local\Microsoft\WindowsApps;C:\Users\NAGARAJU\AppData\Local\Kingsoft\WPS Office\12.1.0.27458\clitool
USERNAME=NAGARAJU
OS=Windows_NT
PROCESSOR_IDENTIFIER=AMD64 Family 23 Model 104 Stepping 1, AuthenticAMD
TMP=C:\Users\NAGARAJU\AppData\Local\Temp
TEMP=C:\Users\NAGARAJU\AppData\Local\Temp




Periodic native trim disabled

---------------  S Y S T E M  ---------------

OS:
 Windows 11 , 64 bit Build 26100 (10.0.26100.9168)
OS uptime: 0 days 0:55 hours

CPU: total 8 (initial active 8) (8 cores per cpu, 2 threads per core) family 23 model 104 stepping 1 microcode 0x8608109, cx8, cmov, fxsr, ht, mmx, 3dnowpref, sse, sse2, sse3, ssse3, sse4a, sse4.1, sse4.2, popcnt, lzcnt, tsc, tscinvbit, avx, avx2, aes, clmul, bmi1, bmi2, adx, sha, fma, vzeroupper, clflush, clflushopt, rdtscp, rdpid, f16c
Processor Information for the first 8 processors :
  Max Mhz: 2600, Current Mhz: 2600, Mhz Limit: 2600

Memory: 4k page, system-wide physical 7502M (124M free)
TotalPageFile size 40270M (AvailPageFile size 0M)
current process WorkingSet (physical memory assigned to process): 209M, peak: 386M
current process commit charge ("private bytes"): 590M, peak: 602M

vm_info: OpenJDK 64-Bit Server VM (21.0.12.1+1-LTS) for windows-amd64 JRE (21.0.12.1+1-LTS), built on 2026-08-18T00:00:00Z by "admin" with MS VC++ 17.12 (VS2022)

END.
