#
# There is insufficient memory for the Java Runtime Environment to continue.
# Native memory allocation (malloc) failed to allocate 1323456 bytes. Error detail: Chunk::new
# Possible reasons:
#   The system is out of physical RAM or swap space
#   This process is running with CompressedOops enabled, and the Java Heap may be blocking the growth of the native heap
# Possible solutions:
#   Reduce memory load on the system
#   Increase physical memory or swap space
#   Check if swap backing store is full
#   Decrease Java heap size (-Xmx/-Xms)
#   Decrease number of Java threads
#   Decrease Java thread stack sizes (-Xss)
#   Set larger code cache with -XX:ReservedCodeCacheSize=
#   JVM is running with Unscaled Compressed Oops mode in which the Java heap is
#     placed in the first 4GB address space. The Java Heap base address is the
#     maximum limit for the native heap growth. Please use -XX:HeapBaseMinAddress
#     to set the Java Heap base and to place the Java Heap above 4GB virtual address.
# This output file may be truncated or incomplete.
#
#  Out of Memory Error (arena.cpp:168), pid=23032, tid=26372
#
# JRE version: OpenJDK Runtime Environment Temurin-21.0.12.1+1 (21.0.12.1+1) (build 21.0.12.1+1-LTS)
# Java VM: OpenJDK 64-Bit Server VM Temurin-21.0.12.1+1 (21.0.12.1+1-LTS, mixed mode, sharing, tiered, compressed oops, compressed class ptrs, g1 gc, windows-amd64)
# No core dump will be written. Minidumps are not enabled by default on client versions of Windows
#

---------------  S U M M A R Y ------------

Command Line: --add-opens=java.base/java.util=ALL-UNNAMED --add-opens=java.base/java.lang=ALL-UNNAMED --add-opens=java.base/java.lang.invoke=ALL-UNNAMED --add-opens=java.prefs/java.util.prefs=ALL-UNNAMED --add-exports=jdk.compiler/com.sun.tools.javac.api=ALL-UNNAMED --add-exports=jdk.compiler/com.sun.tools.javac.util=ALL-UNNAMED --add-opens=java.base/java.nio.charset=ALL-UNNAMED --add-opens=java.base/java.net=ALL-UNNAMED --add-opens=java.base/java.util.concurrent.atomic=ALL-UNNAMED -XX:MaxMetaspaceSize=384m -XX:+HeapDumpOnOutOfMemoryError -Xms256m -Xmx512m -Dfile.encoding=utf8 -Duser.country=IN -Duser.language=en -Duser.variant -javaagent:C:\Users\NAGARAJU\.gradle\wrapper\dists\gradle-8.9-bin\90cnw93cvbtalezasaz0blq0a\gradle-8.9\lib\agents\gradle-instrumentation-agent-8.9.jar org.gradle.launcher.daemon.bootstrap.GradleDaemon 8.9

Host: AMD Ryzen 3 5300U with Radeon Graphics         , 8 cores, 7G,  Windows 11 , 64 bit Build 26100 (10.0.26100.9168)
Time: Sun Sep  6 17:42:38 2026 India Standard Time elapsed time: 374.585891 seconds (0d 0h 6m 14s)

---------------  T H R E A D  ---------------

Current thread (0x000002a1f99c7030):  JavaThread "C2 CompilerThread0" daemon [_thread_in_native, id=26372, stack(0x000000e478300000,0x000000e478400000) (1024K)]


Current CompileTask:
C2:374586 10160 %     4       org.gradle.internal.instantiation.generator.AbstractClassGenerator::inspectType @ 107 (560 bytes)

Stack: [0x000000e478300000,0x000000e478400000]
Native frames: (J=compiled Java code, j=interpreted, Vv=VM code, C=native code)
V  [jvm.dll+0x6d83e9]
V  [jvm.dll+0x8b5736]
V  [jvm.dll+0x8b7cee]
V  [jvm.dll+0x8b83d3]
V  [jvm.dll+0x284596]
V  [jvm.dll+0xc685d]
V  [jvm.dll+0xc6da1]
V  [jvm.dll+0x2fb5ae]
V  [jvm.dll+0x5fee94]
V  [jvm.dll+0x255d67]
V  [jvm.dll+0x24e0f4]
V  [jvm.dll+0x24bbe6]
V  [jvm.dll+0x1cb4ae]
V  [jvm.dll+0x25baad]
V  [jvm.dll+0x25a03a]
V  [jvm.dll+0x3f8aae]
V  [jvm.dll+0x8600cd]
V  [jvm.dll+0x6d6c1d]
C  [ucrtbase.dll+0x2cd30]
C  [KERNEL32.DLL+0x2ccb7]
C  [ntdll.dll+0xaad6c]


---------------  P R O C E S S  ---------------

Threads class SMR info:
_java_thread_list=0x000002a1a6fa66a0, length=62, elements={
0x000002a1f0e41920, 0x000002a1f99be380, 0x000002a1f99c0bf0, 0x000002a1f99c2370,
0x000002a1f99c4de0, 0x000002a1f99c5840, 0x000002a1f99c62a0, 0x000002a1f99c7030,
0x000002a1f9a35fe0, 0x000002a1f9baa130, 0x000002a1f9c63550, 0x000002a1f9b7ec20,
0x000002a1fe7e9880, 0x000002a1ff334440, 0x000002a1ff41c7b0, 0x000002a1ff391620,
0x000002a1ff3a3be0, 0x000002a1ff4736f0, 0x000002a1ff4764e0, 0x000002a1ff476b70,
0x000002a1ff475130, 0x000002a1ff477200, 0x000002a1ff4785b0, 0x000002a1ff4792d0,
0x000002a1ff479ff0, 0x000002a1ff47a680, 0x000002a1a528d920, 0x000002a1a63d39b0,
0x000002a1a63d1f70, 0x000002a1a63d4040, 0x000002a1a63d46d0, 0x000002a1a63d4d60,
0x000002a1a63d18e0, 0x000002a1a63d53f0, 0x000002a1a63d5a80, 0x000002a1a63d6110,
0x000002a1a63d2c90, 0x000002a1a63d81e0, 0x000002a1a63d8f00, 0x000002a1a63d67a0,
0x000002a1a63d3320, 0x000002a1a63d8870, 0x000002a1a63d74c0, 0x000002a1a63d7b50,
0x000002a1a63d6e30, 0x000002a1a528dfb0, 0x000002a1a528ab30, 0x000002a1a528e640,
0x000002a1a528b1c0, 0x000002a1a528c570, 0x000002a1a528ecd0, 0x000002a1a528b850,
0x000002a1a528f360, 0x000002a1a528cc00, 0x000002a1a528f9f0, 0x000002a1a528d290,
0x000002a1a5290080, 0x000002a1a5292150, 0x000002a1a5291ac0, 0x000002a1a5290710,
0x000002a1a5290da0, 0x000002a1ff475e50
}

Java Threads: ( => current thread )
  0x000002a1f0e41920 JavaThread "main"                              [_thread_blocked, id=35628, stack(0x000000e477500000,0x000000e477600000) (1024K)]
  0x000002a1f99be380 JavaThread "Reference Handler"          daemon [_thread_blocked, id=35724, stack(0x000000e477d00000,0x000000e477e00000) (1024K)]
  0x000002a1f99c0bf0 JavaThread "Finalizer"                  daemon [_thread_blocked, id=34836, stack(0x000000e477e00000,0x000000e477f00000) (1024K)]
  0x000002a1f99c2370 JavaThread "Signal Dispatcher"          daemon [_thread_blocked, id=35380, stack(0x000000e477f00000,0x000000e478000000) (1024K)]
  0x000002a1f99c4de0 JavaThread "Attach Listener"            daemon [_thread_blocked, id=36616, stack(0x000000e478000000,0x000000e478100000) (1024K)]
  0x000002a1f99c5840 JavaThread "Service Thread"             daemon [_thread_blocked, id=23780, stack(0x000000e478100000,0x000000e478200000) (1024K)]
  0x000002a1f99c62a0 JavaThread "Monitor Deflation Thread"   daemon [_thread_blocked, id=12856, stack(0x000000e478200000,0x000000e478300000) (1024K)]
=>0x000002a1f99c7030 JavaThread "C2 CompilerThread0"         daemon [_thread_in_native, id=26372, stack(0x000000e478300000,0x000000e478400000) (1024K)]
  0x000002a1f9a35fe0 JavaThread "C1 CompilerThread0"         daemon [_thread_blocked, id=11892, stack(0x000000e478400000,0x000000e478500000) (1024K)]
  0x000002a1f9baa130 JavaThread "Common-Cleaner"             daemon [_thread_blocked, id=36508, stack(0x000000e478500000,0x000000e478600000) (1024K)]
  0x000002a1f9c63550 JavaThread "Notification Thread"        daemon [_thread_blocked, id=10032, stack(0x000000e478600000,0x000000e478700000) (1024K)]
  0x000002a1f9b7ec20 JavaThread "Daemon health stats"               [_thread_blocked, id=34156, stack(0x000000e478c00000,0x000000e478d00000) (1024K)]
  0x000002a1fe7e9880 JavaThread "Incoming local TCP Connector on port 55521"        [_thread_in_native, id=9784, stack(0x000000e478d00000,0x000000e478e00000) (1024K)]
  0x000002a1ff334440 JavaThread "Daemon periodic checks"            [_thread_blocked, id=36512, stack(0x000000e478f00000,0x000000e479000000) (1024K)]
  0x000002a1ff41c7b0 JavaThread "Daemon"                            [_thread_blocked, id=26820, stack(0x000000e478e00000,0x000000e478f00000) (1024K)]
  0x000002a1ff391620 JavaThread "Daemon worker"                     [_thread_in_vm, id=8940, stack(0x000000e479200000,0x000000e479300000) (1024K)]
  0x000002a1ff3a3be0 JavaThread "Cache worker for journal cache (C:\Users\NAGARAJU\.gradle\caches\journal-1)"        [_thread_blocked, id=36744, stack(0x000000e477200000,0x000000e477300000) (1024K)]
  0x000002a1ff4736f0 JavaThread "File lock request listener"        [_thread_in_native, id=36060, stack(0x000000e479600000,0x000000e479700000) (1024K)]
  0x000002a1ff4764e0 JavaThread "Cache worker for file hash cache (C:\Users\NAGARAJU\.gradle\caches\8.9\fileHashes)"        [_thread_blocked, id=31244, stack(0x000000e479800000,0x000000e479900000) (1024K)]
  0x000002a1ff476b70 JavaThread "File watcher server"        daemon [_thread_in_native, id=37360, stack(0x000000e479c00000,0x000000e479d00000) (1024K)]
  0x000002a1ff475130 JavaThread "File watcher consumer"      daemon [_thread_blocked, id=37320, stack(0x000000e479d00000,0x000000e479e00000) (1024K)]
  0x000002a1ff477200 JavaThread "Cache worker for file content cache (C:\Users\NAGARAJU\.gradle\caches\8.9\fileContent)"        [_thread_blocked, id=36700, stack(0x000000e479f00000,0x000000e47a000000) (1024K)]
  0x000002a1ff4785b0 JavaThread "jar transforms"                    [_thread_blocked, id=1348, stack(0x000000e47a200000,0x000000e47a300000) (1024K)]
  0x000002a1ff4792d0 JavaThread "jar transforms Thread 2"           [_thread_blocked, id=36268, stack(0x000000e47a300000,0x000000e47a400000) (1024K)]
  0x000002a1ff479ff0 JavaThread "jar transforms Thread 3"           [_thread_blocked, id=9960, stack(0x000000e47a400000,0x000000e47a500000) (1024K)]
  0x000002a1ff47a680 JavaThread "jar transforms Thread 4"           [_thread_blocked, id=26396, stack(0x000000e47a500000,0x000000e47a600000) (1024K)]
  0x000002a1a528d920 JavaThread "jar transforms Thread 5"           [_thread_blocked, id=35052, stack(0x000000e47a600000,0x000000e47a700000) (1024K)]
  0x000002a1a63d39b0 JavaThread "jar transforms Thread 6"           [_thread_blocked, id=23464, stack(0x000000e47bc00000,0x000000e47bd00000) (1024K)]
  0x000002a1a63d1f70 JavaThread "Handler for socket connection from /127.0.0.1:55521 to /127.0.0.1:55536"        [_thread_in_native, id=34068, stack(0x000000e479000000,0x000000e479100000) (1024K)]
  0x000002a1a63d4040 JavaThread "Cancel handler"                    [_thread_blocked, id=37668, stack(0x000000e479100000,0x000000e479200000) (1024K)]
  0x000002a1a63d46d0 JavaThread "Asynchronous log dispatcher for DefaultDaemonConnection: socket connection from /127.0.0.1:55521 to /127.0.0.1:55536"        [_thread_blocked, id=34772, stack(0x000000e479300000,0x000000e479400000) (1024K)]
  0x000002a1a63d4d60 JavaThread "Stdin handler"                     [_thread_blocked, id=37108, stack(0x000000e479400000,0x000000e479500000) (1024K)]
  0x000002a1a63d18e0 JavaThread "Daemon client event forwarder"        [_thread_blocked, id=35320, stack(0x000000e479500000,0x000000e479600000) (1024K)]
  0x000002a1a63d53f0 JavaThread "Cache worker for file hash cache (C:\zynnative\DocApp-CLI\node_modules\react-native-file-access\android\.gradle\8.9\fileHashes)"        [_thread_blocked, id=17416, stack(0x000000e479b00000,0x000000e479c00000) (1024K)]
  0x000002a1a63d5a80 JavaThread "Cache worker for Build Output Cleanup Cache (C:\zynnative\DocApp-CLI\node_modules\react-native-file-access\android\.gradle\buildOutputCleanup)"        [_thread_blocked, id=37240, stack(0x000000e479e00000,0x000000e479f00000) (1024K)]
  0x000002a1a63d6110 JavaThread "Cache worker for checksums cache (C:\zynnative\DocApp-CLI\node_modules\react-native-file-access\android\.gradle\8.9\checksums)"        [_thread_blocked, id=30028, stack(0x000000e47a000000,0x000000e47a100000) (1024K)]
  0x000002a1a63d2c90 JavaThread "Cache worker for cache directory md-rule (C:\Users\NAGARAJU\.gradle\caches\8.9\md-rule)"        [_thread_blocked, id=28260, stack(0x000000e47a100000,0x000000e47a200000) (1024K)]
  0x000002a1a63d81e0 JavaThread "Cache worker for cache directory md-supplier (C:\Users\NAGARAJU\.gradle\caches\8.9\md-supplier)"        [_thread_blocked, id=37780, stack(0x000000e47a700000,0x000000e47a800000) (1024K)]
  0x000002a1a63d8f00 JavaThread "jar transforms Thread 7"           [_thread_blocked, id=37308, stack(0x000000e47a800000,0x000000e47a900000) (1024K)]
  0x000002a1a63d67a0 JavaThread "Unconstrained build operations"        [_thread_blocked, id=38644, stack(0x000000e477300000,0x000000e477400000) (1024K)]
  0x000002a1a63d3320 JavaThread "Unconstrained build operations Thread 2"        [_thread_blocked, id=38640, stack(0x000000e47a900000,0x000000e47aa00000) (1024K)]
  0x000002a1a63d8870 JavaThread "Unconstrained build operations Thread 3"        [_thread_blocked, id=38648, stack(0x000000e47aa00000,0x000000e47ab00000) (1024K)]
  0x000002a1a63d74c0 JavaThread "Unconstrained build operations Thread 4"        [_thread_blocked, id=38536, stack(0x000000e47ab00000,0x000000e47ac00000) (1024K)]
  0x000002a1a63d7b50 JavaThread "Unconstrained build operations Thread 5"        [_thread_blocked, id=38604, stack(0x000000e47ac00000,0x000000e47ad00000) (1024K)]
  0x000002a1a63d6e30 JavaThread "Unconstrained build operations Thread 6"        [_thread_blocked, id=38628, stack(0x000000e47ad00000,0x000000e47ae00000) (1024K)]
  0x000002a1a528dfb0 JavaThread "Unconstrained build operations Thread 7"        [_thread_blocked, id=38588, stack(0x000000e47ae00000,0x000000e47af00000) (1024K)]
  0x000002a1a528ab30 JavaThread "Unconstrained build operations Thread 8"        [_thread_blocked, id=37328, stack(0x000000e47af00000,0x000000e47b000000) (1024K)]
  0x000002a1a528e640 JavaThread "Unconstrained build operations Thread 9"        [_thread_blocked, id=38812, stack(0x000000e47b000000,0x000000e47b100000) (1024K)]
  0x000002a1a528b1c0 JavaThread "Unconstrained build operations Thread 10"        [_thread_blocked, id=36660, stack(0x000000e47b100000,0x000000e47b200000) (1024K)]
  0x000002a1a528c570 JavaThread "Unconstrained build operations Thread 11"        [_thread_blocked, id=14688, stack(0x000000e47b200000,0x000000e47b300000) (1024K)]
  0x000002a1a528ecd0 JavaThread "Unconstrained build operations Thread 12"        [_thread_blocked, id=37680, stack(0x000000e47b300000,0x000000e47b400000) (1024K)]
  0x000002a1a528b850 JavaThread "Unconstrained build operations Thread 13"        [_thread_blocked, id=29404, stack(0x000000e47b400000,0x000000e47b500000) (1024K)]
  0x000002a1a528f360 JavaThread "Unconstrained build operations Thread 14"        [_thread_blocked, id=10028, stack(0x000000e47b500000,0x000000e47b600000) (1024K)]
  0x000002a1a528cc00 JavaThread "Unconstrained build operations Thread 15"        [_thread_blocked, id=26412, stack(0x000000e47b600000,0x000000e47b700000) (1024K)]
  0x000002a1a528f9f0 JavaThread "Unconstrained build operations Thread 16"        [_thread_blocked, id=38036, stack(0x000000e47b700000,0x000000e47b800000) (1024K)]
  0x000002a1a528d290 JavaThread "Unconstrained build operations Thread 17"        [_thread_blocked, id=37980, stack(0x000000e47b800000,0x000000e47b900000) (1024K)]
  0x000002a1a5290080 JavaThread "Unconstrained build operations Thread 18"        [_thread_blocked, id=38072, stack(0x000000e47b900000,0x000000e47ba00000) (1024K)]
  0x000002a1a5292150 JavaThread "Unconstrained build operations Thread 19"        [_thread_blocked, id=38116, stack(0x000000e47ba00000,0x000000e47bb00000) (1024K)]
  0x000002a1a5291ac0 JavaThread "Unconstrained build operations Thread 20"        [_thread_blocked, id=37032, stack(0x000000e47bb00000,0x000000e47bc00000) (1024K)]
  0x000002a1a5290710 JavaThread "Unconstrained build operations Thread 21"        [_thread_blocked, id=37984, stack(0x000000e47bd00000,0x000000e47be00000) (1024K)]
  0x000002a1a5290da0 JavaThread "jar transforms Thread 8"           [_thread_blocked, id=33352, stack(0x000000e47be00000,0x000000e47bf00000) (1024K)]
  0x000002a1ff475e50 JavaThread "Memory manager"                    [_thread_blocked, id=34392, stack(0x000000e479700000,0x000000e479800000) (1024K)]
Total: 62

Other Threads:
  0x000002a1f999ece0 VMThread "VM Thread"                           [id=31152, stack(0x000000e477c00000,0x000000e477d00000) (1024K)]
  0x000002a1f9991e80 WatcherThread "VM Periodic Task Thread"        [id=23088, stack(0x000000e477b00000,0x000000e477c00000) (1024K)]
  0x000002a1f0efb450 WorkerThread "GC Thread#0"                     [id=34428, stack(0x000000e477600000,0x000000e477700000) (1024K)]
  0x000002a1f9dbcb90 WorkerThread "GC Thread#1"                     [id=30376, stack(0x000000e478700000,0x000000e478800000) (1024K)]
  0x000002a1fe1feb40 WorkerThread "GC Thread#2"                     [id=32444, stack(0x000000e478800000,0x000000e478900000) (1024K)]
  0x000002a1fe1feef0 WorkerThread "GC Thread#3"                     [id=34640, stack(0x000000e478900000,0x000000e478a00000) (1024K)]
  0x000002a1f9c90860 WorkerThread "GC Thread#4"                     [id=32772, stack(0x000000e478a00000,0x000000e478b00000) (1024K)]
  0x000002a1f9c90c10 WorkerThread "GC Thread#5"                     [id=17464, stack(0x000000e478b00000,0x000000e478c00000) (1024K)]
  0x000002a1ff08e180 WorkerThread "GC Thread#6"                     [id=37528, stack(0x000000e479900000,0x000000e479a00000) (1024K)]
  0x000002a1ff08e530 WorkerThread "GC Thread#7"                     [id=37532, stack(0x000000e479a00000,0x000000e479b00000) (1024K)]
  0x000002a1f0efe230 ConcurrentGCThread "G1 Main Marker"            [id=34432, stack(0x000000e477700000,0x000000e477800000) (1024K)]
  0x000002a1f0efeb50 WorkerThread "G1 Conc#0"                       [id=34452, stack(0x000000e477800000,0x000000e477900000) (1024K)]
  0x000002a1ff08ddd0 WorkerThread "G1 Conc#1"                       [id=37200, stack(0x000000e477400000,0x000000e477500000) (1024K)]
  0x000002a1f9860650 ConcurrentGCThread "G1 Refine#0"               [id=34460, stack(0x000000e477900000,0x000000e477a00000) (1024K)]
  0x000002a1f9861ba0 ConcurrentGCThread "G1 Service"                [id=34512, stack(0x000000e477a00000,0x000000e477b00000) (1024K)]
Total: 15

Threads with active compile tasks:
C2 CompilerThread0  374644 10160 %     4       org.gradle.internal.instantiation.generator.AbstractClassGenerator::inspectType @ 107 (560 bytes)
Total: 1

VM state: not at safepoint (normal execution)

VM Mutex/Monitor currently owned by a thread: None

Heap address: 0x00000000e0000000, size: 512 MB, Compressed Oops mode: 32-bit

CDS archive(s) mapped at: [0x000002a18f000000-0x000002a18fba0000-0x000002a18fba0000), size 12189696, SharedBaseAddress: 0x000002a18f000000, ArchiveRelocationMode: 1.
Compressed class space mapped at: 0x000002a190000000-0x000002a1a4000000, reserved size: 335544320
Narrow klass base: 0x000002a18f000000, Narrow klass shift: 0, Narrow klass range: 0x100000000

GC Precious Log:
 CardTable entry size: 512
 Card Set container configuration: InlinePtr #cards 5 size 8 Array Of Cards #cards 12 size 40 Howl #buckets 4 coarsen threshold 1843 Howl Bitmap #cards 512 size 80 coarsen threshold 460 Card regions per heap region 1 cards per card region 2048
 CPUs: 8 total, 8 available
 Memory: 7502M
 Large Page Support: Disabled
 NUMA Support: Disabled
 Compressed Oops: Enabled (32-bit)
 Heap Region Size: 1M
 Heap Min Capacity: 256M
 Heap Initial Capacity: 256M
 Heap Max Capacity: 512M
 Pre-touch: Disabled
 Parallel Workers: 8
 Concurrent Workers: 2
 Concurrent Refinement Workers: 8
 Periodic GC: Disabled

Heap:
 garbage-first heap   total 262144K, used 142682K [0x00000000e0000000, 0x0000000100000000)
  region size 1024K, 74 young (75776K), 13 survivors (13312K)
 Metaspace       used 64860K, committed 66752K, reserved 393216K
  class space    used 9061K, committed 9984K, reserved 327680K

Heap Regions: E=young(eden), S=young(survivor), O=old, HS=humongous(starts), HC=humongous(continues), CS=collection set, F=free, TAMS=top-at-mark-start, PB=parsable bottom
|   0|0x00000000e0000000, 0x00000000e0100000, 0x00000000e0100000|100%|HS|  |TAMS 0x00000000e0000000| PB 0x00000000e0000000| Complete 
|   1|0x00000000e0100000, 0x00000000e0200000, 0x00000000e0200000|100%|HC|  |TAMS 0x00000000e0100000| PB 0x00000000e0100000| Complete 
|   2|0x00000000e0200000, 0x00000000e0300000, 0x00000000e0300000|100%|HC|  |TAMS 0x00000000e0200000| PB 0x00000000e0200000| Complete 
|   3|0x00000000e0300000, 0x00000000e0400000, 0x00000000e0400000|100%|HC|  |TAMS 0x00000000e0300000| PB 0x00000000e0300000| Complete 
|   4|0x00000000e0400000, 0x00000000e0500000, 0x00000000e0500000|100%| O|  |TAMS 0x00000000e0400000| PB 0x00000000e0400000| Untracked 
|   5|0x00000000e0500000, 0x00000000e0600000, 0x00000000e0600000|100%| O|  |TAMS 0x00000000e0500000| PB 0x00000000e0500000| Untracked 
|   6|0x00000000e0600000, 0x00000000e0700000, 0x00000000e0700000|100%| O|  |TAMS 0x00000000e0600000| PB 0x00000000e0600000| Untracked 
|   7|0x00000000e0700000, 0x00000000e0800000, 0x00000000e0800000|100%| O|  |TAMS 0x00000000e0700000| PB 0x00000000e0700000| Untracked 
|   8|0x00000000e0800000, 0x00000000e0900000, 0x00000000e0900000|100%| O|  |TAMS 0x00000000e0800000| PB 0x00000000e0800000| Untracked 
|   9|0x00000000e0900000, 0x00000000e0a00000, 0x00000000e0a00000|100%| O|  |TAMS 0x00000000e0900000| PB 0x00000000e0900000| Untracked 
|  10|0x00000000e0a00000, 0x00000000e0b00000, 0x00000000e0b00000|100%| O|  |TAMS 0x00000000e0a00000| PB 0x00000000e0a00000| Untracked 
|  11|0x00000000e0b00000, 0x00000000e0c00000, 0x00000000e0c00000|100%|HS|  |TAMS 0x00000000e0b00000| PB 0x00000000e0b00000| Complete 
|  12|0x00000000e0c00000, 0x00000000e0d00000, 0x00000000e0d00000|100%| O|  |TAMS 0x00000000e0c00000| PB 0x00000000e0c00000| Untracked 
|  13|0x00000000e0d00000, 0x00000000e0e00000, 0x00000000e0e00000|100%| O|  |TAMS 0x00000000e0d00000| PB 0x00000000e0d00000| Untracked 
|  14|0x00000000e0e00000, 0x00000000e0f00000, 0x00000000e0f00000|100%| O|  |TAMS 0x00000000e0e00000| PB 0x00000000e0e00000| Untracked 
|  15|0x00000000e0f00000, 0x00000000e1000000, 0x00000000e1000000|100%| O|  |TAMS 0x00000000e0f00000| PB 0x00000000e0f00000| Untracked 
|  16|0x00000000e1000000, 0x00000000e1100000, 0x00000000e1100000|100%| O|  |TAMS 0x00000000e1000000| PB 0x00000000e1000000| Untracked 
|  17|0x00000000e1100000, 0x00000000e1200000, 0x00000000e1200000|100%| O|  |TAMS 0x00000000e1100000| PB 0x00000000e1100000| Untracked 
|  18|0x00000000e1200000, 0x00000000e1300000, 0x00000000e1300000|100%| O|  |TAMS 0x00000000e1200000| PB 0x00000000e1200000| Untracked 
|  19|0x00000000e1300000, 0x00000000e1400000, 0x00000000e1400000|100%| O|  |TAMS 0x00000000e1300000| PB 0x00000000e1300000| Untracked 
|  20|0x00000000e1400000, 0x00000000e1500000, 0x00000000e1500000|100%| O|  |TAMS 0x00000000e1400000| PB 0x00000000e1400000| Untracked 
|  21|0x00000000e1500000, 0x00000000e1600000, 0x00000000e1600000|100%|HS|  |TAMS 0x00000000e1500000| PB 0x00000000e1500000| Complete 
|  22|0x00000000e1600000, 0x00000000e1700000, 0x00000000e1700000|100%| O|  |TAMS 0x00000000e1600000| PB 0x00000000e1600000| Untracked 
|  23|0x00000000e1700000, 0x00000000e1800000, 0x00000000e1800000|100%| O|  |TAMS 0x00000000e1700000| PB 0x00000000e1700000| Untracked 
|  24|0x00000000e1800000, 0x00000000e1900000, 0x00000000e1900000|100%|HS|  |TAMS 0x00000000e1800000| PB 0x00000000e1800000| Complete 
|  25|0x00000000e1900000, 0x00000000e1a00000, 0x00000000e1a00000|100%|HC|  |TAMS 0x00000000e1900000| PB 0x00000000e1900000| Complete 
|  26|0x00000000e1a00000, 0x00000000e1b00000, 0x00000000e1b00000|100%|HS|  |TAMS 0x00000000e1a00000| PB 0x00000000e1a00000| Complete 
|  27|0x00000000e1b00000, 0x00000000e1c00000, 0x00000000e1c00000|100%|HC|  |TAMS 0x00000000e1b00000| PB 0x00000000e1b00000| Complete 
|  28|0x00000000e1c00000, 0x00000000e1d00000, 0x00000000e1d00000|100%|HC|  |TAMS 0x00000000e1c00000| PB 0x00000000e1c00000| Complete 
|  29|0x00000000e1d00000, 0x00000000e1e00000, 0x00000000e1e00000|100%|HC|  |TAMS 0x00000000e1d00000| PB 0x00000000e1d00000| Complete 
|  30|0x00000000e1e00000, 0x00000000e1f00000, 0x00000000e1f00000|100%| O|  |TAMS 0x00000000e1e00000| PB 0x00000000e1e00000| Untracked 
|  31|0x00000000e1f00000, 0x00000000e2000000, 0x00000000e2000000|100%| O|  |TAMS 0x00000000e1f00000| PB 0x00000000e1f00000| Untracked 
|  32|0x00000000e2000000, 0x00000000e2100000, 0x00000000e2100000|100%| O|  |TAMS 0x00000000e2000000| PB 0x00000000e2000000| Untracked 
|  33|0x00000000e2100000, 0x00000000e2200000, 0x00000000e2200000|100%| O|  |TAMS 0x00000000e2100000| PB 0x00000000e2100000| Untracked 
|  34|0x00000000e2200000, 0x00000000e2300000, 0x00000000e2300000|100%| O|  |TAMS 0x00000000e2200000| PB 0x00000000e2200000| Untracked 
|  35|0x00000000e2300000, 0x00000000e2400000, 0x00000000e2400000|100%| O|  |TAMS 0x00000000e2300000| PB 0x00000000e2300000| Untracked 
|  36|0x00000000e2400000, 0x00000000e2500000, 0x00000000e2500000|100%| O|  |TAMS 0x00000000e2400000| PB 0x00000000e2400000| Untracked 
|  37|0x00000000e2500000, 0x00000000e2600000, 0x00000000e2600000|100%| O|  |TAMS 0x00000000e2500000| PB 0x00000000e2500000| Untracked 
|  38|0x00000000e2600000, 0x00000000e2700000, 0x00000000e2700000|100%| O|  |TAMS 0x00000000e2600000| PB 0x00000000e2600000| Untracked 
|  39|0x00000000e2700000, 0x00000000e2800000, 0x00000000e2800000|100%| O|  |TAMS 0x00000000e2700000| PB 0x00000000e2700000| Untracked 
|  40|0x00000000e2800000, 0x00000000e2900000, 0x00000000e2900000|100%| O|  |TAMS 0x00000000e2800000| PB 0x00000000e2800000| Untracked 
|  41|0x00000000e2900000, 0x00000000e2a00000, 0x00000000e2a00000|100%| O|  |TAMS 0x00000000e2900000| PB 0x00000000e2900000| Untracked 
|  42|0x00000000e2a00000, 0x00000000e2b00000, 0x00000000e2b00000|100%| O|  |TAMS 0x00000000e2a00000| PB 0x00000000e2a00000| Untracked 
|  43|0x00000000e2b00000, 0x00000000e2c00000, 0x00000000e2c00000|100%| O|  |TAMS 0x00000000e2b00000| PB 0x00000000e2b00000| Untracked 
|  44|0x00000000e2c00000, 0x00000000e2d00000, 0x00000000e2d00000|100%| O|  |TAMS 0x00000000e2c00000| PB 0x00000000e2c00000| Untracked 
|  45|0x00000000e2d00000, 0x00000000e2e00000, 0x00000000e2e00000|100%| O|  |TAMS 0x00000000e2d00000| PB 0x00000000e2d00000| Untracked 
|  46|0x00000000e2e00000, 0x00000000e2f00000, 0x00000000e2f00000|100%| O|  |TAMS 0x00000000e2e00000| PB 0x00000000e2e00000| Untracked 
|  47|0x00000000e2f00000, 0x00000000e3000000, 0x00000000e3000000|100%|HS|  |TAMS 0x00000000e2f00000| PB 0x00000000e2f00000| Complete 
|  48|0x00000000e3000000, 0x00000000e3100000, 0x00000000e3100000|100%|HS|  |TAMS 0x00000000e3000000| PB 0x00000000e3000000| Complete 
|  49|0x00000000e3100000, 0x00000000e3200000, 0x00000000e3200000|100%|HC|  |TAMS 0x00000000e3100000| PB 0x00000000e3100000| Complete 
|  50|0x00000000e3200000, 0x00000000e3300000, 0x00000000e3300000|100%|HS|  |TAMS 0x00000000e3200000| PB 0x00000000e3200000| Complete 
|  51|0x00000000e3300000, 0x00000000e3400000, 0x00000000e3400000|100%|HS|  |TAMS 0x00000000e3300000| PB 0x00000000e3300000| Complete 
|  52|0x00000000e3400000, 0x00000000e3500000, 0x00000000e3500000|100%|HC|  |TAMS 0x00000000e3400000| PB 0x00000000e3400000| Complete 
|  53|0x00000000e3500000, 0x00000000e3600000, 0x00000000e3600000|100%|HC|  |TAMS 0x00000000e3500000| PB 0x00000000e3500000| Complete 
|  54|0x00000000e3600000, 0x00000000e3700000, 0x00000000e3700000|100%|HC|  |TAMS 0x00000000e3600000| PB 0x00000000e3600000| Complete 
|  55|0x00000000e3700000, 0x00000000e3800000, 0x00000000e3800000|100%| O|  |TAMS 0x00000000e3700000| PB 0x00000000e3700000| Untracked 
|  56|0x00000000e3800000, 0x00000000e3900000, 0x00000000e3900000|100%| O|  |TAMS 0x00000000e3800000| PB 0x00000000e3800000| Untracked 
|  57|0x00000000e3900000, 0x00000000e3a00000, 0x00000000e3a00000|100%| O|  |TAMS 0x00000000e3900000| PB 0x00000000e3900000| Untracked 
|  58|0x00000000e3a00000, 0x00000000e3b00000, 0x00000000e3b00000|100%| O|  |TAMS 0x00000000e3a00000| PB 0x00000000e3a00000| Untracked 
|  59|0x00000000e3b00000, 0x00000000e3c00000, 0x00000000e3c00000|100%| O|  |TAMS 0x00000000e3b00000| PB 0x00000000e3b00000| Untracked 
|  60|0x00000000e3c00000, 0x00000000e3d00000, 0x00000000e3d00000|100%| O|  |TAMS 0x00000000e3c00000| PB 0x00000000e3c00000| Untracked 
|  61|0x00000000e3d00000, 0x00000000e3e00000, 0x00000000e3e00000|100%| O|  |TAMS 0x00000000e3d00000| PB 0x00000000e3d00000| Untracked 
|  62|0x00000000e3e00000, 0x00000000e3f00000, 0x00000000e3f00000|100%| O|  |TAMS 0x00000000e3e00000| PB 0x00000000e3e00000| Untracked 
|  63|0x00000000e3f00000, 0x00000000e4000000, 0x00000000e4000000|100%| O|Cm|TAMS 0x00000000e3f00000| PB 0x00000000e3f00000| Complete 
|  64|0x00000000e4000000, 0x00000000e40f3b88, 0x00000000e4100000| 95%| O|  |TAMS 0x00000000e4000000| PB 0x00000000e4000000| Untracked 
|  65|0x00000000e4100000, 0x00000000e4200000, 0x00000000e4200000|100%|HS|  |TAMS 0x00000000e4100000| PB 0x00000000e4100000| Complete 
|  66|0x00000000e4200000, 0x00000000e4300000, 0x00000000e4300000|100%|HC|  |TAMS 0x00000000e4200000| PB 0x00000000e4200000| Complete 
|  67|0x00000000e4300000, 0x00000000e4400000, 0x00000000e4400000|100%|HS|  |TAMS 0x00000000e4300000| PB 0x00000000e4300000| Complete 
|  68|0x00000000e4400000, 0x00000000e4400000, 0x00000000e4500000|  0%| F|  |TAMS 0x00000000e4400000| PB 0x00000000e4400000| Untracked 
|  69|0x00000000e4500000, 0x00000000e4500000, 0x00000000e4600000|  0%| F|  |TAMS 0x00000000e4500000| PB 0x00000000e4500000| Untracked 
|  70|0x00000000e4600000, 0x00000000e4600000, 0x00000000e4700000|  0%| F|  |TAMS 0x00000000e4600000| PB 0x00000000e4600000| Untracked 
|  71|0x00000000e4700000, 0x00000000e4700000, 0x00000000e4800000|  0%| F|  |TAMS 0x00000000e4700000| PB 0x00000000e4700000| Untracked 
|  72|0x00000000e4800000, 0x00000000e4800000, 0x00000000e4900000|  0%| F|  |TAMS 0x00000000e4800000| PB 0x00000000e4800000| Untracked 
|  73|0x00000000e4900000, 0x00000000e4900000, 0x00000000e4a00000|  0%| F|  |TAMS 0x00000000e4900000| PB 0x00000000e4900000| Untracked 
|  74|0x00000000e4a00000, 0x00000000e4a00000, 0x00000000e4b00000|  0%| F|  |TAMS 0x00000000e4a00000| PB 0x00000000e4a00000| Untracked 
|  75|0x00000000e4b00000, 0x00000000e4b00000, 0x00000000e4c00000|  0%| F|  |TAMS 0x00000000e4b00000| PB 0x00000000e4b00000| Untracked 
|  76|0x00000000e4c00000, 0x00000000e4c00000, 0x00000000e4d00000|  0%| F|  |TAMS 0x00000000e4c00000| PB 0x00000000e4c00000| Untracked 
|  77|0x00000000e4d00000, 0x00000000e4d00000, 0x00000000e4e00000|  0%| F|  |TAMS 0x00000000e4d00000| PB 0x00000000e4d00000| Untracked 
|  78|0x00000000e4e00000, 0x00000000e4e00000, 0x00000000e4f00000|  0%| F|  |TAMS 0x00000000e4e00000| PB 0x00000000e4e00000| Untracked 
|  79|0x00000000e4f00000, 0x00000000e4f00000, 0x00000000e5000000|  0%| F|  |TAMS 0x00000000e4f00000| PB 0x00000000e4f00000| Untracked 
|  80|0x00000000e5000000, 0x00000000e5000000, 0x00000000e5100000|  0%| F|  |TAMS 0x00000000e5000000| PB 0x00000000e5000000| Untracked 
|  81|0x00000000e5100000, 0x00000000e5100000, 0x00000000e5200000|  0%| F|  |TAMS 0x00000000e5100000| PB 0x00000000e5100000| Untracked 
|  82|0x00000000e5200000, 0x00000000e5200000, 0x00000000e5300000|  0%| F|  |TAMS 0x00000000e5200000| PB 0x00000000e5200000| Untracked 
|  83|0x00000000e5300000, 0x00000000e5300000, 0x00000000e5400000|  0%| F|  |TAMS 0x00000000e5300000| PB 0x00000000e5300000| Untracked 
|  84|0x00000000e5400000, 0x00000000e5400000, 0x00000000e5500000|  0%| F|  |TAMS 0x00000000e5400000| PB 0x00000000e5400000| Untracked 
|  85|0x00000000e5500000, 0x00000000e5500000, 0x00000000e5600000|  0%| F|  |TAMS 0x00000000e5500000| PB 0x00000000e5500000| Untracked 
|  86|0x00000000e5600000, 0x00000000e5600000, 0x00000000e5700000|  0%| F|  |TAMS 0x00000000e5600000| PB 0x00000000e5600000| Untracked 
|  87|0x00000000e5700000, 0x00000000e5700000, 0x00000000e5800000|  0%| F|  |TAMS 0x00000000e5700000| PB 0x00000000e5700000| Untracked 
|  88|0x00000000e5800000, 0x00000000e5800000, 0x00000000e5900000|  0%| F|  |TAMS 0x00000000e5800000| PB 0x00000000e5800000| Untracked 
|  89|0x00000000e5900000, 0x00000000e5900000, 0x00000000e5a00000|  0%| F|  |TAMS 0x00000000e5900000| PB 0x00000000e5900000| Untracked 
|  90|0x00000000e5a00000, 0x00000000e5a00000, 0x00000000e5b00000|  0%| F|  |TAMS 0x00000000e5a00000| PB 0x00000000e5a00000| Untracked 
|  91|0x00000000e5b00000, 0x00000000e5b00000, 0x00000000e5c00000|  0%| F|  |TAMS 0x00000000e5b00000| PB 0x00000000e5b00000| Untracked 
|  92|0x00000000e5c00000, 0x00000000e5c00000, 0x00000000e5d00000|  0%| F|  |TAMS 0x00000000e5c00000| PB 0x00000000e5c00000| Untracked 
|  93|0x00000000e5d00000, 0x00000000e5d00000, 0x00000000e5e00000|  0%| F|  |TAMS 0x00000000e5d00000| PB 0x00000000e5d00000| Untracked 
|  94|0x00000000e5e00000, 0x00000000e5e00000, 0x00000000e5f00000|  0%| F|  |TAMS 0x00000000e5e00000| PB 0x00000000e5e00000| Untracked 
|  95|0x00000000e5f00000, 0x00000000e5f00000, 0x00000000e6000000|  0%| F|  |TAMS 0x00000000e5f00000| PB 0x00000000e5f00000| Untracked 
|  96|0x00000000e6000000, 0x00000000e6000000, 0x00000000e6100000|  0%| F|  |TAMS 0x00000000e6000000| PB 0x00000000e6000000| Untracked 
|  97|0x00000000e6100000, 0x00000000e6100000, 0x00000000e6200000|  0%| F|  |TAMS 0x00000000e6100000| PB 0x00000000e6100000| Untracked 
|  98|0x00000000e6200000, 0x00000000e6200000, 0x00000000e6300000|  0%| F|  |TAMS 0x00000000e6200000| PB 0x00000000e6200000| Untracked 
|  99|0x00000000e6300000, 0x00000000e6300000, 0x00000000e6400000|  0%| F|  |TAMS 0x00000000e6300000| PB 0x00000000e6300000| Untracked 
| 100|0x00000000e6400000, 0x00000000e6400000, 0x00000000e6500000|  0%| F|  |TAMS 0x00000000e6400000| PB 0x00000000e6400000| Untracked 
| 101|0x00000000e6500000, 0x00000000e6500000, 0x00000000e6600000|  0%| F|  |TAMS 0x00000000e6500000| PB 0x00000000e6500000| Untracked 
| 102|0x00000000e6600000, 0x00000000e6600000, 0x00000000e6700000|  0%| F|  |TAMS 0x00000000e6600000| PB 0x00000000e6600000| Untracked 
| 103|0x00000000e6700000, 0x00000000e6700000, 0x00000000e6800000|  0%| F|  |TAMS 0x00000000e6700000| PB 0x00000000e6700000| Untracked 
| 104|0x00000000e6800000, 0x00000000e6800000, 0x00000000e6900000|  0%| F|  |TAMS 0x00000000e6800000| PB 0x00000000e6800000| Untracked 
| 105|0x00000000e6900000, 0x00000000e6900000, 0x00000000e6a00000|  0%| F|  |TAMS 0x00000000e6900000| PB 0x00000000e6900000| Untracked 
| 106|0x00000000e6a00000, 0x00000000e6a00000, 0x00000000e6b00000|  0%| F|  |TAMS 0x00000000e6a00000| PB 0x00000000e6a00000| Untracked 
| 107|0x00000000e6b00000, 0x00000000e6b00000, 0x00000000e6c00000|  0%| F|  |TAMS 0x00000000e6b00000| PB 0x00000000e6b00000| Untracked 
| 108|0x00000000e6c00000, 0x00000000e6c00000, 0x00000000e6d00000|  0%| F|  |TAMS 0x00000000e6c00000| PB 0x00000000e6c00000| Untracked 
| 109|0x00000000e6d00000, 0x00000000e6d00000, 0x00000000e6e00000|  0%| F|  |TAMS 0x00000000e6d00000| PB 0x00000000e6d00000| Untracked 
| 110|0x00000000e6e00000, 0x00000000e6e00000, 0x00000000e6f00000|  0%| F|  |TAMS 0x00000000e6e00000| PB 0x00000000e6e00000| Untracked 
| 111|0x00000000e6f00000, 0x00000000e6f00000, 0x00000000e7000000|  0%| F|  |TAMS 0x00000000e6f00000| PB 0x00000000e6f00000| Untracked 
| 112|0x00000000e7000000, 0x00000000e7000000, 0x00000000e7100000|  0%| F|  |TAMS 0x00000000e7000000| PB 0x00000000e7000000| Untracked 
| 113|0x00000000e7100000, 0x00000000e7100000, 0x00000000e7200000|  0%| F|  |TAMS 0x00000000e7100000| PB 0x00000000e7100000| Untracked 
| 114|0x00000000e7200000, 0x00000000e7200000, 0x00000000e7300000|  0%| F|  |TAMS 0x00000000e7200000| PB 0x00000000e7200000| Untracked 
| 115|0x00000000e7300000, 0x00000000e7300000, 0x00000000e7400000|  0%| F|  |TAMS 0x00000000e7300000| PB 0x00000000e7300000| Untracked 
| 116|0x00000000e7400000, 0x00000000e7400000, 0x00000000e7500000|  0%| F|  |TAMS 0x00000000e7400000| PB 0x00000000e7400000| Untracked 
| 117|0x00000000e7500000, 0x00000000e7500000, 0x00000000e7600000|  0%| F|  |TAMS 0x00000000e7500000| PB 0x00000000e7500000| Untracked 
| 118|0x00000000e7600000, 0x00000000e7600000, 0x00000000e7700000|  0%| F|  |TAMS 0x00000000e7600000| PB 0x00000000e7600000| Untracked 
| 119|0x00000000e7700000, 0x00000000e7700000, 0x00000000e7800000|  0%| F|  |TAMS 0x00000000e7700000| PB 0x00000000e7700000| Untracked 
| 120|0x00000000e7800000, 0x00000000e7800000, 0x00000000e7900000|  0%| F|  |TAMS 0x00000000e7800000| PB 0x00000000e7800000| Untracked 
| 121|0x00000000e7900000, 0x00000000e7900000, 0x00000000e7a00000|  0%| F|  |TAMS 0x00000000e7900000| PB 0x00000000e7900000| Untracked 
| 122|0x00000000e7a00000, 0x00000000e7a00000, 0x00000000e7b00000|  0%| F|  |TAMS 0x00000000e7a00000| PB 0x00000000e7a00000| Untracked 
| 123|0x00000000e7b00000, 0x00000000e7b00000, 0x00000000e7c00000|  0%| F|  |TAMS 0x00000000e7b00000| PB 0x00000000e7b00000| Untracked 
| 124|0x00000000e7c00000, 0x00000000e7c00000, 0x00000000e7d00000|  0%| F|  |TAMS 0x00000000e7c00000| PB 0x00000000e7c00000| Untracked 
| 125|0x00000000e7d00000, 0x00000000e7d00000, 0x00000000e7e00000|  0%| F|  |TAMS 0x00000000e7d00000| PB 0x00000000e7d00000| Untracked 
| 126|0x00000000e7e00000, 0x00000000e7e00000, 0x00000000e7f00000|  0%| F|  |TAMS 0x00000000e7e00000| PB 0x00000000e7e00000| Untracked 
| 127|0x00000000e7f00000, 0x00000000e7f00000, 0x00000000e8000000|  0%| F|  |TAMS 0x00000000e7f00000| PB 0x00000000e7f00000| Untracked 
| 128|0x00000000e8000000, 0x00000000e8000000, 0x00000000e8100000|  0%| F|  |TAMS 0x00000000e8000000| PB 0x00000000e8000000| Untracked 
| 129|0x00000000e8100000, 0x00000000e8100000, 0x00000000e8200000|  0%| F|  |TAMS 0x00000000e8100000| PB 0x00000000e8100000| Untracked 
| 130|0x00000000e8200000, 0x00000000e8200000, 0x00000000e8300000|  0%| F|  |TAMS 0x00000000e8200000| PB 0x00000000e8200000| Untracked 
| 131|0x00000000e8300000, 0x00000000e8300000, 0x00000000e8400000|  0%| F|  |TAMS 0x00000000e8300000| PB 0x00000000e8300000| Untracked 
| 132|0x00000000e8400000, 0x00000000e8400000, 0x00000000e8500000|  0%| F|  |TAMS 0x00000000e8400000| PB 0x00000000e8400000| Untracked 
| 133|0x00000000e8500000, 0x00000000e8500000, 0x00000000e8600000|  0%| F|  |TAMS 0x00000000e8500000| PB 0x00000000e8500000| Untracked 
| 134|0x00000000e8600000, 0x00000000e8600000, 0x00000000e8700000|  0%| F|  |TAMS 0x00000000e8600000| PB 0x00000000e8600000| Untracked 
| 135|0x00000000e8700000, 0x00000000e8700000, 0x00000000e8800000|  0%| F|  |TAMS 0x00000000e8700000| PB 0x00000000e8700000| Untracked 
| 136|0x00000000e8800000, 0x00000000e8800000, 0x00000000e8900000|  0%| F|  |TAMS 0x00000000e8800000| PB 0x00000000e8800000| Untracked 
| 137|0x00000000e8900000, 0x00000000e8900000, 0x00000000e8a00000|  0%| F|  |TAMS 0x00000000e8900000| PB 0x00000000e8900000| Untracked 
| 138|0x00000000e8a00000, 0x00000000e8a00000, 0x00000000e8b00000|  0%| F|  |TAMS 0x00000000e8a00000| PB 0x00000000e8a00000| Untracked 
| 139|0x00000000e8b00000, 0x00000000e8b00000, 0x00000000e8c00000|  0%| F|  |TAMS 0x00000000e8b00000| PB 0x00000000e8b00000| Untracked 
| 140|0x00000000e8c00000, 0x00000000e8c00000, 0x00000000e8d00000|  0%| F|  |TAMS 0x00000000e8c00000| PB 0x00000000e8c00000| Untracked 
| 141|0x00000000e8d00000, 0x00000000e8d00000, 0x00000000e8e00000|  0%| F|  |TAMS 0x00000000e8d00000| PB 0x00000000e8d00000| Untracked 
| 142|0x00000000e8e00000, 0x00000000e8e00000, 0x00000000e8f00000|  0%| F|  |TAMS 0x00000000e8e00000| PB 0x00000000e8e00000| Untracked 
| 143|0x00000000e8f00000, 0x00000000e8f00000, 0x00000000e9000000|  0%| F|  |TAMS 0x00000000e8f00000| PB 0x00000000e8f00000| Untracked 
| 144|0x00000000e9000000, 0x00000000e9000000, 0x00000000e9100000|  0%| F|  |TAMS 0x00000000e9000000| PB 0x00000000e9000000| Untracked 
| 145|0x00000000e9100000, 0x00000000e9100000, 0x00000000e9200000|  0%| F|  |TAMS 0x00000000e9100000| PB 0x00000000e9100000| Untracked 
| 146|0x00000000e9200000, 0x00000000e9200000, 0x00000000e9300000|  0%| F|  |TAMS 0x00000000e9200000| PB 0x00000000e9200000| Untracked 
| 147|0x00000000e9300000, 0x00000000e9300000, 0x00000000e9400000|  0%| F|  |TAMS 0x00000000e9300000| PB 0x00000000e9300000| Untracked 
| 148|0x00000000e9400000, 0x00000000e9400000, 0x00000000e9500000|  0%| F|  |TAMS 0x00000000e9400000| PB 0x00000000e9400000| Untracked 
| 149|0x00000000e9500000, 0x00000000e9500000, 0x00000000e9600000|  0%| F|  |TAMS 0x00000000e9500000| PB 0x00000000e9500000| Untracked 
| 150|0x00000000e9600000, 0x00000000e9600000, 0x00000000e9700000|  0%| F|  |TAMS 0x00000000e9600000| PB 0x00000000e9600000| Untracked 
| 151|0x00000000e9700000, 0x00000000e9700000, 0x00000000e9800000|  0%| F|  |TAMS 0x00000000e9700000| PB 0x00000000e9700000| Untracked 
| 152|0x00000000e9800000, 0x00000000e9800000, 0x00000000e9900000|  0%| F|  |TAMS 0x00000000e9800000| PB 0x00000000e9800000| Untracked 
| 153|0x00000000e9900000, 0x00000000e9900000, 0x00000000e9a00000|  0%| F|  |TAMS 0x00000000e9900000| PB 0x00000000e9900000| Untracked 
| 154|0x00000000e9a00000, 0x00000000e9a00000, 0x00000000e9b00000|  0%| F|  |TAMS 0x00000000e9a00000| PB 0x00000000e9a00000| Untracked 
| 155|0x00000000e9b00000, 0x00000000e9b00000, 0x00000000e9c00000|  0%| F|  |TAMS 0x00000000e9b00000| PB 0x00000000e9b00000| Untracked 
| 156|0x00000000e9c00000, 0x00000000e9c00000, 0x00000000e9d00000|  0%| F|  |TAMS 0x00000000e9c00000| PB 0x00000000e9c00000| Untracked 
| 157|0x00000000e9d00000, 0x00000000e9d00000, 0x00000000e9e00000|  0%| F|  |TAMS 0x00000000e9d00000| PB 0x00000000e9d00000| Untracked 
| 158|0x00000000e9e00000, 0x00000000e9e00000, 0x00000000e9f00000|  0%| F|  |TAMS 0x00000000e9e00000| PB 0x00000000e9e00000| Untracked 
| 159|0x00000000e9f00000, 0x00000000e9f00000, 0x00000000ea000000|  0%| F|  |TAMS 0x00000000e9f00000| PB 0x00000000e9f00000| Untracked 
| 160|0x00000000ea000000, 0x00000000ea000000, 0x00000000ea100000|  0%| F|  |TAMS 0x00000000ea000000| PB 0x00000000ea000000| Untracked 
| 161|0x00000000ea100000, 0x00000000ea100000, 0x00000000ea200000|  0%| F|  |TAMS 0x00000000ea100000| PB 0x00000000ea100000| Untracked 
| 162|0x00000000ea200000, 0x00000000ea200000, 0x00000000ea300000|  0%| F|  |TAMS 0x00000000ea200000| PB 0x00000000ea200000| Untracked 
| 163|0x00000000ea300000, 0x00000000ea300000, 0x00000000ea400000|  0%| F|  |TAMS 0x00000000ea300000| PB 0x00000000ea300000| Untracked 
| 164|0x00000000ea400000, 0x00000000ea400000, 0x00000000ea500000|  0%| F|  |TAMS 0x00000000ea400000| PB 0x00000000ea400000| Untracked 
| 165|0x00000000ea500000, 0x00000000ea500000, 0x00000000ea600000|  0%| F|  |TAMS 0x00000000ea500000| PB 0x00000000ea500000| Untracked 
| 166|0x00000000ea600000, 0x00000000ea600000, 0x00000000ea700000|  0%| F|  |TAMS 0x00000000ea600000| PB 0x00000000ea600000| Untracked 
| 167|0x00000000ea700000, 0x00000000ea700000, 0x00000000ea800000|  0%| F|  |TAMS 0x00000000ea700000| PB 0x00000000ea700000| Untracked 
| 168|0x00000000ea800000, 0x00000000ea800000, 0x00000000ea900000|  0%| F|  |TAMS 0x00000000ea800000| PB 0x00000000ea800000| Untracked 
| 169|0x00000000ea900000, 0x00000000ea900000, 0x00000000eaa00000|  0%| F|  |TAMS 0x00000000ea900000| PB 0x00000000ea900000| Untracked 
| 170|0x00000000eaa00000, 0x00000000eaa00000, 0x00000000eab00000|  0%| F|  |TAMS 0x00000000eaa00000| PB 0x00000000eaa00000| Untracked 
| 171|0x00000000eab00000, 0x00000000eab00000, 0x00000000eac00000|  0%| F|  |TAMS 0x00000000eab00000| PB 0x00000000eab00000| Untracked 
| 172|0x00000000eac00000, 0x00000000eac00000, 0x00000000ead00000|  0%| F|  |TAMS 0x00000000eac00000| PB 0x00000000eac00000| Untracked 
| 173|0x00000000ead00000, 0x00000000ead00000, 0x00000000eae00000|  0%| F|  |TAMS 0x00000000ead00000| PB 0x00000000ead00000| Untracked 
| 174|0x00000000eae00000, 0x00000000eae00000, 0x00000000eaf00000|  0%| F|  |TAMS 0x00000000eae00000| PB 0x00000000eae00000| Untracked 
| 175|0x00000000eaf00000, 0x00000000eaf00000, 0x00000000eb000000|  0%| F|  |TAMS 0x00000000eaf00000| PB 0x00000000eaf00000| Untracked 
| 176|0x00000000eb000000, 0x00000000eb000000, 0x00000000eb100000|  0%| F|  |TAMS 0x00000000eb000000| PB 0x00000000eb000000| Untracked 
| 177|0x00000000eb100000, 0x00000000eb100000, 0x00000000eb200000|  0%| F|  |TAMS 0x00000000eb100000| PB 0x00000000eb100000| Untracked 
| 178|0x00000000eb200000, 0x00000000eb200000, 0x00000000eb300000|  0%| F|  |TAMS 0x00000000eb200000| PB 0x00000000eb200000| Untracked 
| 179|0x00000000eb300000, 0x00000000eb300000, 0x00000000eb400000|  0%| F|  |TAMS 0x00000000eb300000| PB 0x00000000eb300000| Untracked 
| 180|0x00000000eb400000, 0x00000000eb400000, 0x00000000eb500000|  0%| F|  |TAMS 0x00000000eb400000| PB 0x00000000eb400000| Untracked 
| 181|0x00000000eb500000, 0x00000000eb500000, 0x00000000eb600000|  0%| F|  |TAMS 0x00000000eb500000| PB 0x00000000eb500000| Untracked 
| 182|0x00000000eb600000, 0x00000000eb680000, 0x00000000eb700000| 50%| E|  |TAMS 0x00000000eb600000| PB 0x00000000eb600000| Complete 
| 183|0x00000000eb700000, 0x00000000eb800000, 0x00000000eb800000|100%| E|CS|TAMS 0x00000000eb700000| PB 0x00000000eb700000| Complete 
| 184|0x00000000eb800000, 0x00000000eb900000, 0x00000000eb900000|100%| E|CS|TAMS 0x00000000eb800000| PB 0x00000000eb800000| Complete 
| 185|0x00000000eb900000, 0x00000000eba00000, 0x00000000eba00000|100%| E|CS|TAMS 0x00000000eb900000| PB 0x00000000eb900000| Complete 
| 186|0x00000000eba00000, 0x00000000ebb00000, 0x00000000ebb00000|100%| E|CS|TAMS 0x00000000eba00000| PB 0x00000000eba00000| Complete 
| 187|0x00000000ebb00000, 0x00000000ebb62d00, 0x00000000ebc00000| 38%| S|CS|TAMS 0x00000000ebb00000| PB 0x00000000ebb00000| Complete 
| 188|0x00000000ebc00000, 0x00000000ebd00000, 0x00000000ebd00000|100%| S|CS|TAMS 0x00000000ebc00000| PB 0x00000000ebc00000| Complete 
| 189|0x00000000ebd00000, 0x00000000ebe00000, 0x00000000ebe00000|100%| S|CS|TAMS 0x00000000ebd00000| PB 0x00000000ebd00000| Complete 
| 190|0x00000000ebe00000, 0x00000000ebf00000, 0x00000000ebf00000|100%| S|CS|TAMS 0x00000000ebe00000| PB 0x00000000ebe00000| Complete 
| 191|0x00000000ebf00000, 0x00000000ec000000, 0x00000000ec000000|100%| S|CS|TAMS 0x00000000ebf00000| PB 0x00000000ebf00000| Complete 
| 192|0x00000000ec000000, 0x00000000ec100000, 0x00000000ec100000|100%| S|CS|TAMS 0x00000000ec000000| PB 0x00000000ec000000| Complete 
| 193|0x00000000ec100000, 0x00000000ec200000, 0x00000000ec200000|100%| S|CS|TAMS 0x00000000ec100000| PB 0x00000000ec100000| Complete 
| 194|0x00000000ec200000, 0x00000000ec300000, 0x00000000ec300000|100%| S|CS|TAMS 0x00000000ec200000| PB 0x00000000ec200000| Complete 
| 195|0x00000000ec300000, 0x00000000ec400000, 0x00000000ec400000|100%| S|CS|TAMS 0x00000000ec300000| PB 0x00000000ec300000| Complete 
| 196|0x00000000ec400000, 0x00000000ec500000, 0x00000000ec500000|100%| S|CS|TAMS 0x00000000ec400000| PB 0x00000000ec400000| Complete 
| 197|0x00000000ec500000, 0x00000000ec600000, 0x00000000ec600000|100%| S|CS|TAMS 0x00000000ec500000| PB 0x00000000ec500000| Complete 
| 198|0x00000000ec600000, 0x00000000ec700000, 0x00000000ec700000|100%| S|CS|TAMS 0x00000000ec600000| PB 0x00000000ec600000| Complete 
| 199|0x00000000ec700000, 0x00000000ec800000, 0x00000000ec800000|100%| S|CS|TAMS 0x00000000ec700000| PB 0x00000000ec700000| Complete 
| 200|0x00000000ec800000, 0x00000000ec900000, 0x00000000ec900000|100%| E|CS|TAMS 0x00000000ec800000| PB 0x00000000ec800000| Complete 
| 201|0x00000000ec900000, 0x00000000eca00000, 0x00000000eca00000|100%| E|CS|TAMS 0x00000000ec900000| PB 0x00000000ec900000| Complete 
| 202|0x00000000eca00000, 0x00000000ecb00000, 0x00000000ecb00000|100%| E|CS|TAMS 0x00000000eca00000| PB 0x00000000eca00000| Complete 
| 203|0x00000000ecb00000, 0x00000000ecc00000, 0x00000000ecc00000|100%| E|CS|TAMS 0x00000000ecb00000| PB 0x00000000ecb00000| Complete 
| 204|0x00000000ecc00000, 0x00000000ecd00000, 0x00000000ecd00000|100%| E|CS|TAMS 0x00000000ecc00000| PB 0x00000000ecc00000| Complete 
| 205|0x00000000ecd00000, 0x00000000ece00000, 0x00000000ece00000|100%| E|CS|TAMS 0x00000000ecd00000| PB 0x00000000ecd00000| Complete 
| 206|0x00000000ece00000, 0x00000000ecf00000, 0x00000000ecf00000|100%| E|CS|TAMS 0x00000000ece00000| PB 0x00000000ece00000| Complete 
| 207|0x00000000ecf00000, 0x00000000ed000000, 0x00000000ed000000|100%| E|CS|TAMS 0x00000000ecf00000| PB 0x00000000ecf00000| Complete 
| 208|0x00000000ed000000, 0x00000000ed100000, 0x00000000ed100000|100%| E|CS|TAMS 0x00000000ed000000| PB 0x00000000ed000000| Complete 
| 209|0x00000000ed100000, 0x00000000ed200000, 0x00000000ed200000|100%| E|CS|TAMS 0x00000000ed100000| PB 0x00000000ed100000| Complete 
| 210|0x00000000ed200000, 0x00000000ed300000, 0x00000000ed300000|100%| E|CS|TAMS 0x00000000ed200000| PB 0x00000000ed200000| Complete 
| 211|0x00000000ed300000, 0x00000000ed400000, 0x00000000ed400000|100%| E|CS|TAMS 0x00000000ed300000| PB 0x00000000ed300000| Complete 
| 212|0x00000000ed400000, 0x00000000ed500000, 0x00000000ed500000|100%| E|CS|TAMS 0x00000000ed400000| PB 0x00000000ed400000| Complete 
| 213|0x00000000ed500000, 0x00000000ed600000, 0x00000000ed600000|100%| E|CS|TAMS 0x00000000ed500000| PB 0x00000000ed500000| Complete 
| 214|0x00000000ed600000, 0x00000000ed700000, 0x00000000ed700000|100%| E|CS|TAMS 0x00000000ed600000| PB 0x00000000ed600000| Complete 
| 215|0x00000000ed700000, 0x00000000ed800000, 0x00000000ed800000|100%| E|CS|TAMS 0x00000000ed700000| PB 0x00000000ed700000| Complete 
| 216|0x00000000ed800000, 0x00000000ed900000, 0x00000000ed900000|100%| E|CS|TAMS 0x00000000ed800000| PB 0x00000000ed800000| Complete 
| 217|0x00000000ed900000, 0x00000000eda00000, 0x00000000eda00000|100%| E|CS|TAMS 0x00000000ed900000| PB 0x00000000ed900000| Complete 
| 218|0x00000000eda00000, 0x00000000edb00000, 0x00000000edb00000|100%| E|CS|TAMS 0x00000000eda00000| PB 0x00000000eda00000| Complete 
| 219|0x00000000edb00000, 0x00000000edc00000, 0x00000000edc00000|100%| E|CS|TAMS 0x00000000edb00000| PB 0x00000000edb00000| Complete 
| 220|0x00000000edc00000, 0x00000000edd00000, 0x00000000edd00000|100%| E|CS|TAMS 0x00000000edc00000| PB 0x00000000edc00000| Complete 
| 221|0x00000000edd00000, 0x00000000ede00000, 0x00000000ede00000|100%| E|CS|TAMS 0x00000000edd00000| PB 0x00000000edd00000| Complete 
| 222|0x00000000ede00000, 0x00000000edf00000, 0x00000000edf00000|100%| E|CS|TAMS 0x00000000ede00000| PB 0x00000000ede00000| Complete 
| 223|0x00000000edf00000, 0x00000000ee000000, 0x00000000ee000000|100%| E|CS|TAMS 0x00000000edf00000| PB 0x00000000edf00000| Complete 
| 224|0x00000000ee000000, 0x00000000ee100000, 0x00000000ee100000|100%| E|CS|TAMS 0x00000000ee000000| PB 0x00000000ee000000| Complete 
| 225|0x00000000ee100000, 0x00000000ee200000, 0x00000000ee200000|100%| E|CS|TAMS 0x00000000ee100000| PB 0x00000000ee100000| Complete 
| 226|0x00000000ee200000, 0x00000000ee300000, 0x00000000ee300000|100%| E|CS|TAMS 0x00000000ee200000| PB 0x00000000ee200000| Complete 
| 227|0x00000000ee300000, 0x00000000ee400000, 0x00000000ee400000|100%| E|  |TAMS 0x00000000ee300000| PB 0x00000000ee300000| Complete 
| 228|0x00000000ee400000, 0x00000000ee500000, 0x00000000ee500000|100%| E|CS|TAMS 0x00000000ee400000| PB 0x00000000ee400000| Complete 
| 229|0x00000000ee500000, 0x00000000ee600000, 0x00000000ee600000|100%| E|CS|TAMS 0x00000000ee500000| PB 0x00000000ee500000| Complete 
| 230|0x00000000ee600000, 0x00000000ee700000, 0x00000000ee700000|100%| E|CS|TAMS 0x00000000ee600000| PB 0x00000000ee600000| Complete 
| 231|0x00000000ee700000, 0x00000000ee800000, 0x00000000ee800000|100%| E|CS|TAMS 0x00000000ee700000| PB 0x00000000ee700000| Complete 
| 232|0x00000000ee800000, 0x00000000ee900000, 0x00000000ee900000|100%| E|CS|TAMS 0x00000000ee800000| PB 0x00000000ee800000| Complete 
| 233|0x00000000ee900000, 0x00000000eea00000, 0x00000000eea00000|100%| E|CS|TAMS 0x00000000ee900000| PB 0x00000000ee900000| Complete 
| 234|0x00000000eea00000, 0x00000000eeb00000, 0x00000000eeb00000|100%| E|CS|TAMS 0x00000000eea00000| PB 0x00000000eea00000| Complete 
| 235|0x00000000eeb00000, 0x00000000eec00000, 0x00000000eec00000|100%| E|CS|TAMS 0x00000000eeb00000| PB 0x00000000eeb00000| Complete 
| 236|0x00000000eec00000, 0x00000000eed00000, 0x00000000eed00000|100%| E|CS|TAMS 0x00000000eec00000| PB 0x00000000eec00000| Complete 
| 237|0x00000000eed00000, 0x00000000eee00000, 0x00000000eee00000|100%| E|CS|TAMS 0x00000000eed00000| PB 0x00000000eed00000| Complete 
| 238|0x00000000eee00000, 0x00000000eef00000, 0x00000000eef00000|100%| E|CS|TAMS 0x00000000eee00000| PB 0x00000000eee00000| Complete 
| 239|0x00000000eef00000, 0x00000000ef000000, 0x00000000ef000000|100%| E|CS|TAMS 0x00000000eef00000| PB 0x00000000eef00000| Complete 
| 240|0x00000000ef000000, 0x00000000ef100000, 0x00000000ef100000|100%| E|CS|TAMS 0x00000000ef000000| PB 0x00000000ef000000| Complete 
| 241|0x00000000ef100000, 0x00000000ef200000, 0x00000000ef200000|100%| E|CS|TAMS 0x00000000ef100000| PB 0x00000000ef100000| Complete 
| 242|0x00000000ef200000, 0x00000000ef300000, 0x00000000ef300000|100%| E|CS|TAMS 0x00000000ef200000| PB 0x00000000ef200000| Complete 
| 243|0x00000000ef300000, 0x00000000ef400000, 0x00000000ef400000|100%| E|CS|TAMS 0x00000000ef300000| PB 0x00000000ef300000| Complete 
| 244|0x00000000ef400000, 0x00000000ef500000, 0x00000000ef500000|100%| E|CS|TAMS 0x00000000ef400000| PB 0x00000000ef400000| Complete 
| 245|0x00000000ef500000, 0x00000000ef600000, 0x00000000ef600000|100%| E|CS|TAMS 0x00000000ef500000| PB 0x00000000ef500000| Complete 
| 246|0x00000000ef600000, 0x00000000ef700000, 0x00000000ef700000|100%| E|CS|TAMS 0x00000000ef600000| PB 0x00000000ef600000| Complete 
| 247|0x00000000ef700000, 0x00000000ef800000, 0x00000000ef800000|100%| E|CS|TAMS 0x00000000ef700000| PB 0x00000000ef700000| Complete 
| 248|0x00000000ef800000, 0x00000000ef900000, 0x00000000ef900000|100%| E|CS|TAMS 0x00000000ef800000| PB 0x00000000ef800000| Complete 
| 249|0x00000000ef900000, 0x00000000efa00000, 0x00000000efa00000|100%| E|CS|TAMS 0x00000000ef900000| PB 0x00000000ef900000| Complete 
| 250|0x00000000efa00000, 0x00000000efb00000, 0x00000000efb00000|100%| E|CS|TAMS 0x00000000efa00000| PB 0x00000000efa00000| Complete 
| 251|0x00000000efb00000, 0x00000000efc00000, 0x00000000efc00000|100%| E|CS|TAMS 0x00000000efb00000| PB 0x00000000efb00000| Complete 
| 252|0x00000000efc00000, 0x00000000efd00000, 0x00000000efd00000|100%| E|CS|TAMS 0x00000000efc00000| PB 0x00000000efc00000| Complete 
| 253|0x00000000efd00000, 0x00000000efe00000, 0x00000000efe00000|100%| E|CS|TAMS 0x00000000efd00000| PB 0x00000000efd00000| Complete 
| 254|0x00000000efe00000, 0x00000000eff00000, 0x00000000eff00000|100%| E|CS|TAMS 0x00000000efe00000| PB 0x00000000efe00000| Complete 
| 255|0x00000000eff00000, 0x00000000f0000000, 0x00000000f0000000|100%| E|CS|TAMS 0x00000000eff00000| PB 0x00000000eff00000| Complete 

Card table byte_map: [0x000002a1f6640000,0x000002a1f6740000] _byte_map_base: 0x000002a1f5f40000

Marking Bits: (CMBitMap*) 0x000002a1f0efb970
 Bits: [0x000002a1f6740000, 0x000002a1f6f40000)

Polling page: 0x000002a1f0f20000

Metaspace:

Usage:
  Non-class:     54.49 MB used.
      Class:      8.85 MB used.
       Both:     63.34 MB used.

Virtual space:
  Non-class space:       64.00 MB reserved,      55.44 MB ( 87%) committed,  1 nodes.
      Class space:      320.00 MB reserved,       9.75 MB (  3%) committed,  1 nodes.
             Both:      384.00 MB reserved,      65.19 MB ( 17%) committed. 

Chunk freelists:
   Non-Class:  8.07 MB
       Class:  6.22 MB
        Both:  14.29 MB

MaxMetaspaceSize: 384.00 MB
CompressedClassSpaceSize: 320.00 MB
Initial GC threshold: 21.00 MB
Current GC threshold: 100.12 MB
CDS: on
 - commit_granule_bytes: 65536.
 - commit_granule_words: 8192.
 - virtual_space_node_default_size: 8388608.
 - enlarge_chunks_in_place: 1.
 - use_allocation_guard: 0.


Internal statistics:

num_allocs_failed_limit: 15.
num_arena_births: 3286.
num_arena_deaths: 0.
num_vsnodes_births: 2.
num_vsnodes_deaths: 0.
num_space_committed: 1043.
num_space_uncommitted: 0.
num_chunks_returned_to_freelist: 15.
num_chunks_taken_from_freelist: 6364.
num_chunk_merges: 9.
num_chunk_splits: 4078.
num_chunks_enlarged: 2466.
num_inconsistent_stats: 0.

CodeHeap 'non-profiled nmethods': size=120000Kb used=5829Kb max_used=5829Kb free=114170Kb
 bounds [0x000002a187ad0000, 0x000002a188090000, 0x000002a18f000000]
CodeHeap 'profiled nmethods': size=120000Kb used=17843Kb max_used=17843Kb free=102156Kb
 bounds [0x000002a180000000, 0x000002a181170000, 0x000002a187530000]
CodeHeap 'non-nmethods': size=5760Kb used=2630Kb max_used=2659Kb free=3129Kb
 bounds [0x000002a187530000, 0x000002a1877d0000, 0x000002a187ad0000]
CodeCache: size=245760Kb, used=26302Kb, max_used=26331Kb, free=219455Kb
 total_blobs=10287, nmethods=9389, adapters=802, full_count=0
Compilation: enabled, stopped_count=0, restarted_count=0

Compilation events (20 events):
Event: 373.401 Thread 0x000002a1f9a35fe0 nmethod 10174 0x000002a181167d10 code [0x000002a181167ec0, 0x000002a1811681b8]
Event: 373.401 Thread 0x000002a1f9a35fe0 10175       3       org.objectweb.asm.MethodWriter::visitFrameEnd (53 bytes)
Event: 373.402 Thread 0x000002a1f9a35fe0 nmethod 10175 0x000002a181168310 code [0x000002a1811684e0, 0x000002a1811689b0]
Event: 373.402 Thread 0x000002a1f9a35fe0 10176       3       org.objectweb.asm.Type::getSort (19 bytes)
Event: 373.402 Thread 0x000002a1f9a35fe0 nmethod 10176 0x000002a181168b10 code [0x000002a181168ca0, 0x000002a181168df0]
Event: 373.403 Thread 0x000002a1f9a35fe0 10177       3       org.objectweb.asm.MethodWriter::computeAllFrames (510 bytes)
Event: 373.405 Thread 0x000002a1f9a35fe0 nmethod 10177 0x000002a181168e90 code [0x000002a1811691e0, 0x000002a18116a598]
Event: 373.405 Thread 0x000002a1f9a35fe0 10178       3       org.objectweb.asm.Attribute::computeAttributesSize (62 bytes)
Event: 373.406 Thread 0x000002a1f9a35fe0 nmethod 10178 0x000002a18116b090 code [0x000002a18116b260, 0x000002a18116b548]
Event: 373.406 Thread 0x000002a1f9a35fe0 10179       3       org.objectweb.asm.AnnotationWriter::computeAnnotationsSize (66 bytes)
Event: 373.406 Thread 0x000002a1f9a35fe0 nmethod 10179 0x000002a18116b690 code [0x000002a18116b880, 0x000002a18116bb80]
Event: 373.408 Thread 0x000002a1f9a35fe0 10180       3       com.google.common.collect.Maps::capacity (36 bytes)
Event: 373.408 Thread 0x000002a1f9a35fe0 nmethod 10180 0x000002a18116bd10 code [0x000002a18116bf00, 0x000002a18116c1a0]
Event: 373.414 Thread 0x000002a1f9a35fe0 10182       3       java.util.jar.Manifest::<init> (38 bytes)
Event: 373.415 Thread 0x000002a1f9a35fe0 nmethod 10182 0x000002a18116c290 code [0x000002a18116c4a0, 0x000002a18116cb28]
Event: 373.431 Thread 0x000002a1f9a35fe0 10183       3       org.gradle.internal.instantiation.generator.AsmBackedClassGenerator$ClassBuilderImpl::applyConventionMappingToSetter (15 bytes)
Event: 373.431 Thread 0x000002a1f9a35fe0 nmethod 10183 0x000002a18116cd90 code [0x000002a18116cf40, 0x000002a18116d0e8]
Event: 373.582 Thread 0x000002a1f9a35fe0 10185       3       com.sun.beans.util.Cache::hash (49 bytes)
Event: 373.583 Thread 0x000002a1f9a35fe0 nmethod 10185 0x000002a18116d190 code [0x000002a18116d360, 0x000002a18116d5f8]
Event: 373.583 Thread 0x000002a1f9a35fe0 10184   !   3       com.sun.beans.introspect.ClassInfo::getMethods (50 bytes)

GC Heap History (20 events):
Event: 29.460 GC heap before
{Heap before GC invocations=1 (full 0):
 garbage-first heap   total 262144K, used 40960K [0x00000000e0000000, 0x0000000100000000)
  region size 1024K, 33 young (33792K), 3 survivors (3072K)
 Metaspace       used 4303K, committed 4480K, reserved 393216K
  class space    used 546K, committed 640K, reserved 327680K
}
Event: 29.470 GC heap after
{Heap after GC invocations=2 (full 0):
 garbage-first heap   total 262144K, used 12099K [0x00000000e0000000, 0x0000000100000000)
  region size 1024K, 2 young (2048K), 2 survivors (2048K)
 Metaspace       used 4303K, committed 4480K, reserved 393216K
  class space    used 546K, committed 640K, reserved 327680K
}
Event: 77.972 GC heap before
{Heap before GC invocations=2 (full 0):
 garbage-first heap   total 262144K, used 109379K [0x00000000e0000000, 0x0000000100000000)
  region size 1024K, 95 young (97280K), 2 survivors (2048K)
 Metaspace       used 16089K, committed 16576K, reserved 393216K
  class space    used 2248K, committed 2432K, reserved 327680K
}
Event: 78.296 GC heap after
{Heap after GC invocations=3 (full 0):
 garbage-first heap   total 262144K, used 22391K [0x00000000e0000000, 0x0000000100000000)
  region size 1024K, 11 young (11264K), 11 survivors (11264K)
 Metaspace       used 16089K, committed 16576K, reserved 393216K
  class space    used 2248K, committed 2432K, reserved 327680K
}
Event: 92.727 GC heap before
{Heap before GC invocations=3 (full 0):
 garbage-first heap   total 262144K, used 60279K [0x00000000e0000000, 0x0000000100000000)
  region size 1024K, 49 young (50176K), 11 survivors (11264K)
 Metaspace       used 20825K, committed 21504K, reserved 393216K
  class space    used 3059K, committed 3392K, reserved 327680K
}
Event: 92.778 GC heap after
{Heap after GC invocations=4 (full 0):
 garbage-first heap   total 262144K, used 25449K [0x00000000e0000000, 0x0000000100000000)
  region size 1024K, 13 young (13312K), 13 survivors (13312K)
 Metaspace       used 20825K, committed 21504K, reserved 393216K
  class space    used 3059K, committed 3392K, reserved 327680K
}
Event: 110.037 GC heap before
{Heap before GC invocations=5 (full 0):
 garbage-first heap   total 262144K, used 118633K [0x00000000e0000000, 0x0000000100000000)
  region size 1024K, 106 young (108544K), 13 survivors (13312K)
 Metaspace       used 34742K, committed 35968K, reserved 393216K
  class space    used 5170K, committed 5760K, reserved 327680K
}
Event: 110.058 GC heap after
{Heap after GC invocations=6 (full 0):
 garbage-first heap   total 262144K, used 32337K [0x00000000e0000000, 0x0000000100000000)
  region size 1024K, 10 young (10240K), 10 survivors (10240K)
 Metaspace       used 34742K, committed 35968K, reserved 393216K
  class space    used 5170K, committed 5760K, reserved 327680K
}
Event: 110.549 GC heap before
{Heap before GC invocations=6 (full 0):
 garbage-first heap   total 262144K, used 33361K [0x00000000e0000000, 0x0000000100000000)
  region size 1024K, 13 young (13312K), 10 survivors (10240K)
 Metaspace       used 35099K, committed 36288K, reserved 393216K
  class space    used 5186K, committed 5760K, reserved 327680K
}
Event: 110.560 GC heap after
{Heap after GC invocations=7 (full 0):
 garbage-first heap   total 262144K, used 33053K [0x00000000e0000000, 0x0000000100000000)
  region size 1024K, 10 young (10240K), 10 survivors (10240K)
 Metaspace       used 35099K, committed 36288K, reserved 393216K
  class space    used 5186K, committed 5760K, reserved 327680K
}
Event: 110.752 GC heap before
{Heap before GC invocations=7 (full 0):
 garbage-first heap   total 262144K, used 33053K [0x00000000e0000000, 0x0000000100000000)
  region size 1024K, 11 young (11264K), 10 survivors (10240K)
 Metaspace       used 35376K, committed 36608K, reserved 393216K
  class space    used 5214K, committed 5824K, reserved 327680K
}
Event: 110.767 GC heap after
{Heap after GC invocations=8 (full 0):
 garbage-first heap   total 262144K, used 32931K [0x00000000e0000000, 0x0000000100000000)
  region size 1024K, 10 young (10240K), 10 survivors (10240K)
 Metaspace       used 35376K, committed 36608K, reserved 393216K
  class space    used 5214K, committed 5824K, reserved 327680K
}
Event: 136.579 GC heap before
{Heap before GC invocations=9 (full 0):
 garbage-first heap   total 262144K, used 185507K [0x00000000e0000000, 0x0000000100000000)
  region size 1024K, 153 young (156672K), 10 survivors (10240K)
 Metaspace       used 48213K, committed 49856K, reserved 393216K
  class space    used 7023K, committed 7808K, reserved 327680K
}
Event: 136.611 GC heap after
{Heap after GC invocations=10 (full 0):
 garbage-first heap   total 262144K, used 43766K [0x00000000e0000000, 0x0000000100000000)
  region size 1024K, 20 young (20480K), 20 survivors (20480K)
 Metaspace       used 48213K, committed 49856K, reserved 393216K
  class space    used 7023K, committed 7808K, reserved 327680K
}
Event: 219.321 GC heap before
{Heap before GC invocations=10 (full 0):
 garbage-first heap   total 262144K, used 186102K [0x00000000e0000000, 0x0000000100000000)
  region size 1024K, 153 young (156672K), 20 survivors (20480K)
 Metaspace       used 51630K, committed 53312K, reserved 393216K
  class space    used 7360K, committed 8192K, reserved 327680K
}
Event: 220.727 GC heap after
{Heap after GC invocations=11 (full 0):
 garbage-first heap   total 262144K, used 58460K [0x00000000e0000000, 0x0000000100000000)
  region size 1024K, 12 young (12288K), 12 survivors (12288K)
 Metaspace       used 51630K, committed 53312K, reserved 393216K
  class space    used 7360K, committed 8192K, reserved 327680K
}
Event: 291.301 GC heap before
{Heap before GC invocations=11 (full 0):
 garbage-first heap   total 262144K, used 211036K [0x00000000e0000000, 0x0000000100000000)
  region size 1024K, 153 young (156672K), 12 survivors (12288K)
 Metaspace       used 53871K, committed 55616K, reserved 393216K
  class space    used 7651K, committed 8512K, reserved 327680K
}
Event: 291.514 GC heap after
{Heap after GC invocations=12 (full 0):
 garbage-first heap   total 262144K, used 75565K [0x00000000e0000000, 0x0000000100000000)
  region size 1024K, 9 young (9216K), 9 survivors (9216K)
 Metaspace       used 53871K, committed 55616K, reserved 393216K
  class space    used 7651K, committed 8512K, reserved 327680K
}
Event: 317.104 GC heap before
{Heap before GC invocations=12 (full 0):
 garbage-first heap   total 262144K, used 133933K [0x00000000e0000000, 0x0000000100000000)
  region size 1024K, 65 young (66560K), 9 survivors (9216K)
 Metaspace       used 59481K, committed 61248K, reserved 393216K
  class space    used 8294K, committed 9152K, reserved 327680K
}
Event: 317.178 GC heap after
{Heap after GC invocations=13 (full 0):
 garbage-first heap   total 262144K, used 81242K [0x00000000e0000000, 0x0000000100000000)
  region size 1024K, 13 young (13312K), 13 survivors (13312K)
 Metaspace       used 59481K, committed 61248K, reserved 393216K
  class space    used 8294K, committed 9152K, reserved 327680K
}

Dll operation events (20 events):
Event: 1.941 Attempting to load shared library C:\Users\NAGARAJU\.antigravity-ide\extensions\redhat.java-1.56.0-win32-x64\jre\21.0.12.1-win32-x86_64\bin\nio.dll
Event: 1.982 Loaded shared library C:\Users\NAGARAJU\.antigravity-ide\extensions\redhat.java-1.56.0-win32-x64\jre\21.0.12.1-win32-x86_64\bin\nio.dll
Event: 2.170 Attempting to load shared library C:\Users\NAGARAJU\.antigravity-ide\extensions\redhat.java-1.56.0-win32-x64\jre\21.0.12.1-win32-x86_64\bin\zip.dll
Event: 2.171 Loaded shared library C:\Users\NAGARAJU\.antigravity-ide\extensions\redhat.java-1.56.0-win32-x64\jre\21.0.12.1-win32-x86_64\bin\zip.dll
Event: 5.657 Attempting to load shared library C:\Users\NAGARAJU\.antigravity-ide\extensions\redhat.java-1.56.0-win32-x64\jre\21.0.12.1-win32-x86_64\bin\jimage.dll
Event: 5.657 Loaded shared library C:\Users\NAGARAJU\.antigravity-ide\extensions\redhat.java-1.56.0-win32-x64\jre\21.0.12.1-win32-x86_64\bin\jimage.dll
Event: 10.136 Attempting to load shared library C:\Users\NAGARAJU\.antigravity-ide\extensions\redhat.java-1.56.0-win32-x64\jre\21.0.12.1-win32-x86_64\bin\verify.dll
Event: 10.137 Loaded shared library C:\Users\NAGARAJU\.antigravity-ide\extensions\redhat.java-1.56.0-win32-x64\jre\21.0.12.1-win32-x86_64\bin\verify.dll
Event: 11.358 Attempting to load shared library C:\Users\NAGARAJU\.gradle\native\c067742578af261105cb4f569cf0c3c89f3d7b1fecec35dd04571415982c5e48\windows-amd64\native-platform.dll
Event: 11.398 Loaded shared library C:\Users\NAGARAJU\.gradle\native\c067742578af261105cb4f569cf0c3c89f3d7b1fecec35dd04571415982c5e48\windows-amd64\native-platform.dll
Event: 11.410 Attempting to load shared library C:\Users\NAGARAJU\.gradle\native\100fb08df4bc3b14c8652ba06237920a3bd2aa13389f12d3474272988ae205f9\windows-amd64\native-platform-file-events.dll
Event: 11.412 Loaded shared library C:\Users\NAGARAJU\.gradle\native\100fb08df4bc3b14c8652ba06237920a3bd2aa13389f12d3474272988ae205f9\windows-amd64\native-platform-file-events.dll
Event: 48.272 Attempting to load shared library C:\Users\NAGARAJU\.antigravity-ide\extensions\redhat.java-1.56.0-win32-x64\jre\21.0.12.1-win32-x86_64\bin\management.dll
Event: 48.274 Loaded shared library C:\Users\NAGARAJU\.antigravity-ide\extensions\redhat.java-1.56.0-win32-x64\jre\21.0.12.1-win32-x86_64\bin\management.dll
Event: 48.286 Attempting to load shared library C:\Users\NAGARAJU\.antigravity-ide\extensions\redhat.java-1.56.0-win32-x64\jre\21.0.12.1-win32-x86_64\bin\management_ext.dll
Event: 48.288 Loaded shared library C:\Users\NAGARAJU\.antigravity-ide\extensions\redhat.java-1.56.0-win32-x64\jre\21.0.12.1-win32-x86_64\bin\management_ext.dll
Event: 49.076 Attempting to load shared library C:\Users\NAGARAJU\.antigravity-ide\extensions\redhat.java-1.56.0-win32-x64\jre\21.0.12.1-win32-x86_64\bin\extnet.dll
Event: 49.077 Loaded shared library C:\Users\NAGARAJU\.antigravity-ide\extensions\redhat.java-1.56.0-win32-x64\jre\21.0.12.1-win32-x86_64\bin\extnet.dll
Event: 50.687 Attempting to load shared library C:\Users\NAGARAJU\.antigravity-ide\extensions\redhat.java-1.56.0-win32-x64\jre\21.0.12.1-win32-x86_64\bin\sunmscapi.dll
Event: 50.732 Loaded shared library C:\Users\NAGARAJU\.antigravity-ide\extensions\redhat.java-1.56.0-win32-x64\jre\21.0.12.1-win32-x86_64\bin\sunmscapi.dll

Deoptimization events (20 events):
Event: 367.393 Thread 0x000002a1ff391620 Uncommon trap: trap_request=0xffffff45 fr.pc=0x000002a187dce3a4 relative=0x0000000000002264
Event: 367.394 Thread 0x000002a1ff391620 Uncommon trap: reason=unstable_if action=reinterpret pc=0x000002a187dce3a4 method=java.util.regex.Pattern.has(I)Z @ 6 c2
Event: 367.394 Thread 0x000002a1ff391620 DEOPT PACKING pc=0x000002a187dce3a4 sp=0x000000e4792f5fc0
Event: 367.395 Thread 0x000002a1ff391620 DEOPT UNPACKING pc=0x000002a187584422 sp=0x000000e4792f5f40 mode 2
Event: 367.721 Thread 0x000002a1ff391620 DEOPT PACKING pc=0x000002a181020e82 sp=0x000000e4792f62f0
Event: 367.721 Thread 0x000002a1ff391620 DEOPT UNPACKING pc=0x000002a187584bc2 sp=0x000000e4792f5800 mode 0
Event: 367.811 Thread 0x000002a1ff391620 Uncommon trap: trap_request=0xffffffc6 fr.pc=0x000002a187f3a448 relative=0x0000000000000068
Event: 367.811 Thread 0x000002a1ff391620 Uncommon trap: reason=bimorphic_or_optimized_type_check action=maybe_recompile pc=0x000002a187f3a448 method=java.util.AbstractQueue.add(Ljava/lang/Object;)Z @ 2 c2
Event: 367.811 Thread 0x000002a1ff391620 DEOPT PACKING pc=0x000002a187f3a448 sp=0x000000e4792f6fd0
Event: 367.812 Thread 0x000002a1ff391620 DEOPT UNPACKING pc=0x000002a187584422 sp=0x000000e4792f6f98 mode 2
Event: 367.812 Thread 0x000002a1ff391620 Uncommon trap: trap_request=0xffffffc6 fr.pc=0x000002a187f3a448 relative=0x0000000000000068
Event: 367.812 Thread 0x000002a1ff391620 Uncommon trap: reason=bimorphic_or_optimized_type_check action=maybe_recompile pc=0x000002a187f3a448 method=java.util.AbstractQueue.add(Ljava/lang/Object;)Z @ 2 c2
Event: 367.812 Thread 0x000002a1ff391620 DEOPT PACKING pc=0x000002a187f3a448 sp=0x000000e4792f6fd0
Event: 367.812 Thread 0x000002a1ff391620 DEOPT UNPACKING pc=0x000002a187584422 sp=0x000000e4792f6f98 mode 2
Event: 367.949 Thread 0x000002a1ff391620 Uncommon trap: trap_request=0xffffff45 fr.pc=0x000002a187c39c34 relative=0x0000000000000094
Event: 367.949 Thread 0x000002a1ff391620 Uncommon trap: reason=unstable_if action=reinterpret pc=0x000002a187c39c34 method=java.lang.CharacterDataLatin1.isUpperCase(I)Z @ 7 c2
Event: 367.949 Thread 0x000002a1ff391620 DEOPT PACKING pc=0x000002a187c39c34 sp=0x000000e4792f6280
Event: 367.952 Thread 0x000002a1ff391620 DEOPT UNPACKING pc=0x000002a187584422 sp=0x000000e4792f6200 mode 2
Event: 370.335 Thread 0x000002a1ff391620 DEOPT PACKING pc=0x000002a181037f77 sp=0x000000e4792f6410
Event: 370.335 Thread 0x000002a1ff391620 DEOPT UNPACKING pc=0x000002a187584bc2 sp=0x000000e4792f58d0 mode 0

Classes loaded (20 events):
Event: 361.518 Loading class sun/security/util/Length
Event: 361.518 Loading class sun/security/util/Length done
Event: 361.518 Loading class javax/crypto/SecretKey
Event: 361.520 Loading class javax/crypto/SecretKey done
Event: 361.529 Loading class java/util/Base64
Event: 361.531 Loading class java/util/Base64 done
Event: 361.531 Loading class java/util/Base64$Decoder
Event: 361.532 Loading class java/util/Base64$Decoder done
Event: 361.532 Loading class java/util/Base64$Encoder
Event: 361.533 Loading class java/util/Base64$Encoder done
Event: 361.539 Loading class java/util/jar/JarVerifier$VerifierStream
Event: 361.541 Loading class java/util/jar/JarVerifier$VerifierStream done
Event: 361.541 Loading class sun/security/util/ManifestEntryVerifier$SunProviderHolder
Event: 361.542 Loading class sun/security/util/ManifestEntryVerifier$SunProviderHolder done
Event: 362.021 Loading class sun/security/util/MemoryCache$QueueCacheEntry
Event: 362.021 Loading class sun/security/util/MemoryCache$QueueCacheEntry done
Event: 367.781 Loading class java/lang/foreign/ValueLayout
Event: 367.783 Loading class java/lang/foreign/MemoryLayout
Event: 367.786 Loading class java/lang/foreign/MemoryLayout done
Event: 367.786 Loading class java/lang/foreign/ValueLayout done

Classes unloaded (0 events):
No events

Classes redefined (0 events):
No events

Internal exceptions (20 events):
Event: 183.695 Thread 0x000002a1ff391620 Exception <a 'java/lang/ClassNotFoundException'{0x00000000eba87348}: groovy/util/BuilderSupportCustomizer> (0x00000000eba87348) 
thrown [s\src\hotspot\share\classfile\systemDictionary.cpp, line 313]
Event: 183.701 Thread 0x000002a1ff391620 Exception <a 'java/lang/ClassNotFoundException'{0x00000000eba9adf0}: groovy/ant/AntBuilderCustomizer> (0x00000000eba9adf0) 
thrown [s\src\hotspot\share\classfile\systemDictionary.cpp, line 313]
Event: 183.709 Thread 0x000002a1ff391620 Exception <a 'java/lang/ClassNotFoundException'{0x00000000ebab03f0}: org/gradle/api/AntBuilderCustomizer> (0x00000000ebab03f0) 
thrown [s\src\hotspot\share\classfile\systemDictionary.cpp, line 313]
Event: 183.727 Thread 0x000002a1ff391620 Exception <a 'java/lang/ClassNotFoundException'{0x00000000ebacc5f8}: org/gradle/api/internal/project/ant/BasicAntBuilderCustomizer> (0x00000000ebacc5f8) 
thrown [s\src\hotspot\share\classfile\systemDictionary.cpp, line 313]
Event: 183.750 Thread 0x000002a1ff391620 Exception <a 'java/lang/ClassNotFoundException'{0x00000000ebaf0080}: org/gradle/api/internal/project/DefaultAntBuilderCustomizer> (0x00000000ebaf0080) 
thrown [s\src\hotspot\share\classfile\systemDictionary.cpp, line 313]
Event: 185.736 Thread 0x000002a1ff391620 Implicit null exception at 0x000002a187df81dd to 0x000002a187df86ac
Event: 185.736 Thread 0x000002a1ff391620 Implicit null exception at 0x000002a187df8edf to 0x000002a187df939c
Event: 244.696 Thread 0x000002a1ff391620 Implicit null exception at 0x000002a187fb743d to 0x000002a187fb74b1
Event: 254.664 Thread 0x000002a1ff391620 Exception <a 'java/lang/ClassNotFoundException'{0x00000000e902ee38}: build_f3uap0ow5e8ta8eif79pzf1qzBeanInfo> (0x00000000e902ee38) 
thrown [s\src\hotspot\share\classfile\systemDictionary.cpp, line 313]
Event: 254.689 Thread 0x000002a1ff391620 Exception <a 'java/lang/ClassNotFoundException'{0x00000000e9035778}: build_f3uap0ow5e8ta8eif79pzf1qzCustomizer> (0x00000000e9035778) 
thrown [s\src\hotspot\share\classfile\systemDictionary.cpp, line 313]
Event: 292.972 Thread 0x000002a1ff391620 Exception <a 'java/lang/NoSuchMethodError'{0x00000000ef789f68}: 'void java.lang.invoke.Invokers$Holder.invokeExact_MT(java.lang.Object, java.lang.Object, java.lang.Object, java.lang.Object)'> (0x00000000ef789f68) 
thrown [s\src\hotspot\share\interpreter\linkResolver.cpp, line 773]
Event: 293.027 Thread 0x000002a1ff391620 Exception <a 'java/lang/NoSuchMethodError'{0x00000000ef790fe0}: 'void java.lang.invoke.DirectMethodHandle$Holder.invokeSpecial(java.lang.Object, java.lang.Object, java.lang.Object, int)'> (0x00000000ef790fe0) 
thrown [s\src\hotspot\share\interpreter\linkResolver.cpp, line 773]
Event: 293.033 Thread 0x000002a1ff391620 Exception <a 'java/lang/NoSuchMethodError'{0x00000000ef795660}: 'void java.lang.invoke.DelegatingMethodHandle$Holder.reinvoke_L(java.lang.Object, java.lang.Object, int)'> (0x00000000ef795660) 
thrown [s\src\hotspot\share\interpreter\linkResolver.cpp, line 773]
Event: 293.041 Thread 0x000002a1ff391620 Exception <a 'java/lang/NoSuchMethodError'{0x00000000ef79cf88}: 'void java.lang.invoke.Invokers$Holder.invokeExact_MT(java.lang.Object, java.lang.Object, int, java.lang.Object)'> (0x00000000ef79cf88) 
thrown [s\src\hotspot\share\interpreter\linkResolver.cpp, line 773]
Event: 353.363 Thread 0x000002a1ff391620 Exception <a 'java/lang/NoSuchMethodError'{0x00000000ef52adf0}: 'java.lang.Object java.lang.invoke.DirectMethodHandle$Holder.newInvokeSpecial(java.lang.Object, java.lang.Object, java.lang.Object, java.lang.Object, java.lang.Object, java.lang.Object, java.lang.Object, java.lang.Object, java.lang.Object, java.lang.Object, java.lang.Object, java.lang.Object, java.lang.Object, java.lang.Object, java.lang.Object, java.lang.Object)'> (0x00000000ef52adf0) 
thrown [s\src\hotspot\share\interpreter\linkResolver.cpp,
Event: 353.371 Thread 0x000002a1ff391620 Exception <a 'java/lang/NoSuchMethodError'{0x00000000ef531a58}: 'java.lang.Object java.lang.invoke.DirectMethodHandle$Holder.invokeSpecial(java.lang.Object, java.lang.Object, java.lang.Object, java.lang.Object, java.lang.Object, java.lang.Object, java.lang.Object, java.lang.Object, java.lang.Object, java.lang.Object, java.lang.Object, java.lang.Object, java.lang.Object, java.lang.Object, java.lang.Object, java.lang.Object, java.lang.Object)'> (0x00000000ef531a58) 
thrown [s\src\hotspot\share\interpreter\li
Event: 353.377 Thread 0x000002a1ff391620 Exception <a 'java/lang/NoSuchMethodError'{0x00000000ef537638}: 'java.lang.Object java.lang.invoke.DelegatingMethodHandle$Holder.reinvoke_L(java.lang.Object, java.lang.Object, java.lang.Object, java.lang.Object, java.lang.Object, java.lang.Object, java.lang.Object, java.lang.Object, java.lang.Object, java.lang.Object, java.lang.Object, java.lang.Object, java.lang.Object, java.lang.Object, java.lang.Object, java.lang.Object)'> (0x00000000ef537638) 
thrown [s\src\hotspot\share\interpreter\linkResolver.cpp, l
Event: 373.543 Thread 0x000002a1ff391620 Exception <a 'java/lang/ClassNotFoundException'{0x00000000eb61f680}: org/gradle/api/internal/plugins/NaggingBasePluginConventionBeanInfo> (0x00000000eb61f680) 
thrown [s\src\hotspot\share\classfile\systemDictionary.cpp, line 313]
Event: 373.560 Thread 0x000002a1ff391620 Exception <a 'java/lang/ClassNotFoundException'{0x00000000eb636180}: org/gradle/api/plugins/BasePluginConventionBeanInfo> (0x00000000eb636180) 
thrown [s\src\hotspot\share\classfile\systemDictionary.cpp, line 313]
Event: 373.572 Thread 0x000002a1ff391620 Exception <a 'java/lang/ClassNotFoundException'{0x00000000eb64cef8}: org/gradle/api/plugins/BasePluginConventionCustomizer> (0x00000000eb64cef8) 
thrown [s\src\hotspot\share\classfile\systemDictionary.cpp, line 313]

ZGC Phase Switch (0 events):
No events

VM Operations (20 events):
Event: 361.386 Executing non-safepoint VM operation: HandshakeAllThreads (Deoptimize) done
Event: 362.400 Executing safepoint VM operation: Cleanup
Event: 362.415 Executing safepoint VM operation: Cleanup done
Event: 363.420 Executing safepoint VM operation: Cleanup
Event: 363.436 Executing safepoint VM operation: Cleanup done
Event: 364.451 Executing safepoint VM operation: Cleanup
Event: 364.451 Executing safepoint VM operation: Cleanup done
Event: 365.452 Executing safepoint VM operation: Cleanup
Event: 365.452 Executing safepoint VM operation: Cleanup done
Event: 367.468 Executing safepoint VM operation: Cleanup
Event: 367.469 Executing safepoint VM operation: Cleanup done
Event: 368.483 Executing safepoint VM operation: Cleanup
Event: 368.498 Executing safepoint VM operation: Cleanup done
Event: 369.500 Executing safepoint VM operation: Cleanup
Event: 369.516 Executing safepoint VM operation: Cleanup done
Event: 370.517 Executing safepoint VM operation: Cleanup
Event: 371.505 Executing safepoint VM operation: Cleanup done
Event: 372.514 Executing safepoint VM operation: Cleanup
Event: 373.392 Executing safepoint VM operation: Cleanup done
Event: 374.407 Executing safepoint VM operation: Cleanup

Memory protections (0 events):
No events

Nmethod flushes (20 events):
Event: 327.345 Thread 0x000002a1f999ece0 flushing  nmethod 0x000002a1800cb890
Event: 327.345 Thread 0x000002a1f999ece0 flushing  nmethod 0x000002a1800d0310
Event: 327.345 Thread 0x000002a1f999ece0 flushing  nmethod 0x000002a180126990
Event: 327.345 Thread 0x000002a1f999ece0 flushing  nmethod 0x000002a180166e10
Event: 327.345 Thread 0x000002a1f999ece0 flushing  nmethod 0x000002a180168810
Event: 327.345 Thread 0x000002a1f999ece0 flushing  nmethod 0x000002a18016ad90
Event: 327.345 Thread 0x000002a1f999ece0 flushing  nmethod 0x000002a18016b990
Event: 327.345 Thread 0x000002a1f999ece0 flushing  nmethod 0x000002a1801db990
Event: 327.345 Thread 0x000002a1f999ece0 flushing  nmethod 0x000002a1801dc310
Event: 327.345 Thread 0x000002a1f999ece0 flushing  nmethod 0x000002a180235290
Event: 327.345 Thread 0x000002a1f999ece0 flushing  nmethod 0x000002a180283110
Event: 327.345 Thread 0x000002a1f999ece0 flushing  nmethod 0x000002a180331b10
Event: 327.345 Thread 0x000002a1f999ece0 flushing  nmethod 0x000002a180333410
Event: 327.345 Thread 0x000002a1f999ece0 flushing  nmethod 0x000002a180336010
Event: 327.345 Thread 0x000002a1f999ece0 flushing  nmethod 0x000002a18046de10
Event: 327.346 Thread 0x000002a1f999ece0 flushing  nmethod 0x000002a18046f190
Event: 327.346 Thread 0x000002a1f999ece0 flushing  nmethod 0x000002a1804d8b90
Event: 327.346 Thread 0x000002a1f999ece0 flushing  nmethod 0x000002a180543210
Event: 327.346 Thread 0x000002a1f999ece0 flushing  nmethod 0x000002a180593190
Event: 327.346 Thread 0x000002a1f999ece0 flushing  nmethod 0x000002a1807e5690

Events (20 events):
Event: 210.693 Thread 0x000002a1ff391620 Thread added: 0x000002a1a63d7b50
Event: 210.711 Thread 0x000002a1ff391620 Thread added: 0x000002a1a63d6e30
Event: 211.115 Thread 0x000002a1ff391620 Thread added: 0x000002a1a528dfb0
Event: 212.733 Thread 0x000002a1ff391620 Thread added: 0x000002a1a528ab30
Event: 212.750 Thread 0x000002a1ff391620 Thread added: 0x000002a1a528e640
Event: 212.768 Thread 0x000002a1ff391620 Thread added: 0x000002a1a528b1c0
Event: 212.781 Thread 0x000002a1ff391620 Thread added: 0x000002a1a528c570
Event: 212.801 Thread 0x000002a1ff391620 Thread added: 0x000002a1a528ecd0
Event: 212.812 Thread 0x000002a1ff391620 Thread added: 0x000002a1a528b850
Event: 212.827 Thread 0x000002a1ff391620 Thread added: 0x000002a1a528f360
Event: 216.653 Thread 0x000002a1ff391620 Thread added: 0x000002a1a528cc00
Event: 216.656 Thread 0x000002a1ff391620 Thread added: 0x000002a1a528f9f0
Event: 216.658 Thread 0x000002a1ff391620 Thread added: 0x000002a1a528d290
Event: 216.659 Thread 0x000002a1ff391620 Thread added: 0x000002a1a5290080
Event: 216.668 Thread 0x000002a1ff391620 Thread added: 0x000002a1a5292150
Event: 216.671 Thread 0x000002a1ff391620 Thread added: 0x000002a1a5291ac0
Event: 216.672 Thread 0x000002a1ff391620 Thread added: 0x000002a1a5290710
Event: 251.153 Thread 0x000002a1ff391620 Thread added: 0x000002a1a5290da0
Event: 313.062 Thread 0x000002a1ff474aa0 Thread exited: 0x000002a1ff474aa0
Event: 354.862 Thread 0x000002a1ff391620 Thread added: 0x000002a1ff475e50


Dynamic libraries:
0x00007ff72d0c0000 - 0x00007ff72d0ce000 	C:\Users\NAGARAJU\.antigravity-ide\extensions\redhat.java-1.56.0-win32-x64\jre\21.0.12.1-win32-x86_64\bin\java.exe
0x00007ffd9d520000 - 0x00007ffd9d786000 	C:\WINDOWS\SYSTEM32\ntdll.dll
0x00007ffd9d080000 - 0x00007ffd9d149000 	C:\WINDOWS\System32\KERNEL32.DLL
0x00007ffd9a8c0000 - 0x00007ffd9acbf000 	C:\WINDOWS\System32\KERNELBASE.dll
0x00007ffd9ad90000 - 0x00007ffd9aedc000 	C:\WINDOWS\System32\ucrtbase.dll
0x00007ffd64b50000 - 0x00007ffd64b68000 	C:\Users\NAGARAJU\.antigravity-ide\extensions\redhat.java-1.56.0-win32-x64\jre\21.0.12.1-win32-x86_64\bin\jli.dll
0x00007ffd70450000 - 0x00007ffd7046e000 	C:\Users\NAGARAJU\.antigravity-ide\extensions\redhat.java-1.56.0-win32-x64\jre\21.0.12.1-win32-x86_64\bin\VCRUNTIME140.dll
0x00007ffd9cc50000 - 0x00007ffd9ce16000 	C:\WINDOWS\System32\USER32.dll
0x00007ffd82850000 - 0x00007ffd82ae1000 	C:\WINDOWS\WinSxS\amd64_microsoft.windows.common-controls_6595b64144ccf1df_6.0.26100.8972_none_3e0da176e32f9d4b\COMCTL32.dll
0x00007ffd9b040000 - 0x00007ffd9b067000 	C:\WINDOWS\System32\win32u.dll
0x00007ffd9d380000 - 0x00007ffd9d3ab000 	C:\WINDOWS\System32\GDI32.dll
0x00007ffd9b070000 - 0x00007ffd9b199000 	C:\WINDOWS\System32\gdi32full.dll
0x00007ffd9b1a0000 - 0x00007ffd9b243000 	C:\WINDOWS\System32\msvcp_win.dll
0x00007ffd9cf40000 - 0x00007ffd9cfe9000 	C:\WINDOWS\System32\msvcrt.dll
0x00007ffd9b480000 - 0x00007ffd9b4b2000 	C:\WINDOWS\System32\IMM32.DLL
0x00007ffd90c70000 - 0x00007ffd90c7c000 	C:\Users\NAGARAJU\.antigravity-ide\extensions\redhat.java-1.56.0-win32-x64\jre\21.0.12.1-win32-x86_64\bin\vcruntime140_1.dll
0x00007ffd2f060000 - 0x00007ffd2f0ed000 	C:\Users\NAGARAJU\.antigravity-ide\extensions\redhat.java-1.56.0-win32-x64\jre\21.0.12.1-win32-x86_64\bin\msvcp140.dll
0x00007ffcee510000 - 0x00007ffcef2b2000 	C:\Users\NAGARAJU\.antigravity-ide\extensions\redhat.java-1.56.0-win32-x64\jre\21.0.12.1-win32-x86_64\bin\server\jvm.dll
0x00007ffd9d3b0000 - 0x00007ffd9d46c000 	C:\WINDOWS\System32\ADVAPI32.dll
0x00007ffd9b5c0000 - 0x00007ffd9b66a000 	C:\WINDOWS\System32\sechost.dll
0x00007ffd9ce20000 - 0x00007ffd9cf38000 	C:\WINDOWS\System32\RPCRT4.dll
0x00007ffd9cff0000 - 0x00007ffd9d072000 	C:\WINDOWS\System32\WS2_32.dll
0x00007ffd9a590000 - 0x00007ffd9a5ee000 	C:\WINDOWS\SYSTEM32\POWRPROF.dll
0x00007ffd934b0000 - 0x00007ffd934e6000 	C:\WINDOWS\SYSTEM32\WINMM.dll
0x00007ffd934f0000 - 0x00007ffd934fb000 	C:\WINDOWS\SYSTEM32\VERSION.dll
0x00007ffd9a570000 - 0x00007ffd9a585000 	C:\WINDOWS\SYSTEM32\UMPDC.dll
0x00007ffd99420000 - 0x00007ffd9943b000 	C:\WINDOWS\SYSTEM32\kernel.appcore.dll
0x00007ffd7f120000 - 0x00007ffd7f12a000 	C:\Users\NAGARAJU\.antigravity-ide\extensions\redhat.java-1.56.0-win32-x64\jre\21.0.12.1-win32-x86_64\bin\jimage.dll
0x00007ffd8ec80000 - 0x00007ffd8eec2000 	C:\WINDOWS\SYSTEM32\DBGHELP.DLL
0x00007ffd9c770000 - 0x00007ffd9caf5000 	C:\WINDOWS\System32\combase.dll
0x00007ffd9cb00000 - 0x00007ffd9cbd9000 	C:\WINDOWS\System32\OLEAUT32.dll
0x00007ffd78b50000 - 0x00007ffd78b8b000 	C:\WINDOWS\SYSTEM32\dbgcore.DLL
0x00007ffd9acd0000 - 0x00007ffd9ad7c000 	C:\WINDOWS\System32\bcryptPrimitives.dll
0x00007ffd7e540000 - 0x00007ffd7e54f000 	C:\Users\NAGARAJU\.antigravity-ide\extensions\redhat.java-1.56.0-win32-x64\jre\21.0.12.1-win32-x86_64\bin\instrument.dll
0x00007ffd35640000 - 0x00007ffd35660000 	C:\Users\NAGARAJU\.antigravity-ide\extensions\redhat.java-1.56.0-win32-x64\jre\21.0.12.1-win32-x86_64\bin\java.dll
0x00007ffd9bb00000 - 0x00007ffd9c288000 	C:\WINDOWS\System32\SHELL32.dll
0x00007ffd98200000 - 0x00007ffd98a9b000 	C:\WINDOWS\SYSTEM32\windows.storage.dll
0x00007ffd9c670000 - 0x00007ffd9c769000 	C:\WINDOWS\System32\SHCORE.dll
0x00007ffd9c550000 - 0x00007ffd9c5b6000 	C:\WINDOWS\System32\shlwapi.dll
0x00007ffd9a650000 - 0x00007ffd9a679000 	C:\WINDOWS\SYSTEM32\profapi.dll
0x00007ffd35620000 - 0x00007ffd35638000 	C:\Users\NAGARAJU\.antigravity-ide\extensions\redhat.java-1.56.0-win32-x64\jre\21.0.12.1-win32-x86_64\bin\zip.dll
0x00007ffd7e070000 - 0x00007ffd7e080000 	C:\Users\NAGARAJU\.antigravity-ide\extensions\redhat.java-1.56.0-win32-x64\jre\21.0.12.1-win32-x86_64\bin\net.dll
0x00007ffd906e0000 - 0x00007ffd90808000 	C:\WINDOWS\SYSTEM32\WINHTTP.dll
0x00007ffd999d0000 - 0x00007ffd99a3c000 	C:\WINDOWS\system32\mswsock.dll
0x00007ffd32710000 - 0x00007ffd32726000 	C:\Users\NAGARAJU\.antigravity-ide\extensions\redhat.java-1.56.0-win32-x64\jre\21.0.12.1-win32-x86_64\bin\nio.dll
0x00007ffd7ddd0000 - 0x00007ffd7dde0000 	C:\Users\NAGARAJU\.antigravity-ide\extensions\redhat.java-1.56.0-win32-x64\jre\21.0.12.1-win32-x86_64\bin\verify.dll
0x00007ffd31ee0000 - 0x00007ffd31f07000 	C:\Users\NAGARAJU\.gradle\native\c067742578af261105cb4f569cf0c3c89f3d7b1fecec35dd04571415982c5e48\windows-amd64\native-platform.dll
0x00007ffd125d0000 - 0x00007ffd12714000 	C:\Users\NAGARAJU\.gradle\native\100fb08df4bc3b14c8652ba06237920a3bd2aa13389f12d3474272988ae205f9\windows-amd64\native-platform-file-events.dll
0x00007ffd7dc40000 - 0x00007ffd7dc4a000 	C:\Users\NAGARAJU\.antigravity-ide\extensions\redhat.java-1.56.0-win32-x64\jre\21.0.12.1-win32-x86_64\bin\management.dll
0x00007ffd7dae0000 - 0x00007ffd7daec000 	C:\Users\NAGARAJU\.antigravity-ide\extensions\redhat.java-1.56.0-win32-x64\jre\21.0.12.1-win32-x86_64\bin\management_ext.dll
0x00007ffd9d370000 - 0x00007ffd9d378000 	C:\WINDOWS\System32\PSAPI.DLL
0x00007ffd99cc0000 - 0x00007ffd99cdb000 	C:\WINDOWS\SYSTEM32\CRYPTSP.dll
0x00007ffd99380000 - 0x00007ffd993b9000 	C:\WINDOWS\system32\rsaenh.dll
0x00007ffd99a80000 - 0x00007ffd99ab2000 	C:\WINDOWS\SYSTEM32\USERENV.dll
0x00007ffd9a620000 - 0x00007ffd9a64a000 	C:\WINDOWS\SYSTEM32\bcrypt.dll
0x00007ffd99ce0000 - 0x00007ffd99cec000 	C:\WINDOWS\SYSTEM32\CRYPTBASE.dll
0x00007ffd98df0000 - 0x00007ffd98e23000 	C:\WINDOWS\SYSTEM32\IPHLPAPI.DLL
0x00007ffd9c660000 - 0x00007ffd9c66a000 	C:\WINDOWS\System32\NSI.dll
0x00007ffd7dd50000 - 0x00007ffd7dd59000 	C:\Users\NAGARAJU\.antigravity-ide\extensions\redhat.java-1.56.0-win32-x64\jre\21.0.12.1-win32-x86_64\bin\extnet.dll
0x00007ffd7e0d0000 - 0x00007ffd7e0de000 	C:\Users\NAGARAJU\.antigravity-ide\extensions\redhat.java-1.56.0-win32-x64\jre\21.0.12.1-win32-x86_64\bin\sunmscapi.dll
0x00007ffd9a730000 - 0x00007ffd9a8ae000 	C:\WINDOWS\System32\CRYPT32.dll
0x00007ffd99f00000 - 0x00007ffd99f30000 	C:\WINDOWS\SYSTEM32\ncrypt.dll
0x00007ffd99eb0000 - 0x00007ffd99eef000 	C:\WINDOWS\SYSTEM32\NTASN1.dll
0x00007ffd32530000 - 0x00007ffd32538000 	C:\WINDOWS\system32\wshunix.dll

JVMTI agents:
C:\Users\NAGARAJU\.gradle\wrapper\dists\gradle-8.9-bin\90cnw93cvbtalezasaz0blq0a\gradle-8.9\lib\agents\gradle-instrumentation-agent-8.9.jar path:C:\Users\NAGARAJU\.antigravity-ide\extensions\redhat.java-1.56.0-win32-x64\jre\21.0.12.1-win32-x86_64\bin\instrument.dll, loaded, initialized, instrumentlib options:none

dbghelp: loaded successfully - version: 4.0.5 - missing functions: none
symbol engine: initialized successfully - sym options: 0x614 - pdb path: .;C:\Users\NAGARAJU\.antigravity-ide\extensions\redhat.java-1.56.0-win32-x64\jre\21.0.12.1-win32-x86_64\bin;C:\WINDOWS\SYSTEM32;C:\WINDOWS\WinSxS\amd64_microsoft.windows.common-controls_6595b64144ccf1df_6.0.26100.8972_none_3e0da176e32f9d4b;C:\Users\NAGARAJU\.antigravity-ide\extensions\redhat.java-1.56.0-win32-x64\jre\21.0.12.1-win32-x86_64\bin\server;C:\Users\NAGARAJU\.gradle\native\c067742578af261105cb4f569cf0c3c89f3d7b1fecec35dd04571415982c5e48\windows-amd64;C:\Users\NAGARAJU\.gradle\native\100fb08df4bc3b14c8652ba06237920a3bd2aa13389f12d3474272988ae205f9\windows-amd64

VM Arguments:
jvm_args: --add-opens=java.base/java.util=ALL-UNNAMED --add-opens=java.base/java.lang=ALL-UNNAMED --add-opens=java.base/java.lang.invoke=ALL-UNNAMED --add-opens=java.prefs/java.util.prefs=ALL-UNNAMED --add-exports=jdk.compiler/com.sun.tools.javac.api=ALL-UNNAMED --add-exports=jdk.compiler/com.sun.tools.javac.util=ALL-UNNAMED --add-opens=java.base/java.nio.charset=ALL-UNNAMED --add-opens=java.base/java.net=ALL-UNNAMED --add-opens=java.base/java.util.concurrent.atomic=ALL-UNNAMED -XX:MaxMetaspaceSize=384m -XX:+HeapDumpOnOutOfMemoryError -Xms256m -Xmx512m -Dfile.encoding=utf8 -Duser.country=IN -Duser.language=en -Duser.variant -javaagent:C:\Users\NAGARAJU\.gradle\wrapper\dists\gradle-8.9-bin\90cnw93cvbtalezasaz0blq0a\gradle-8.9\lib\agents\gradle-instrumentation-agent-8.9.jar 
java_command: org.gradle.launcher.daemon.bootstrap.GradleDaemon 8.9
java_class_path (initial): C:\Users\NAGARAJU\.gradle\wrapper\dists\gradle-8.9-bin\90cnw93cvbtalezasaz0blq0a\gradle-8.9\lib\gradle-daemon-main-8.9.jar
Launcher Type: SUN_STANDARD

[Global flags]
     intx CICompilerCount                          = 4                                         {product} {ergonomic}
   size_t CompressedClassSpaceSize                 = 335544320                                 {product} {ergonomic}
     uint ConcGCThreads                            = 2                                         {product} {ergonomic}
     uint G1ConcRefinementThreads                  = 8                                         {product} {ergonomic}
   size_t G1HeapRegionSize                         = 1048576                                   {product} {ergonomic}
    uintx GCDrainStackTargetSize                   = 64                                        {product} {ergonomic}
     bool HeapDumpOnOutOfMemoryError               = true                                   {manageable} {command line}
   size_t InitialHeapSize                          = 268435456                                 {product} {command line}
   size_t MarkStackSize                            = 4194304                                   {product} {ergonomic}
   size_t MaxHeapSize                              = 536870912                                 {product} {command line}
   size_t MaxMetaspaceSize                         = 402653184                                 {product} {command line}
   size_t MaxNewSize                               = 321912832                                 {product} {ergonomic}
   size_t MinHeapDeltaBytes                        = 1048576                                   {product} {ergonomic}
   size_t MinHeapSize                              = 268435456                                 {product} {command line}
    uintx NonNMethodCodeHeapSize                   = 5839372                                {pd product} {ergonomic}
    uintx NonProfiledCodeHeapSize                  = 122909434                              {pd product} {ergonomic}
    uintx ProfiledCodeHeapSize                     = 122909434                              {pd product} {ergonomic}
    uintx ReservedCodeCacheSize                    = 251658240                              {pd product} {ergonomic}
     bool SegmentedCodeCache                       = true                                      {product} {ergonomic}
   size_t SoftMaxHeapSize                          = 536870912                              {manageable} {ergonomic}
     bool UseCompressedOops                        = true                           {product lp64_product} {ergonomic}
     bool UseG1GC                                  = true                                      {product} {ergonomic}
     bool UseLargePagesIndividualAllocation        = false                                  {pd product} {ergonomic}

Logging:
Log output configuration:
 #0: stdout all=warning uptime,level,tags foldmultilines=false
 #1: stderr all=off uptime,level,tags foldmultilines=false

Release file:
JAVA_VERSION="21.0.12.1" 
MODULES="java.base java.compiler java.datatransfer java.xml java.prefs java.desktop java.instrument java.logging java.management java.security.sasl java.naming java.rmi java.management.rmi java.net.http java.scripting java.security.jgss java.transaction.xa java.sql java.sql.rowset java.xml.crypto java.se java.smartcardio jdk.accessibility jdk.internal.jvmstat jdk.attach jdk.charsets jdk.internal.opt jdk.zipfs jdk.compiler jdk.crypto.ec jdk.crypto.cryptoki jdk.crypto.mscapi jdk.dynalink jdk.internal.ed jdk.editpad jdk.hotspot.agent jdk.httpserver jdk.internal.le jdk.internal.vm.ci jdk.internal.vm.compiler jdk.internal.vm.compiler.management jdk.jartool jdk.javadoc jdk.jcmd jdk.management jdk.management.agent jdk.jconsole jdk.jdeps jdk.jdwp.agent jdk.jdi jdk.jfr jdk.jshell jdk.jsobject jdk.jstatd jdk.localedata jdk.management.jfr jdk.naming.dns jdk.naming.rmi jdk.net jdk.nio.mapmode jdk.random jdk.sctp jdk.security.auth jdk.security.jgss jdk.unsupported jdk.unsupported.desktop jdk.xml.dom" 

Environment Variables:
JAVA_HOME=C:\Program Files\Eclipse Adoptium\jdk-21.0.11.10-hotspot
PATH=C:\Program Files\Eclipse Adoptium\jdk-21.0.11.10-hotspot\bin;C:\Program Files\Eclipse Adoptium\jdk-11.0.26.4-hotspot\bin;C:\Program Files\Eclipse Adoptium\jdk-17.0.14.7-hotspot\bin;C:\Program Files\Java\jdk-17\bin;C:\Program Files\nodejs;E:\Android\Sdk\platform-tools;E:\Android\Sdk\emulator;E:\Android\Sdk\cmdline-tools\latest\bin;C:\Users\NAGARAJU\AppData\Local\Android\Sdk\platform-tools;C:\Users\NAGARAJU\AppData\Local\Android\Sdk\emulator;C:\Users\NAGARAJU\AppData\Local\Android\Sdk\cmdline-tools\latest\bin;C:\Program Files\Eclipse Adoptium\jdk-21.0.11.10-hotspot\bin;C:\Program Files\Eclipse Adoptium\jdk-11.0.26.4-hotspot\bin;C:\Program Files\Eclipse Adoptium\jdk-17.0.14.7-hotspot\bin;C:\Program Files\Java\jdk-17\bin;C:\Program Files\nodejs;E:\Android\Sdk\platform-tools;E:\Android\Sdk\emulator;E:\Android\Sdk\cmdline-tools\latest\bin;C:\Users\NAGARAJU\AppData\Local\Android\Sdk\platform-tools;C:\Users\NAGARAJU\AppData\Local\Android\Sdk\emulator;C:\Users\NAGARAJU\AppData\Local\Android\Sdk\cmdline-tools\latest\bin;C:\Program Files\Eclipse Adoptium\jdk-21.0.11.10-hotspot\bin;C:\Program Files\Eclipse Adoptium\jdk-11.0.26.4-hotspot\bin;C:\Program Files\Eclipse Adoptium\jdk-17.0.14.7-hotspot\bin;C:\Program Files\Java\jdk-17\bin;C:\Program Files\nodejs;E:\Android\Sdk\platform-tools;E:\Android\Sdk\emulator;E:\Android\Sdk\cmdline-tools\latest\bin;C:\Users\NAGARAJU\AppData\Local\Android\Sdk\platform-tools;C:\Users\NAGARAJU\AppData\Local\Android\Sdk\emulator;C:\Users\NAGARAJU\AppData\Local\Android\Sdk\cmdline-tools\latest\bin;C:\WINDOWS\System32;C:\ProgramData\chocolatey\bin;C:\Program Files\nodejs\;C:\Program Files\Git\cmd;C:\Windows\System32;C:\Windows\System32\WindowsPowerShell\v1.0;C:\Windows\System32\OpenSSH;C:\Windows\System32\WindowsPowerShell\v1.0\;C:\Users\NAGARAJU\Downloads\stripe_1.30.0_windows_x86_64;C:\WINDOWS\system32;C:\WINDOWS;C:\WINDOWS\System32\Wbem;C:\WINDOWS\System32\WindowsPowerShell\v1.0\;C:\WINDOWS\System32\OpenSSH\;C:\ProgramData\chocolatey\bin;C:\Program Files\nodejs\;C:\Program Files\Git\cmd;C:\Windows\System32;C:\Windows\System32\WindowsPowerShell\v1.0;C:\Windows\System32\OpenSSH;C:\Windows\System32\WindowsPowerShell\v1.0\;C:\Users\NAGARAJU\Downloads\stripe_1.30.0_windows_x86_64;C:\WINDOWS\system32;C:\WINDOWS;C:\WINDOWS\System32\Wbem;C:\WINDOWS\System32\WindowsPowerShell\v1.0\;C:\WINDOWS\System32\OpenSSH\;C:\ProgramData\chocolatey\bin;C:\Program Files\nodejs\;C:\Program Files\Git\cmd;C:\Windows\System32;C:\Windows\System32\WindowsPowerShell\v1.0;C:\Windows\System32\OpenSSH;C:\Windows\System32\WindowsPowerShell\v1.0\;C:\Users\NAGARAJU\Downloads\stripe_1.30.0_windows_x86_64;C:\WINDOWS\system32;C:\WINDOWS;C:\WINDOWS\System32\Wbem;C:\WINDOWS\System32\WindowsPowerShell\v1.0\;C:\WINDOWS\System32\OpenSSH\;C:\Program Files\Eclipse Adoptium\jdk-21.0.11.10-hotspot\bin;C:\Program Files\Eclipse Adoptium\jdk-11.0.26.4-hotspot\bin;C:\Program Files\Eclipse Adoptium\jdk-17.0.14.7-hotspot\bin;C:\Program Files\Java\jdk-17\bin;C:\Program Files\nodejs;E:\Android\Sdk\platform-tools;E:\Android\Sdk\emulator;E:\Android\Sdk\cmdline-tools\latest\bin;C:\Users\NAGARAJU\AppData\Local\Android\Sdk\platform-tools;C:\Users\NAGARAJU\AppData\Local\Android\Sdk\emulator;C:\Users\NAGARAJU\AppData\Local\Android\Sdk\cmdline-tools\latest\bin;C:\Program Files\Eclipse Adoptium\jdk-21.0.11.10-hotspot\bin;C:\Program Files\Eclipse Adoptium\jdk-11.0.26.4-hotspot\bin;C:\Program Files\Eclipse Adoptium\jdk-17.0.14.7-hotspot\bin;C:\Program Files\Java\jdk-17\bin;C:\Program Files\nodejs;E:\Android\Sdk\platform-tools;E:\Android\Sdk\emulator;E:\Android\Sdk\cmdline-tools\latest\bin;C:\Users\NAGARAJU\AppData\Local\Android\Sdk\platform-tools;C:\Users\NAGARAJU\AppData\Local\Android\Sdk\emulator;C:\Users\NAGARAJU\AppData\Local\Android\Sdk\cmdline-tools\latest\bin;C:\Program Files\Eclipse Adoptium\jdk-21.0.11.10-hotspot\bin;C:\Program Files\Eclipse Adoptium\jdk-11.0.26.4-hotspot\bin;C:\Program Files\Eclipse Adoptium\jdk-17.0.14.7-hotspot\bin;C:\Program Files\Java\jdk-17\bin;C:\Program Files\nodejs;E:\Android\Sdk\platform-tools;E:\Android\Sdk\emulator;E:\Android\Sdk\cmdline-tools\latest\bin;C:\Users\NAGARAJU\AppData\Local\Android\Sdk\platform-tools;C:\Users\NAGARAJU\AppData\Local\Android\Sdk\emulator;C:\Users\NAGARAJU\AppData\Local\Android\Sdk\cmdline-tools\latest\bin;C:\WINDOWS\System32;C:\ProgramData\chocolatey\bin;C:\Program Files\nodejs\;C:\Program Files\Git\cmd;C:\Windows\System32;C:\Windows\System32\WindowsPowerShell\v1.0;C:\Windows\System32\OpenSSH;C:\Windows\System32\WindowsPowerShell\v1.0\;C:\Users\NAGARAJU\Downloads\stripe_1.30.0_windows_x86_64;C:\WINDOWS\system32;C:\WINDOWS;C:\WINDOWS\System32\Wbem;C:\WINDOWS\System32\WindowsPowerShell\v1.0\;C:\WINDOWS\System32\OpenSSH\;C:\ProgramData\chocolatey\bin;C:\Program Files\nodejs\;C:\Program Files\Git\cmd;C:\Windows\System32;C:\Windows\System32\WindowsPowerShell\v1.0;C:\Windows\System32\OpenSSH;C:\Windows\System32\WindowsPowerShell\v1.0\;C:\Users\NAGARAJU\Downloads\stripe_1.30.0_windows_x86_64;C:\WINDOWS\system32;C:\WINDOWS;C:\WINDOWS\System32\Wbem;C:\WINDOWS\System32\WindowsPowerShell\v1.0\;C:\WINDOWS\System32\OpenSSH\;C:\ProgramData\chocolatey\bin;C:\Program Files\nodejs\;C:\Program Files\Git\cmd;C:\Windows\System32;C:\Windows\System32\WindowsPowerShell\v1.0;C:\Windows\System32\OpenSSH;C:\Windows\System32\WindowsPowerShell\v1.0\;C:\Users\NAGARAJU\Downloads\stripe_1.30.0_windows_x86_64;C:\WINDOWS\system32;C:\WINDOWS;C:\WINDOWS\System32\Wbem;C:\WINDOWS\System32\WindowsPowerShell\v1.0\;C:\WINDOWS\System32\OpenSSH\;C:\Users\NAGARAJU\AppData\Local\Android\Sdk\platform-tools;C:\Users\NAGARAJU\AppData\Local\Android\Sdk\cmdline-tools\latest\bin;C:\Users\NAGARAJU\AppData\Roaming\npm;C:\Users\NAGARAJU\AppData\Local\Programs\Microsoft VS Code\bin;C:\Users\NAGARAJU\AppData\Local\Programs\Antigravity IDE\bin;C:\Users\NAGARAJU\AppData\Local\Microsoft\WindowsApps;C:\Users\NAGARAJU\AppData\Local\Kingsoft\WPS Office\12.1.0.27458\clitool
USERNAME=NAGARAJU
OS=Windows_NT
PROCESSOR_IDENTIFIER=AMD64 Family 23 Model 104 Stepping 1, AuthenticAMD
TMP=C:\Users\NAGARAJU\AppData\Local\Temp
TEMP=C:\Users\NAGARAJU\AppData\Local\Temp




Periodic native trim disabled

---------------  S Y S T E M  ---------------

OS:
 Windows 11 , 64 bit Build 26100 (10.0.26100.9168)
OS uptime: 0 days 0:49 hours

CPU: total 8 (initial active 8) (8 cores per cpu, 2 threads per core) family 23 model 104 stepping 1 microcode 0x8608109, cx8, cmov, fxsr, ht, mmx, 3dnowpref, sse, sse2, sse3, ssse3, sse4a, sse4.1, sse4.2, popcnt, lzcnt, tsc, tscinvbit, avx, avx2, aes, clmul, bmi1, bmi2, adx, sha, fma, vzeroupper, clflush, clflushopt, rdtscp, rdpid, f16c
Processor Information for the first 8 processors :
  Max Mhz: 2600, Current Mhz: 2600, Mhz Limit: 2600

Memory: 4k page, system-wide physical 7502M (189M free)
TotalPageFile size 40270M (AvailPageFile size 37M)
current process WorkingSet (physical memory assigned to process): 193M, peak: 257M
current process commit charge ("private bytes"): 504M, peak: 510M

vm_info: OpenJDK 64-Bit Server VM (21.0.12.1+1-LTS) for windows-amd64 JRE (21.0.12.1+1-LTS), built on 2026-08-18T00:00:00Z by "admin" with MS VC++ 17.12 (VS2022)

END.
