#
# There is insufficient memory for the Java Runtime Environment to continue.
# Native memory allocation (mmap) failed to map 65536 bytes. Error detail: Failed to commit metaspace.
# Possible reasons:
#   The system is out of physical RAM or swap space
#   This process is running with CompressedOops enabled, and the Java Heap may be blocking the growth of the native heap
# Possible solutions:
#   Reduce memory load on the system
#   Increase physical memory or swap space
#   Check if swap backing store is full
#   Decrease Java heap size (-Xmx/-Xms)
#   Decrease number of Java threads
#   Decrease Java thread stack sizes (-Xss)
#   Set larger code cache with -XX:ReservedCodeCacheSize=
#   JVM is running with Unscaled Compressed Oops mode in which the Java heap is
#     placed in the first 4GB address space. The Java Heap base address is the
#     maximum limit for the native heap growth. Please use -XX:HeapBaseMinAddress
#     to set the Java Heap base and to place the Java Heap above 4GB virtual address.
# This output file may be truncated or incomplete.
#
#  Out of Memory Error (virtualSpaceNode.cpp:113), pid=27228, tid=1680
#
# JRE version: OpenJDK Runtime Environment Temurin-21.0.12.1+1 (21.0.12.1+1) (build 21.0.12.1+1-LTS)
# Java VM: OpenJDK 64-Bit Server VM Temurin-21.0.12.1+1 (21.0.12.1+1-LTS, mixed mode, sharing, tiered, compressed oops, compressed class ptrs, g1 gc, windows-amd64)
# No core dump will be written. Minidumps are not enabled by default on client versions of Windows
#

---------------  S U M M A R Y ------------

Command Line: --add-opens=java.base/java.util=ALL-UNNAMED --add-opens=java.base/java.lang=ALL-UNNAMED --add-opens=java.base/java.lang.invoke=ALL-UNNAMED --add-opens=java.prefs/java.util.prefs=ALL-UNNAMED --add-exports=jdk.compiler/com.sun.tools.javac.api=ALL-UNNAMED --add-exports=jdk.compiler/com.sun.tools.javac.util=ALL-UNNAMED --add-opens=java.base/java.nio.charset=ALL-UNNAMED --add-opens=java.base/java.net=ALL-UNNAMED --add-opens=java.base/java.util.concurrent.atomic=ALL-UNNAMED -XX:MaxMetaspaceSize=384m -XX:+HeapDumpOnOutOfMemoryError -Xms256m -Xmx512m -Dfile.encoding=utf8 -Duser.country=IN -Duser.language=en -Duser.variant -javaagent:C:\Users\NAGARAJU\.gradle\wrapper\dists\gradle-8.9-bin\90cnw93cvbtalezasaz0blq0a\gradle-8.9\lib\agents\gradle-instrumentation-agent-8.9.jar org.gradle.launcher.daemon.bootstrap.GradleDaemon 8.9

Host: AMD Ryzen 3 5300U with Radeon Graphics         , 8 cores, 7G,  Windows 11 , 64 bit Build 26100 (10.0.26100.9168)
Time: Tue Sep  8 17:50:20 2026 India Standard Time elapsed time: 345.085814 seconds (0d 0h 5m 45s)

---------------  T H R E A D  ---------------

Current thread (0x000001bf281ff720):  JavaThread "Daemon worker"        [_thread_in_vm, id=1680, stack(0x000000a8bcb00000,0x000000a8bcc00000) (1024K)]

Stack: [0x000000a8bcb00000,0x000000a8bcc00000]
Native frames: (J=compiled Java code, j=interpreted, Vv=VM code, C=native code)
V  [jvm.dll+0x6d83e9]
V  [jvm.dll+0x8b5736]
V  [jvm.dll+0x8b7cee]
V  [jvm.dll+0x8b83d3]
V  [jvm.dll+0x284596]
V  [jvm.dll+0x8b147e]
V  [jvm.dll+0x679ad4]
V  [jvm.dll+0x1e849b]
V  [jvm.dll+0x1e825e]
V  [jvm.dll+0x67c3d2]
V  [jvm.dll+0x67c202]
V  [jvm.dll+0x67a4ae]
V  [jvm.dll+0x26f864]
V  [jvm.dll+0x21a11f]
V  [jvm.dll+0x20f80e]
V  [jvm.dll+0x5b6a7f]
V  [jvm.dll+0x82f606]
V  [jvm.dll+0x4792f8]
V  [jvm.dll+0x47f128]
C  [java.dll+0x17ec]

Java frames: (J=compiled Java code, j=interpreted, Vv=VM code)
J 816  java.lang.ClassLoader.defineClass1(Ljava/lang/ClassLoader;Ljava/lang/String;[BIILjava/security/ProtectionDomain;Ljava/lang/String;)Ljava/lang/Class; java.base@21.0.12.1 (0 bytes) @ 0x000001bf07b2a891 [0x000001bf07b2a7c0+0x00000000000000d1]
J 1532 c1 java.lang.ClassLoader.defineClass(Ljava/lang/String;[BIILjava/security/ProtectionDomain;)Ljava/lang/Class; java.base@21.0.12.1 (43 bytes) @ 0x000001bf002f4974 [0x000001bf002f4620+0x0000000000000354]
J 1149 c1 java.security.SecureClassLoader.defineClass(Ljava/lang/String;[BIILjava/security/CodeSource;)Ljava/lang/Class; java.base@21.0.12.1 (16 bytes) @ 0x000001bf001e451c [0x000001bf001e4440+0x00000000000000dc]
J 3571 c2 java.net.URLClassLoader.findClass(Ljava/lang/String;)Ljava/lang/Class; java.base@21.0.12.1 (47 bytes) @ 0x000001bf07cadab8 [0x000001bf07cac7a0+0x0000000000001318]
J 3472 c1 org.gradle.internal.classloader.TransformingClassLoader.findClass(Ljava/lang/String;)Ljava/lang/Class; (203 bytes) @ 0x000001bf0068eef4 [0x000001bf0068dea0+0x0000000000001054]
J 3270 c2 java.lang.ClassLoader.loadClass(Ljava/lang/String;Z)Ljava/lang/Class; java.base@21.0.12.1 (121 bytes) @ 0x000001bf07c60118 [0x000001bf07c5c8c0+0x0000000000003858]
J 834 c1 java.lang.ClassLoader.loadClass(Ljava/lang/String;)Ljava/lang/Class; java.base@21.0.12.1 (7 bytes) @ 0x000001bf001613d4 [0x000001bf001612c0+0x0000000000000114]
v  ~StubRoutines::call_stub 0x000001bf0753100d
j  org.gradle.api.internal.artifacts.dsl.CapabilityNotationParserFactory.createSingletonConverter(Z)Lorg/gradle/api/internal/artifacts/dsl/CapabilityNotationParser;+20
j  org.gradle.api.internal.artifacts.dsl.CapabilityNotationParserFactory.<clinit>()V+1
v  ~StubRoutines::call_stub 0x000001bf0753100d
j  org.gradle.composite.internal.CompositeBuildServices$CompositeBuildTreeScopeServices.createGlobalDependencySubstitutionRegistry(Lorg/gradle/api/internal/composite/CompositeBuildContext;Lorg/gradle/internal/reflect/Instantiator;Lorg/gradle/api/model/ObjectFactory;Lorg/gradle/internal/typeconversion/NotationParser;Lorg/gradle/api/internal/attributes/ImmutableAttributesFactory;)Lorg/gradle/internal/buildtree/GlobalDependencySubstitutionRegistry;+0
j  java.lang.invoke.LambdaForm$DMH+0x000001bf10150000.invokeVirtual(Ljava/lang/Object;Ljava/lang/Object;Ljava/lang/Object;Ljava/lang/Object;Ljava/lang/Object;Ljava/lang/Object;Ljava/lang/Object;)Ljava/lang/Object;+20 java.base@21.0.12.1
j  java.lang.invoke.LambdaForm$MH+0x000001bf1032bc00.invoke(Ljava/lang/Object;Ljava/lang/Object;Ljava/lang/Object;)Ljava/lang/Object;+168 java.base@21.0.12.1
J 2238 c1 jdk.internal.reflect.DirectMethodHandleAccessor.invoke(Ljava/lang/Object;[Ljava/lang/Object;)Ljava/lang/Object; java.base@21.0.12.1 (92 bytes) @ 0x000001bf00456324 [0x000001bf00455ac0+0x0000000000000864]
J 2237 c1 java.lang.reflect.Method.invoke(Ljava/lang/Object;[Ljava/lang/Object;)Ljava/lang/Object; java.base@21.0.12.1 (108 bytes) @ 0x000001bf00455254 [0x000001bf00454d40+0x0000000000000514]
j  org.gradle.internal.reflect.JavaMethod.invoke(Ljava/lang/Object;[Ljava/lang/Object;)Ljava/lang/Object;+6
j  org.gradle.internal.service.ReflectionBasedServiceMethod.invoke(Ljava/lang/Object;[Ljava/lang/Object;)Ljava/lang/Object;+6
j  org.gradle.internal.service.DefaultServiceRegistry$FactoryMethodService.invokeMethod([Ljava/lang/Object;)Ljava/lang/Object;+9
j  org.gradle.internal.service.DefaultServiceRegistry$FactoryService.createServiceInstance()Ljava/lang/Object;+7
J 3361 c1 org.gradle.internal.service.DefaultServiceRegistry$ManagedObjectServiceProvider.getInstance()Ljava/lang/Object; (47 bytes) @ 0x000001bf0066598c [0x000001bf006657e0+0x00000000000001ac]
J 2746 c1 org.gradle.internal.service.DefaultServiceRegistry$SingletonService.get()Ljava/lang/Object; (5 bytes) @ 0x000001bf00551bbc [0x000001bf00551b40+0x000000000000007c]
j  org.gradle.internal.service.DefaultServiceRegistry$FactoryService.assembleParameters()[Ljava/lang/Object;+44
j  org.gradle.internal.service.DefaultServiceRegistry$FactoryService.createServiceInstance()Ljava/lang/Object;+1
J 3361 c1 org.gradle.internal.service.DefaultServiceRegistry$ManagedObjectServiceProvider.getInstance()Ljava/lang/Object; (47 bytes) @ 0x000001bf0066598c [0x000001bf006657e0+0x00000000000001ac]
J 2746 c1 org.gradle.internal.service.DefaultServiceRegistry$SingletonService.get()Ljava/lang/Object; (5 bytes) @ 0x000001bf00551bbc [0x000001bf00551b40+0x000000000000007c]
j  org.gradle.internal.service.DefaultServiceRegistry$FactoryService.assembleParameters()[Ljava/lang/Object;+44
j  org.gradle.internal.service.DefaultServiceRegistry$FactoryService.createServiceInstance()Ljava/lang/Object;+1
J 3361 c1 org.gradle.internal.service.DefaultServiceRegistry$ManagedObjectServiceProvider.getInstance()Ljava/lang/Object; (47 bytes) @ 0x000001bf0066598c [0x000001bf006657e0+0x00000000000001ac]
J 2746 c1 org.gradle.internal.service.DefaultServiceRegistry$SingletonService.get()Ljava/lang/Object; (5 bytes) @ 0x000001bf00551bbc [0x000001bf00551b40+0x000000000000007c]
j  org.gradle.internal.service.DefaultServiceRegistry.find(Ljava/lang/reflect/Type;)Ljava/lang/Object;+22
j  org.gradle.internal.service.DefaultServiceRegistry.get(Ljava/lang/reflect/Type;)Ljava/lang/Object;+2
j  org.gradle.internal.service.DefaultServiceRegistry.get(Ljava/lang/Class;)Ljava/lang/Object;+3
j  org.gradle.internal.cc.impl.DefaultBuildModelControllerServices$VintageBuildControllerProvider.createBuildModelController(Lorg/gradle/api/internal/GradleInternal;Lorg/gradle/internal/model/StateTransitionControllerFactory;)Lorg/gradle/internal/build/BuildModelController;+33
j  java.lang.invoke.DirectMethodHandle$Holder.invokeSpecial(Ljava/lang/Object;Ljava/lang/Object;Ljava/lang/Object;Ljava/lang/Object;)Ljava/lang/Object;+14 java.base@21.0.12.1
j  java.lang.invoke.LambdaForm$MH+0x000001bf100d4c00.invoke(Ljava/lang/Object;Ljava/lang/Object;Ljava/lang/Object;Ljava/lang/Object;)Ljava/lang/Object;+73 java.base@21.0.12.1
J 2238 c1 jdk.internal.reflect.DirectMethodHandleAccessor.invoke(Ljava/lang/Object;[Ljava/lang/Object;)Ljava/lang/Object; java.base@21.0.12.1 (92 bytes) @ 0x000001bf00457064 [0x000001bf00455ac0+0x00000000000015a4]
J 2237 c1 java.lang.reflect.Method.invoke(Ljava/lang/Object;[Ljava/lang/Object;)Ljava/lang/Object; java.base@21.0.12.1 (108 bytes) @ 0x000001bf00455254 [0x000001bf00454d40+0x0000000000000514]
j  org.gradle.internal.reflect.JavaMethod.invoke(Ljava/lang/Object;[Ljava/lang/Object;)Ljava/lang/Object;+6
j  org.gradle.internal.service.ReflectionBasedServiceMethod.invoke(Ljava/lang/Object;[Ljava/lang/Object;)Ljava/lang/Object;+6
j  org.gradle.internal.service.DefaultServiceRegistry$FactoryMethodService.invokeMethod([Ljava/lang/Object;)Ljava/lang/Object;+9
j  org.gradle.internal.service.DefaultServiceRegistry$FactoryService.createServiceInstance()Ljava/lang/Object;+7
J 3361 c1 org.gradle.internal.service.DefaultServiceRegistry$ManagedObjectServiceProvider.getInstance()Ljava/lang/Object; (47 bytes) @ 0x000001bf0066598c [0x000001bf006657e0+0x00000000000001ac]
J 2746 c1 org.gradle.internal.service.DefaultServiceRegistry$SingletonService.get()Ljava/lang/Object; (5 bytes) @ 0x000001bf00551bbc [0x000001bf00551b40+0x000000000000007c]
j  org.gradle.internal.service.DefaultServiceRegistry.find(Ljava/lang/reflect/Type;)Ljava/lang/Object;+22
j  org.gradle.internal.service.DefaultServiceRegistry.get(Ljava/lang/reflect/Type;)Ljava/lang/Object;+2
j  org.gradle.internal.service.DefaultServiceRegistry.get(Ljava/lang/Class;)Ljava/lang/Object;+3
j  org.gradle.internal.build.DefaultBuildLifecycleControllerFactory.newInstance(Lorg/gradle/api/internal/BuildDefinition;Lorg/gradle/internal/service/scopes/BuildScopeServices;)Lorg/gradle/internal/build/BuildLifecycleController;+94
j  org.gradle.internal.cc.impl.DefaultBuildModelControllerServices$ServicesProvider.createBuildLifecycleController(Lorg/gradle/internal/build/BuildLifecycleControllerFactory;)Lorg/gradle/internal/build/BuildLifecycleController;+15
J 1616 c1 java.lang.invoke.DirectMethodHandle$Holder.invokeSpecial(Ljava/lang/Object;Ljava/lang/Object;Ljava/lang/Object;)Ljava/lang/Object; java.base@21.0.12.1 (15 bytes) @ 0x000001bf003120d4 [0x000001bf00311ce0+0x00000000000003f4]
j  java.lang.invoke.LambdaForm$MH+0x000001bf101b0400.invoke(Ljava/lang/Object;Ljava/lang/Object;Ljava/lang/Object;)Ljava/lang/Object;+52 java.base@21.0.12.1
J 2238 c1 jdk.internal.reflect.DirectMethodHandleAccessor.invoke(Ljava/lang/Object;[Ljava/lang/Object;)Ljava/lang/Object; java.base@21.0.12.1 (92 bytes) @ 0x000001bf004576bc [0x000001bf00455ac0+0x0000000000001bfc]
J 2237 c1 java.lang.reflect.Method.invoke(Ljava/lang/Object;[Ljava/lang/Object;)Ljava/lang/Object; java.base@21.0.12.1 (108 bytes) @ 0x000001bf00455254 [0x000001bf00454d40+0x0000000000000514]
j  org.gradle.internal.reflect.JavaMethod.invoke(Ljava/lang/Object;[Ljava/lang/Object;)Ljava/lang/Object;+6
j  org.gradle.internal.service.ReflectionBasedServiceMethod.invoke(Ljava/lang/Object;[Ljava/lang/Object;)Ljava/lang/Object;+6
j  org.gradle.internal.service.DefaultServiceRegistry$FactoryMethodService.invokeMethod([Ljava/lang/Object;)Ljava/lang/Object;+9
j  org.gradle.internal.service.DefaultServiceRegistry$FactoryService.createServiceInstance()Ljava/lang/Object;+7
J 3361 c1 org.gradle.internal.service.DefaultServiceRegistry$ManagedObjectServiceProvider.getInstance()Ljava/lang/Object; (47 bytes) @ 0x000001bf0066598c [0x000001bf006657e0+0x00000000000001ac]
J 2746 c1 org.gradle.internal.service.DefaultServiceRegistry$SingletonService.get()Ljava/lang/Object; (5 bytes) @ 0x000001bf00551bbc [0x000001bf00551b40+0x000000000000007c]
j  org.gradle.internal.service.DefaultServiceRegistry.find(Ljava/lang/reflect/Type;)Ljava/lang/Object;+22
j  org.gradle.internal.service.DefaultServiceRegistry.get(Ljava/lang/reflect/Type;)Ljava/lang/Object;+2
j  org.gradle.internal.service.DefaultServiceRegistry.get(Ljava/lang/Class;)Ljava/lang/Object;+3
j  org.gradle.internal.build.AbstractBuildState.lambda$new$0()Lorg/gradle/internal/build/BuildLifecycleController;+6
j  org.gradle.internal.build.AbstractBuildState$$Lambda+0x000001bf10301258.get()Ljava/lang/Object;+4
j  org.gradle.internal.lazy.LockingLazy.get()Ljava/lang/Object;+22
j  org.gradle.internal.build.AbstractBuildState.getBuildController()Lorg/gradle/internal/build/BuildLifecycleController;+4
j  org.gradle.composite.internal.DefaultRootBuildState.<init>(Lorg/gradle/api/internal/BuildDefinition;Lorg/gradle/internal/buildtree/BuildTreeState;Lorg/gradle/internal/event/ListenerManager;)V+19
j  org.gradle.composite.internal.BuildStateFactory.createRootBuild(Lorg/gradle/api/internal/BuildDefinition;)Lorg/gradle/internal/build/RootBuildState;+13
j  org.gradle.composite.internal.DefaultIncludedBuildRegistry.createRootBuild(Lorg/gradle/api/internal/BuildDefinition;)Lorg/gradle/internal/build/RootBuildState;+23
j  org.gradle.launcher.exec.RootBuildLifecycleBuildActionExecutor.execute(Lorg/gradle/internal/invocation/BuildAction;Lorg/gradle/internal/buildtree/BuildTreeContext;)Lorg/gradle/internal/buildtree/BuildActionRunner$Result;+14
j  org.gradle.internal.buildtree.InitDeprecationLoggingActionExecutor.execute(Lorg/gradle/internal/invocation/BuildAction;Lorg/gradle/internal/buildtree/BuildTreeContext;)Lorg/gradle/internal/buildtree/BuildActionRunner$Result;+83
j  org.gradle.internal.buildtree.InitProblems.execute(Lorg/gradle/internal/invocation/BuildAction;Lorg/gradle/internal/buildtree/BuildTreeContext;)Lorg/gradle/internal/buildtree/BuildActionRunner$Result;+13
j  org.gradle.internal.buildtree.DefaultBuildTreeContext.execute(Lorg/gradle/internal/invocation/BuildAction;)Lorg/gradle/internal/buildtree/BuildActionRunner$Result;+64
j  org.gradle.launcher.exec.BuildTreeLifecycleBuildActionExecutor.lambda$execute$0(Lorg/gradle/internal/invocation/BuildAction;Lorg/gradle/internal/buildtree/BuildTreeContext;)Lorg/gradle/internal/buildtree/BuildActionRunner$Result;+2
j  org.gradle.launcher.exec.BuildTreeLifecycleBuildActionExecutor$$Lambda+0x000001bf102a3a98.apply(Ljava/lang/Object;)Ljava/lang/Object;+8
j  org.gradle.internal.buildtree.BuildTreeState.run(Ljava/util/function/Function;)Ljava/lang/Object;+45
j  org.gradle.launcher.exec.BuildTreeLifecycleBuildActionExecutor.execute(Lorg/gradle/internal/invocation/BuildAction;Lorg/gradle/internal/session/BuildSessionContext;)Lorg/gradle/internal/buildtree/BuildActionRunner$Result;+74
j  org.gradle.launcher.exec.RunAsBuildOperationBuildActionExecutor$3.call(Lorg/gradle/internal/operations/BuildOperationContext;)Lorg/gradle/internal/buildtree/BuildActionRunner$Result;+25
j  org.gradle.launcher.exec.RunAsBuildOperationBuildActionExecutor$3.call(Lorg/gradle/internal/operations/BuildOperationContext;)Ljava/lang/Object;+2
j  org.gradle.internal.operations.DefaultBuildOperationRunner$CallableBuildOperationWorker.execute(Lorg/gradle/internal/operations/CallableBuildOperation;Lorg/gradle/internal/operations/BuildOperationContext;)V+3
j  org.gradle.internal.operations.DefaultBuildOperationRunner$CallableBuildOperationWorker.execute(Lorg/gradle/internal/operations/BuildOperation;Lorg/gradle/internal/operations/BuildOperationContext;)V+6
j  org.gradle.internal.operations.DefaultBuildOperationRunner$2.execute(Lorg/gradle/internal/operations/BuildOperationDescriptor;Lorg/gradle/internal/operations/BuildOperationState;Lorg/gradle/internal/operations/BuildOperationState;Lorg/gradle/internal/operations/DefaultBuildOperationRunner$ReadableBuildOperationContext;Lorg/gradle/internal/operations/DefaultBuildOperationRunner$BuildOperationExecutionListener;)Lorg/gradle/internal/operations/BuildOperation;+22
j  org.gradle.internal.operations.DefaultBuildOperationRunner$2.execute(Lorg/gradle/internal/operations/BuildOperationDescriptor;Lorg/gradle/internal/operations/BuildOperationState;Lorg/gradle/internal/operations/BuildOperationState;Lorg/gradle/internal/operations/DefaultBuildOperationRunner$ReadableBuildOperationContext;Lorg/gradle/internal/operations/DefaultBuildOperationRunner$BuildOperationExecutionListener;)Ljava/lang/Object;+8
j  org.gradle.internal.operations.DefaultBuildOperationRunner.execute(Lorg/gradle/internal/operations/BuildOperationDescriptor$Builder;Lorg/gradle/internal/operations/BuildOperationState;Lorg/gradle/internal/operations/DefaultBuildOperationRunner$BuildOperationExecution;)Ljava/lang/Object;+141
j  org.gradle.internal.operations.DefaultBuildOperationRunner.execute(Lorg/gradle/internal/operations/BuildOperation;Lorg/gradle/internal/operations/BuildOperationWorker;Lorg/gradle/internal/operations/BuildOperationState;)V+18
j  org.gradle.internal.operations.DefaultBuildOperationRunner.call(Lorg/gradle/internal/operations/CallableBuildOperation;)Ljava/lang/Object;+16
j  org.gradle.launcher.exec.RunAsBuildOperationBuildActionExecutor.execute(Lorg/gradle/internal/invocation/BuildAction;Lorg/gradle/internal/session/BuildSessionContext;)Lorg/gradle/internal/buildtree/BuildActionRunner$Result;+23
j  org.gradle.launcher.exec.RunAsWorkerThreadBuildActionExecutor.lambda$execute$0(Lorg/gradle/internal/invocation/BuildAction;Lorg/gradle/internal/session/BuildSessionContext;)Lorg/gradle/internal/buildtree/BuildActionRunner$Result;+6
j  org.gradle.launcher.exec.RunAsWorkerThreadBuildActionExecutor$$Lambda+0x000001bf1027dd98.create()Ljava/lang/Object;+12
j  org.gradle.internal.work.DefaultWorkerLeaseService.withLocks(Ljava/util/Collection;Lorg/gradle/internal/Factory;)Ljava/lang/Object;+28
j  org.gradle.internal.work.DefaultWorkerLeaseService.runAsWorkerThread(Lorg/gradle/internal/Factory;)Ljava/lang/Object;+33
j  org.gradle.launcher.exec.RunAsWorkerThreadBuildActionExecutor.execute(Lorg/gradle/internal/invocation/BuildAction;Lorg/gradle/internal/session/BuildSessionContext;)Lorg/gradle/internal/buildtree/BuildActionRunner$Result;+12
j  org.gradle.tooling.internal.provider.continuous.ContinuousBuildActionExecutor.execute(Lorg/gradle/internal/invocation/BuildAction;Lorg/gradle/internal/session/BuildSessionContext;)Lorg/gradle/internal/buildtree/BuildActionRunner$Result;+58
j  org.gradle.tooling.internal.provider.SubscribableBuildActionExecutor.execute(Lorg/gradle/internal/invocation/BuildAction;Lorg/gradle/internal/session/BuildSessionContext;)Lorg/gradle/internal/buildtree/BuildActionRunner$Result;+30
j  org.gradle.internal.session.DefaultBuildSessionContext.execute(Lorg/gradle/internal/invocation/BuildAction;)Lorg/gradle/internal/buildtree/BuildActionRunner$Result;+64
j  org.gradle.internal.buildprocess.execution.BuildSessionLifecycleBuildActionExecutor$ActionImpl.apply(Lorg/gradle/internal/session/BuildSessionContext;)Lorg/gradle/launcher/exec/BuildActionResult;+6
j  org.gradle.internal.buildprocess.execution.BuildSessionLifecycleBuildActionExecutor$ActionImpl.apply(Ljava/lang/Object;)Ljava/lang/Object;+5
j  org.gradle.internal.session.BuildSessionState.run(Ljava/util/function/Function;)Ljava/lang/Object;+5
j  org.gradle.internal.buildprocess.execution.BuildSessionLifecycleBuildActionExecutor.execute(Lorg/gradle/internal/invocation/BuildAction;Lorg/gradle/launcher/exec/BuildActionParameters;Lorg/gradle/initialization/BuildRequestContext;)Lorg/gradle/launcher/exec/BuildActionResult;+95
j  org.gradle.internal.buildprocess.execution.BuildSessionLifecycleBuildActionExecutor.execute(Lorg/gradle/internal/invocation/BuildAction;Ljava/lang/Object;Ljava/lang/Object;)Lorg/gradle/launcher/exec/BuildActionResult;+10
j  org.gradle.internal.buildprocess.execution.StartParamsValidatingActionExecutor.execute(Lorg/gradle/internal/invocation/BuildAction;Lorg/gradle/launcher/exec/BuildActionParameters;Lorg/gradle/initialization/BuildRequestContext;)Lorg/gradle/launcher/exec/BuildActionResult;+203
j  org.gradle.internal.buildprocess.execution.StartParamsValidatingActionExecutor.execute(Lorg/gradle/internal/invocation/BuildAction;Ljava/lang/Object;Ljava/lang/Object;)Lorg/gradle/launcher/exec/BuildActionResult;+10
j  org.gradle.internal.buildprocess.execution.SessionFailureReportingActionExecutor.execute(Lorg/gradle/internal/invocation/BuildAction;Lorg/gradle/launcher/exec/BuildActionParameters;Lorg/gradle/initialization/BuildRequestContext;)Lorg/gradle/launcher/exec/BuildActionResult;+7
j  org.gradle.internal.buildprocess.execution.SessionFailureReportingActionExecutor.execute(Lorg/gradle/internal/invocation/BuildAction;Ljava/lang/Object;Ljava/lang/Object;)Lorg/gradle/launcher/exec/BuildActionResult;+10
j  org.gradle.internal.buildprocess.execution.SetupLoggingActionExecutor.execute(Lorg/gradle/internal/invocation/BuildAction;Lorg/gradle/launcher/exec/BuildActionParameters;Lorg/gradle/initialization/BuildRequestContext;)Lorg/gradle/launcher/exec/BuildActionResult;+50
j  org.gradle.internal.buildprocess.execution.SetupLoggingActionExecutor.execute(Lorg/gradle/internal/invocation/BuildAction;Ljava/lang/Object;Ljava/lang/Object;)Lorg/gradle/launcher/exec/BuildActionResult;+10
j  org.gradle.launcher.daemon.server.exec.ExecuteBuild.doBuild(Lorg/gradle/launcher/daemon/server/api/DaemonCommandExecution;Lorg/gradle/launcher/daemon/protocol/Build;)V+147
j  org.gradle.launcher.daemon.server.exec.BuildCommandOnly.execute(Lorg/gradle/launcher/daemon/server/api/DaemonCommandExecution;)V+49
j  org.gradle.launcher.daemon.server.api.DaemonCommandExecution.proceed()Z+23
j  org.gradle.launcher.daemon.server.exec.WatchForDisconnection.execute(Lorg/gradle/launcher/daemon/server/api/DaemonCommandExecution;)V+19
j  org.gradle.launcher.daemon.server.api.DaemonCommandExecution.proceed()Z+23
j  org.gradle.launcher.daemon.server.exec.ResetDeprecationLogger.execute(Lorg/gradle/launcher/daemon/server/api/DaemonCommandExecution;)V+7
j  org.gradle.launcher.daemon.server.api.DaemonCommandExecution.proceed()Z+23
j  org.gradle.launcher.daemon.server.exec.RequestStopIfSingleUsedDaemon.execute(Lorg/gradle/launcher/daemon/server/api/DaemonCommandExecution;)V+33
j  org.gradle.launcher.daemon.server.api.DaemonCommandExecution.proceed()Z+23
j  org.gradle.launcher.daemon.server.exec.ForwardClientInput.lambda$execute$0(Lorg/gradle/launcher/daemon/server/api/DaemonCommandExecution;Lorg/gradle/internal/daemon/clientinput/StdinHandler;)Ljava/lang/Object;+11
j  org.gradle.launcher.daemon.server.exec.ForwardClientInput$$Lambda+0x000001bf101898b0.apply(Ljava/lang/Object;)Ljava/lang/Object;+8
j  org.gradle.internal.daemon.clientinput.ClientInputForwarder.forwardInput(Ljava/util/function/Function;)Ljava/lang/Object;+46
j  org.gradle.launcher.daemon.server.exec.ForwardClientInput.execute(Lorg/gradle/launcher/daemon/server/api/DaemonCommandExecution;)V+10
j  org.gradle.launcher.daemon.server.api.DaemonCommandExecution.proceed()Z+23
j  org.gradle.launcher.daemon.server.exec.LogAndCheckHealth.execute(Lorg/gradle/launcher/daemon/server/api/DaemonCommandExecution;)V+51
j  org.gradle.launcher.daemon.server.api.DaemonCommandExecution.proceed()Z+23
j  org.gradle.launcher.daemon.server.exec.LogToClient.doBuild(Lorg/gradle/launcher/daemon/server/api/DaemonCommandExecution;Lorg/gradle/launcher/daemon/protocol/Build;)V+87
j  org.gradle.launcher.daemon.server.exec.BuildCommandOnly.execute(Lorg/gradle/launcher/daemon/server/api/DaemonCommandExecution;)V+49
j  org.gradle.launcher.daemon.server.api.DaemonCommandExecution.proceed()Z+23
j  org.gradle.launcher.daemon.server.exec.EstablishBuildEnvironment.doBuild(Lorg/gradle/launcher/daemon/server/api/DaemonCommandExecution;Lorg/gradle/launcher/daemon/protocol/Build;)V+356
j  org.gradle.launcher.daemon.server.exec.BuildCommandOnly.execute(Lorg/gradle/launcher/daemon/server/api/DaemonCommandExecution;)V+49
j  org.gradle.launcher.daemon.server.api.DaemonCommandExecution.proceed()Z+23
j  org.gradle.launcher.daemon.server.exec.StartBuildOrRespondWithBusy$1.run()V+44
j  org.gradle.launcher.daemon.server.DaemonStateCoordinator.lambda$runCommand$0(Ljava/lang/Runnable;)V+1
j  org.gradle.launcher.daemon.server.DaemonStateCoordinator$$Lambda+0x000001bf10188238.run()V+8
j  org.gradle.internal.concurrent.ExecutorPolicy$CatchAndRecordFailures.onExecute(Ljava/lang/Runnable;)V+1
j  org.gradle.internal.concurrent.AbstractManagedExecutor$1.run()V+25
j  java.util.concurrent.ThreadPoolExecutor.runWorker(Ljava/util/concurrent/ThreadPoolExecutor$Worker;)V+92 java.base@21.0.12.1
j  java.util.concurrent.ThreadPoolExecutor$Worker.run()V+5 java.base@21.0.12.1
j  java.lang.Thread.runWith(Ljava/lang/Object;Ljava/lang/Runnable;)V+5 java.base@21.0.12.1
j  java.lang.Thread.run()V+19 java.base@21.0.12.1
v  ~StubRoutines::call_stub 0x000001bf0753100d

Compiled method (n/a) 346000  816     n 0       java.lang.ClassLoader::defineClass1 (native)
 total in heap  [0x000001bf07b2a610,0x000001bf07b2aba8] = 1432
 relocation     [0x000001bf07b2a770,0x000001bf07b2a7a8] = 56
 main code      [0x000001bf07b2a7c0,0x000001bf07b2aba1] = 993
 stub code      [0x000001bf07b2aba1,0x000001bf07b2aba8] = 7

[Constant Pool (empty)]

[MachCode]
[Entry Point]
  # {method} {0x000001bf0f434c38} 'defineClass1' '(Ljava/lang/ClassLoader;Ljava/lang/String;[BIILjava/security/ProtectionDomain;Ljava/lang/String;)Ljava/lang/Class;' in 'java/lang/ClassLoader'
  # parm0:    rdx:rdx   = 'java/lang/ClassLoader'
  # parm1:    r8:r8     = 'java/lang/String'
  # parm2:    r9:r9     = '[B'
  # parm3:    rdi       = int
  # parm4:    rsi       = int
  # parm5:    rcx:rcx   = 'java/security/ProtectionDomain'
  # parm6:    [sp+0xa0]   = 'java/lang/String'  (sp of caller)
  0x000001bf07b2a7c0: 448b 5208 | 49bb 0000 | 000f bf01 | 0000 4d03 | d349 3bc2 | 0f84 0600 

  0x000001bf07b2a7d8: ;   {runtime_call ic_miss_stub}
  0x000001bf07b2a7d8: 0000 e9a1 | 3fa5 ff90 
[Verified Entry Point]
  0x000001bf07b2a7e0: 8984 2400 | 80ff ff55 | 488b ec48 | 81ec 9000 | 0000 6690 | 4181 7f20 | 0100 0000 

  0x000001bf07b2a7fc: ;   {runtime_call StubRoutines (final stubs)}
  0x000001bf07b2a7fc: 7405 e89d | bca3 ff48 | 837d 1000 | 488d 4510 | 480f 4445 | 1048 8944 | 2440 4889 | 4c24 7048 
  0x000001bf07b2a81c: 83f9 0048 | 8d44 2470 | 480f 4444 | 2470 4889 | 4424 3848 | 8974 2430 | 4889 7c24 | 284c 894c 
  0x000001bf07b2a83c: 2458 4983 | f900 488d | 4424 5848 | 0f44 4424 | 5848 8944 | 2420 4c89 | 4424 5049 | 83f8 004c 
  0x000001bf07b2a85c: 8d4c 2450 | 4c0f 444c | 2450 4889 | 5424 4848 | 83fa 004c | 8d44 2448 | 4c0f 4444 

  0x000001bf07b2a878: ;   {oop(a 'java/lang/Class'{0x00000000e07169a0} = 'java/lang/ClassLoader')}
  0x000001bf07b2a878: 2448 49be | a069 71e0 | 0000 0000 | 4c89 7424 | 784c 8d74 | 2478 498b | d6c5 f877 

  0x000001bf07b2a894: ;   {internal_word}
  0x000001bf07b2a894: 49ba 91a8 | b207 bf01 | 0000 4d89 | 97a8 0300 | 0049 89a7 | a003 0000 

  0x000001bf07b2a8ac: ;   {external_word}
  0x000001bf07b2a8ac: 49ba 066d | 8cfd f87f | 0000 4180 | 3a00 0f84 | 4e00 0000 | 5241 5041 

  0x000001bf07b2a8c4: ;   {metadata({method} {0x000001bf0f434c38} 'defineClass1' '(Ljava/lang/ClassLoader;Ljava/lang/String;[BIILjava/security/ProtectionDomain;Ljava/lang/String;)Ljava/lang/Class;' in 'java/lang/ClassLoader')}
  0x000001bf07b2a8c4: 5148 ba30 | 4c43 0fbf | 0100 0049 | 8bcf 4883 | ec20 40f6 | c40f 0f84 | 1900 0000 | 4883 ec08 
  0x000001bf07b2a8e4: ;   {runtime_call}
  0x000001bf07b2a8e4: 48b8 e0ea | 35fd f87f | 0000 ffd0 | 4883 c408 | e90c 0000 

  0x000001bf07b2a8f8: ;   {runtime_call}
  0x000001bf07b2a8f8: 0048 b8e0 | ea35 fdf8 | 7f00 00ff | d048 83c4 | 2041 5941 | 585a 498d | 8fc0 0300 | 0041 c787 
  0x000001bf07b2a918: 4c04 0000 | 0400 0000 

  0x000001bf07b2a920: ;   {runtime_call}
  0x000001bf07b2a920: 48b8 ac16 | 165a f97f | 0000 ffd0 | c5f8 7741 | c787 4c04 | 0000 0500 | 0000 f083 | 4424 c000 
  0x000001bf07b2a940: 493b af50 | 0400 000f | 870e 0000 | 0041 83bf | 4804 0000 | 000f 842b | 0000 00c5 | f877 4889 
  0x000001bf07b2a960: 45f8 498b | cf4c 8be4 | 4883 ec20 | 4883 e4f0 

  0x000001bf07b2a970: ;   {runtime_call}
  0x000001bf07b2a970: 48b8 0058 | 01fd f87f | 0000 ffd0 | 498b e44d | 33e4 488b | 45f8 41c7 | 874c 0400 | 0008 0000 
  0x000001bf07b2a990: 0041 83bf | c804 0000 | 020f 84d5 

  0x000001bf07b2a99c: ;   {external_word}
  0x000001bf07b2a99c: 0100 0049 | ba06 6d8c | fdf8 7f00 | 0041 803a | 000f 844c | 0000 0048 

  0x000001bf07b2a9b4: ;   {metadata({method} {0x000001bf0f434c38} 'defineClass1' '(Ljava/lang/ClassLoader;Ljava/lang/String;[BIILjava/security/ProtectionDomain;Ljava/lang/String;)Ljava/lang/Class;' in 'java/lang/ClassLoader')}
  0x000001bf07b2a9b4: 8945 f848 | ba30 4c43 | 0fbf 0100 | 0049 8bcf | 4883 ec20 | 40f6 c40f | 0f84 1900 | 0000 4883 
  0x000001bf07b2a9d4: ;   {runtime_call}
  0x000001bf07b2a9d4: ec08 48b8 | e0ea 35fd | f87f 0000 | ffd0 4883 | c408 e90c 

  0x000001bf07b2a9e8: ;   {runtime_call}
  0x000001bf07b2a9e8: 0000 0048 | b8e0 ea35 | fdf8 7f00 | 00ff d048 | 83c4 2048 | 8b45 f849 | c787 a003 | 0000 0000 
  0x000001bf07b2aa08: 0000 49c7 | 87a8 0300 | 0000 0000 | 00c5 f877 | 4885 c00f | 8430 0100 | 00a8 030f | 8508 0000 
  0x000001bf07b2aa28: 0048 8b00 | e920 0100 | 00a8 010f | 8509 0000 | 0048 8b40 | fee9 0f01 | 0000 488b | 40ff 4180 
  0x000001bf07b2aa48: 7f40 000f | 8400 0100 | 0048 83f8 | 000f 84f6 | 0000 0049 | 8b4f 2848 | 83f9 000f | 8414 0000 
  0x000001bf07b2aa68: 0048 83e9 | 0849 894f | 2849 034f | 3848 8901 | e9d4 0000 | 0048 83ec | 7048 8904 | 2448 894c 
  0x000001bf07b2aa88: 2408 4889 | 5424 104c | 8944 2418 | 4c89 4c24 | 204c 8954 | 2428 4c89 | 5c24 30c5 | fb11 4424 
  0x000001bf07b2aaa8: 40c5 fb11 | 4c24 48c5 | fb11 5424 | 50c5 fb11 | 5c24 58c5 | fb11 6424 | 60c5 fb11 | 6c24 6849 
  0x000001bf07b2aac8: 8bd7 488b | c848 83ec | 2040 f6c4 | 0f0f 8419 | 0000 0048 

  0x000001bf07b2aadc: ;   {runtime_call}
  0x000001bf07b2aadc: 83ec 0848 | b820 a4f4 | fcf8 7f00 | 00ff d048 | 83c4 08e9 | 0c00 0000 

  0x000001bf07b2aaf4: ;   {runtime_call}
  0x000001bf07b2aaf4: 48b8 20a4 | f4fc f87f | 0000 ffd0 | 4883 c420 | c5fb 106c | 2468 c5fb | 1064 2460 | c5fb 105c 
  0x000001bf07b2ab14: 2458 c5fb | 1054 2450 | c5fb 104c | 2448 c5fb | 1044 2440 | 4c8b 5c24 | 304c 8b54 | 2428 4c8b 
  0x000001bf07b2ab34: 4c24 204c | 8b44 2418 | 488b 5424 | 1048 8b4c | 2408 488b | 0424 4883 | c470 c5f8 | 7749 8b8f 
  0x000001bf07b2ab54: 3004 0000 | c781 0001 | 0000 0000 | 0000 c949 | 837f 0800 | 0f85 0100 

  0x000001bf07b2ab6c: ;   {runtime_call StubRoutines (initial stubs)}
  0x000001bf07b2ab6c: 0000 c3e9 | 8c63 a0ff | c5f8 7748 | 8945 f84c | 8be4 4883 | ec20 4883 

  0x000001bf07b2ab84: ;   {runtime_call}
  0x000001bf07b2ab84: e4f0 48b8 | 3022 36fd | f87f 0000 | ffd0 498b | e44d 33e4 | 488b 45f8 | e9fe fdff | fff4 f4f4 
  0x000001bf07b2aba4: f4f4 f4f4 
[/MachCode]


Compiled method (c1) 346045 1532       3       java.lang.ClassLoader::defineClass (43 bytes)
 total in heap  [0x000001bf002f4410,0x000001bf002f4d60] = 2384
 relocation     [0x000001bf002f4570,0x000001bf002f4610] = 160
 main code      [0x000001bf002f4620,0x000001bf002f4ab8] = 1176
 stub code      [0x000001bf002f4ab8,0x000001bf002f4b30] = 120
 metadata       [0x000001bf002f4b30,0x000001bf002f4b60] = 48
 scopes data    [0x000001bf002f4b60,0x000001bf002f4c50] = 240
 scopes pcs     [0x000001bf002f4c50,0x000001bf002f4d30] = 224
 dependencies   [0x000001bf002f4d30,0x000001bf002f4d38] = 8
 nul chk table  [0x000001bf002f4d38,0x000001bf002f4d60] = 40

[Constant Pool (empty)]

[MachCode]
[Entry Point]
  # {method} {0x000001bf0f434fb8} 'defineClass' '(Ljava/lang/String;[BIILjava/security/ProtectionDomain;)Ljava/lang/Class;' in 'java/lang/ClassLoader'
  # this:     rdx:rdx   = 'java/lang/ClassLoader'
  # parm0:    r8:r8     = 'java/lang/String'
  # parm1:    r9:r9     = '[B'
  # parm2:    rdi       = int
  # parm3:    rsi       = int
  # parm4:    rcx:rcx   = 'java/security/ProtectionDomain'
  #           [sp+0xc0]  (sp of caller)
  0x000001bf002f4620: 448b 5208 | 49bb 0000 | 000f bf01 | 0000 4d03 | d34c 3bd0 

  0x000001bf002f4634: ;   {runtime_call ic_miss_stub}
  0x000001bf002f4634: 0f85 46a1 | 2807 660f | 1f44 0000 
[Verified Entry Point]
  0x000001bf002f4640: 8984 2400 | 80ff ff55 | 4881 ecb0 | 0000 0090 | 4181 7f20 | 0100 0000 

  0x000001bf002f4658: ;   {runtime_call StubRoutines (final stubs)}
  0x000001bf002f4658: 7405 e841 | 1e27 0748 | 8954 2478 

  0x000001bf002f4664: ;   {metadata(method data for {method} {0x000001bf0f434fb8} 'defineClass' '(Ljava/lang/String;[BIILjava/security/ProtectionDomain;)Ljava/lang/Class;' in 'java/lang/ClassLoader')}
  0x000001bf002f4664: 48bb e8a1 | 1824 bf01 | 0000 8b83 | cc00 0000 | 83c0 0289 | 83cc 0000 | 0025 fe07 | 0000 85c0 
  0x000001bf002f4684: 0f84 5003 | 0000 89b4 | 2494 0000 | 0089 bc24 | 9000 0000 | 4c89 8c24 | 8800 0000 

  0x000001bf002f46a0: ;   {metadata(method data for {method} {0x000001bf0f434fb8} 'defineClass' '(Ljava/lang/String;[BIILjava/security/ProtectionDomain;)Ljava/lang/Class;' in 'java/lang/ClassLoader')}
  0x000001bf002f46a0: 488b da48 | b8e8 a118 | 24bf 0100 | 0048 8380 | 1001 0000 | 0149 8bd8 | 4c8b c34c | 8bc9 488b 
  0x000001bf002f46c0: ca48 8bd1 | 4889 9c24 | 8000 0000 

  0x000001bf002f46cc: ;   {optimized virtual_call}
  0x000001bf002f46cc: 6666 90e8 

  0x000001bf002f46d0: ; ImmutableOopMap {[120]=Oop [128]=Oop [136]=Oop }
                      ;*invokevirtual preDefineClass {reexecute=0 rethrow=0 return_oop=0}
                      ; - java.lang.ClassLoader::defineClass@4
  0x000001bf002f46d0: 4cda f5ff 

  0x000001bf002f46d4: ;   {other}
  0x000001bf002f46d4: 0f1f 8400 | c402 0000 | 4889 8424 | 9800 0000 | 488b 5424 

  0x000001bf002f46e8: ;   {metadata(method data for {method} {0x000001bf0f434fb8} 'defineClass' '(Ljava/lang/String;[BIILjava/security/ProtectionDomain;)Ljava/lang/Class;' in 'java/lang/ClassLoader')}
  0x000001bf002f46e8: 7849 b8e8 | a118 24bf | 0100 0049 | 8380 4801 

  0x000001bf002f46f8: ;   {metadata(method data for {method} {0x000001bf0f434ca0} 'defineClassSourceLocation' '(Ljava/security/ProtectionDomain;)Ljava/lang/String;' in 'java/lang/ClassLoader')}
  0x000001bf002f46f8: 0000 0149 | b8c8 7e1b | 24bf 0100 | 0041 8b90 | cc00 0000 | 83c2 0241 | 8990 cc00 | 0000 81e2 
  0x000001bf002f4718: feff 1f00 | 85d2 0f84 | d702 0000 

  0x000001bf002f4724: ; implicit exception: dispatches to 0x000001bf002f4a1c
  0x000001bf002f4724: 483b 004c 

  0x000001bf002f4728: ;   {metadata(method data for {method} {0x000001bf0f434ca0} 'defineClassSourceLocation' '(Ljava/security/ProtectionDomain;)Ljava/lang/String;' in 'java/lang/ClassLoader')}
  0x000001bf002f4728: 8bc0 48ba | c87e 1b24 | bf01 0000 | 4883 8210 | 0100 0001 | 448b 4010 

  0x000001bf002f4740: ;   {metadata(method data for {method} {0x000001bf0f434ca0} 'defineClassSourceLocation' '(Ljava/security/ProtectionDomain;)Ljava/lang/String;' in 'java/lang/ClassLoader')}
  0x000001bf002f4740: 4d85 c048 | bac8 7e1b | 24bf 0100 | 0048 c7c6 | 5801 0000 | 7507 48c7 | c648 0100 | 0048 8b3c 
  0x000001bf002f4760: 3248 8d7f | 0148 893c | 320f 850f 

  0x000001bf002f476c: ;   {oop(nullptr)}
  0x000001bf002f476c: 0000 0048 | bb00 0000 | 0000 0000 | 00e9 a101 | 0000 493b | 0049 8bd0 

  0x000001bf002f4784: ;   {metadata(method data for {method} {0x000001bf0f434ca0} 'defineClassSourceLocation' '(Ljava/security/ProtectionDomain;)Ljava/lang/String;' in 'java/lang/ClassLoader')}
  0x000001bf002f4784: 48be c87e | 1b24 bf01 | 0000 4883 | 8668 0100 | 0001 418b | 500c 4885 

  0x000001bf002f479c: ;   {metadata(method data for {method} {0x000001bf0f434ca0} 'defineClassSourceLocation' '(Ljava/security/ProtectionDomain;)Ljava/lang/String;' in 'java/lang/ClassLoader')}
  0x000001bf002f479c: d248 bec8 | 7e1b 24bf | 0100 0048 | c7c7 b001 | 0000 7507 | 48c7 c7a0 | 0100 0048 | 8b1c 3e48 
  0x000001bf002f47bc: 8d5b 0148 | 891c 3e0f | 850f 0000 

  0x000001bf002f47c8: ;   {oop(nullptr)}
  0x000001bf002f47c8: 0048 bb00 | 0000 0000 | 0000 00e9 | 4701 0000 

  0x000001bf002f47d8: ;   {metadata(method data for {method} {0x000001bf0f434ca0} 'defineClassSourceLocation' '(Ljava/security/ProtectionDomain;)Ljava/lang/String;' in 'java/lang/ClassLoader')}
  0x000001bf002f47d8: 48be c87e | 1b24 bf01 | 0000 4883 | 86c0 0100 | 0001 483b | 024c 8bc2 

  0x000001bf002f47f0: ;   {metadata(method data for {method} {0x000001bf0f434ca0} 'defineClassSourceLocation' '(Ljava/security/ProtectionDomain;)Ljava/lang/String;' in 'java/lang/ClassLoader')}
  0x000001bf002f47f0: 48be c87e | 1b24 bf01 | 0000 4883 | 86f8 0100 

  0x000001bf002f4800: ;   {metadata(method data for {method} {0x000001bf0f01abf0} 'toString' '()Ljava/lang/String;' in 'java/net/URL')}
  0x000001bf002f4800: 0001 49b8 | e80b 0e24 | bf01 0000 | 418b b0cc | 0000 0083 | c602 4189 | b0cc 0000 | 0081 e6fe 
  0x000001bf002f4820: ff1f 0085 | f60f 8400 | 0200 004c 

  0x000001bf002f482c: ;   {metadata(method data for {method} {0x000001bf0f01abf0} 'toString' '()Ljava/lang/String;' in 'java/net/URL')}
  0x000001bf002f482c: 8bc2 48be | e80b 0e24 | bf01 0000 | 4883 8610 | 0100 0001 

  0x000001bf002f4840: ;   {metadata(method data for {method} {0x000001bf0f428840} 'toExternalForm' '()Ljava/lang/String;' in 'java/net/URL')}
  0x000001bf002f4840: 49b8 700d | 0e24 bf01 | 0000 418b | b0cc 0000 | 0083 c602 | 4189 b0cc | 0000 0081 | e6fe ff1f 
  0x000001bf002f4860: 0085 f60f | 84e3 0100 | 008b 7238 

  0x000001bf002f486c: ; implicit exception: dispatches to 0x000001bf002f4a6d
  0x000001bf002f486c: 483b 064c 

  0x000001bf002f4870: ;   {metadata(method data for {method} {0x000001bf0f428840} 'toExternalForm' '()Ljava/lang/String;' in 'java/net/URL')}
  0x000001bf002f4870: 8bc6 48bf | 700d 0e24 | bf01 0000 | 458b 4008 | 49ba 0000 | 000f bf01 | 0000 4d03 | c24c 3b87 
  0x000001bf002f4890: 2001 0000 | 750d 4883 | 8728 0100 | 0001 e960 | 0000 004c | 3b87 3001 | 0000 750d | 4883 8738 
  0x000001bf002f48b0: 0100 0001 | e94a 0000 | 0048 83bf | 2001 0000 | 0075 174c | 8987 2001 | 0000 48c7 | 8728 0100 
  0x000001bf002f48d0: 0001 0000 | 00e9 2900 | 0000 4883 | bf30 0100 | 0000 7517 | 4c89 8730 | 0100 0048 | c787 3801 
  0x000001bf002f48f0: 0000 0100 | 0000 e908 | 0000 0048 | 8387 1001 | 0000 014c | 8bc2 488b | d666 0f1f 

  0x000001bf002f490c: ;   {optimized virtual_call}
  0x000001bf002f490c: 4400 00e8 

  0x000001bf002f4910: ; ImmutableOopMap {[120]=Oop [128]=Oop [136]=Oop [152]=Oop }
                      ;*invokevirtual toExternalForm {reexecute=0 rethrow=0 return_oop=0}
                      ; - java.net.URL::toExternalForm@5
                      ; - java.net.URL::toString@1
                      ; - java.lang.ClassLoader::defineClassSourceLocation@22
                      ; - java.lang.ClassLoader::defineClass@12
  0x000001bf002f4910: 0caa e8ff 

  0x000001bf002f4914: ;   {other}
  0x000001bf002f4914: 0f1f 8400 | 0405 0001 | 488b d848 | 8b84 2498 | 0000 008b | b424 9400 | 0000 8bbc | 2490 0000 
  0x000001bf002f4934: 004c 8b8c | 2488 0000 | 004c 8b84 | 2480 0000 | 0048 8b54 

  0x000001bf002f4948: ;   {metadata(method data for {method} {0x000001bf0f434fb8} 'defineClass' '(Ljava/lang/String;[BIILjava/security/ProtectionDomain;)Ljava/lang/Class;' in 'java/lang/ClassLoader')}
  0x000001bf002f4948: 2478 48b9 | e8a1 1824 | bf01 0000 | 4883 8180 | 0100 0001 | 4c8b da49 | 8bd3 488b | c848 891c 
  0x000001bf002f4968: 2466 0f1f 

  0x000001bf002f496c: ;   {static_call}
  0x000001bf002f496c: 4400 00e8 

  0x000001bf002f4970: ; ImmutableOopMap {[120]=Oop [152]=Oop }
                      ;*invokestatic defineClass1 {reexecute=0 rethrow=0 return_oop=0}
                      ; - java.lang.ClassLoader::defineClass@27
  0x000001bf002f4970: 6c5e 8307 

  0x000001bf002f4974: ;   {other}
  0x000001bf002f4974: 0f1f 8400 | 6405 0002 | 488b 5424 

  0x000001bf002f4980: ;   {metadata(method data for {method} {0x000001bf0f434fb8} 'defineClass' '(Ljava/lang/String;[BIILjava/security/ProtectionDomain;)Ljava/lang/Class;' in 'java/lang/ClassLoader')}
  0x000001bf002f4980: 7849 b8e8 | a118 24bf | 0100 0049 | 8380 9001 | 0000 014c | 8bc0 4c8b | 8c24 9800 | 0000 488b 
  0x000001bf002f49a0: 5424 7848 | 8984 24a0 | 0000 000f 

  0x000001bf002f49ac: ;   {optimized virtual_call}
  0x000001bf002f49ac: 1f40 00e8 

  0x000001bf002f49b0: ; ImmutableOopMap {[160]=Oop }
                      ;*invokevirtual postDefineClass {reexecute=0 rethrow=0 return_oop=0}
                      ; - java.lang.ClassLoader::defineClass@37
  0x000001bf002f49b0: 6ccc eaff 

  0x000001bf002f49b4: ;   {other}
  0x000001bf002f49b4: 0f1f 8400 | a405 0003 | 488b 8424 | a000 0000 | 4881 c4b0 | 0000 005d 

  0x000001bf002f49cc: ;   {poll_return}
  0x000001bf002f49cc: 493b a750 | 0400 000f | 8799 0000 

  0x000001bf002f49d8: ;   {metadata({method} {0x000001bf0f434fb8} 'defineClass' '(Ljava/lang/String;[BIILjava/security/ProtectionDomain;)Ljava/lang/Class;' in 'java/lang/ClassLoader')}
  0x000001bf002f49d8: 00c3 49ba | b04f 430f | bf01 0000 | 4c89 5424 | 0848 c704 | 24ff ffff 

  0x000001bf002f49f0: ;   {runtime_call counter_overflow Runtime1 stub}
  0x000001bf002f49f0: ffe8 0aac 

  0x000001bf002f49f4: ; ImmutableOopMap {rdx=Oop r8=Oop r9=Oop rcx=Oop [120]=Oop }
                      ;*synchronization entry
                      ; - java.lang.ClassLoader::defineClass@-1
  0x000001bf002f49f4: 3407 e98f 

  0x000001bf002f49f8: ;   {metadata({method} {0x000001bf0f434ca0} 'defineClassSourceLocation' '(Ljava/security/ProtectionDomain;)Ljava/lang/String;' in 'java/lang/ClassLoader')}
  0x000001bf002f49f8: fcff ff49 | ba98 4c43 | 0fbf 0100 | 004c 8954 | 2408 48c7 | 0424 ffff 

  0x000001bf002f4a10: ;   {runtime_call counter_overflow Runtime1 stub}
  0x000001bf002f4a10: ffff e8e9 

  0x000001bf002f4a14: ; ImmutableOopMap {rax=Oop [120]=Oop [128]=Oop [136]=Oop [152]=Oop }
                      ;*synchronization entry
                      ; - java.lang.ClassLoader::defineClassSourceLocation@-1
                      ; - java.lang.ClassLoader::defineClass@12
  0x000001bf002f4a14: ab34 07e9 | 08fd ffff 

  0x000001bf002f4a1c: ;   {runtime_call throw_null_pointer_exception Runtime1 stub}
  0x000001bf002f4a1c: e8df 4a34 

  0x000001bf002f4a20: ; ImmutableOopMap {rax=Oop [120]=Oop [128]=Oop [136]=Oop [152]=Oop }
                      ;*invokevirtual getCodeSource {reexecute=0 rethrow=0 return_oop=0}
                      ; - java.lang.ClassLoader::defineClassSourceLocation@1
                      ; - java.lang.ClassLoader::defineClass@12
                      ;   {runtime_call throw_null_pointer_exception Runtime1 stub}
  0x000001bf002f4a20: 07e8 da4a 

  0x000001bf002f4a24: ; ImmutableOopMap {rax=Oop r8=Oop [120]=Oop [128]=Oop [136]=Oop [152]=Oop }
                      ;*invokevirtual getLocation {reexecute=0 rethrow=0 return_oop=0}
                      ; - java.lang.ClassLoader::defineClassSourceLocation@12
                      ; - java.lang.ClassLoader::defineClass@12
                      ;   {runtime_call throw_null_pointer_exception Runtime1 stub}
  0x000001bf002f4a24: 3407 e8d5 

  0x000001bf002f4a28: ; ImmutableOopMap {rdx=Oop [120]=Oop [128]=Oop [136]=Oop [152]=Oop }
                      ;*invokevirtual toString {reexecute=0 rethrow=0 return_oop=0}
                      ; - java.lang.ClassLoader::defineClassSourceLocation@22
                      ; - java.lang.ClassLoader::defineClass@12
                      ;   {metadata({method} {0x000001bf0f01abf0} 'toString' '()Ljava/lang/String;' in 'java/net/URL')}
  0x000001bf002f4a28: 4a34 0749 | bae8 ab01 | 0fbf 0100 | 004c 8954 | 2408 48c7 | 0424 ffff 

  0x000001bf002f4a40: ;   {runtime_call counter_overflow Runtime1 stub}
  0x000001bf002f4a40: ffff e8b9 

  0x000001bf002f4a44: ; ImmutableOopMap {rdx=Oop [120]=Oop [128]=Oop [136]=Oop [152]=Oop }
                      ;*synchronization entry
                      ; - java.net.URL::toString@-1
                      ; - java.lang.ClassLoader::defineClassSourceLocation@22
                      ; - java.lang.ClassLoader::defineClass@12
  0x000001bf002f4a44: ab34 07e9 | dffd ffff 

  0x000001bf002f4a4c: ;   {metadata({method} {0x000001bf0f428840} 'toExternalForm' '()Ljava/lang/String;' in 'java/net/URL')}
  0x000001bf002f4a4c: 49ba 3888 | 420f bf01 | 0000 4c89 | 5424 0848 | c704 24ff 

  0x000001bf002f4a60: ;   {runtime_call counter_overflow Runtime1 stub}
  0x000001bf002f4a60: ffff ffe8 

  0x000001bf002f4a64: ; ImmutableOopMap {rdx=Oop [120]=Oop [128]=Oop [136]=Oop [152]=Oop }
                      ;*synchronization entry
                      ; - java.net.URL::toExternalForm@-1
                      ; - java.net.URL::toString@1
                      ; - java.lang.ClassLoader::defineClassSourceLocation@22
                      ; - java.lang.ClassLoader::defineClass@12
  0x000001bf002f4a64: 98ab 3407 | e9fc fdff 

  0x000001bf002f4a6c: ;   {runtime_call throw_null_pointer_exception Runtime1 stub}
  0x000001bf002f4a6c: ffe8 8e4a 

  0x000001bf002f4a70: ; ImmutableOopMap {rdx=Oop rsi=Oop [120]=Oop [128]=Oop [136]=Oop [152]=Oop }
                      ;*invokevirtual toExternalForm {reexecute=0 rethrow=0 return_oop=0}
                      ; - java.net.URL::toExternalForm@5
                      ; - java.net.URL::toString@1
                      ; - java.lang.ClassLoader::defineClassSourceLocation@22
                      ; - java.lang.ClassLoader::defineClass@12
                      ;   {internal_word}
  0x000001bf002f4a70: 3407 49ba | cc49 2f00 | bf01 0000 | 4d89 9768 

  0x000001bf002f4a80: ;   {runtime_call SafepointBlob}
  0x000001bf002f4a80: 0400 00e9 | f809 2907 | 498b 8700 | 0500 0049 | c787 0005 | 0000 0000 | 0000 49c7 | 8708 0500 
  0x000001bf002f4aa0: 0000 0000 | 0048 81c4 | b000 0000 

  0x000001bf002f4aac: ;   {runtime_call unwind_exception Runtime1 stub}
  0x000001bf002f4aac: 5de9 4e3b | 3407 f4f4 | f4f4 f4f4 
[Stub Code]
  0x000001bf002f4ab8: ;   {no_reloc}
  0x000001bf002f4ab8: 0f1f 4400 

  0x000001bf002f4abc: ;   {static_stub}
  0x000001bf002f4abc: 0048 bb00 | 0000 0000 

  0x000001bf002f4ac4: ;   {runtime_call nmethod}
  0x000001bf002f4ac4: 0000 00e9 | fbff ffff 

  0x000001bf002f4acc: ;   {static_stub}
  0x000001bf002f4acc: 48bb 0000 | 0000 0000 

  0x000001bf002f4ad4: ;   {runtime_call nmethod}
  0x000001bf002f4ad4: 0000 e9fb 

  0x000001bf002f4ad8: ;   {static_stub}
  0x000001bf002f4ad8: ffff ff48 | bb00 0000 | 0000 0000 

  0x000001bf002f4ae4: ;   {runtime_call nmethod}
  0x000001bf002f4ae4: 00e9 fbff 

  0x000001bf002f4ae8: ;   {static_stub}
  0x000001bf002f4ae8: ffff 48bb | 0000 0000 | 0000 0000 

  0x000001bf002f4af4: ;   {runtime_call nmethod}
  0x000001bf002f4af4: e9fb ffff 

  0x000001bf002f4af8: ;   {runtime_call handle_exception_from_callee Runtime1 stub}
  0x000001bf002f4af8: ffe8 0268 

  0x000001bf002f4afc: ;   {external_word}
  0x000001bf002f4afc: 3407 48b9 | 5063 62fd | f87f 0000 | 4883 e4f0 

  0x000001bf002f4b0c: ;   {runtime_call}
  0x000001bf002f4b0c: 48b8 c0c9 | 24fd f87f | 0000 ffd0 

  0x000001bf002f4b18: ;   {section_word}
  0x000001bf002f4b18: f449 ba19 | 4b2f 00bf | 0100 0041 

  0x000001bf002f4b24: ;   {runtime_call DeoptimizationBlob}
  0x000001bf002f4b24: 52e9 f6fb | 2807 f4f4 | f4f4 f4f4 
[/MachCode]


Compiled method (c1) 346105 1149       3       java.security.SecureClassLoader::defineClass (16 bytes)
 total in heap  [0x000001bf001e4290,0x000001bf001e4690] = 1024
 relocation     [0x000001bf001e43f0,0x000001bf001e4440] = 80
 main code      [0x000001bf001e4440,0x000001bf001e4598] = 344
 stub code      [0x000001bf001e4598,0x000001bf001e45e8] = 80
 metadata       [0x000001bf001e45e8,0x000001bf001e45f0] = 8
 scopes data    [0x000001bf001e45f0,0x000001bf001e4638] = 72
 scopes pcs     [0x000001bf001e4638,0x000001bf001e4688] = 80
 dependencies   [0x000001bf001e4688,0x000001bf001e4690] = 8

[Constant Pool (empty)]

[MachCode]
[Entry Point]
  # {method} {0x000001bf0f04e0e8} 'defineClass' '(Ljava/lang/String;[BIILjava/security/CodeSource;)Ljava/lang/Class;' in 'java/security/SecureClassLoader'
  # this:     rdx:rdx   = 'java/security/SecureClassLoader'
  # parm0:    r8:r8     = 'java/lang/String'
  # parm1:    r9:r9     = '[B'
  # parm2:    rdi       = int
  # parm3:    rsi       = int
  # parm4:    rcx:rcx   = 'java/security/CodeSource'
  #           [sp+0x80]  (sp of caller)
  0x000001bf001e4440: 448b 5208 | 49bb 0000 | 000f bf01 | 0000 4d03 | d34c 3bd0 

  0x000001bf001e4454: ;   {runtime_call ic_miss_stub}
  0x000001bf001e4454: 0f85 26a3 | 3907 660f | 1f44 0000 
[Verified Entry Point]
  0x000001bf001e4460: 8984 2400 | 80ff ff55 | 4883 ec70 | 4181 7f20 | 0100 0000 

  0x000001bf001e4474: ;   {runtime_call StubRoutines (final stubs)}
  0x000001bf001e4474: 7405 e825 

  0x000001bf001e4478: ;   {metadata(method data for {method} {0x000001bf0f04e0e8} 'defineClass' '(Ljava/lang/String;[BIILjava/security/CodeSource;)Ljava/lang/Class;' in 'java/security/SecureClassLoader')}
  0x000001bf001e4478: 2038 0748 | bbd0 8e17 | 24bf 0100 | 008b 83cc | 0000 0083 | c002 8983 | cc00 0000 | 25fe 0700 
  0x000001bf001e4498: 0085 c00f | 8496 0000 | 0089 7424 | 5c89 7c24 | 584c 894c | 2450 4c89 | 4424 4848 

  0x000001bf001e44b4: ;   {metadata(method data for {method} {0x000001bf0f04e0e8} 'defineClass' '(Ljava/lang/String;[BIILjava/security/CodeSource;)Ljava/lang/Class;' in 'java/security/SecureClassLoader')}
  0x000001bf001e44b4: 8bda 48b8 | d08e 1724 | bf01 0000 | 4883 8010 | 0100 0001 | 4c8b c148 | 8bc2 488b | d048 8944 
  0x000001bf001e44d4: ;   {optimized virtual_call}
  0x000001bf001e44d4: 2440 90e8 

  0x000001bf001e44d8: ; ImmutableOopMap {[64]=Oop [72]=Oop [80]=Oop }
                      ;*invokevirtual getProtectionDomain {reexecute=0 rethrow=0 return_oop=0}
                      ; - java.security.SecureClassLoader::defineClass@9
  0x000001bf001e44d8: 44d9 1000 

  0x000001bf001e44dc: ;   {other}
  0x000001bf001e44dc: 0f1f 8400 | 4c02 0000 | 488b 5424 

  0x000001bf001e44e8: ;   {metadata(method data for {method} {0x000001bf0f04e0e8} 'defineClass' '(Ljava/lang/String;[BIILjava/security/CodeSource;)Ljava/lang/Class;' in 'java/security/SecureClassLoader')}
  0x000001bf001e44e8: 4049 b8d0 | 8e17 24bf | 0100 0049 | 8380 4801 | 0000 014c | 8b44 2448 | 4c8b 4c24 | 508b 7c24 
  0x000001bf001e4508: 588b 7424 | 5c48 8bc8 | 488b 5424 

  0x000001bf001e4514: ;   {optimized virtual_call}
  0x000001bf001e4514: 4066 90e8 

  0x000001bf001e4518: ; ImmutableOopMap {}
                      ;*invokevirtual defineClass {reexecute=0 rethrow=0 return_oop=0}
                      ; - java.security.SecureClassLoader::defineClass@12
  0x000001bf001e4518: 2401 1100 

  0x000001bf001e451c: ;   {other}
  0x000001bf001e451c: 0f1f 8400 | 8c02 0001 | 4883 c470 

  0x000001bf001e4528: ;   {poll_return}
  0x000001bf001e4528: 5d49 3ba7 | 5004 0000 | 0f87 2200 

  0x000001bf001e4534: ;   {metadata({method} {0x000001bf0f04e0e8} 'defineClass' '(Ljava/lang/String;[BIILjava/security/CodeSource;)Ljava/lang/Class;' in 'java/security/SecureClassLoader')}
  0x000001bf001e4534: 0000 c349 | bae0 e004 | 0fbf 0100 | 004c 8954 | 2408 48c7 | 0424 ffff 

  0x000001bf001e454c: ;   {runtime_call counter_overflow Runtime1 stub}
  0x000001bf001e454c: ffff e8ad 

  0x000001bf001e4550: ; ImmutableOopMap {rdx=Oop r8=Oop r9=Oop rcx=Oop }
                      ;*synchronization entry
                      ; - java.security.SecureClassLoader::defineClass@-1
  0x000001bf001e4550: b045 07e9 | 49ff ffff 

  0x000001bf001e4558: ;   {internal_word}
  0x000001bf001e4558: 49ba 2945 | 1e00 bf01 | 0000 4d89 | 9768 0400 

  0x000001bf001e4568: ;   {runtime_call SafepointBlob}
  0x000001bf001e4568: 00e9 120f | 3a07 498b | 8700 0500 | 0049 c787 | 0005 0000 | 0000 0000 | 49c7 8708 | 0500 0000 
  0x000001bf001e4588: 0000 0048 | 83c4 705d 

  0x000001bf001e4590: ;   {runtime_call unwind_exception Runtime1 stub}
  0x000001bf001e4590: e96b 4045 | 07f4 f4f4 
[Stub Code]
  0x000001bf001e4598: ;   {no_reloc}
  0x000001bf001e4598: 48bb 30e0 | 040f bf01 

  0x000001bf001e45a0: ;   {runtime_call I2C/C2I adapters}
  0x000001bf001e45a0: 0000 e940 

  0x000001bf001e45a4: ;   {static_stub}
  0x000001bf001e45a4: fa39 0748 | bbb0 4f43 | 0fbf 0100 

  0x000001bf001e45b0: ;   {runtime_call I2C/C2I adapters}
  0x000001bf001e45b0: 00e9 3fe0 

  0x000001bf001e45b4: ;   {runtime_call handle_exception_from_callee Runtime1 stub}
  0x000001bf001e45b4: 3807 e845 

  0x000001bf001e45b8: ;   {external_word}
  0x000001bf001e45b8: 6d45 0748 | b950 6362 | fdf8 7f00 | 0048 83e4 

  0x000001bf001e45c8: ;   {runtime_call}
  0x000001bf001e45c8: f048 b8c0 | c924 fdf8 | 7f00 00ff 

  0x000001bf001e45d4: ;   {section_word}
  0x000001bf001e45d4: d0f4 49ba | d645 1e00 | bf01 0000 

  0x000001bf001e45e0: ;   {runtime_call DeoptimizationBlob}
  0x000001bf001e45e0: 4152 e939 | 013a 07f4 
[/MachCode]


---------------  P R O C E S S  ---------------

Threads class SMR info:
_java_thread_list=0x000001bf29488650, length=24, elements={
0x000001bf74e60220, 0x000001bf7b809b20, 0x000001bf7b80b2a0, 0x000001bf7b80ca20,
0x000001bf7b80d480, 0x000001bf7b80dee0, 0x000001bf7b80e940, 0x000001bf280187d0,
0x000001bf2801e510, 0x000001bf282bd0f0, 0x000001bf282b6690, 0x000001bf29495130,
0x000001bf28369420, 0x000001bf2810b530, 0x000001bf296fd360, 0x000001bf28059da0,
0x000001bf280a0d40, 0x000001bf281ff720, 0x000001bf29c15c80, 0x000001bf29c16310,
0x000001bf29c169a0, 0x000001bf29c14240, 0x000001bf29c148d0, 0x000001bf29c155f0
}

Java Threads: ( => current thread )
  0x000001bf74e60220 JavaThread "main"                              [_thread_blocked, id=35508, stack(0x000000a8bac00000,0x000000a8bad00000) (1024K)]
  0x000001bf7b809b20 JavaThread "Reference Handler"          daemon [_thread_blocked, id=22964, stack(0x000000a8bb400000,0x000000a8bb500000) (1024K)]
  0x000001bf7b80b2a0 JavaThread "Finalizer"                  daemon [_thread_blocked, id=34720, stack(0x000000a8bb500000,0x000000a8bb600000) (1024K)]
  0x000001bf7b80ca20 JavaThread "Signal Dispatcher"          daemon [_thread_blocked, id=29328, stack(0x000000a8bb600000,0x000000a8bb700000) (1024K)]
  0x000001bf7b80d480 JavaThread "Attach Listener"            daemon [_thread_blocked, id=36332, stack(0x000000a8bb700000,0x000000a8bb800000) (1024K)]
  0x000001bf7b80dee0 JavaThread "Service Thread"             daemon [_thread_blocked, id=15704, stack(0x000000a8bb800000,0x000000a8bb900000) (1024K)]
  0x000001bf7b80e940 JavaThread "Monitor Deflation Thread"   daemon [_thread_blocked, id=28416, stack(0x000000a8bb900000,0x000000a8bba00000) (1024K)]
  0x000001bf280187d0 JavaThread "C2 CompilerThread0"         daemon [_thread_blocked, id=29132, stack(0x000000a8bba00000,0x000000a8bbb00000) (1024K)]
  0x000001bf2801e510 JavaThread "C1 CompilerThread0"         daemon [_thread_blocked, id=34888, stack(0x000000a8bbb00000,0x000000a8bbc00000) (1024K)]
  0x000001bf282bd0f0 JavaThread "Common-Cleaner"             daemon [_thread_blocked, id=29260, stack(0x000000a8bbc00000,0x000000a8bbd00000) (1024K)]
  0x000001bf282b6690 JavaThread "Notification Thread"        daemon [_thread_blocked, id=28864, stack(0x000000a8bbd00000,0x000000a8bbe00000) (1024K)]
  0x000001bf29495130 JavaThread "Daemon health stats"               [_thread_blocked, id=29988, stack(0x000000a8bc300000,0x000000a8bc400000) (1024K)]
  0x000001bf28369420 JavaThread "Incoming local TCP Connector on port 65533"        [_thread_in_native, id=26732, stack(0x000000a8bc400000,0x000000a8bc500000) (1024K)]
  0x000001bf2810b530 JavaThread "Daemon periodic checks"            [_thread_in_native, id=21068, stack(0x000000a8bc500000,0x000000a8bc600000) (1024K)]
  0x000001bf296fd360 JavaThread "Daemon"                            [_thread_blocked, id=22032, stack(0x000000a8bc600000,0x000000a8bc700000) (1024K)]
  0x000001bf28059da0 JavaThread "Handler for socket connection from /127.0.0.1:65533 to /127.0.0.1:49154"        [_thread_in_native, id=20856, stack(0x000000a8bc700000,0x000000a8bc800000) (1024K)]
  0x000001bf280a0d40 JavaThread "Cancel handler"                    [_thread_blocked, id=21384, stack(0x000000a8bc800000,0x000000a8bc900000) (1024K)]
=>0x000001bf281ff720 JavaThread "Daemon worker"                     [_thread_in_vm, id=1680, stack(0x000000a8bcb00000,0x000000a8bcc00000) (1024K)]
  0x000001bf29c15c80 JavaThread "Asynchronous log dispatcher for DefaultDaemonConnection: socket connection from /127.0.0.1:65533 to /127.0.0.1:49154"        [_thread_blocked, id=33956, stack(0x000000a8bcc00000,0x000000a8bcd00000) (1024K)]
  0x000001bf29c16310 JavaThread "Stdin handler"                     [_thread_blocked, id=26048, stack(0x000000a8bcd00000,0x000000a8bce00000) (1024K)]
  0x000001bf29c169a0 JavaThread "Daemon client event forwarder"        [_thread_blocked, id=34608, stack(0x000000a8bce00000,0x000000a8bcf00000) (1024K)]
  0x000001bf29c14240 JavaThread "Cache worker for journal cache (C:\Users\NAGARAJU\.gradle\caches\journal-1)"        [_thread_blocked, id=35284, stack(0x000000a8bcf00000,0x000000a8bd000000) (1024K)]
  0x000001bf29c148d0 JavaThread "File lock request listener"        [_thread_in_native, id=25196, stack(0x000000a8bd000000,0x000000a8bd100000) (1024K)]
  0x000001bf29c155f0 JavaThread "Cache worker for file hash cache (C:\Users\NAGARAJU\.gradle\caches\8.9\fileHashes)"        [_thread_blocked, id=28244, stack(0x000000a8bab00000,0x000000a8bac00000) (1024K)]
Total: 24

Other Threads:
  0x000001bf7b7ee3b0 VMThread "VM Thread"                           [id=28372, stack(0x000000a8bb300000,0x000000a8bb400000) (1024K)]
  0x000001bf7b7e1ce0 WatcherThread "VM Periodic Task Thread"        [id=7756, stack(0x000000a8bb200000,0x000000a8bb300000) (1024K)]
  0x000001bf74e8caf0 WorkerThread "GC Thread#0"                     [id=25820, stack(0x000000a8bad00000,0x000000a8bae00000) (1024K)]
  0x000001bf286fc2d0 WorkerThread "GC Thread#1"                     [id=5596, stack(0x000000a8bbe00000,0x000000a8bbf00000) (1024K)]
  0x000001bf28661470 WorkerThread "GC Thread#2"                     [id=31028, stack(0x000000a8bbf00000,0x000000a8bc000000) (1024K)]
  0x000001bf28661820 WorkerThread "GC Thread#3"                     [id=37688, stack(0x000000a8bc000000,0x000000a8bc100000) (1024K)]
  0x000001bf285ac640 WorkerThread "GC Thread#4"                     [id=37264, stack(0x000000a8bc100000,0x000000a8bc200000) (1024K)]
  0x000001bf285ac9f0 WorkerThread "GC Thread#5"                     [id=26908, stack(0x000000a8bc200000,0x000000a8bc300000) (1024K)]
  0x000001bf2817aa90 WorkerThread "GC Thread#6"                     [id=34404, stack(0x000000a8bc900000,0x000000a8bca00000) (1024K)]
  0x000001bf2817ae40 WorkerThread "GC Thread#7"                     [id=19136, stack(0x000000a8bca00000,0x000000a8bcb00000) (1024K)]
  0x000001bf72abea00 ConcurrentGCThread "G1 Main Marker"            [id=29440, stack(0x000000a8bae00000,0x000000a8baf00000) (1024K)]
  0x000001bf74e8e2a0 WorkerThread "G1 Conc#0"                       [id=25952, stack(0x000000a8baf00000,0x000000a8bb000000) (1024K)]
  0x000001bf7b6b08c0 ConcurrentGCThread "G1 Refine#0"               [id=25792, stack(0x000000a8bb000000,0x000000a8bb100000) (1024K)]
  0x000001bf7b6b1250 ConcurrentGCThread "G1 Service"                [id=25776, stack(0x000000a8bb100000,0x000000a8bb200000) (1024K)]
Total: 14

Threads with active compile tasks:
Total: 0

VM state: not at safepoint (normal execution)

VM Mutex/Monitor currently owned by a thread:  ([mutex/lock_event])
[0x00007ff8fd8dd530] Metaspace_lock - owner thread: 0x000001bf281ff720

Heap address: 0x00000000e0000000, size: 512 MB, Compressed Oops mode: 32-bit

CDS archive(s) mapped at: [0x000001bf0f000000-0x000001bf0fba0000-0x000001bf0fba0000), size 12189696, SharedBaseAddress: 0x000001bf0f000000, ArchiveRelocationMode: 1.
Compressed class space mapped at: 0x000001bf10000000-0x000001bf24000000, reserved size: 335544320
Narrow klass base: 0x000001bf0f000000, Narrow klass shift: 0, Narrow klass range: 0x100000000

GC Precious Log:
 CardTable entry size: 512
 Card Set container configuration: InlinePtr #cards 5 size 8 Array Of Cards #cards 12 size 40 Howl #buckets 4 coarsen threshold 1843 Howl Bitmap #cards 512 size 80 coarsen threshold 460 Card regions per heap region 1 cards per card region 2048
 CPUs: 8 total, 8 available
 Memory: 7502M
 Large Page Support: Disabled
 NUMA Support: Disabled
 Compressed Oops: Enabled (32-bit)
 Heap Region Size: 1M
 Heap Min Capacity: 256M
 Heap Initial Capacity: 256M
 Heap Max Capacity: 512M
 Pre-touch: Disabled
 Parallel Workers: 8
 Concurrent Workers: 2
 Concurrent Refinement Workers: 8
 Periodic GC: Disabled

Heap:
 garbage-first heap   total 262144K, used 115785K [0x00000000e0000000, 0x0000000100000000)
  region size 1024K, 102 young (104448K), 8 survivors (8192K)
 Metaspace       used 20537K, committed 21184K, reserved 393216K
  class space    used 2965K, committed 3264K, reserved 327680K

Heap Regions: E=young(eden), S=young(survivor), O=old, HS=humongous(starts), HC=humongous(continues), CS=collection set, F=free, TAMS=top-at-mark-start, PB=parsable bottom
|   0|0x00000000e0000000, 0x00000000e0100000, 0x00000000e0100000|100%|HS|  |TAMS 0x00000000e0000000| PB 0x00000000e0000000| Complete 
|   1|0x00000000e0100000, 0x00000000e0200000, 0x00000000e0200000|100%|HC|  |TAMS 0x00000000e0100000| PB 0x00000000e0100000| Complete 
|   2|0x00000000e0200000, 0x00000000e0300000, 0x00000000e0300000|100%|HC|  |TAMS 0x00000000e0200000| PB 0x00000000e0200000| Complete 
|   3|0x00000000e0300000, 0x00000000e0400000, 0x00000000e0400000|100%|HC|  |TAMS 0x00000000e0300000| PB 0x00000000e0300000| Complete 
|   4|0x00000000e0400000, 0x00000000e0500000, 0x00000000e0500000|100%| O|  |TAMS 0x00000000e0400000| PB 0x00000000e0400000| Untracked 
|   5|0x00000000e0500000, 0x00000000e0600000, 0x00000000e0600000|100%| O|  |TAMS 0x00000000e0500000| PB 0x00000000e0500000| Untracked 
|   6|0x00000000e0600000, 0x00000000e0700000, 0x00000000e0700000|100%| O|  |TAMS 0x00000000e0600000| PB 0x00000000e0600000| Untracked 
|   7|0x00000000e0700000, 0x00000000e0800000, 0x00000000e0800000|100%| O|  |TAMS 0x00000000e0700000| PB 0x00000000e0700000| Untracked 
|   8|0x00000000e0800000, 0x00000000e0900000, 0x00000000e0900000|100%| O|  |TAMS 0x00000000e0800000| PB 0x00000000e0800000| Untracked 
|   9|0x00000000e0900000, 0x00000000e0a00000, 0x00000000e0a00000|100%| O|  |TAMS 0x00000000e0900000| PB 0x00000000e0900000| Untracked 
|  10|0x00000000e0a00000, 0x00000000e0b00000, 0x00000000e0b00000|100%|HS|  |TAMS 0x00000000e0a00000| PB 0x00000000e0a00000| Complete 
|  11|0x00000000e0b00000, 0x00000000e0b00000, 0x00000000e0c00000|  0%| F|  |TAMS 0x00000000e0b00000| PB 0x00000000e0b00000| Untracked 
|  12|0x00000000e0c00000, 0x00000000e0d00000, 0x00000000e0d00000|100%| O|  |TAMS 0x00000000e0c00000| PB 0x00000000e0c00000| Untracked 
|  13|0x00000000e0d00000, 0x00000000e0d124e8, 0x00000000e0e00000|  7%| O|  |TAMS 0x00000000e0d00000| PB 0x00000000e0d00000| Untracked 
|  14|0x00000000e0e00000, 0x00000000e0e00000, 0x00000000e0f00000|  0%| F|  |TAMS 0x00000000e0e00000| PB 0x00000000e0e00000| Untracked 
|  15|0x00000000e0f00000, 0x00000000e0f00000, 0x00000000e1000000|  0%| F|  |TAMS 0x00000000e0f00000| PB 0x00000000e0f00000| Untracked 
|  16|0x00000000e1000000, 0x00000000e1000000, 0x00000000e1100000|  0%| F|  |TAMS 0x00000000e1000000| PB 0x00000000e1000000| Untracked 
|  17|0x00000000e1100000, 0x00000000e1100000, 0x00000000e1200000|  0%| F|  |TAMS 0x00000000e1100000| PB 0x00000000e1100000| Untracked 
|  18|0x00000000e1200000, 0x00000000e1200000, 0x00000000e1300000|  0%| F|  |TAMS 0x00000000e1200000| PB 0x00000000e1200000| Untracked 
|  19|0x00000000e1300000, 0x00000000e1300000, 0x00000000e1400000|  0%| F|  |TAMS 0x00000000e1300000| PB 0x00000000e1300000| Untracked 
|  20|0x00000000e1400000, 0x00000000e1400000, 0x00000000e1500000|  0%| F|  |TAMS 0x00000000e1400000| PB 0x00000000e1400000| Untracked 
|  21|0x00000000e1500000, 0x00000000e1500000, 0x00000000e1600000|  0%| F|  |TAMS 0x00000000e1500000| PB 0x00000000e1500000| Untracked 
|  22|0x00000000e1600000, 0x00000000e1600000, 0x00000000e1700000|  0%| F|  |TAMS 0x00000000e1600000| PB 0x00000000e1600000| Untracked 
|  23|0x00000000e1700000, 0x00000000e1700000, 0x00000000e1800000|  0%| F|  |TAMS 0x00000000e1700000| PB 0x00000000e1700000| Untracked 
|  24|0x00000000e1800000, 0x00000000e1800000, 0x00000000e1900000|  0%| F|  |TAMS 0x00000000e1800000| PB 0x00000000e1800000| Untracked 
|  25|0x00000000e1900000, 0x00000000e1900000, 0x00000000e1a00000|  0%| F|  |TAMS 0x00000000e1900000| PB 0x00000000e1900000| Untracked 
|  26|0x00000000e1a00000, 0x00000000e1a00000, 0x00000000e1b00000|  0%| F|  |TAMS 0x00000000e1a00000| PB 0x00000000e1a00000| Untracked 
|  27|0x00000000e1b00000, 0x00000000e1b00000, 0x00000000e1c00000|  0%| F|  |TAMS 0x00000000e1b00000| PB 0x00000000e1b00000| Untracked 
|  28|0x00000000e1c00000, 0x00000000e1c00000, 0x00000000e1d00000|  0%| F|  |TAMS 0x00000000e1c00000| PB 0x00000000e1c00000| Untracked 
|  29|0x00000000e1d00000, 0x00000000e1d00000, 0x00000000e1e00000|  0%| F|  |TAMS 0x00000000e1d00000| PB 0x00000000e1d00000| Untracked 
|  30|0x00000000e1e00000, 0x00000000e1e00000, 0x00000000e1f00000|  0%| F|  |TAMS 0x00000000e1e00000| PB 0x00000000e1e00000| Untracked 
|  31|0x00000000e1f00000, 0x00000000e1f00000, 0x00000000e2000000|  0%| F|  |TAMS 0x00000000e1f00000| PB 0x00000000e1f00000| Untracked 
|  32|0x00000000e2000000, 0x00000000e2000000, 0x00000000e2100000|  0%| F|  |TAMS 0x00000000e2000000| PB 0x00000000e2000000| Untracked 
|  33|0x00000000e2100000, 0x00000000e2100000, 0x00000000e2200000|  0%| F|  |TAMS 0x00000000e2100000| PB 0x00000000e2100000| Untracked 
|  34|0x00000000e2200000, 0x00000000e2200000, 0x00000000e2300000|  0%| F|  |TAMS 0x00000000e2200000| PB 0x00000000e2200000| Untracked 
|  35|0x00000000e2300000, 0x00000000e2300000, 0x00000000e2400000|  0%| F|  |TAMS 0x00000000e2300000| PB 0x00000000e2300000| Untracked 
|  36|0x00000000e2400000, 0x00000000e2400000, 0x00000000e2500000|  0%| F|  |TAMS 0x00000000e2400000| PB 0x00000000e2400000| Untracked 
|  37|0x00000000e2500000, 0x00000000e2500000, 0x00000000e2600000|  0%| F|  |TAMS 0x00000000e2500000| PB 0x00000000e2500000| Untracked 
|  38|0x00000000e2600000, 0x00000000e2600000, 0x00000000e2700000|  0%| F|  |TAMS 0x00000000e2600000| PB 0x00000000e2600000| Untracked 
|  39|0x00000000e2700000, 0x00000000e2700000, 0x00000000e2800000|  0%| F|  |TAMS 0x00000000e2700000| PB 0x00000000e2700000| Untracked 
|  40|0x00000000e2800000, 0x00000000e2800000, 0x00000000e2900000|  0%| F|  |TAMS 0x00000000e2800000| PB 0x00000000e2800000| Untracked 
|  41|0x00000000e2900000, 0x00000000e2900000, 0x00000000e2a00000|  0%| F|  |TAMS 0x00000000e2900000| PB 0x00000000e2900000| Untracked 
|  42|0x00000000e2a00000, 0x00000000e2a00000, 0x00000000e2b00000|  0%| F|  |TAMS 0x00000000e2a00000| PB 0x00000000e2a00000| Untracked 
|  43|0x00000000e2b00000, 0x00000000e2b00000, 0x00000000e2c00000|  0%| F|  |TAMS 0x00000000e2b00000| PB 0x00000000e2b00000| Untracked 
|  44|0x00000000e2c00000, 0x00000000e2c00000, 0x00000000e2d00000|  0%| F|  |TAMS 0x00000000e2c00000| PB 0x00000000e2c00000| Untracked 
|  45|0x00000000e2d00000, 0x00000000e2d00000, 0x00000000e2e00000|  0%| F|  |TAMS 0x00000000e2d00000| PB 0x00000000e2d00000| Untracked 
|  46|0x00000000e2e00000, 0x00000000e2e00000, 0x00000000e2f00000|  0%| F|  |TAMS 0x00000000e2e00000| PB 0x00000000e2e00000| Untracked 
|  47|0x00000000e2f00000, 0x00000000e2f00000, 0x00000000e3000000|  0%| F|  |TAMS 0x00000000e2f00000| PB 0x00000000e2f00000| Untracked 
|  48|0x00000000e3000000, 0x00000000e3000000, 0x00000000e3100000|  0%| F|  |TAMS 0x00000000e3000000| PB 0x00000000e3000000| Untracked 
|  49|0x00000000e3100000, 0x00000000e3100000, 0x00000000e3200000|  0%| F|  |TAMS 0x00000000e3100000| PB 0x00000000e3100000| Untracked 
|  50|0x00000000e3200000, 0x00000000e3200000, 0x00000000e3300000|  0%| F|  |TAMS 0x00000000e3200000| PB 0x00000000e3200000| Untracked 
|  51|0x00000000e3300000, 0x00000000e3300000, 0x00000000e3400000|  0%| F|  |TAMS 0x00000000e3300000| PB 0x00000000e3300000| Untracked 
|  52|0x00000000e3400000, 0x00000000e3400000, 0x00000000e3500000|  0%| F|  |TAMS 0x00000000e3400000| PB 0x00000000e3400000| Untracked 
|  53|0x00000000e3500000, 0x00000000e3500000, 0x00000000e3600000|  0%| F|  |TAMS 0x00000000e3500000| PB 0x00000000e3500000| Untracked 
|  54|0x00000000e3600000, 0x00000000e3600000, 0x00000000e3700000|  0%| F|  |TAMS 0x00000000e3600000| PB 0x00000000e3600000| Untracked 
|  55|0x00000000e3700000, 0x00000000e3700000, 0x00000000e3800000|  0%| F|  |TAMS 0x00000000e3700000| PB 0x00000000e3700000| Untracked 
|  56|0x00000000e3800000, 0x00000000e3800000, 0x00000000e3900000|  0%| F|  |TAMS 0x00000000e3800000| PB 0x00000000e3800000| Untracked 
|  57|0x00000000e3900000, 0x00000000e3900000, 0x00000000e3a00000|  0%| F|  |TAMS 0x00000000e3900000| PB 0x00000000e3900000| Untracked 
|  58|0x00000000e3a00000, 0x00000000e3a00000, 0x00000000e3b00000|  0%| F|  |TAMS 0x00000000e3a00000| PB 0x00000000e3a00000| Untracked 
|  59|0x00000000e3b00000, 0x00000000e3b00000, 0x00000000e3c00000|  0%| F|  |TAMS 0x00000000e3b00000| PB 0x00000000e3b00000| Untracked 
|  60|0x00000000e3c00000, 0x00000000e3c00000, 0x00000000e3d00000|  0%| F|  |TAMS 0x00000000e3c00000| PB 0x00000000e3c00000| Untracked 
|  61|0x00000000e3d00000, 0x00000000e3d00000, 0x00000000e3e00000|  0%| F|  |TAMS 0x00000000e3d00000| PB 0x00000000e3d00000| Untracked 
|  62|0x00000000e3e00000, 0x00000000e3e00000, 0x00000000e3f00000|  0%| F|  |TAMS 0x00000000e3e00000| PB 0x00000000e3e00000| Untracked 
|  63|0x00000000e3f00000, 0x00000000e3f00000, 0x00000000e4000000|  0%| F|  |TAMS 0x00000000e3f00000| PB 0x00000000e3f00000| Untracked 
|  64|0x00000000e4000000, 0x00000000e4000000, 0x00000000e4100000|  0%| F|  |TAMS 0x00000000e4000000| PB 0x00000000e4000000| Untracked 
|  65|0x00000000e4100000, 0x00000000e4100000, 0x00000000e4200000|  0%| F|  |TAMS 0x00000000e4100000| PB 0x00000000e4100000| Untracked 
|  66|0x00000000e4200000, 0x00000000e4200000, 0x00000000e4300000|  0%| F|  |TAMS 0x00000000e4200000| PB 0x00000000e4200000| Untracked 
|  67|0x00000000e4300000, 0x00000000e4300000, 0x00000000e4400000|  0%| F|  |TAMS 0x00000000e4300000| PB 0x00000000e4300000| Untracked 
|  68|0x00000000e4400000, 0x00000000e4400000, 0x00000000e4500000|  0%| F|  |TAMS 0x00000000e4400000| PB 0x00000000e4400000| Untracked 
|  69|0x00000000e4500000, 0x00000000e4500000, 0x00000000e4600000|  0%| F|  |TAMS 0x00000000e4500000| PB 0x00000000e4500000| Untracked 
|  70|0x00000000e4600000, 0x00000000e4600000, 0x00000000e4700000|  0%| F|  |TAMS 0x00000000e4600000| PB 0x00000000e4600000| Untracked 
|  71|0x00000000e4700000, 0x00000000e4700000, 0x00000000e4800000|  0%| F|  |TAMS 0x00000000e4700000| PB 0x00000000e4700000| Untracked 
|  72|0x00000000e4800000, 0x00000000e4800000, 0x00000000e4900000|  0%| F|  |TAMS 0x00000000e4800000| PB 0x00000000e4800000| Untracked 
|  73|0x00000000e4900000, 0x00000000e4900000, 0x00000000e4a00000|  0%| F|  |TAMS 0x00000000e4900000| PB 0x00000000e4900000| Untracked 
|  74|0x00000000e4a00000, 0x00000000e4a00000, 0x00000000e4b00000|  0%| F|  |TAMS 0x00000000e4a00000| PB 0x00000000e4a00000| Untracked 
|  75|0x00000000e4b00000, 0x00000000e4b00000, 0x00000000e4c00000|  0%| F|  |TAMS 0x00000000e4b00000| PB 0x00000000e4b00000| Untracked 
|  76|0x00000000e4c00000, 0x00000000e4c00000, 0x00000000e4d00000|  0%| F|  |TAMS 0x00000000e4c00000| PB 0x00000000e4c00000| Untracked 
|  77|0x00000000e4d00000, 0x00000000e4d00000, 0x00000000e4e00000|  0%| F|  |TAMS 0x00000000e4d00000| PB 0x00000000e4d00000| Untracked 
|  78|0x00000000e4e00000, 0x00000000e4e00000, 0x00000000e4f00000|  0%| F|  |TAMS 0x00000000e4e00000| PB 0x00000000e4e00000| Untracked 
|  79|0x00000000e4f00000, 0x00000000e4f00000, 0x00000000e5000000|  0%| F|  |TAMS 0x00000000e4f00000| PB 0x00000000e4f00000| Untracked 
|  80|0x00000000e5000000, 0x00000000e5000000, 0x00000000e5100000|  0%| F|  |TAMS 0x00000000e5000000| PB 0x00000000e5000000| Untracked 
|  81|0x00000000e5100000, 0x00000000e5100000, 0x00000000e5200000|  0%| F|  |TAMS 0x00000000e5100000| PB 0x00000000e5100000| Untracked 
|  82|0x00000000e5200000, 0x00000000e5200000, 0x00000000e5300000|  0%| F|  |TAMS 0x00000000e5200000| PB 0x00000000e5200000| Untracked 
|  83|0x00000000e5300000, 0x00000000e5300000, 0x00000000e5400000|  0%| F|  |TAMS 0x00000000e5300000| PB 0x00000000e5300000| Untracked 
|  84|0x00000000e5400000, 0x00000000e5400000, 0x00000000e5500000|  0%| F|  |TAMS 0x00000000e5400000| PB 0x00000000e5400000| Untracked 
|  85|0x00000000e5500000, 0x00000000e5500000, 0x00000000e5600000|  0%| F|  |TAMS 0x00000000e5500000| PB 0x00000000e5500000| Untracked 
|  86|0x00000000e5600000, 0x00000000e5600000, 0x00000000e5700000|  0%| F|  |TAMS 0x00000000e5600000| PB 0x00000000e5600000| Untracked 
|  87|0x00000000e5700000, 0x00000000e5700000, 0x00000000e5800000|  0%| F|  |TAMS 0x00000000e5700000| PB 0x00000000e5700000| Untracked 
|  88|0x00000000e5800000, 0x00000000e5800000, 0x00000000e5900000|  0%| F|  |TAMS 0x00000000e5800000| PB 0x00000000e5800000| Untracked 
|  89|0x00000000e5900000, 0x00000000e5900000, 0x00000000e5a00000|  0%| F|  |TAMS 0x00000000e5900000| PB 0x00000000e5900000| Untracked 
|  90|0x00000000e5a00000, 0x00000000e5a00000, 0x00000000e5b00000|  0%| F|  |TAMS 0x00000000e5a00000| PB 0x00000000e5a00000| Untracked 
|  91|0x00000000e5b00000, 0x00000000e5b00000, 0x00000000e5c00000|  0%| F|  |TAMS 0x00000000e5b00000| PB 0x00000000e5b00000| Untracked 
|  92|0x00000000e5c00000, 0x00000000e5c00000, 0x00000000e5d00000|  0%| F|  |TAMS 0x00000000e5c00000| PB 0x00000000e5c00000| Untracked 
|  93|0x00000000e5d00000, 0x00000000e5d00000, 0x00000000e5e00000|  0%| F|  |TAMS 0x00000000e5d00000| PB 0x00000000e5d00000| Untracked 
|  94|0x00000000e5e00000, 0x00000000e5e00000, 0x00000000e5f00000|  0%| F|  |TAMS 0x00000000e5e00000| PB 0x00000000e5e00000| Untracked 
|  95|0x00000000e5f00000, 0x00000000e5f00000, 0x00000000e6000000|  0%| F|  |TAMS 0x00000000e5f00000| PB 0x00000000e5f00000| Untracked 
|  96|0x00000000e6000000, 0x00000000e6000000, 0x00000000e6100000|  0%| F|  |TAMS 0x00000000e6000000| PB 0x00000000e6000000| Untracked 
|  97|0x00000000e6100000, 0x00000000e6100000, 0x00000000e6200000|  0%| F|  |TAMS 0x00000000e6100000| PB 0x00000000e6100000| Untracked 
|  98|0x00000000e6200000, 0x00000000e6200000, 0x00000000e6300000|  0%| F|  |TAMS 0x00000000e6200000| PB 0x00000000e6200000| Untracked 
|  99|0x00000000e6300000, 0x00000000e6300000, 0x00000000e6400000|  0%| F|  |TAMS 0x00000000e6300000| PB 0x00000000e6300000| Untracked 
| 100|0x00000000e6400000, 0x00000000e6400000, 0x00000000e6500000|  0%| F|  |TAMS 0x00000000e6400000| PB 0x00000000e6400000| Untracked 
| 101|0x00000000e6500000, 0x00000000e6500000, 0x00000000e6600000|  0%| F|  |TAMS 0x00000000e6500000| PB 0x00000000e6500000| Untracked 
| 102|0x00000000e6600000, 0x00000000e6600000, 0x00000000e6700000|  0%| F|  |TAMS 0x00000000e6600000| PB 0x00000000e6600000| Untracked 
| 103|0x00000000e6700000, 0x00000000e6700000, 0x00000000e6800000|  0%| F|  |TAMS 0x00000000e6700000| PB 0x00000000e6700000| Untracked 
| 104|0x00000000e6800000, 0x00000000e6800000, 0x00000000e6900000|  0%| F|  |TAMS 0x00000000e6800000| PB 0x00000000e6800000| Untracked 
| 105|0x00000000e6900000, 0x00000000e6900000, 0x00000000e6a00000|  0%| F|  |TAMS 0x00000000e6900000| PB 0x00000000e6900000| Untracked 
| 106|0x00000000e6a00000, 0x00000000e6a00000, 0x00000000e6b00000|  0%| F|  |TAMS 0x00000000e6a00000| PB 0x00000000e6a00000| Untracked 
| 107|0x00000000e6b00000, 0x00000000e6b00000, 0x00000000e6c00000|  0%| F|  |TAMS 0x00000000e6b00000| PB 0x00000000e6b00000| Untracked 
| 108|0x00000000e6c00000, 0x00000000e6c00000, 0x00000000e6d00000|  0%| F|  |TAMS 0x00000000e6c00000| PB 0x00000000e6c00000| Untracked 
| 109|0x00000000e6d00000, 0x00000000e6d00000, 0x00000000e6e00000|  0%| F|  |TAMS 0x00000000e6d00000| PB 0x00000000e6d00000| Untracked 
| 110|0x00000000e6e00000, 0x00000000e6e00000, 0x00000000e6f00000|  0%| F|  |TAMS 0x00000000e6e00000| PB 0x00000000e6e00000| Untracked 
| 111|0x00000000e6f00000, 0x00000000e6f00000, 0x00000000e7000000|  0%| F|  |TAMS 0x00000000e6f00000| PB 0x00000000e6f00000| Untracked 
| 112|0x00000000e7000000, 0x00000000e7000000, 0x00000000e7100000|  0%| F|  |TAMS 0x00000000e7000000| PB 0x00000000e7000000| Untracked 
| 113|0x00000000e7100000, 0x00000000e7100000, 0x00000000e7200000|  0%| F|  |TAMS 0x00000000e7100000| PB 0x00000000e7100000| Untracked 
| 114|0x00000000e7200000, 0x00000000e7200000, 0x00000000e7300000|  0%| F|  |TAMS 0x00000000e7200000| PB 0x00000000e7200000| Untracked 
| 115|0x00000000e7300000, 0x00000000e7300000, 0x00000000e7400000|  0%| F|  |TAMS 0x00000000e7300000| PB 0x00000000e7300000| Untracked 
| 116|0x00000000e7400000, 0x00000000e7400000, 0x00000000e7500000|  0%| F|  |TAMS 0x00000000e7400000| PB 0x00000000e7400000| Untracked 
| 117|0x00000000e7500000, 0x00000000e7500000, 0x00000000e7600000|  0%| F|  |TAMS 0x00000000e7500000| PB 0x00000000e7500000| Untracked 
| 118|0x00000000e7600000, 0x00000000e7600000, 0x00000000e7700000|  0%| F|  |TAMS 0x00000000e7600000| PB 0x00000000e7600000| Untracked 
| 119|0x00000000e7700000, 0x00000000e7700000, 0x00000000e7800000|  0%| F|  |TAMS 0x00000000e7700000| PB 0x00000000e7700000| Untracked 
| 120|0x00000000e7800000, 0x00000000e7800000, 0x00000000e7900000|  0%| F|  |TAMS 0x00000000e7800000| PB 0x00000000e7800000| Untracked 
| 121|0x00000000e7900000, 0x00000000e7900000, 0x00000000e7a00000|  0%| F|  |TAMS 0x00000000e7900000| PB 0x00000000e7900000| Untracked 
| 122|0x00000000e7a00000, 0x00000000e7a00000, 0x00000000e7b00000|  0%| F|  |TAMS 0x00000000e7a00000| PB 0x00000000e7a00000| Untracked 
| 123|0x00000000e7b00000, 0x00000000e7b00000, 0x00000000e7c00000|  0%| F|  |TAMS 0x00000000e7b00000| PB 0x00000000e7b00000| Untracked 
| 124|0x00000000e7c00000, 0x00000000e7c00000, 0x00000000e7d00000|  0%| F|  |TAMS 0x00000000e7c00000| PB 0x00000000e7c00000| Untracked 
| 125|0x00000000e7d00000, 0x00000000e7d00000, 0x00000000e7e00000|  0%| F|  |TAMS 0x00000000e7d00000| PB 0x00000000e7d00000| Untracked 
| 126|0x00000000e7e00000, 0x00000000e7e00000, 0x00000000e7f00000|  0%| F|  |TAMS 0x00000000e7e00000| PB 0x00000000e7e00000| Untracked 
| 127|0x00000000e7f00000, 0x00000000e7f00000, 0x00000000e8000000|  0%| F|  |TAMS 0x00000000e7f00000| PB 0x00000000e7f00000| Untracked 
| 128|0x00000000e8000000, 0x00000000e8000000, 0x00000000e8100000|  0%| F|  |TAMS 0x00000000e8000000| PB 0x00000000e8000000| Untracked 
| 129|0x00000000e8100000, 0x00000000e8100000, 0x00000000e8200000|  0%| F|  |TAMS 0x00000000e8100000| PB 0x00000000e8100000| Untracked 
| 130|0x00000000e8200000, 0x00000000e8200000, 0x00000000e8300000|  0%| F|  |TAMS 0x00000000e8200000| PB 0x00000000e8200000| Untracked 
| 131|0x00000000e8300000, 0x00000000e8300000, 0x00000000e8400000|  0%| F|  |TAMS 0x00000000e8300000| PB 0x00000000e8300000| Untracked 
| 132|0x00000000e8400000, 0x00000000e8400000, 0x00000000e8500000|  0%| F|  |TAMS 0x00000000e8400000| PB 0x00000000e8400000| Untracked 
| 133|0x00000000e8500000, 0x00000000e8500000, 0x00000000e8600000|  0%| F|  |TAMS 0x00000000e8500000| PB 0x00000000e8500000| Untracked 
| 134|0x00000000e8600000, 0x00000000e8600000, 0x00000000e8700000|  0%| F|  |TAMS 0x00000000e8600000| PB 0x00000000e8600000| Untracked 
| 135|0x00000000e8700000, 0x00000000e8700000, 0x00000000e8800000|  0%| F|  |TAMS 0x00000000e8700000| PB 0x00000000e8700000| Untracked 
| 136|0x00000000e8800000, 0x00000000e8800000, 0x00000000e8900000|  0%| F|  |TAMS 0x00000000e8800000| PB 0x00000000e8800000| Untracked 
| 137|0x00000000e8900000, 0x00000000e8900000, 0x00000000e8a00000|  0%| F|  |TAMS 0x00000000e8900000| PB 0x00000000e8900000| Untracked 
| 138|0x00000000e8a00000, 0x00000000e8a00000, 0x00000000e8b00000|  0%| F|  |TAMS 0x00000000e8a00000| PB 0x00000000e8a00000| Untracked 
| 139|0x00000000e8b00000, 0x00000000e8b00000, 0x00000000e8c00000|  0%| F|  |TAMS 0x00000000e8b00000| PB 0x00000000e8b00000| Untracked 
| 140|0x00000000e8c00000, 0x00000000e8c00000, 0x00000000e8d00000|  0%| F|  |TAMS 0x00000000e8c00000| PB 0x00000000e8c00000| Untracked 
| 141|0x00000000e8d00000, 0x00000000e8d00000, 0x00000000e8e00000|  0%| F|  |TAMS 0x00000000e8d00000| PB 0x00000000e8d00000| Untracked 
| 142|0x00000000e8e00000, 0x00000000e8e00000, 0x00000000e8f00000|  0%| F|  |TAMS 0x00000000e8e00000| PB 0x00000000e8e00000| Untracked 
| 143|0x00000000e8f00000, 0x00000000e8f00000, 0x00000000e9000000|  0%| F|  |TAMS 0x00000000e8f00000| PB 0x00000000e8f00000| Untracked 
| 144|0x00000000e9000000, 0x00000000e9000000, 0x00000000e9100000|  0%| F|  |TAMS 0x00000000e9000000| PB 0x00000000e9000000| Untracked 
| 145|0x00000000e9100000, 0x00000000e9100000, 0x00000000e9200000|  0%| F|  |TAMS 0x00000000e9100000| PB 0x00000000e9100000| Untracked 
| 146|0x00000000e9200000, 0x00000000e9200000, 0x00000000e9300000|  0%| F|  |TAMS 0x00000000e9200000| PB 0x00000000e9200000| Untracked 
| 147|0x00000000e9300000, 0x00000000e9300000, 0x00000000e9400000|  0%| F|  |TAMS 0x00000000e9300000| PB 0x00000000e9300000| Untracked 
| 148|0x00000000e9400000, 0x00000000e9400000, 0x00000000e9500000|  0%| F|  |TAMS 0x00000000e9400000| PB 0x00000000e9400000| Untracked 
| 149|0x00000000e9500000, 0x00000000e9500000, 0x00000000e9600000|  0%| F|  |TAMS 0x00000000e9500000| PB 0x00000000e9500000| Untracked 
| 150|0x00000000e9600000, 0x00000000e9600000, 0x00000000e9700000|  0%| F|  |TAMS 0x00000000e9600000| PB 0x00000000e9600000| Untracked 
| 151|0x00000000e9700000, 0x00000000e9700000, 0x00000000e9800000|  0%| F|  |TAMS 0x00000000e9700000| PB 0x00000000e9700000| Untracked 
| 152|0x00000000e9800000, 0x00000000e9800000, 0x00000000e9900000|  0%| F|  |TAMS 0x00000000e9800000| PB 0x00000000e9800000| Untracked 
| 153|0x00000000e9900000, 0x00000000e9900000, 0x00000000e9a00000|  0%| F|  |TAMS 0x00000000e9900000| PB 0x00000000e9900000| Untracked 
| 154|0x00000000e9a00000, 0x00000000e9a2e188, 0x00000000e9b00000| 18%| E|  |TAMS 0x00000000e9a00000| PB 0x00000000e9a00000| Complete 
| 155|0x00000000e9b00000, 0x00000000e9c00000, 0x00000000e9c00000|100%| E|CS|TAMS 0x00000000e9b00000| PB 0x00000000e9b00000| Complete 
| 156|0x00000000e9c00000, 0x00000000e9d00000, 0x00000000e9d00000|100%| E|CS|TAMS 0x00000000e9c00000| PB 0x00000000e9c00000| Complete 
| 157|0x00000000e9d00000, 0x00000000e9e00000, 0x00000000e9e00000|100%| E|CS|TAMS 0x00000000e9d00000| PB 0x00000000e9d00000| Complete 
| 158|0x00000000e9e00000, 0x00000000e9f00000, 0x00000000e9f00000|100%| E|CS|TAMS 0x00000000e9e00000| PB 0x00000000e9e00000| Complete 
| 159|0x00000000e9f00000, 0x00000000ea000000, 0x00000000ea000000|100%| E|CS|TAMS 0x00000000e9f00000| PB 0x00000000e9f00000| Complete 
| 160|0x00000000ea000000, 0x00000000ea100000, 0x00000000ea100000|100%| E|CS|TAMS 0x00000000ea000000| PB 0x00000000ea000000| Complete 
| 161|0x00000000ea100000, 0x00000000ea200000, 0x00000000ea200000|100%| E|CS|TAMS 0x00000000ea100000| PB 0x00000000ea100000| Complete 
| 162|0x00000000ea200000, 0x00000000ea300000, 0x00000000ea300000|100%| E|CS|TAMS 0x00000000ea200000| PB 0x00000000ea200000| Complete 
| 163|0x00000000ea300000, 0x00000000ea400000, 0x00000000ea400000|100%| E|CS|TAMS 0x00000000ea300000| PB 0x00000000ea300000| Complete 
| 164|0x00000000ea400000, 0x00000000ea500000, 0x00000000ea500000|100%| E|CS|TAMS 0x00000000ea400000| PB 0x00000000ea400000| Complete 
| 165|0x00000000ea500000, 0x00000000ea600000, 0x00000000ea600000|100%| E|CS|TAMS 0x00000000ea500000| PB 0x00000000ea500000| Complete 
| 166|0x00000000ea600000, 0x00000000ea700000, 0x00000000ea700000|100%| E|CS|TAMS 0x00000000ea600000| PB 0x00000000ea600000| Complete 
| 167|0x00000000ea700000, 0x00000000ea800000, 0x00000000ea800000|100%| E|CS|TAMS 0x00000000ea700000| PB 0x00000000ea700000| Complete 
| 168|0x00000000ea800000, 0x00000000ea900000, 0x00000000ea900000|100%| E|CS|TAMS 0x00000000ea800000| PB 0x00000000ea800000| Complete 
| 169|0x00000000ea900000, 0x00000000eaa00000, 0x00000000eaa00000|100%| E|CS|TAMS 0x00000000ea900000| PB 0x00000000ea900000| Complete 
| 170|0x00000000eaa00000, 0x00000000eab00000, 0x00000000eab00000|100%| E|CS|TAMS 0x00000000eaa00000| PB 0x00000000eaa00000| Complete 
| 171|0x00000000eab00000, 0x00000000eac00000, 0x00000000eac00000|100%| E|CS|TAMS 0x00000000eab00000| PB 0x00000000eab00000| Complete 
| 172|0x00000000eac00000, 0x00000000ead00000, 0x00000000ead00000|100%| E|CS|TAMS 0x00000000eac00000| PB 0x00000000eac00000| Complete 
| 173|0x00000000ead00000, 0x00000000eae00000, 0x00000000eae00000|100%| E|CS|TAMS 0x00000000ead00000| PB 0x00000000ead00000| Complete 
| 174|0x00000000eae00000, 0x00000000eaf00000, 0x00000000eaf00000|100%| E|CS|TAMS 0x00000000eae00000| PB 0x00000000eae00000| Complete 
| 175|0x00000000eaf00000, 0x00000000eb000000, 0x00000000eb000000|100%| E|CS|TAMS 0x00000000eaf00000| PB 0x00000000eaf00000| Complete 
| 176|0x00000000eb000000, 0x00000000eb100000, 0x00000000eb100000|100%| E|CS|TAMS 0x00000000eb000000| PB 0x00000000eb000000| Complete 
| 177|0x00000000eb100000, 0x00000000eb200000, 0x00000000eb200000|100%| E|CS|TAMS 0x00000000eb100000| PB 0x00000000eb100000| Complete 
| 178|0x00000000eb200000, 0x00000000eb300000, 0x00000000eb300000|100%| E|CS|TAMS 0x00000000eb200000| PB 0x00000000eb200000| Complete 
| 179|0x00000000eb300000, 0x00000000eb400000, 0x00000000eb400000|100%| E|CS|TAMS 0x00000000eb300000| PB 0x00000000eb300000| Complete 
| 180|0x00000000eb400000, 0x00000000eb500000, 0x00000000eb500000|100%| E|CS|TAMS 0x00000000eb400000| PB 0x00000000eb400000| Complete 
| 181|0x00000000eb500000, 0x00000000eb600000, 0x00000000eb600000|100%| E|CS|TAMS 0x00000000eb500000| PB 0x00000000eb500000| Complete 
| 182|0x00000000eb600000, 0x00000000eb700000, 0x00000000eb700000|100%| E|CS|TAMS 0x00000000eb600000| PB 0x00000000eb600000| Complete 
| 183|0x00000000eb700000, 0x00000000eb800000, 0x00000000eb800000|100%| E|CS|TAMS 0x00000000eb700000| PB 0x00000000eb700000| Complete 
| 184|0x00000000eb800000, 0x00000000eb900000, 0x00000000eb900000|100%| E|CS|TAMS 0x00000000eb800000| PB 0x00000000eb800000| Complete 
| 185|0x00000000eb900000, 0x00000000eba00000, 0x00000000eba00000|100%| E|CS|TAMS 0x00000000eb900000| PB 0x00000000eb900000| Complete 
| 186|0x00000000eba00000, 0x00000000ebb00000, 0x00000000ebb00000|100%| S|CS|TAMS 0x00000000eba00000| PB 0x00000000eba00000| Complete 
| 187|0x00000000ebb00000, 0x00000000ebc00000, 0x00000000ebc00000|100%| S|CS|TAMS 0x00000000ebb00000| PB 0x00000000ebb00000| Complete 
| 188|0x00000000ebc00000, 0x00000000ebd00000, 0x00000000ebd00000|100%| S|CS|TAMS 0x00000000ebc00000| PB 0x00000000ebc00000| Complete 
| 189|0x00000000ebd00000, 0x00000000ebe00000, 0x00000000ebe00000|100%| S|CS|TAMS 0x00000000ebd00000| PB 0x00000000ebd00000| Complete 
| 190|0x00000000ebe00000, 0x00000000ebf00000, 0x00000000ebf00000|100%| S|CS|TAMS 0x00000000ebe00000| PB 0x00000000ebe00000| Complete 
| 191|0x00000000ebf00000, 0x00000000ec000000, 0x00000000ec000000|100%| S|CS|TAMS 0x00000000ebf00000| PB 0x00000000ebf00000| Complete 
| 192|0x00000000ec000000, 0x00000000ec100000, 0x00000000ec100000|100%| S|CS|TAMS 0x00000000ec000000| PB 0x00000000ec000000| Complete 
| 193|0x00000000ec100000, 0x00000000ec200000, 0x00000000ec200000|100%| S|CS|TAMS 0x00000000ec100000| PB 0x00000000ec100000| Complete 
| 194|0x00000000ec200000, 0x00000000ec300000, 0x00000000ec300000|100%| E|CS|TAMS 0x00000000ec200000| PB 0x00000000ec200000| Complete 
| 195|0x00000000ec300000, 0x00000000ec400000, 0x00000000ec400000|100%| E|CS|TAMS 0x00000000ec300000| PB 0x00000000ec300000| Complete 
| 196|0x00000000ec400000, 0x00000000ec500000, 0x00000000ec500000|100%| E|CS|TAMS 0x00000000ec400000| PB 0x00000000ec400000| Complete 
| 197|0x00000000ec500000, 0x00000000ec600000, 0x00000000ec600000|100%| E|CS|TAMS 0x00000000ec500000| PB 0x00000000ec500000| Complete 
| 198|0x00000000ec600000, 0x00000000ec700000, 0x00000000ec700000|100%| E|CS|TAMS 0x00000000ec600000| PB 0x00000000ec600000| Complete 
| 199|0x00000000ec700000, 0x00000000ec800000, 0x00000000ec800000|100%| E|CS|TAMS 0x00000000ec700000| PB 0x00000000ec700000| Complete 
| 200|0x00000000ec800000, 0x00000000ec900000, 0x00000000ec900000|100%| E|CS|TAMS 0x00000000ec800000| PB 0x00000000ec800000| Complete 
| 201|0x00000000ec900000, 0x00000000eca00000, 0x00000000eca00000|100%| E|CS|TAMS 0x00000000ec900000| PB 0x00000000ec900000| Complete 
| 202|0x00000000eca00000, 0x00000000ecb00000, 0x00000000ecb00000|100%| E|CS|TAMS 0x00000000eca00000| PB 0x00000000eca00000| Complete 
| 203|0x00000000ecb00000, 0x00000000ecc00000, 0x00000000ecc00000|100%| E|CS|TAMS 0x00000000ecb00000| PB 0x00000000ecb00000| Complete 
| 204|0x00000000ecc00000, 0x00000000ecd00000, 0x00000000ecd00000|100%| E|CS|TAMS 0x00000000ecc00000| PB 0x00000000ecc00000| Complete 
| 205|0x00000000ecd00000, 0x00000000ece00000, 0x00000000ece00000|100%| E|CS|TAMS 0x00000000ecd00000| PB 0x00000000ecd00000| Complete 
| 206|0x00000000ece00000, 0x00000000ecf00000, 0x00000000ecf00000|100%| E|CS|TAMS 0x00000000ece00000| PB 0x00000000ece00000| Complete 
| 207|0x00000000ecf00000, 0x00000000ed000000, 0x00000000ed000000|100%| E|CS|TAMS 0x00000000ecf00000| PB 0x00000000ecf00000| Complete 
| 208|0x00000000ed000000, 0x00000000ed100000, 0x00000000ed100000|100%| E|CS|TAMS 0x00000000ed000000| PB 0x00000000ed000000| Complete 
| 209|0x00000000ed100000, 0x00000000ed200000, 0x00000000ed200000|100%| E|CS|TAMS 0x00000000ed100000| PB 0x00000000ed100000| Complete 
| 210|0x00000000ed200000, 0x00000000ed300000, 0x00000000ed300000|100%| E|CS|TAMS 0x00000000ed200000| PB 0x00000000ed200000| Complete 
| 211|0x00000000ed300000, 0x00000000ed400000, 0x00000000ed400000|100%| E|CS|TAMS 0x00000000ed300000| PB 0x00000000ed300000| Complete 
| 212|0x00000000ed400000, 0x00000000ed500000, 0x00000000ed500000|100%| E|CS|TAMS 0x00000000ed400000| PB 0x00000000ed400000| Complete 
| 213|0x00000000ed500000, 0x00000000ed600000, 0x00000000ed600000|100%| E|CS|TAMS 0x00000000ed500000| PB 0x00000000ed500000| Complete 
| 214|0x00000000ed600000, 0x00000000ed700000, 0x00000000ed700000|100%| E|CS|TAMS 0x00000000ed600000| PB 0x00000000ed600000| Complete 
| 215|0x00000000ed700000, 0x00000000ed800000, 0x00000000ed800000|100%| E|CS|TAMS 0x00000000ed700000| PB 0x00000000ed700000| Complete 
| 216|0x00000000ed800000, 0x00000000ed900000, 0x00000000ed900000|100%| E|CS|TAMS 0x00000000ed800000| PB 0x00000000ed800000| Complete 
| 217|0x00000000ed900000, 0x00000000eda00000, 0x00000000eda00000|100%| E|CS|TAMS 0x00000000ed900000| PB 0x00000000ed900000| Complete 
| 218|0x00000000eda00000, 0x00000000edb00000, 0x00000000edb00000|100%| E|CS|TAMS 0x00000000eda00000| PB 0x00000000eda00000| Complete 
| 219|0x00000000edb00000, 0x00000000edc00000, 0x00000000edc00000|100%| E|CS|TAMS 0x00000000edb00000| PB 0x00000000edb00000| Complete 
| 220|0x00000000edc00000, 0x00000000edd00000, 0x00000000edd00000|100%| E|CS|TAMS 0x00000000edc00000| PB 0x00000000edc00000| Complete 
| 221|0x00000000edd00000, 0x00000000ede00000, 0x00000000ede00000|100%| E|CS|TAMS 0x00000000edd00000| PB 0x00000000edd00000| Complete 
| 222|0x00000000ede00000, 0x00000000edf00000, 0x00000000edf00000|100%| E|CS|TAMS 0x00000000ede00000| PB 0x00000000ede00000| Complete 
| 223|0x00000000edf00000, 0x00000000ee000000, 0x00000000ee000000|100%| E|CS|TAMS 0x00000000edf00000| PB 0x00000000edf00000| Complete 
| 224|0x00000000ee000000, 0x00000000ee100000, 0x00000000ee100000|100%| E|CS|TAMS 0x00000000ee000000| PB 0x00000000ee000000| Complete 
| 225|0x00000000ee100000, 0x00000000ee200000, 0x00000000ee200000|100%| E|CS|TAMS 0x00000000ee100000| PB 0x00000000ee100000| Complete 
| 226|0x00000000ee200000, 0x00000000ee300000, 0x00000000ee300000|100%| E|CS|TAMS 0x00000000ee200000| PB 0x00000000ee200000| Complete 
| 227|0x00000000ee300000, 0x00000000ee400000, 0x00000000ee400000|100%| E|CS|TAMS 0x00000000ee300000| PB 0x00000000ee300000| Complete 
| 228|0x00000000ee400000, 0x00000000ee500000, 0x00000000ee500000|100%| E|CS|TAMS 0x00000000ee400000| PB 0x00000000ee400000| Complete 
| 229|0x00000000ee500000, 0x00000000ee600000, 0x00000000ee600000|100%| E|CS|TAMS 0x00000000ee500000| PB 0x00000000ee500000| Complete 
| 230|0x00000000ee600000, 0x00000000ee700000, 0x00000000ee700000|100%| E|CS|TAMS 0x00000000ee600000| PB 0x00000000ee600000| Complete 
| 231|0x00000000ee700000, 0x00000000ee800000, 0x00000000ee800000|100%| E|CS|TAMS 0x00000000ee700000| PB 0x00000000ee700000| Complete 
| 232|0x00000000ee800000, 0x00000000ee900000, 0x00000000ee900000|100%| E|CS|TAMS 0x00000000ee800000| PB 0x00000000ee800000| Complete 
| 233|0x00000000ee900000, 0x00000000eea00000, 0x00000000eea00000|100%| E|CS|TAMS 0x00000000ee900000| PB 0x00000000ee900000| Complete 
| 234|0x00000000eea00000, 0x00000000eeb00000, 0x00000000eeb00000|100%| E|CS|TAMS 0x00000000eea00000| PB 0x00000000eea00000| Complete 
| 235|0x00000000eeb00000, 0x00000000eec00000, 0x00000000eec00000|100%| E|CS|TAMS 0x00000000eeb00000| PB 0x00000000eeb00000| Complete 
| 236|0x00000000eec00000, 0x00000000eed00000, 0x00000000eed00000|100%| E|CS|TAMS 0x00000000eec00000| PB 0x00000000eec00000| Complete 
| 237|0x00000000eed00000, 0x00000000eee00000, 0x00000000eee00000|100%| E|CS|TAMS 0x00000000eed00000| PB 0x00000000eed00000| Complete 
| 238|0x00000000eee00000, 0x00000000eef00000, 0x00000000eef00000|100%| E|CS|TAMS 0x00000000eee00000| PB 0x00000000eee00000| Complete 
| 239|0x00000000eef00000, 0x00000000ef000000, 0x00000000ef000000|100%| E|CS|TAMS 0x00000000eef00000| PB 0x00000000eef00000| Complete 
| 240|0x00000000ef000000, 0x00000000ef100000, 0x00000000ef100000|100%| E|CS|TAMS 0x00000000ef000000| PB 0x00000000ef000000| Complete 
| 241|0x00000000ef100000, 0x00000000ef200000, 0x00000000ef200000|100%| E|CS|TAMS 0x00000000ef100000| PB 0x00000000ef100000| Complete 
| 242|0x00000000ef200000, 0x00000000ef300000, 0x00000000ef300000|100%| E|CS|TAMS 0x00000000ef200000| PB 0x00000000ef200000| Complete 
| 243|0x00000000ef300000, 0x00000000ef400000, 0x00000000ef400000|100%| E|CS|TAMS 0x00000000ef300000| PB 0x00000000ef300000| Complete 
| 244|0x00000000ef400000, 0x00000000ef500000, 0x00000000ef500000|100%| E|CS|TAMS 0x00000000ef400000| PB 0x00000000ef400000| Complete 
| 245|0x00000000ef500000, 0x00000000ef600000, 0x00000000ef600000|100%| E|CS|TAMS 0x00000000ef500000| PB 0x00000000ef500000| Complete 
| 246|0x00000000ef600000, 0x00000000ef700000, 0x00000000ef700000|100%| E|CS|TAMS 0x00000000ef600000| PB 0x00000000ef600000| Complete 
| 247|0x00000000ef700000, 0x00000000ef800000, 0x00000000ef800000|100%| E|CS|TAMS 0x00000000ef700000| PB 0x00000000ef700000| Complete 
| 248|0x00000000ef800000, 0x00000000ef900000, 0x00000000ef900000|100%| E|CS|TAMS 0x00000000ef800000| PB 0x00000000ef800000| Complete 
| 249|0x00000000ef900000, 0x00000000efa00000, 0x00000000efa00000|100%| E|CS|TAMS 0x00000000ef900000| PB 0x00000000ef900000| Complete 
| 250|0x00000000efa00000, 0x00000000efb00000, 0x00000000efb00000|100%| E|CS|TAMS 0x00000000efa00000| PB 0x00000000efa00000| Complete 
| 251|0x00000000efb00000, 0x00000000efc00000, 0x00000000efc00000|100%| E|CS|TAMS 0x00000000efb00000| PB 0x00000000efb00000| Complete 
| 252|0x00000000efc00000, 0x00000000efd00000, 0x00000000efd00000|100%| E|CS|TAMS 0x00000000efc00000| PB 0x00000000efc00000| Complete 
| 253|0x00000000efd00000, 0x00000000efe00000, 0x00000000efe00000|100%| E|CS|TAMS 0x00000000efd00000| PB 0x00000000efd00000| Complete 
| 254|0x00000000efe00000, 0x00000000eff00000, 0x00000000eff00000|100%| E|CS|TAMS 0x00000000efe00000| PB 0x00000000efe00000| Complete 
| 255|0x00000000eff00000, 0x00000000f0000000, 0x00000000f0000000|100%| E|CS|TAMS 0x00000000eff00000| PB 0x00000000eff00000| Complete 

Card table byte_map: [0x000001bf78480000,0x000001bf78580000] _byte_map_base: 0x000001bf77d80000

Marking Bits: (CMBitMap*) 0x000001bf72abb130
 Bits: [0x000001bf78580000, 0x000001bf78d80000)

Polling page: 0x000001bf72cd0000

Metaspace:

Usage:
  Non-class:     17.16 MB used.
      Class:      2.90 MB used.
       Both:     20.06 MB used.

Virtual space:
  Non-class space:       64.00 MB reserved,      17.50 MB ( 27%) committed,  1 nodes.
      Class space:      320.00 MB reserved,       3.19 MB ( <1%) committed,  1 nodes.
             Both:      384.00 MB reserved,      20.69 MB (  5%) committed. 

Chunk freelists:
   Non-Class:  13.98 MB
       Class:  12.83 MB
        Both:  26.81 MB

MaxMetaspaceSize: 384.00 MB
CompressedClassSpaceSize: 320.00 MB
Initial GC threshold: 21.00 MB
Current GC threshold: 21.00 MB
CDS: on
 - commit_granule_bytes: 65536.
 - commit_granule_words: 8192.
 - virtual_space_node_default_size: 8388608.
 - enlarge_chunks_in_place: 1.
 - use_allocation_guard: 0.


Internal statistics:

num_allocs_failed_limit: 0.
num_arena_births: 924.
num_arena_deaths: 0.
num_vsnodes_births: 2.
num_vsnodes_deaths: 0.
num_space_committed: 331.
num_space_uncommitted: 0.
num_chunks_returned_to_freelist: 0.
num_chunks_taken_from_freelist: 1697.
num_chunk_merges: 0.
num_chunk_splits: 1108.
num_chunks_enlarged: 756.
num_inconsistent_stats: 0.

CodeHeap 'non-profiled nmethods': size=120000Kb used=2012Kb max_used=2012Kb free=117987Kb
 bounds [0x000001bf07ad0000, 0x000001bf07d40000, 0x000001bf0f000000]
CodeHeap 'profiled nmethods': size=120000Kb used=7235Kb max_used=7235Kb free=112764Kb
 bounds [0x000001bf00000000, 0x000001bf00720000, 0x000001bf07530000]
CodeHeap 'non-nmethods': size=5760Kb used=1419Kb max_used=1458Kb free=4340Kb
 bounds [0x000001bf07530000, 0x000001bf077a0000, 0x000001bf07ad0000]
CodeCache: size=245760Kb, used=10666Kb, max_used=10705Kb, free=235091Kb
 total_blobs=4275, nmethods=3701, adapters=478, full_count=0
Compilation: enabled, stopped_count=0, restarted_count=0

Compilation events (20 events):
Event: 336.532 Thread 0x000001bf2801e510 3721       3       org.objectweb.asm.SymbolTable::hash (15 bytes)
Event: 336.543 Thread 0x000001bf2801e510 nmethod 3721 0x000001bf0070c210 code [0x000001bf0070c3c0, 0x000001bf0070c540]
Event: 337.114 Thread 0x000001bf2801e510 3722       3       java.lang.invoke.DirectMethodHandle$Holder::invokeStatic (24 bytes)
Event: 337.115 Thread 0x000001bf2801e510 nmethod 3722 0x000001bf0070c690 code [0x000001bf0070c860, 0x000001bf0070cdd0]
Event: 337.190 Thread 0x000001bf2801e510 3723       1       java.util.ImmutableCollections$List12::isEmpty (2 bytes)
Event: 337.190 Thread 0x000001bf2801e510 nmethod 3723 0x000001bf07cc4b10 code [0x000001bf07cc4ca0, 0x000001bf07cc4d68]
Event: 337.250 Thread 0x000001bf280187d0 3724       4       java.lang.invoke.InvokerBytecodeGenerator::getInternalName (103 bytes)
Event: 337.284 Thread 0x000001bf280187d0 nmethod 3724 0x000001bf07cc4e10 code [0x000001bf07cc4fe0, 0x000001bf07cc5378]
Event: 337.402 Thread 0x000001bf280187d0 3725       4       jdk.internal.org.objectweb.asm.Frame::setLocal (65 bytes)
Event: 337.427 Thread 0x000001bf280187d0 nmethod 3725 0x000001bf07cc5510 code [0x000001bf07cc56c0, 0x000001bf07cc5cf8]
Event: 337.462 Thread 0x000001bf280187d0 3726       4       java.lang.invoke.MethodType::insertParameterTypes (121 bytes)
Event: 337.491 Thread 0x000001bf280187d0 nmethod 3726 0x000001bf07cc5e90 code [0x000001bf07cc6080, 0x000001bf07cc66b0]
Event: 337.976 Thread 0x000001bf2801e510 3727       3       java.lang.invoke.LambdaForm$Name::cloneWithIndex (47 bytes)
Event: 338.174 Thread 0x000001bf2801e510 nmethod 3727 0x000001bf0070cf10 code [0x000001bf0070d100, 0x000001bf0070d658]
Event: 339.100 Thread 0x000001bf2801e510 3728       3       jdk.internal.loader.BuiltinClassLoader::hasClassPath (13 bytes)
Event: 339.112 Thread 0x000001bf2801e510 nmethod 3728 0x000001bf0070d810 code [0x000001bf0070d9a0, 0x000001bf0070db00]
Event: 342.522 Thread 0x000001bf2801e510 3729       3       java.lang.invoke.LambdaFormEditor::makeArgumentCombinationForm (508 bytes)
Event: 342.574 Thread 0x000001bf2801e510 nmethod 3729 0x000001bf0070db90 code [0x000001bf0070dfc0, 0x000001bf0070fe28]
Event: 342.758 Thread 0x000001bf280187d0 3730       4       java.util.concurrent.ConcurrentLinkedQueue::poll (84 bytes)
Event: 342.772 Thread 0x000001bf280187d0 nmethod 3730 0x000001bf07cc6b10 code [0x000001bf07cc6cc0, 0x000001bf07cc7098]

GC Heap History (6 events):
Event: 6.209 GC heap before
{Heap before GC invocations=0 (full 0):
 garbage-first heap   total 262144K, used 26624K [0x00000000e0000000, 0x0000000100000000)
  region size 1024K, 23 young (23552K), 0 survivors (0K)
 Metaspace       used 1116K, committed 1216K, reserved 393216K
  class space    used 80K, committed 128K, reserved 327680K
}
Event: 6.706 GC heap after
{Heap after GC invocations=1 (full 0):
 garbage-first heap   total 262144K, used 9983K [0x00000000e0000000, 0x0000000100000000)
  region size 1024K, 3 young (3072K), 3 survivors (3072K)
 Metaspace       used 1116K, committed 1216K, reserved 393216K
  class space    used 80K, committed 128K, reserved 327680K
}
Event: 20.126 GC heap before
{Heap before GC invocations=1 (full 0):
 garbage-first heap   total 262144K, used 39679K [0x00000000e0000000, 0x0000000100000000)
  region size 1024K, 33 young (33792K), 3 survivors (3072K)
 Metaspace       used 4305K, committed 4480K, reserved 393216K
  class space    used 544K, committed 640K, reserved 327680K
}
Event: 20.129 GC heap after
{Heap after GC invocations=2 (full 0):
 garbage-first heap   total 262144K, used 11866K [0x00000000e0000000, 0x0000000100000000)
  region size 1024K, 2 young (2048K), 2 survivors (2048K)
 Metaspace       used 4305K, committed 4480K, reserved 393216K
  class space    used 544K, committed 640K, reserved 327680K
}
Event: 43.497 GC heap before
{Heap before GC invocations=2 (full 0):
 garbage-first heap   total 262144K, used 75354K [0x00000000e0000000, 0x0000000100000000)
  region size 1024K, 62 young (63488K), 2 survivors (2048K)
 Metaspace       used 10438K, committed 10752K, reserved 393216K
  class space    used 1412K, committed 1536K, reserved 327680K
}
Event: 43.514 GC heap after
{Heap after GC invocations=3 (full 0):
 garbage-first heap   total 262144K, used 20553K [0x00000000e0000000, 0x0000000100000000)
  region size 1024K, 8 young (8192K), 8 survivors (8192K)
 Metaspace       used 10438K, committed 10752K, reserved 393216K
  class space    used 1412K, committed 1536K, reserved 327680K
}

Dll operation events (20 events):
Event: 0.926 Attempting to load shared library C:\Users\NAGARAJU\.antigravity-ide\extensions\redhat.java-1.56.0-win32-x64\jre\21.0.12.1-win32-x86_64\bin\nio.dll
Event: 0.943 Loaded shared library C:\Users\NAGARAJU\.antigravity-ide\extensions\redhat.java-1.56.0-win32-x64\jre\21.0.12.1-win32-x86_64\bin\nio.dll
Event: 1.036 Attempting to load shared library C:\Users\NAGARAJU\.antigravity-ide\extensions\redhat.java-1.56.0-win32-x64\jre\21.0.12.1-win32-x86_64\bin\zip.dll
Event: 1.036 Loaded shared library C:\Users\NAGARAJU\.antigravity-ide\extensions\redhat.java-1.56.0-win32-x64\jre\21.0.12.1-win32-x86_64\bin\zip.dll
Event: 4.087 Attempting to load shared library C:\Users\NAGARAJU\.antigravity-ide\extensions\redhat.java-1.56.0-win32-x64\jre\21.0.12.1-win32-x86_64\bin\jimage.dll
Event: 4.087 Loaded shared library C:\Users\NAGARAJU\.antigravity-ide\extensions\redhat.java-1.56.0-win32-x64\jre\21.0.12.1-win32-x86_64\bin\jimage.dll
Event: 6.799 Attempting to load shared library C:\Users\NAGARAJU\.antigravity-ide\extensions\redhat.java-1.56.0-win32-x64\jre\21.0.12.1-win32-x86_64\bin\verify.dll
Event: 6.808 Loaded shared library C:\Users\NAGARAJU\.antigravity-ide\extensions\redhat.java-1.56.0-win32-x64\jre\21.0.12.1-win32-x86_64\bin\verify.dll
Event: 8.303 Attempting to load shared library C:\Users\NAGARAJU\.gradle\native\c067742578af261105cb4f569cf0c3c89f3d7b1fecec35dd04571415982c5e48\windows-amd64\native-platform.dll
Event: 8.318 Loaded shared library C:\Users\NAGARAJU\.gradle\native\c067742578af261105cb4f569cf0c3c89f3d7b1fecec35dd04571415982c5e48\windows-amd64\native-platform.dll
Event: 8.360 Attempting to load shared library C:\Users\NAGARAJU\.gradle\native\100fb08df4bc3b14c8652ba06237920a3bd2aa13389f12d3474272988ae205f9\windows-amd64\native-platform-file-events.dll
Event: 8.372 Loaded shared library C:\Users\NAGARAJU\.gradle\native\100fb08df4bc3b14c8652ba06237920a3bd2aa13389f12d3474272988ae205f9\windows-amd64\native-platform-file-events.dll
Event: 34.655 Attempting to load shared library C:\Users\NAGARAJU\.antigravity-ide\extensions\redhat.java-1.56.0-win32-x64\jre\21.0.12.1-win32-x86_64\bin\management.dll
Event: 34.655 Loaded shared library C:\Users\NAGARAJU\.antigravity-ide\extensions\redhat.java-1.56.0-win32-x64\jre\21.0.12.1-win32-x86_64\bin\management.dll
Event: 34.658 Attempting to load shared library C:\Users\NAGARAJU\.antigravity-ide\extensions\redhat.java-1.56.0-win32-x64\jre\21.0.12.1-win32-x86_64\bin\management_ext.dll
Event: 34.658 Loaded shared library C:\Users\NAGARAJU\.antigravity-ide\extensions\redhat.java-1.56.0-win32-x64\jre\21.0.12.1-win32-x86_64\bin\management_ext.dll
Event: 36.929 Attempting to load shared library C:\Users\NAGARAJU\.antigravity-ide\extensions\redhat.java-1.56.0-win32-x64\jre\21.0.12.1-win32-x86_64\bin\extnet.dll
Event: 36.930 Loaded shared library C:\Users\NAGARAJU\.antigravity-ide\extensions\redhat.java-1.56.0-win32-x64\jre\21.0.12.1-win32-x86_64\bin\extnet.dll
Event: 40.841 Attempting to load shared library C:\Users\NAGARAJU\.antigravity-ide\extensions\redhat.java-1.56.0-win32-x64\jre\21.0.12.1-win32-x86_64\bin\sunmscapi.dll
Event: 40.863 Loaded shared library C:\Users\NAGARAJU\.antigravity-ide\extensions\redhat.java-1.56.0-win32-x64\jre\21.0.12.1-win32-x86_64\bin\sunmscapi.dll

Deoptimization events (20 events):
Event: 246.052 Thread 0x000001bf29c15c80 DEOPT PACKING pc=0x000001bf07c5109c sp=0x000000a8bccff790
Event: 246.053 Thread 0x000001bf29c15c80 DEOPT UNPACKING pc=0x000001bf07584422 sp=0x000000a8bccff710 mode 2
Event: 246.268 Thread 0x000001bf281ff720 Uncommon trap: trap_request=0xfffffff4 fr.pc=0x000001bf07b5564c relative=0x00000000000004cc
Event: 246.268 Thread 0x000001bf281ff720 Uncommon trap: reason=null_check action=make_not_entrant pc=0x000001bf07b5564c method=java.io.File.equals(Ljava/lang/Object;)Z @ 1 c2
Event: 246.268 Thread 0x000001bf281ff720 DEOPT PACKING pc=0x000001bf07b5564c sp=0x000000a8bcbfd4d0
Event: 246.268 Thread 0x000001bf281ff720 DEOPT UNPACKING pc=0x000001bf07584422 sp=0x000000a8bcbfd488 mode 2
Event: 271.310 Thread 0x000001bf281ff720 DEOPT PACKING pc=0x000001bf000e1959 sp=0x000000a8bcbfb380
Event: 271.310 Thread 0x000001bf281ff720 DEOPT UNPACKING pc=0x000001bf07584bc2 sp=0x000000a8bcbfa818 mode 0
Event: 320.382 Thread 0x000001bf281ff720 Uncommon trap: trap_request=0xffffff45 fr.pc=0x000001bf07ca7cbc relative=0x000000000000011c
Event: 320.382 Thread 0x000001bf281ff720 Uncommon trap: reason=unstable_if action=reinterpret pc=0x000001bf07ca7cbc method=java.util.Arrays.equals([Ljava/lang/Object;[Ljava/lang/Object;)Z @ 44 c2
Event: 320.382 Thread 0x000001bf281ff720 DEOPT PACKING pc=0x000001bf07ca7cbc sp=0x000000a8bcbfb790
Event: 320.412 Thread 0x000001bf281ff720 DEOPT UNPACKING pc=0x000001bf07584422 sp=0x000000a8bcbfb730 mode 2
Event: 320.413 Thread 0x000001bf281ff720 Uncommon trap: trap_request=0xffffff45 fr.pc=0x000001bf07cbce34 relative=0x00000000000001d4
Event: 320.413 Thread 0x000001bf281ff720 Uncommon trap: reason=unstable_if action=reinterpret pc=0x000001bf07cbce34 method=java.util.HashMap.getNode(Ljava/lang/Object;)Ljava/util/HashMap$Node; @ 131 c2
Event: 320.413 Thread 0x000001bf281ff720 DEOPT PACKING pc=0x000001bf07cbce34 sp=0x000000a8bcbfb850
Event: 320.414 Thread 0x000001bf281ff720 DEOPT UNPACKING pc=0x000001bf07584422 sp=0x000000a8bcbfb7c0 mode 2
Event: 320.414 Thread 0x000001bf281ff720 Uncommon trap: trap_request=0xffffff45 fr.pc=0x000001bf07c3d634 relative=0x0000000000000734
Event: 320.414 Thread 0x000001bf281ff720 Uncommon trap: reason=unstable_if action=reinterpret pc=0x000001bf07c3d634 method=java.util.HashMap.putVal(ILjava/lang/Object;Ljava/lang/Object;ZZ)Ljava/lang/Object; @ 206 c2
Event: 320.414 Thread 0x000001bf281ff720 DEOPT PACKING pc=0x000001bf07c3d634 sp=0x000000a8bcbfb7c0
Event: 320.414 Thread 0x000001bf281ff720 DEOPT UNPACKING pc=0x000001bf07584422 sp=0x000000a8bcbfb748 mode 2

Classes loaded (20 events):
Event: 272.007 Loading class java/io/ObjectOutputStream
Event: 272.015 Loading class java/io/ObjectOutput
Event: 272.015 Loading class java/io/ObjectOutput done
Event: 272.015 Loading class java/io/ObjectStreamConstants
Event: 272.016 Loading class java/io/ObjectStreamConstants done
Event: 272.016 Loading class java/io/ObjectOutputStream done
Event: 272.024 Loading class java/io/ObjectInputStream
Event: 272.031 Loading class java/io/ObjectInput
Event: 272.031 Loading class java/io/ObjectInput done
Event: 272.031 Loading class java/io/ObjectInputStream done
Event: 316.312 Loading class javax/xml/parsers/ParserConfigurationException
Event: 316.324 Loading class javax/xml/parsers/ParserConfigurationException done
Event: 316.327 Loading class org/xml/sax/SAXException
Event: 316.329 Loading class org/xml/sax/SAXException done
Event: 316.330 Loading class javax/xml/xpath/XPathExpressionException
Event: 316.330 Loading class javax/xml/xpath/XPathException
Event: 316.331 Loading class javax/xml/xpath/XPathException done
Event: 316.366 Loading class javax/xml/xpath/XPathExpressionException done
Event: 316.367 Loading class org/xml/sax/ErrorHandler
Event: 316.369 Loading class org/xml/sax/ErrorHandler done

Classes unloaded (0 events):
No events

Classes redefined (0 events):
No events

Internal exceptions (20 events):
Event: 237.275 Thread 0x000001bf281ff720 Exception <a 'java/lang/NoSuchMethodError'{0x00000000ec76ae48}: 'java.lang.Object java.lang.invoke.DirectMethodHandle$Holder.invokeStatic(java.lang.Object, java.lang.Object, java.lang.Object, java.lang.Object, java.lang.Object, java.lang.Object, java.lang.Object, java.lang.Object, java.lang.Object, java.lang.Object, java.lang.Object, java.lang.Object, java.lang.Object, java.lang.Object, java.lang.Object, java.lang.Object, java.lang.Object, java.lang.Object)'> (0x00000000ec76ae48) 
thrown [s\src\hotspot\sha
Event: 237.469 Thread 0x000001bf281ff720 Exception <a 'java/lang/NoSuchMethodError'{0x00000000ec7c2e50}: 'java.lang.Object java.lang.invoke.DirectMethodHandle$Holder.invokeStatic(java.lang.Object, java.lang.Object, java.lang.Object, java.lang.Object, java.lang.Object, java.lang.Object, java.lang.Object, java.lang.Object, java.lang.Object, java.lang.Object, java.lang.Object, java.lang.Object, java.lang.Object, java.lang.Object, java.lang.Object, java.lang.Object, java.lang.Object, java.lang.Object, java.lang.Object)'> (0x00000000ec7c2e50) 
thrown 
Event: 237.698 Thread 0x000001bf281ff720 Exception <a 'java/lang/NoSuchMethodError'{0x00000000ec7edeb0}: 'java.lang.Object java.lang.invoke.DirectMethodHandle$Holder.invokeStatic(java.lang.Object, java.lang.Object, java.lang.Object, java.lang.Object, java.lang.Object, java.lang.Object, java.lang.Object, java.lang.Object, java.lang.Object, java.lang.Object, java.lang.Object, java.lang.Object, java.lang.Object, java.lang.Object, java.lang.Object, java.lang.Object, java.lang.Object, java.lang.Object, java.lang.Object, java.lang.Object)'> (0x00000000
Event: 238.596 Thread 0x000001bf281ff720 Exception <a 'java/lang/NoSuchMethodError'{0x00000000ec620408}: 'java.lang.Object java.lang.invoke.DirectMethodHandle$Holder.invokeStatic(java.lang.Object, java.lang.Object, java.lang.Object, java.lang.Object, java.lang.Object, java.lang.Object, java.lang.Object, java.lang.Object, java.lang.Object, java.lang.Object, java.lang.Object, java.lang.Object, java.lang.Object, java.lang.Object, java.lang.Object, java.lang.Object, java.lang.Object, java.lang.Object, java.lang.Object, java.lang.Object, java.lang.Obj
Event: 238.650 Thread 0x000001bf281ff720 Exception <a 'java/lang/NoSuchMethodError'{0x00000000ec64d730}: 'java.lang.Object java.lang.invoke.DirectMethodHandle$Holder.invokeStatic(java.lang.Object, java.lang.Object, java.lang.Object, java.lang.Object, java.lang.Object, java.lang.Object, java.lang.Object, java.lang.Object, java.lang.Object, java.lang.Object, java.lang.Object, java.lang.Object, java.lang.Object, java.lang.Object, java.lang.Object, java.lang.Object, java.lang.Object, java.lang.Object, java.lang.Object, java.lang.Object, java.lang.Obj
Event: 238.682 Thread 0x000001bf281ff720 Exception <a 'java/lang/NoSuchMethodError'{0x00000000ec67b508}: 'java.lang.Object java.lang.invoke.DirectMethodHandle$Holder.invokeStatic(java.lang.Object, java.lang.Object, java.lang.Object, java.lang.Object, java.lang.Object, java.lang.Object, java.lang.Object, java.lang.Object, java.lang.Object, java.lang.Object, java.lang.Object, java.lang.Object, java.lang.Object, java.lang.Object, java.lang.Object, java.lang.Object, java.lang.Object, java.lang.Object, java.lang.Object, java.lang.Object, java.lang.Obj
Event: 238.836 Thread 0x000001bf281ff720 Exception <a 'java/lang/NoSuchMethodError'{0x00000000ec6aa4a0}: 'java.lang.Object java.lang.invoke.DirectMethodHandle$Holder.invokeStatic(java.lang.Object, java.lang.Object, java.lang.Object, java.lang.Object, java.lang.Object, java.lang.Object, java.lang.Object, java.lang.Object, java.lang.Object, java.lang.Object, java.lang.Object, java.lang.Object, java.lang.Object, java.lang.Object, java.lang.Object, java.lang.Object, java.lang.Object, java.lang.Object, java.lang.Object, java.lang.Object, java.lang.Obj
Event: 238.884 Thread 0x000001bf281ff720 Exception <a 'java/lang/NoSuchMethodError'{0x00000000ec6d9d58}: 'java.lang.Object java.lang.invoke.DirectMethodHandle$Holder.invokeStatic(java.lang.Object, java.lang.Object, java.lang.Object, java.lang.Object, java.lang.Object, java.lang.Object, java.lang.Object, java.lang.Object, java.lang.Object, java.lang.Object, java.lang.Object, java.lang.Object, java.lang.Object, java.lang.Object, java.lang.Object, java.lang.Object, java.lang.Object, java.lang.Object, java.lang.Object, java.lang.Object, java.lang.Obj
Event: 238.962 Thread 0x000001bf281ff720 Exception <a 'java/lang/NoSuchMethodError'{0x00000000ec50b188}: 'java.lang.Object java.lang.invoke.DirectMethodHandle$Holder.invokeStatic(java.lang.Object, java.lang.Object, java.lang.Object, java.lang.Object, java.lang.Object, java.lang.Object, java.lang.Object, java.lang.Object, java.lang.Object, java.lang.Object, java.lang.Object, java.lang.Object, java.lang.Object, java.lang.Object, java.lang.Object, java.lang.Object, java.lang.Object, java.lang.Object, java.lang.Object, java.lang.Object, java.lang.Obj
Event: 246.268 Thread 0x000001bf281ff720 Implicit null exception at 0x000001bf07b551bd to 0x000001bf07b5563c
Event: 271.141 Thread 0x000001bf281ff720 Exception <a 'java/lang/IncompatibleClassChangeError'{0x00000000eb33c100}: Found class java.lang.Object, but interface was expected> (0x00000000eb33c100) 
thrown [s\src\hotspot\share\interpreter\linkResolver.cpp, line 840]
Event: 271.423 Thread 0x000001bf281ff720 Exception <a 'java/lang/NoSuchMethodError'{0x00000000eb37c240}: 'java.lang.Object java.lang.invoke.DirectMethodHandle$Holder.newInvokeSpecial(java.lang.Object, java.lang.Object, java.lang.Object, java.lang.Object, java.lang.Object, java.lang.Object, java.lang.Object, java.lang.Object, java.lang.Object, java.lang.Object, java.lang.Object, java.lang.Object, java.lang.Object)'> (0x00000000eb37c240) 
thrown [s\src\hotspot\share\interpreter\linkResolver.cpp, line 773]
Event: 271.430 Thread 0x000001bf281ff720 Exception <a 'java/lang/NoSuchMethodError'{0x00000000eb201968}: 'java.lang.Object java.lang.invoke.DirectMethodHandle$Holder.invokeSpecial(java.lang.Object, java.lang.Object, java.lang.Object, java.lang.Object, java.lang.Object, java.lang.Object, java.lang.Object, java.lang.Object, java.lang.Object, java.lang.Object, java.lang.Object, java.lang.Object, java.lang.Object, java.lang.Object)'> (0x00000000eb201968) 
thrown [s\src\hotspot\share\interpreter\linkResolver.cpp, line 773]
Event: 271.433 Thread 0x000001bf281ff720 Exception <a 'java/lang/NoSuchMethodError'{0x00000000eb206158}: 'java.lang.Object java.lang.invoke.DelegatingMethodHandle$Holder.reinvoke_L(java.lang.Object, java.lang.Object, java.lang.Object, java.lang.Object, java.lang.Object, java.lang.Object, java.lang.Object, java.lang.Object, java.lang.Object, java.lang.Object, java.lang.Object, java.lang.Object, java.lang.Object)'> (0x00000000eb206158) 
thrown [s\src\hotspot\share\interpreter\linkResolver.cpp, line 773]
Event: 272.928 Thread 0x000001bf281ff720 Exception <a 'java/lang/NoSuchMethodError'{0x00000000eb130528}: 'java.lang.Object java.lang.invoke.DirectMethodHandle$Holder.newInvokeSpecial(java.lang.Object, java.lang.Object, java.lang.Object, java.lang.Object, java.lang.Object, java.lang.Object, java.lang.Object, java.lang.Object)'> (0x00000000eb130528) 
thrown [s\src\hotspot\share\interpreter\linkResolver.cpp, line 773]
Event: 277.999 Thread 0x000001bf281ff720 Exception <a 'java/lang/NoSuchMethodError'{0x00000000eb1b1b90}: 'int java.lang.invoke.DirectMethodHandle$Holder.invokeStaticInit(java.lang.Object, java.lang.Object, java.lang.Object)'> (0x00000000eb1b1b90) 
thrown [s\src\hotspot\share\interpreter\linkResolver.cpp, line 773]
Event: 307.312 Thread 0x000001bf281ff720 Exception <a 'java/lang/NoSuchMethodError'{0x00000000ea924058}: 'java.lang.Object java.lang.invoke.DirectMethodHandle$Holder.invokeVirtual(java.lang.Object, java.lang.Object, java.lang.Object, java.lang.Object, java.lang.Object, java.lang.Object, java.lang.Object, java.lang.Object, java.lang.Object, java.lang.Object, java.lang.Object, java.lang.Object, java.lang.Object, java.lang.Object, java.lang.Object, java.lang.Object, java.lang.Object, java.lang.Object, java.lang.Object, java.lang.Object, java.lang.Ob
Event: 307.621 Thread 0x000001bf281ff720 Exception <a 'java/lang/NoSuchMethodError'{0x00000000ea99a370}: 'java.lang.Object java.lang.invoke.DirectMethodHandle$Holder.invokeSpecial(java.lang.Object, java.lang.Object, java.lang.Object, java.lang.Object, java.lang.Object, java.lang.Object, java.lang.Object, java.lang.Object, java.lang.Object, java.lang.Object, java.lang.Object, java.lang.Object, java.lang.Object, java.lang.Object, java.lang.Object, java.lang.Object, java.lang.Object, java.lang.Object, java.lang.Object, java.lang.Object, java.lang.Ob
Event: 322.862 Thread 0x000001bf281ff720 Exception <a 'java/lang/NoSuchMethodError'{0x00000000ea0f1f50}: 'java.lang.Object java.lang.invoke.DirectMethodHandle$Holder.newInvokeSpecial(java.lang.Object, java.lang.Object, java.lang.Object, java.lang.Object, java.lang.Object, java.lang.Object, java.lang.Object)'> (0x00000000ea0f1f50) 
thrown [s\src\hotspot\share\interpreter\linkResolver.cpp, line 773]
Event: 332.971 Thread 0x000001bf281ff720 Exception <a 'java/lang/NoSuchMethodError'{0x00000000e9dd2468}: 'java.lang.Object java.lang.invoke.DirectMethodHandle$Holder.invokeVirtual(java.lang.Object, java.lang.Object, java.lang.Object, java.lang.Object, java.lang.Object, java.lang.Object, java.lang.Object, java.lang.Object, java.lang.Object, java.lang.Object, java.lang.Object)'> (0x00000000e9dd2468) 
thrown [s\src\hotspot\share\interpreter\linkResolver.cpp, line 773]

ZGC Phase Switch (0 events):
No events

VM Operations (20 events):
Event: 326.166 Executing safepoint VM operation: Cleanup
Event: 326.228 Executing safepoint VM operation: Cleanup done
Event: 327.239 Executing safepoint VM operation: Cleanup
Event: 327.286 Executing safepoint VM operation: Cleanup done
Event: 329.300 Executing safepoint VM operation: Cleanup
Event: 329.315 Executing safepoint VM operation: Cleanup done
Event: 330.325 Executing safepoint VM operation: Cleanup
Event: 330.387 Executing safepoint VM operation: Cleanup done
Event: 332.401 Executing safepoint VM operation: Cleanup
Event: 332.448 Executing safepoint VM operation: Cleanup done
Event: 334.464 Executing safepoint VM operation: Cleanup
Event: 334.494 Executing safepoint VM operation: Cleanup done
Event: 335.501 Executing safepoint VM operation: Cleanup
Event: 335.516 Executing safepoint VM operation: Cleanup done
Event: 337.529 Executing safepoint VM operation: Cleanup
Event: 337.545 Executing safepoint VM operation: Cleanup done
Event: 339.563 Executing safepoint VM operation: Cleanup
Event: 339.593 Executing safepoint VM operation: Cleanup done
Event: 341.603 Executing safepoint VM operation: Cleanup
Event: 341.619 Executing safepoint VM operation: Cleanup done

Memory protections (0 events):
No events

Nmethod flushes (0 events):
No events

Events (20 events):
Event: 0.369 Thread 0x000001bf74e60220 Thread added: 0x000001bf2801e510
Event: 0.764 Thread 0x000001bf74e60220 Thread added: 0x000001bf282bd0f0
Event: 1.129 Thread 0x000001bf74e60220 Thread added: 0x000001bf282b6690
Event: 34.698 Thread 0x000001bf74e60220 Thread added: 0x000001bf29495130
Event: 37.855 Thread 0x000001bf74e60220 Thread added: 0x000001bf28369420
Event: 40.732 Thread 0x000001bf74e60220 Thread added: 0x000001bf2810b530
Event: 40.984 Thread 0x000001bf28369420 Thread added: 0x000001bf296fd360
Event: 41.032 Thread 0x000001bf296fd360 Thread added: 0x000001bf28059da0
Event: 43.259 Thread 0x000001bf296fd360 Thread added: 0x000001bf280a0d40
Event: 43.619 Thread 0x000001bf296fd360 Thread added: 0x000001bf281ff720
Event: 43.680 Thread 0x000001bf281ff720 Thread added: 0x000001bf29c15c80
Event: 43.696 Thread 0x000001bf281ff720 Thread added: 0x000001bf29c16310
Event: 43.705 Thread 0x000001bf281ff720 Thread added: 0x000001bf29c169a0
Event: 50.012 Thread 0x000001bf281ff720 Thread added: 0x000001bf29c14240
Event: 50.885 Thread 0x000001bf281ff720 Thread added: 0x000001bf29c148d0
Event: 121.112 Thread 0x000001bf29c148d0 Thread added: 0x000001bf29c14f60
Event: 183.888 Thread 0x000001bf29c14f60 Thread exited: 0x000001bf29c14f60
Event: 185.067 Thread 0x000001bf29c148d0 Thread added: 0x000001bf29c17030
Event: 202.699 Thread 0x000001bf281ff720 Thread added: 0x000001bf29c155f0
Event: 284.283 Thread 0x000001bf29c17030 Thread exited: 0x000001bf29c17030


Dynamic libraries:
0x00007ff7e88c0000 - 0x00007ff7e88ce000 	C:\Users\NAGARAJU\.antigravity-ide\extensions\redhat.java-1.56.0-win32-x64\jre\21.0.12.1-win32-x86_64\bin\java.exe
0x00007ff9a5f00000 - 0x00007ff9a6166000 	C:\WINDOWS\SYSTEM32\ntdll.dll
0x00007ff9a4c70000 - 0x00007ff9a4d39000 	C:\WINDOWS\System32\KERNEL32.DLL
0x00007ff9a3390000 - 0x00007ff9a378f000 	C:\WINDOWS\System32\KERNELBASE.dll
0x00007ff9a38d0000 - 0x00007ff9a3a1c000 	C:\WINDOWS\System32\ucrtbase.dll
0x00007ff972400000 - 0x00007ff972418000 	C:\Users\NAGARAJU\.antigravity-ide\extensions\redhat.java-1.56.0-win32-x64\jre\21.0.12.1-win32-x86_64\bin\jli.dll
0x00007ff9a4dd0000 - 0x00007ff9a4f96000 	C:\WINDOWS\System32\USER32.dll
0x00007ff9a3110000 - 0x00007ff9a3137000 	C:\WINDOWS\System32\win32u.dll
0x00007ff9a3d30000 - 0x00007ff9a3d5b000 	C:\WINDOWS\System32\GDI32.dll
0x00007ff9a37a0000 - 0x00007ff9a38c9000 	C:\WINDOWS\System32\gdi32full.dll
0x00007ff9a3a30000 - 0x00007ff9a3ad3000 	C:\WINDOWS\System32\msvcp_win.dll
0x00007ff974f70000 - 0x00007ff974f8e000 	C:\Users\NAGARAJU\.antigravity-ide\extensions\redhat.java-1.56.0-win32-x64\jre\21.0.12.1-win32-x86_64\bin\VCRUNTIME140.dll
0x00007ff98c800000 - 0x00007ff98ca91000 	C:\WINDOWS\WinSxS\amd64_microsoft.windows.common-controls_6595b64144ccf1df_6.0.26100.8972_none_3e0da176e32f9d4b\COMCTL32.dll
0x00007ff9a4ae0000 - 0x00007ff9a4b89000 	C:\WINDOWS\System32\msvcrt.dll
0x00007ff9a54a0000 - 0x00007ff9a54d2000 	C:\WINDOWS\System32\IMM32.DLL
0x00007ff9992b0000 - 0x00007ff9992bc000 	C:\Users\NAGARAJU\.antigravity-ide\extensions\redhat.java-1.56.0-win32-x64\jre\21.0.12.1-win32-x86_64\bin\vcruntime140_1.dll
0x00007ff925740000 - 0x00007ff9257cd000 	C:\Users\NAGARAJU\.antigravity-ide\extensions\redhat.java-1.56.0-win32-x64\jre\21.0.12.1-win32-x86_64\bin\msvcp140.dll
0x00007ff8fcc20000 - 0x00007ff8fd9c2000 	C:\Users\NAGARAJU\.antigravity-ide\extensions\redhat.java-1.56.0-win32-x64\jre\21.0.12.1-win32-x86_64\bin\server\jvm.dll
0x00007ff9a3f30000 - 0x00007ff9a3fec000 	C:\WINDOWS\System32\ADVAPI32.dll
0x00007ff9a4b90000 - 0x00007ff9a4c3a000 	C:\WINDOWS\System32\sechost.dll
0x00007ff9a3d60000 - 0x00007ff9a3e78000 	C:\WINDOWS\System32\RPCRT4.dll
0x00007ff9a4d40000 - 0x00007ff9a4dc2000 	C:\WINDOWS\System32\WS2_32.dll
0x00007ff9a2f70000 - 0x00007ff9a2fce000 	C:\WINDOWS\SYSTEM32\POWRPROF.dll
0x00007ff99c510000 - 0x00007ff99c546000 	C:\WINDOWS\SYSTEM32\WINMM.dll
0x00007ff99c550000 - 0x00007ff99c55b000 	C:\WINDOWS\SYSTEM32\VERSION.dll
0x00007ff9a2f50000 - 0x00007ff9a2f65000 	C:\WINDOWS\SYSTEM32\UMPDC.dll
0x00007ff9a1e00000 - 0x00007ff9a1e1b000 	C:\WINDOWS\SYSTEM32\kernel.appcore.dll
0x00007ff972540000 - 0x00007ff97254a000 	C:\Users\NAGARAJU\.antigravity-ide\extensions\redhat.java-1.56.0-win32-x64\jre\21.0.12.1-win32-x86_64\bin\jimage.dll
0x00007ff997ba0000 - 0x00007ff997de2000 	C:\WINDOWS\SYSTEM32\DBGHELP.DLL
0x00007ff9a5110000 - 0x00007ff9a5495000 	C:\WINDOWS\System32\combase.dll
0x00007ff9a47a0000 - 0x00007ff9a4879000 	C:\WINDOWS\System32\OLEAUT32.dll
0x00007ff981b60000 - 0x00007ff981b9b000 	C:\WINDOWS\SYSTEM32\dbgcore.DLL
0x00007ff9a32d0000 - 0x00007ff9a337c000 	C:\WINDOWS\System32\bcryptPrimitives.dll
0x00007ff9395e0000 - 0x00007ff9395ef000 	C:\Users\NAGARAJU\.antigravity-ide\extensions\redhat.java-1.56.0-win32-x64\jre\21.0.12.1-win32-x86_64\bin\instrument.dll
0x00007ff95a160000 - 0x00007ff95a180000 	C:\Users\NAGARAJU\.antigravity-ide\extensions\redhat.java-1.56.0-win32-x64\jre\21.0.12.1-win32-x86_64\bin\java.dll
0x00007ff9a5730000 - 0x00007ff9a5eb8000 	C:\WINDOWS\System32\SHELL32.dll
0x00007ff9a0be0000 - 0x00007ff9a147b000 	C:\WINDOWS\SYSTEM32\windows.storage.dll
0x00007ff9a54e0000 - 0x00007ff9a55d9000 	C:\WINDOWS\System32\SHCORE.dll
0x00007ff9a4580000 - 0x00007ff9a45e6000 	C:\WINDOWS\System32\shlwapi.dll
0x00007ff9a3030000 - 0x00007ff9a3059000 	C:\WINDOWS\SYSTEM32\profapi.dll
0x00007ff9395f0000 - 0x00007ff939608000 	C:\Users\NAGARAJU\.antigravity-ide\extensions\redhat.java-1.56.0-win32-x64\jre\21.0.12.1-win32-x86_64\bin\zip.dll
0x00007ff9395d0000 - 0x00007ff9395e0000 	C:\Users\NAGARAJU\.antigravity-ide\extensions\redhat.java-1.56.0-win32-x64\jre\21.0.12.1-win32-x86_64\bin\net.dll
0x00007ff998de0000 - 0x00007ff998f08000 	C:\WINDOWS\SYSTEM32\WINHTTP.dll
0x00007ff9a23b0000 - 0x00007ff9a241c000 	C:\WINDOWS\system32\mswsock.dll
0x00007ff925720000 - 0x00007ff925736000 	C:\Users\NAGARAJU\.antigravity-ide\extensions\redhat.java-1.56.0-win32-x64\jre\21.0.12.1-win32-x86_64\bin\nio.dll
0x00007ff925b90000 - 0x00007ff925ba0000 	C:\Users\NAGARAJU\.antigravity-ide\extensions\redhat.java-1.56.0-win32-x64\jre\21.0.12.1-win32-x86_64\bin\verify.dll
0x00007ff985f00000 - 0x00007ff985f27000 	C:\Users\NAGARAJU\.gradle\native\c067742578af261105cb4f569cf0c3c89f3d7b1fecec35dd04571415982c5e48\windows-amd64\native-platform.dll
0x00007ff90ec50000 - 0x00007ff90ed94000 	C:\Users\NAGARAJU\.gradle\native\100fb08df4bc3b14c8652ba06237920a3bd2aa13389f12d3474272988ae205f9\windows-amd64\native-platform-file-events.dll
0x00007ff920130000 - 0x00007ff92013a000 	C:\Users\NAGARAJU\.antigravity-ide\extensions\redhat.java-1.56.0-win32-x64\jre\21.0.12.1-win32-x86_64\bin\management.dll
0x00007ff920120000 - 0x00007ff92012c000 	C:\Users\NAGARAJU\.antigravity-ide\extensions\redhat.java-1.56.0-win32-x64\jre\21.0.12.1-win32-x86_64\bin\management_ext.dll
0x00007ff9a4c60000 - 0x00007ff9a4c68000 	C:\WINDOWS\System32\PSAPI.DLL
0x00007ff9a26a0000 - 0x00007ff9a26bb000 	C:\WINDOWS\SYSTEM32\CRYPTSP.dll
0x00007ff9a1d60000 - 0x00007ff9a1d99000 	C:\WINDOWS\system32\rsaenh.dll
0x00007ff9a2460000 - 0x00007ff9a2492000 	C:\WINDOWS\SYSTEM32\USERENV.dll
0x00007ff9a3000000 - 0x00007ff9a302a000 	C:\WINDOWS\SYSTEM32\bcrypt.dll
0x00007ff9a26c0000 - 0x00007ff9a26cc000 	C:\WINDOWS\SYSTEM32\CRYPTBASE.dll
0x00007ff9a17d0000 - 0x00007ff9a1803000 	C:\WINDOWS\SYSTEM32\IPHLPAPI.DLL
0x00007ff9a3c30000 - 0x00007ff9a3c3a000 	C:\WINDOWS\System32\NSI.dll
0x00007ff916eb0000 - 0x00007ff916eb9000 	C:\Users\NAGARAJU\.antigravity-ide\extensions\redhat.java-1.56.0-win32-x64\jre\21.0.12.1-win32-x86_64\bin\extnet.dll
0x00007ff916b00000 - 0x00007ff916b0e000 	C:\Users\NAGARAJU\.antigravity-ide\extensions\redhat.java-1.56.0-win32-x64\jre\21.0.12.1-win32-x86_64\bin\sunmscapi.dll
0x00007ff9a3140000 - 0x00007ff9a32be000 	C:\WINDOWS\System32\CRYPT32.dll
0x00007ff9a28e0000 - 0x00007ff9a2910000 	C:\WINDOWS\SYSTEM32\ncrypt.dll
0x00007ff9a2890000 - 0x00007ff9a28cf000 	C:\WINDOWS\SYSTEM32\NTASN1.dll
0x00007ff90fe20000 - 0x00007ff90fe28000 	C:\WINDOWS\system32\wshunix.dll

JVMTI agents:
C:\Users\NAGARAJU\.gradle\wrapper\dists\gradle-8.9-bin\90cnw93cvbtalezasaz0blq0a\gradle-8.9\lib\agents\gradle-instrumentation-agent-8.9.jar path:C:\Users\NAGARAJU\.antigravity-ide\extensions\redhat.java-1.56.0-win32-x64\jre\21.0.12.1-win32-x86_64\bin\instrument.dll, loaded, initialized, instrumentlib options:none

dbghelp: loaded successfully - version: 4.0.5 - missing functions: none
symbol engine: initialized successfully - sym options: 0x614 - pdb path: .;C:\Users\NAGARAJU\.antigravity-ide\extensions\redhat.java-1.56.0-win32-x64\jre\21.0.12.1-win32-x86_64\bin;C:\WINDOWS\SYSTEM32;C:\WINDOWS\WinSxS\amd64_microsoft.windows.common-controls_6595b64144ccf1df_6.0.26100.8972_none_3e0da176e32f9d4b;C:\Users\NAGARAJU\.antigravity-ide\extensions\redhat.java-1.56.0-win32-x64\jre\21.0.12.1-win32-x86_64\bin\server;C:\Users\NAGARAJU\.gradle\native\c067742578af261105cb4f569cf0c3c89f3d7b1fecec35dd04571415982c5e48\windows-amd64;C:\Users\NAGARAJU\.gradle\native\100fb08df4bc3b14c8652ba06237920a3bd2aa13389f12d3474272988ae205f9\windows-amd64

VM Arguments:
jvm_args: --add-opens=java.base/java.util=ALL-UNNAMED --add-opens=java.base/java.lang=ALL-UNNAMED --add-opens=java.base/java.lang.invoke=ALL-UNNAMED --add-opens=java.prefs/java.util.prefs=ALL-UNNAMED --add-exports=jdk.compiler/com.sun.tools.javac.api=ALL-UNNAMED --add-exports=jdk.compiler/com.sun.tools.javac.util=ALL-UNNAMED --add-opens=java.base/java.nio.charset=ALL-UNNAMED --add-opens=java.base/java.net=ALL-UNNAMED --add-opens=java.base/java.util.concurrent.atomic=ALL-UNNAMED -XX:MaxMetaspaceSize=384m -XX:+HeapDumpOnOutOfMemoryError -Xms256m -Xmx512m -Dfile.encoding=utf8 -Duser.country=IN -Duser.language=en -Duser.variant -javaagent:C:\Users\NAGARAJU\.gradle\wrapper\dists\gradle-8.9-bin\90cnw93cvbtalezasaz0blq0a\gradle-8.9\lib\agents\gradle-instrumentation-agent-8.9.jar 
java_command: org.gradle.launcher.daemon.bootstrap.GradleDaemon 8.9
java_class_path (initial): C:\Users\NAGARAJU\.gradle\wrapper\dists\gradle-8.9-bin\90cnw93cvbtalezasaz0blq0a\gradle-8.9\lib\gradle-daemon-main-8.9.jar
Launcher Type: SUN_STANDARD

[Global flags]
     intx CICompilerCount                          = 4                                         {product} {ergonomic}
   size_t CompressedClassSpaceSize                 = 335544320                                 {product} {ergonomic}
     uint ConcGCThreads                            = 2                                         {product} {ergonomic}
     uint G1ConcRefinementThreads                  = 8                                         {product} {ergonomic}
   size_t G1HeapRegionSize                         = 1048576                                   {product} {ergonomic}
    uintx GCDrainStackTargetSize                   = 64                                        {product} {ergonomic}
     bool HeapDumpOnOutOfMemoryError               = true                                   {manageable} {command line}
   size_t InitialHeapSize                          = 268435456                                 {product} {command line}
   size_t MarkStackSize                            = 4194304                                   {product} {ergonomic}
   size_t MaxHeapSize                              = 536870912                                 {product} {command line}
   size_t MaxMetaspaceSize                         = 402653184                                 {product} {command line}
   size_t MaxNewSize                               = 321912832                                 {product} {ergonomic}
   size_t MinHeapDeltaBytes                        = 1048576                                   {product} {ergonomic}
   size_t MinHeapSize                              = 268435456                                 {product} {command line}
    uintx NonNMethodCodeHeapSize                   = 5839372                                {pd product} {ergonomic}
    uintx NonProfiledCodeHeapSize                  = 122909434                              {pd product} {ergonomic}
    uintx ProfiledCodeHeapSize                     = 122909434                              {pd product} {ergonomic}
    uintx ReservedCodeCacheSize                    = 251658240                              {pd product} {ergonomic}
     bool SegmentedCodeCache                       = true                                      {product} {ergonomic}
   size_t SoftMaxHeapSize                          = 536870912                              {manageable} {ergonomic}
     bool UseCompressedOops                        = true                           {product lp64_product} {ergonomic}
     bool UseG1GC                                  = true                                      {product} {ergonomic}
     bool UseLargePagesIndividualAllocation        = false                                  {pd product} {ergonomic}

Logging:
Log output configuration:
 #0: stdout all=warning uptime,level,tags foldmultilines=false
 #1: stderr all=off uptime,level,tags foldmultilines=false

Release file:
JAVA_VERSION="21.0.12.1" 
MODULES="java.base java.compiler java.datatransfer java.xml java.prefs java.desktop java.instrument java.logging java.management java.security.sasl java.naming java.rmi java.management.rmi java.net.http java.scripting java.security.jgss java.transaction.xa java.sql java.sql.rowset java.xml.crypto java.se java.smartcardio jdk.accessibility jdk.internal.jvmstat jdk.attach jdk.charsets jdk.internal.opt jdk.zipfs jdk.compiler jdk.crypto.ec jdk.crypto.cryptoki jdk.crypto.mscapi jdk.dynalink jdk.internal.ed jdk.editpad jdk.hotspot.agent jdk.httpserver jdk.internal.le jdk.internal.vm.ci jdk.internal.vm.compiler jdk.internal.vm.compiler.management jdk.jartool jdk.javadoc jdk.jcmd jdk.management jdk.management.agent jdk.jconsole jdk.jdeps jdk.jdwp.agent jdk.jdi jdk.jfr jdk.jshell jdk.jsobject jdk.jstatd jdk.localedata jdk.management.jfr jdk.naming.dns jdk.naming.rmi jdk.net jdk.nio.mapmode jdk.random jdk.sctp jdk.security.auth jdk.security.jgss jdk.unsupported jdk.unsupported.desktop jdk.xml.dom" 

Environment Variables:
JAVA_HOME=C:\Program Files\Eclipse Adoptium\jdk-21.0.11.10-hotspot
PATH=C:\Program Files\Eclipse Adoptium\jdk-21.0.11.10-hotspot\bin;C:\Program Files\Eclipse Adoptium\jdk-11.0.26.4-hotspot\bin;C:\Program Files\Eclipse Adoptium\jdk-17.0.14.7-hotspot\bin;C:\Program Files\Java\jdk-17\bin;C:\Program Files\nodejs;E:\Android\Sdk\platform-tools;E:\Android\Sdk\emulator;E:\Android\Sdk\cmdline-tools\latest\bin;C:\Users\NAGARAJU\AppData\Local\Android\Sdk\platform-tools;C:\Users\NAGARAJU\AppData\Local\Android\Sdk\emulator;C:\Users\NAGARAJU\AppData\Local\Android\Sdk\cmdline-tools\latest\bin;C:\Program Files\Eclipse Adoptium\jdk-21.0.11.10-hotspot\bin;C:\Program Files\Eclipse Adoptium\jdk-11.0.26.4-hotspot\bin;C:\Program Files\Eclipse Adoptium\jdk-17.0.14.7-hotspot\bin;C:\Program Files\Java\jdk-17\bin;C:\Program Files\nodejs;E:\Android\Sdk\platform-tools;E:\Android\Sdk\emulator;E:\Android\Sdk\cmdline-tools\latest\bin;C:\Users\NAGARAJU\AppData\Local\Android\Sdk\platform-tools;C:\Users\NAGARAJU\AppData\Local\Android\Sdk\emulator;C:\Users\NAGARAJU\AppData\Local\Android\Sdk\cmdline-tools\latest\bin;C:\Program Files\Eclipse Adoptium\jdk-21.0.11.10-hotspot\bin;C:\Program Files\Eclipse Adoptium\jdk-11.0.26.4-hotspot\bin;C:\Program Files\Eclipse Adoptium\jdk-17.0.14.7-hotspot\bin;C:\Program Files\Java\jdk-17\bin;C:\Program Files\nodejs;E:\Android\Sdk\platform-tools;E:\Android\Sdk\emulator;E:\Android\Sdk\cmdline-tools\latest\bin;C:\Users\NAGARAJU\AppData\Local\Android\Sdk\platform-tools;C:\Users\NAGARAJU\AppData\Local\Android\Sdk\emulator;C:\Users\NAGARAJU\AppData\Local\Android\Sdk\cmdline-tools\latest\bin;C:\WINDOWS\System32;C:\ProgramData\chocolatey\bin;C:\Program Files\nodejs\;C:\Program Files\Git\cmd;C:\Windows\System32;C:\Windows\System32\WindowsPowerShell\v1.0;C:\Windows\System32\OpenSSH;C:\Windows\System32\WindowsPowerShell\v1.0\;C:\Users\NAGARAJU\Downloads\stripe_1.30.0_windows_x86_64;C:\WINDOWS\system32;C:\WINDOWS;C:\WINDOWS\System32\Wbem;C:\WINDOWS\System32\WindowsPowerShell\v1.0\;C:\WINDOWS\System32\OpenSSH\;C:\ProgramData\chocolatey\bin;C:\Program Files\nodejs\;C:\Program Files\Git\cmd;C:\Windows\System32;C:\Windows\System32\WindowsPowerShell\v1.0;C:\Windows\System32\OpenSSH;C:\Windows\System32\WindowsPowerShell\v1.0\;C:\Users\NAGARAJU\Downloads\stripe_1.30.0_windows_x86_64;C:\WINDOWS\system32;C:\WINDOWS;C:\WINDOWS\System32\Wbem;C:\WINDOWS\System32\WindowsPowerShell\v1.0\;C:\WINDOWS\System32\OpenSSH\;C:\ProgramData\chocolatey\bin;C:\Program Files\nodejs\;C:\Program Files\Git\cmd;C:\Windows\System32;C:\Windows\System32\WindowsPowerShell\v1.0;C:\Windows\System32\OpenSSH;C:\Windows\System32\WindowsPowerShell\v1.0\;C:\Users\NAGARAJU\Downloads\stripe_1.30.0_windows_x86_64;C:\WINDOWS\system32;C:\WINDOWS;C:\WINDOWS\System32\Wbem;C:\WINDOWS\System32\WindowsPowerShell\v1.0\;C:\WINDOWS\System32\OpenSSH\;C:\Program Files\Eclipse Adoptium\jdk-21.0.11.10-hotspot\bin;C:\Program Files\Eclipse Adoptium\jdk-11.0.26.4-hotspot\bin;C:\Program Files\Eclipse Adoptium\jdk-17.0.14.7-hotspot\bin;C:\Program Files\Java\jdk-17\bin;C:\Program Files\nodejs;E:\Android\Sdk\platform-tools;E:\Android\Sdk\emulator;E:\Android\Sdk\cmdline-tools\latest\bin;C:\Users\NAGARAJU\AppData\Local\Android\Sdk\platform-tools;C:\Users\NAGARAJU\AppData\Local\Android\Sdk\emulator;C:\Users\NAGARAJU\AppData\Local\Android\Sdk\cmdline-tools\latest\bin;C:\Program Files\Eclipse Adoptium\jdk-21.0.11.10-hotspot\bin;C:\Program Files\Eclipse Adoptium\jdk-11.0.26.4-hotspot\bin;C:\Program Files\Eclipse Adoptium\jdk-17.0.14.7-hotspot\bin;C:\Program Files\Java\jdk-17\bin;C:\Program Files\nodejs;E:\Android\Sdk\platform-tools;E:\Android\Sdk\emulator;E:\Android\Sdk\cmdline-tools\latest\bin;C:\Users\NAGARAJU\AppData\Local\Android\Sdk\platform-tools;C:\Users\NAGARAJU\AppData\Local\Android\Sdk\emulator;C:\Users\NAGARAJU\AppData\Local\Android\Sdk\cmdline-tools\latest\bin;C:\Program Files\Eclipse Adoptium\jdk-21.0.11.10-hotspot\bin;C:\Program Files\Eclipse Adoptium\jdk-11.0.26.4-hotspot\bin;C:\Program Files\Eclipse Adoptium\jdk-17.0.14.7-hotspot\bin;C:\Program Files\Java\jdk-17\bin;C:\Program Files\nodejs;E:\Android\Sdk\platform-tools;E:\Android\Sdk\emulator;E:\Android\Sdk\cmdline-tools\latest\bin;C:\Users\NAGARAJU\AppData\Local\Android\Sdk\platform-tools;C:\Users\NAGARAJU\AppData\Local\Android\Sdk\emulator;C:\Users\NAGARAJU\AppData\Local\Android\Sdk\cmdline-tools\latest\bin;C:\WINDOWS\System32;C:\ProgramData\chocolatey\bin;C:\Program Files\nodejs\;C:\Program Files\Git\cmd;C:\Windows\System32;C:\Windows\System32\WindowsPowerShell\v1.0;C:\Windows\System32\OpenSSH;C:\Windows\System32\WindowsPowerShell\v1.0\;C:\Users\NAGARAJU\Downloads\stripe_1.30.0_windows_x86_64;C:\WINDOWS\system32;C:\WINDOWS;C:\WINDOWS\System32\Wbem;C:\WINDOWS\System32\WindowsPowerShell\v1.0\;C:\WINDOWS\System32\OpenSSH\;C:\ProgramData\chocolatey\bin;C:\Program Files\nodejs\;C:\Program Files\Git\cmd;C:\Windows\System32;C:\Windows\System32\WindowsPowerShell\v1.0;C:\Windows\System32\OpenSSH;C:\Windows\System32\WindowsPowerShell\v1.0\;C:\Users\NAGARAJU\Downloads\stripe_1.30.0_windows_x86_64;C:\WINDOWS\system32;C:\WINDOWS;C:\WINDOWS\System32\Wbem;C:\WINDOWS\System32\WindowsPowerShell\v1.0\;C:\WINDOWS\System32\OpenSSH\;C:\ProgramData\chocolatey\bin;C:\Program Files\nodejs\;C:\Program Files\Git\cmd;C:\Windows\System32;C:\Windows\System32\WindowsPowerShell\v1.0;C:\Windows\System32\OpenSSH;C:\Windows\System32\WindowsPowerShell\v1.0\;C:\Users\NAGARAJU\Downloads\stripe_1.30.0_windows_x86_64;C:\WINDOWS\system32;C:\WINDOWS;C:\WINDOWS\System32\Wbem;C:\WINDOWS\System32\WindowsPowerShell\v1.0\;C:\WINDOWS\System32\OpenSSH\;C:\Users\NAGARAJU\AppData\Local\Android\Sdk\platform-tools;C:\Users\NAGARAJU\AppData\Local\Android\Sdk\cmdline-tools\latest\bin;C:\Users\NAGARAJU\AppData\Roaming\npm;C:\Users\NAGARAJU\AppData\Local\Programs\Microsoft VS Code\bin;C:\Users\NAGARAJU\AppData\Local\Programs\Antigravity IDE\bin;C:\Users\NAGARAJU\AppData\Local\Microsoft\WindowsApps;C:\Users\NAGARAJU\AppData\Local\Kingsoft\WPS Office\12.1.0.27458\clitool
USERNAME=NAGARAJU
OS=Windows_NT
PROCESSOR_IDENTIFIER=AMD64 Family 23 Model 104 Stepping 1, AuthenticAMD
TMP=C:\Users\NAGARAJU\AppData\Local\Temp
TEMP=C:\Users\NAGARAJU\AppData\Local\Temp




Periodic native trim disabled

---------------  S Y S T E M  ---------------

OS:
 Windows 11 , 64 bit Build 26100 (10.0.26100.9168)
OS uptime: 0 days 1:17 hours

CPU: total 8 (initial active 8) (8 cores per cpu, 2 threads per core) family 23 model 104 stepping 1 microcode 0x8608109, cx8, cmov, fxsr, ht, mmx, 3dnowpref, sse, sse2, sse3, ssse3, sse4a, sse4.1, sse4.2, popcnt, lzcnt, tsc, tscinvbit, avx, avx2, aes, clmul, bmi1, bmi2, adx, sha, fma, vzeroupper, clflush, clflushopt, rdtscp, rdpid, f16c
Processor Information for the first 8 processors :
  Max Mhz: 2600, Current Mhz: 2600, Mhz Limit: 2600

Memory: 4k page, system-wide physical 7502M (933M free)
TotalPageFile size 40270M (AvailPageFile size 0M)
current process WorkingSet (physical memory assigned to process): 57M, peak: 139M
current process commit charge ("private bytes"): 399M, peak: 415M

vm_info: OpenJDK 64-Bit Server VM (21.0.12.1+1-LTS) for windows-amd64 JRE (21.0.12.1+1-LTS), built on 2026-08-18T00:00:00Z by "admin" with MS VC++ 17.12 (VS2022)

END.
