#
# There is insufficient memory for the Java Runtime Environment to continue.
# Native memory allocation (malloc) failed to allocate 32784 bytes. Error detail: Chunk::new
# Possible reasons:
#   The system is out of physical RAM or swap space
#   This process is running with CompressedOops enabled, and the Java Heap may be blocking the growth of the native heap
# Possible solutions:
#   Reduce memory load on the system
#   Increase physical memory or swap space
#   Check if swap backing store is full
#   Decrease Java heap size (-Xmx/-Xms)
#   Decrease number of Java threads
#   Decrease Java thread stack sizes (-Xss)
#   Set larger code cache with -XX:ReservedCodeCacheSize=
#   JVM is running with Unscaled Compressed Oops mode in which the Java heap is
#     placed in the first 4GB address space. The Java Heap base address is the
#     maximum limit for the native heap growth. Please use -XX:HeapBaseMinAddress
#     to set the Java Heap base and to place the Java Heap above 4GB virtual address.
# This output file may be truncated or incomplete.
#
#  Out of Memory Error (arena.cpp:168), pid=32808, tid=31288
#
# JRE version: OpenJDK Runtime Environment Temurin-21.0.12.1+1 (21.0.12.1+1) (build 21.0.12.1+1-LTS)
# Java VM: OpenJDK 64-Bit Server VM Temurin-21.0.12.1+1 (21.0.12.1+1-LTS, mixed mode, sharing, tiered, compressed oops, compressed class ptrs, g1 gc, windows-amd64)
# No core dump will be written. Minidumps are not enabled by default on client versions of Windows
#

---------------  S U M M A R Y ------------

Command Line: --add-opens=java.base/java.util=ALL-UNNAMED --add-opens=java.base/java.lang=ALL-UNNAMED --add-opens=java.base/java.lang.invoke=ALL-UNNAMED --add-opens=java.prefs/java.util.prefs=ALL-UNNAMED --add-exports=jdk.compiler/com.sun.tools.javac.api=ALL-UNNAMED --add-exports=jdk.compiler/com.sun.tools.javac.util=ALL-UNNAMED --add-opens=java.base/java.nio.charset=ALL-UNNAMED --add-opens=java.base/java.net=ALL-UNNAMED --add-opens=java.base/java.util.concurrent.atomic=ALL-UNNAMED -XX:MaxMetaspaceSize=384m -XX:+HeapDumpOnOutOfMemoryError -Xms256m -Xmx512m -Dfile.encoding=utf8 -Duser.country=IN -Duser.language=en -Duser.variant -javaagent:C:\Users\NAGARAJU\.gradle\wrapper\dists\gradle-8.9-bin\90cnw93cvbtalezasaz0blq0a\gradle-8.9\lib\agents\gradle-instrumentation-agent-8.9.jar org.gradle.launcher.daemon.bootstrap.GradleDaemon 8.9

Host: AMD Ryzen 3 5300U with Radeon Graphics         , 8 cores, 7G,  Windows 11 , 64 bit Build 26100 (10.0.26100.9168)
Time: Wed Sep  9 16:16:37 2026 India Standard Time elapsed time: 514.548031 seconds (0d 0h 8m 34s)

---------------  T H R E A D  ---------------

Current thread (0x00000251ee9bb1b0):  JavaThread "C2 CompilerThread0" daemon [_thread_in_native, id=31288, stack(0x00000085b5e00000,0x00000085b5f00000) (1024K)]


Current CompileTask:
C2:514548 9233 % !   4       java.util.jar.Attributes::read @ 12 (494 bytes)

Stack: [0x00000085b5e00000,0x00000085b5f00000]
Native frames: (J=compiled Java code, j=interpreted, Vv=VM code, C=native code)
V  [jvm.dll+0x6d83e9]
V  [jvm.dll+0x8b5736]
V  [jvm.dll+0x8b7cee]
V  [jvm.dll+0x8b83d3]
V  [jvm.dll+0x284596]
V  [jvm.dll+0xc685d]
V  [jvm.dll+0xc6da1]
V  [jvm.dll+0x6fd942]
V  [jvm.dll+0x24b4d9]
V  [jvm.dll+0x1cb4ae]
V  [jvm.dll+0x25baad]
V  [jvm.dll+0x25a03a]
V  [jvm.dll+0x3f8aae]
V  [jvm.dll+0x8600cd]
V  [jvm.dll+0x6d6c1d]
C  [ucrtbase.dll+0x2cd30]
C  [KERNEL32.DLL+0x2ccb7]
C  [ntdll.dll+0xaad6c]


---------------  P R O C E S S  ---------------

Threads class SMR info:
_java_thread_list=0x00000251f75492f0, length=60, elements={
0x00000251d8ffb8d0, 0x00000251ee9b0720, 0x00000251ee9b1cf0, 0x00000251ee9b5e00,
0x00000251ee9b9740, 0x00000251ee9b9db0, 0x00000251ee9ba420, 0x00000251ee9bb1b0,
0x00000251ee9c3ec0, 0x00000251eebac3d0, 0x00000251eec4b770, 0x00000251f3fece20,
0x00000251f3695200, 0x00000251eeb91dd0, 0x00000251f42b5340, 0x00000251f42b3900,
0x00000251f42b6060, 0x00000251f42b4cb0, 0x00000251f4c884d0, 0x00000251f4c87120,
0x00000251f4c85050, 0x00000251f4c86400, 0x00000251f4c89f10, 0x00000251f4c8a5a0,
0x00000251f4c8ac30, 0x00000251f4c88b60, 0x00000251f4c877b0, 0x00000251f4c87e40,
0x00000251f4c8b2c0, 0x00000251f4c8b950, 0x00000251f4c8bfe0, 0x00000251f42b59d0,
0x00000251f42b4620, 0x00000251f5b7c110, 0x00000251f5b7c7a0, 0x00000251f5b7ce30,
0x00000251f5b7d4c0, 0x00000251f5b7a040, 0x00000251f5b7db50, 0x00000251f5b7e1e0,
0x00000251f5b7ad60, 0x00000251f5b7e870, 0x00000251f5b7b3f0, 0x00000251f5b7ef00,
0x00000251f5b7f590, 0x00000251f5b7fc20, 0x00000251f5b802b0, 0x00000251f5b80940,
0x00000251f5b80fd0, 0x00000251f5b81660, 0x00000251f4c86a90, 0x00000251f4c85d70,
0x00000251f42b66f0, 0x00000251f4f3d5a0, 0x00000251f4f3ae40, 0x00000251f4f3bb60,
0x00000251f4f3e2c0, 0x00000251f4f3b4d0, 0x00000251f4f3e950, 0x00000251f4f3c1f0
}

Java Threads: ( => current thread )
  0x00000251d8ffb8d0 JavaThread "main"                              [_thread_blocked, id=35220, stack(0x00000085b4f00000,0x00000085b5000000) (1024K)]
  0x00000251ee9b0720 JavaThread "Reference Handler"          daemon [_thread_blocked, id=37788, stack(0x00000085b5800000,0x00000085b5900000) (1024K)]
  0x00000251ee9b1cf0 JavaThread "Finalizer"                  daemon [_thread_blocked, id=32596, stack(0x00000085b5900000,0x00000085b5a00000) (1024K)]
  0x00000251ee9b5e00 JavaThread "Signal Dispatcher"          daemon [_thread_blocked, id=26720, stack(0x00000085b5a00000,0x00000085b5b00000) (1024K)]
  0x00000251ee9b9740 JavaThread "Attach Listener"            daemon [_thread_blocked, id=32068, stack(0x00000085b5b00000,0x00000085b5c00000) (1024K)]
  0x00000251ee9b9db0 JavaThread "Service Thread"             daemon [_thread_blocked, id=34004, stack(0x00000085b5c00000,0x00000085b5d00000) (1024K)]
  0x00000251ee9ba420 JavaThread "Monitor Deflation Thread"   daemon [_thread_blocked, id=25816, stack(0x00000085b5d00000,0x00000085b5e00000) (1024K)]
=>0x00000251ee9bb1b0 JavaThread "C2 CompilerThread0"         daemon [_thread_in_native, id=31288, stack(0x00000085b5e00000,0x00000085b5f00000) (1024K)]
  0x00000251ee9c3ec0 JavaThread "C1 CompilerThread0"         daemon [_thread_blocked, id=8888, stack(0x00000085b5f00000,0x00000085b6000000) (1024K)]
  0x00000251eebac3d0 JavaThread "Common-Cleaner"             daemon [_thread_blocked, id=36040, stack(0x00000085b6000000,0x00000085b6100000) (1024K)]
  0x00000251eec4b770 JavaThread "Notification Thread"        daemon [_thread_blocked, id=31472, stack(0x00000085b6100000,0x00000085b6200000) (1024K)]
  0x00000251f3fece20 JavaThread "Daemon health stats"               [_thread_blocked, id=2648, stack(0x00000085b6700000,0x00000085b6800000) (1024K)]
  0x00000251f3695200 JavaThread "Incoming local TCP Connector on port 59370"        [_thread_in_native, id=2904, stack(0x00000085b6800000,0x00000085b6900000) (1024K)]
  0x00000251eeb91dd0 JavaThread "Daemon periodic checks"            [_thread_in_native, id=32580, stack(0x00000085b6900000,0x00000085b6a00000) (1024K)]
  0x00000251f42b5340 JavaThread "Daemon worker"                     [_thread_blocked, id=33076, stack(0x00000085b6e00000,0x00000085b6f00000) (1024K)]
  0x00000251f42b3900 JavaThread "Cache worker for journal cache (C:\Users\NAGARAJU\.gradle\caches\journal-1)"        [_thread_blocked, id=24512, stack(0x00000085b7200000,0x00000085b7300000) (1024K)]
  0x00000251f42b6060 JavaThread "File lock request listener"        [_thread_in_native, id=31960, stack(0x00000085b7300000,0x00000085b7400000) (1024K)]
  0x00000251f42b4cb0 JavaThread "Cache worker for file hash cache (C:\Users\NAGARAJU\.gradle\caches\8.9\fileHashes)"        [_thread_blocked, id=34508, stack(0x00000085b7500000,0x00000085b7600000) (1024K)]
  0x00000251f4c884d0 JavaThread "File watcher server"        daemon [_thread_in_native, id=28756, stack(0x00000085b7800000,0x00000085b7900000) (1024K)]
  0x00000251f4c87120 JavaThread "File watcher consumer"      daemon [_thread_blocked, id=31204, stack(0x00000085b7900000,0x00000085b7a00000) (1024K)]
  0x00000251f4c85050 JavaThread "Cache worker for file content cache (C:\Users\NAGARAJU\.gradle\caches\8.9\fileContent)"        [_thread_blocked, id=20044, stack(0x00000085b7a00000,0x00000085b7b00000) (1024K)]
  0x00000251f4c86400 JavaThread "jar transforms"                    [_thread_blocked, id=37028, stack(0x00000085b7e00000,0x00000085b7f00000) (1024K)]
  0x00000251f4c89f10 JavaThread "jar transforms Thread 2"           [_thread_blocked, id=18700, stack(0x00000085b7f00000,0x00000085b8000000) (1024K)]
  0x00000251f4c8a5a0 JavaThread "jar transforms Thread 3"           [_thread_blocked, id=13348, stack(0x00000085b8000000,0x00000085b8100000) (1024K)]
  0x00000251f4c8ac30 JavaThread "jar transforms Thread 4"           [_thread_blocked, id=36936, stack(0x00000085b8100000,0x00000085b8200000) (1024K)]
  0x00000251f4c88b60 JavaThread "Daemon Thread 2"                   [_thread_blocked, id=35132, stack(0x00000085b6c00000,0x00000085b6d00000) (1024K)]
  0x00000251f4c877b0 JavaThread "Handler for socket connection from /127.0.0.1:59370 to /127.0.0.1:59427"        [_thread_in_native, id=23912, stack(0x00000085b6a00000,0x00000085b6b00000) (1024K)]
  0x00000251f4c87e40 JavaThread "Cancel handler"                    [_thread_blocked, id=11980, stack(0x00000085b6d00000,0x00000085b6e00000) (1024K)]
  0x00000251f4c8b2c0 JavaThread "Asynchronous log dispatcher for DefaultDaemonConnection: socket connection from /127.0.0.1:59370 to /127.0.0.1:59427"        [_thread_blocked, id=30784, stack(0x00000085b7000000,0x00000085b7100000) (1024K)]
  0x00000251f4c8b950 JavaThread "Stdin handler"                     [_thread_blocked, id=32832, stack(0x00000085b7100000,0x00000085b7200000) (1024K)]
  0x00000251f4c8bfe0 JavaThread "Daemon client event forwarder"        [_thread_blocked, id=33372, stack(0x00000085b7400000,0x00000085b7500000) (1024K)]
  0x00000251f42b59d0 JavaThread "Cache worker for file hash cache (C:\zynnative\DocApp-CLI\node_modules\react-native-device-info\android\.gradle\8.9\fileHashes)"        [_thread_blocked, id=10276, stack(0x00000085b7b00000,0x00000085b7c00000) (1024K)]
  0x00000251f42b4620 JavaThread "Cache worker for Build Output Cleanup Cache (C:\zynnative\DocApp-CLI\node_modules\react-native-device-info\android\.gradle\buildOutputCleanup)"        [_thread_blocked, id=36640, stack(0x00000085b8200000,0x00000085b8300000) (1024K)]
  0x00000251f5b7c110 JavaThread "Cache worker for checksums cache (C:\zynnative\DocApp-CLI\node_modules\react-native-device-info\android\.gradle\8.9\checksums)"        [_thread_blocked, id=26792, stack(0x00000085b8300000,0x00000085b8400000) (1024K)]
  0x00000251f5b7c7a0 JavaThread "Cache worker for cache directory md-rule (C:\Users\NAGARAJU\.gradle\caches\8.9\md-rule)"        [_thread_blocked, id=34796, stack(0x00000085b8400000,0x00000085b8500000) (1024K)]
  0x00000251f5b7ce30 JavaThread "Cache worker for cache directory md-supplier (C:\Users\NAGARAJU\.gradle\caches\8.9\md-supplier)"        [_thread_blocked, id=30840, stack(0x00000085b8500000,0x00000085b8600000) (1024K)]
  0x00000251f5b7d4c0 JavaThread "jar transforms Thread 5"           [_thread_blocked, id=31804, stack(0x00000085b8600000,0x00000085b8700000) (1024K)]
  0x00000251f5b7a040 JavaThread "Unconstrained build operations"        [_thread_blocked, id=16468, stack(0x00000085b8700000,0x00000085b8800000) (1024K)]
  0x00000251f5b7db50 JavaThread "Unconstrained build operations Thread 2"        [_thread_blocked, id=25792, stack(0x00000085b8800000,0x00000085b8900000) (1024K)]
  0x00000251f5b7e1e0 JavaThread "Unconstrained build operations Thread 3"        [_thread_blocked, id=35976, stack(0x00000085b8900000,0x00000085b8a00000) (1024K)]
  0x00000251f5b7ad60 JavaThread "Unconstrained build operations Thread 4"        [_thread_blocked, id=33340, stack(0x00000085b8a00000,0x00000085b8b00000) (1024K)]
  0x00000251f5b7e870 JavaThread "Unconstrained build operations Thread 5"        [_thread_blocked, id=27148, stack(0x00000085b8b00000,0x00000085b8c00000) (1024K)]
  0x00000251f5b7b3f0 JavaThread "Unconstrained build operations Thread 6"        [_thread_blocked, id=30004, stack(0x00000085b8c00000,0x00000085b8d00000) (1024K)]
  0x00000251f5b7ef00 JavaThread "Unconstrained build operations Thread 7"        [_thread_blocked, id=24600, stack(0x00000085b8d00000,0x00000085b8e00000) (1024K)]
  0x00000251f5b7f590 JavaThread "Unconstrained build operations Thread 8"        [_thread_blocked, id=25208, stack(0x00000085b8e00000,0x00000085b8f00000) (1024K)]
  0x00000251f5b7fc20 JavaThread "Unconstrained build operations Thread 9"        [_thread_blocked, id=31728, stack(0x00000085b8f00000,0x00000085b9000000) (1024K)]
  0x00000251f5b802b0 JavaThread "Unconstrained build operations Thread 10"        [_thread_blocked, id=35284, stack(0x00000085b9000000,0x00000085b9100000) (1024K)]
  0x00000251f5b80940 JavaThread "Unconstrained build operations Thread 11"        [_thread_blocked, id=24168, stack(0x00000085b9100000,0x00000085b9200000) (1024K)]
  0x00000251f5b80fd0 JavaThread "Unconstrained build operations Thread 12"        [_thread_blocked, id=24876, stack(0x00000085b9200000,0x00000085b9300000) (1024K)]
  0x00000251f5b81660 JavaThread "Unconstrained build operations Thread 13"        [_thread_blocked, id=11660, stack(0x00000085b9300000,0x00000085b9400000) (1024K)]
  0x00000251f4c86a90 JavaThread "Unconstrained build operations Thread 14"        [_thread_blocked, id=28808, stack(0x00000085b9400000,0x00000085b9500000) (1024K)]
  0x00000251f4c85d70 JavaThread "Unconstrained build operations Thread 15"        [_thread_blocked, id=25060, stack(0x00000085b7d00000,0x00000085b7e00000) (1024K)]
  0x00000251f42b66f0 JavaThread "Unconstrained build operations Thread 16"        [_thread_blocked, id=21864, stack(0x00000085b9500000,0x00000085b9600000) (1024K)]
  0x00000251f4f3d5a0 JavaThread "Unconstrained build operations Thread 17"        [_thread_blocked, id=19684, stack(0x00000085b9600000,0x00000085b9700000) (1024K)]
  0x00000251f4f3ae40 JavaThread "Unconstrained build operations Thread 18"        [_thread_blocked, id=37276, stack(0x00000085b9700000,0x00000085b9800000) (1024K)]
  0x00000251f4f3bb60 JavaThread "Unconstrained build operations Thread 19"        [_thread_blocked, id=24136, stack(0x00000085b9800000,0x00000085b9900000) (1024K)]
  0x00000251f4f3e2c0 JavaThread "Unconstrained build operations Thread 20"        [_thread_blocked, id=29868, stack(0x00000085b9900000,0x00000085b9a00000) (1024K)]
  0x00000251f4f3b4d0 JavaThread "Unconstrained build operations Thread 21"        [_thread_blocked, id=37680, stack(0x00000085b9a00000,0x00000085b9b00000) (1024K)]
  0x00000251f4f3e950 JavaThread "jar transforms Thread 6"           [_thread_blocked, id=27868, stack(0x00000085b9b00000,0x00000085b9c00000) (1024K)]
  0x00000251f4f3c1f0 JavaThread "Memory manager"                    [_thread_blocked, id=32304, stack(0x00000085b5000000,0x00000085b5100000) (1024K)]
Total: 60

Other Threads:
  0x00000251ee98e590 VMThread "VM Thread"                           [id=23472, stack(0x00000085b5700000,0x00000085b5800000) (1024K)]
  0x00000251ee9816c0 WatcherThread "VM Periodic Task Thread"        [id=32572, stack(0x00000085b5600000,0x00000085b5700000) (1024K)]
  0x00000251d9027b10 WorkerThread "GC Thread#0"                     [id=18192, stack(0x00000085b5100000,0x00000085b5200000) (1024K)]
  0x00000251eeccf010 WorkerThread "GC Thread#1"                     [id=26948, stack(0x00000085b6200000,0x00000085b6300000) (1024K)]
  0x00000251f35d7050 WorkerThread "GC Thread#2"                     [id=16596, stack(0x00000085b6300000,0x00000085b6400000) (1024K)]
  0x00000251f343ac90 WorkerThread "GC Thread#3"                     [id=31236, stack(0x00000085b6400000,0x00000085b6500000) (1024K)]
  0x00000251f343b040 WorkerThread "GC Thread#4"                     [id=20852, stack(0x00000085b6500000,0x00000085b6600000) (1024K)]
  0x00000251f343b3f0 WorkerThread "GC Thread#5"                     [id=25668, stack(0x00000085b6600000,0x00000085b6700000) (1024K)]
  0x00000251f46d63b0 WorkerThread "GC Thread#6"                     [id=6428, stack(0x00000085b7600000,0x00000085b7700000) (1024K)]
  0x00000251f46d6760 WorkerThread "GC Thread#7"                     [id=13080, stack(0x00000085b7700000,0x00000085b7800000) (1024K)]
  0x00000251d902c910 ConcurrentGCThread "G1 Main Marker"            [id=2196, stack(0x00000085b5200000,0x00000085b5300000) (1024K)]
  0x00000251d902d230 WorkerThread "G1 Conc#0"                       [id=24760, stack(0x00000085b5300000,0x00000085b5400000) (1024K)]
  0x00000251f3f84590 WorkerThread "G1 Conc#1"                       [id=13500, stack(0x00000085b4e00000,0x00000085b4f00000) (1024K)]
  0x00000251ee8521f0 ConcurrentGCThread "G1 Refine#0"               [id=26660, stack(0x00000085b5400000,0x00000085b5500000) (1024K)]
  0x00000251ee8538a0 ConcurrentGCThread "G1 Service"                [id=25596, stack(0x00000085b5500000,0x00000085b5600000) (1024K)]
Total: 15

Threads with active compile tasks:
C2 CompilerThread0  514597 9233 % !   4       java.util.jar.Attributes::read @ 12 (494 bytes)
Total: 1

VM state: at safepoint (normal execution)

VM Mutex/Monitor currently owned by a thread:  ([mutex/lock_event])
[0x00007ffac91ef5b0] Threads_lock - owner thread: 0x00000251ee98e590
[0x00007ffac91ef6b0] Heap_lock - owner thread: 0x00000251f42b5340

Heap address: 0x00000000e0000000, size: 512 MB, Compressed Oops mode: 32-bit

CDS archive(s) mapped at: [0x0000025180000000-0x0000025180ba0000-0x0000025180ba0000), size 12189696, SharedBaseAddress: 0x0000025180000000, ArchiveRelocationMode: 1.
Compressed class space mapped at: 0x0000025181000000-0x0000025195000000, reserved size: 335544320
Narrow klass base: 0x0000025180000000, Narrow klass shift: 0, Narrow klass range: 0x100000000

GC Precious Log:
 CardTable entry size: 512
 Card Set container configuration: InlinePtr #cards 5 size 8 Array Of Cards #cards 12 size 40 Howl #buckets 4 coarsen threshold 1843 Howl Bitmap #cards 512 size 80 coarsen threshold 460 Card regions per heap region 1 cards per card region 2048
 CPUs: 8 total, 8 available
 Memory: 7502M
 Large Page Support: Disabled
 NUMA Support: Disabled
 Compressed Oops: Enabled (32-bit)
 Heap Region Size: 1M
 Heap Min Capacity: 256M
 Heap Initial Capacity: 256M
 Heap Max Capacity: 512M
 Pre-touch: Disabled
 Parallel Workers: 8
 Concurrent Workers: 2
 Concurrent Refinement Workers: 8
 Periodic GC: Disabled

Heap:
 garbage-first heap   total 262144K, used 67368K [0x00000000e0000000, 0x0000000100000000)
  region size 1024K, 6 young (6144K), 2 survivors (2048K)
 Metaspace       used 59031K, committed 60800K, reserved 393216K
  class space    used 8341K, committed 9216K, reserved 327680K

Heap Regions: E=young(eden), S=young(survivor), O=old, HS=humongous(starts), HC=humongous(continues), CS=collection set, F=free, TAMS=top-at-mark-start, PB=parsable bottom
|   0|0x00000000e0000000, 0x00000000e0100000, 0x00000000e0100000|100%|HS|  |TAMS 0x00000000e0100000| PB 0x00000000e0000000| Complete 
|   1|0x00000000e0100000, 0x00000000e0200000, 0x00000000e0200000|100%|HC|  |TAMS 0x00000000e0200000| PB 0x00000000e0100000| Complete 
|   2|0x00000000e0200000, 0x00000000e0300000, 0x00000000e0300000|100%|HC|  |TAMS 0x00000000e0300000| PB 0x00000000e0200000| Complete 
|   3|0x00000000e0300000, 0x00000000e0400000, 0x00000000e0400000|100%|HC|  |TAMS 0x00000000e0400000| PB 0x00000000e0300000| Complete 
|   4|0x00000000e0400000, 0x00000000e0500000, 0x00000000e0500000|100%| O|  |TAMS 0x00000000e0500000| PB 0x00000000e0400000| Untracked 
|   5|0x00000000e0500000, 0x00000000e0600000, 0x00000000e0600000|100%| O|  |TAMS 0x00000000e0600000| PB 0x00000000e0500000| Untracked 
|   6|0x00000000e0600000, 0x00000000e0700000, 0x00000000e0700000|100%| O|  |TAMS 0x00000000e0700000| PB 0x00000000e0600000| Untracked 
|   7|0x00000000e0700000, 0x00000000e0800000, 0x00000000e0800000|100%| O|  |TAMS 0x00000000e0800000| PB 0x00000000e0700000| Untracked 
|   8|0x00000000e0800000, 0x00000000e0900000, 0x00000000e0900000|100%| O|  |TAMS 0x00000000e0900000| PB 0x00000000e0800000| Untracked 
|   9|0x00000000e0900000, 0x00000000e0a00000, 0x00000000e0a00000|100%| O|  |TAMS 0x00000000e0a00000| PB 0x00000000e0900000| Untracked 
|  10|0x00000000e0a00000, 0x00000000e0b00000, 0x00000000e0b00000|100%| O|  |TAMS 0x00000000e0b00000| PB 0x00000000e0a00000| Untracked 
|  11|0x00000000e0b00000, 0x00000000e0c00000, 0x00000000e0c00000|100%|HS|  |TAMS 0x00000000e0c00000| PB 0x00000000e0b00000| Complete 
|  12|0x00000000e0c00000, 0x00000000e0d00000, 0x00000000e0d00000|100%| O|  |TAMS 0x00000000e0d00000| PB 0x00000000e0c00000| Untracked 
|  13|0x00000000e0d00000, 0x00000000e0e00000, 0x00000000e0e00000|100%| O|  |TAMS 0x00000000e0e00000| PB 0x00000000e0d00000| Untracked 
|  14|0x00000000e0e00000, 0x00000000e0f00000, 0x00000000e0f00000|100%| O|  |TAMS 0x00000000e0f00000| PB 0x00000000e0e00000| Untracked 
|  15|0x00000000e0f00000, 0x00000000e1000000, 0x00000000e1000000|100%| O|  |TAMS 0x00000000e1000000| PB 0x00000000e0f00000| Untracked 
|  16|0x00000000e1000000, 0x00000000e1100000, 0x00000000e1100000|100%| O|  |TAMS 0x00000000e1100000| PB 0x00000000e1000000| Untracked 
|  17|0x00000000e1100000, 0x00000000e1200000, 0x00000000e1200000|100%| O|  |TAMS 0x00000000e1200000| PB 0x00000000e1100000| Untracked 
|  18|0x00000000e1200000, 0x00000000e1300000, 0x00000000e1300000|100%| O|  |TAMS 0x00000000e1300000| PB 0x00000000e1200000| Untracked 
|  19|0x00000000e1300000, 0x00000000e1400000, 0x00000000e1400000|100%| O|  |TAMS 0x00000000e1400000| PB 0x00000000e1300000| Untracked 
|  20|0x00000000e1400000, 0x00000000e1500000, 0x00000000e1500000|100%| O|  |TAMS 0x00000000e1500000| PB 0x00000000e1400000| Untracked 
|  21|0x00000000e1500000, 0x00000000e1600000, 0x00000000e1600000|100%| O|  |TAMS 0x00000000e1600000| PB 0x00000000e1500000| Untracked 
|  22|0x00000000e1600000, 0x00000000e1700000, 0x00000000e1700000|100%| O|  |TAMS 0x00000000e1700000| PB 0x00000000e1600000| Untracked 
|  23|0x00000000e1700000, 0x00000000e1800000, 0x00000000e1800000|100%| O|  |TAMS 0x00000000e1800000| PB 0x00000000e1700000| Untracked 
|  24|0x00000000e1800000, 0x00000000e1900000, 0x00000000e1900000|100%| O|  |TAMS 0x00000000e1900000| PB 0x00000000e1800000| Untracked 
|  25|0x00000000e1900000, 0x00000000e1a00000, 0x00000000e1a00000|100%| O|  |TAMS 0x00000000e1a00000| PB 0x00000000e1900000| Untracked 
|  26|0x00000000e1a00000, 0x00000000e1b00000, 0x00000000e1b00000|100%| O|  |TAMS 0x00000000e1b00000| PB 0x00000000e1a00000| Untracked 
|  27|0x00000000e1b00000, 0x00000000e1c00000, 0x00000000e1c00000|100%| O|  |TAMS 0x00000000e1c00000| PB 0x00000000e1b00000| Untracked 
|  28|0x00000000e1c00000, 0x00000000e1d00000, 0x00000000e1d00000|100%| O|  |TAMS 0x00000000e1d00000| PB 0x00000000e1c00000| Untracked 
|  29|0x00000000e1d00000, 0x00000000e1e00000, 0x00000000e1e00000|100%| O|  |TAMS 0x00000000e1e00000| PB 0x00000000e1d00000| Untracked 
|  30|0x00000000e1e00000, 0x00000000e1f00000, 0x00000000e1f00000|100%| O|  |TAMS 0x00000000e1f00000| PB 0x00000000e1e00000| Untracked 
|  31|0x00000000e1f00000, 0x00000000e2000000, 0x00000000e2000000|100%| O|  |TAMS 0x00000000e2000000| PB 0x00000000e1f00000| Untracked 
|  32|0x00000000e2000000, 0x00000000e2100000, 0x00000000e2100000|100%| O|  |TAMS 0x00000000e2100000| PB 0x00000000e2000000| Untracked 
|  33|0x00000000e2100000, 0x00000000e2200000, 0x00000000e2200000|100%| O|  |TAMS 0x00000000e2200000| PB 0x00000000e2100000| Untracked 
|  34|0x00000000e2200000, 0x00000000e2300000, 0x00000000e2300000|100%| O|  |TAMS 0x00000000e2300000| PB 0x00000000e2200000| Untracked 
|  35|0x00000000e2300000, 0x00000000e2400000, 0x00000000e2400000|100%| O|  |TAMS 0x00000000e2400000| PB 0x00000000e2300000| Untracked 
|  36|0x00000000e2400000, 0x00000000e2500000, 0x00000000e2500000|100%| O|  |TAMS 0x00000000e2500000| PB 0x00000000e2400000| Untracked 
|  37|0x00000000e2500000, 0x00000000e2600000, 0x00000000e2600000|100%| O|  |TAMS 0x00000000e2600000| PB 0x00000000e2500000| Untracked 
|  38|0x00000000e2600000, 0x00000000e2700000, 0x00000000e2700000|100%| O|  |TAMS 0x00000000e2700000| PB 0x00000000e2600000| Untracked 
|  39|0x00000000e2700000, 0x00000000e2800000, 0x00000000e2800000|100%| O|  |TAMS 0x00000000e2800000| PB 0x00000000e2700000| Untracked 
|  40|0x00000000e2800000, 0x00000000e2900000, 0x00000000e2900000|100%| O|  |TAMS 0x00000000e2900000| PB 0x00000000e2800000| Untracked 
|  41|0x00000000e2900000, 0x00000000e2a00000, 0x00000000e2a00000|100%| O|  |TAMS 0x00000000e2a00000| PB 0x00000000e2900000| Untracked 
|  42|0x00000000e2a00000, 0x00000000e2b00000, 0x00000000e2b00000|100%| O|  |TAMS 0x00000000e2b00000| PB 0x00000000e2a00000| Untracked 
|  43|0x00000000e2b00000, 0x00000000e2c00000, 0x00000000e2c00000|100%| O|  |TAMS 0x00000000e2c00000| PB 0x00000000e2b00000| Untracked 
|  44|0x00000000e2c00000, 0x00000000e2d00000, 0x00000000e2d00000|100%| O|  |TAMS 0x00000000e2d00000| PB 0x00000000e2c00000| Untracked 
|  45|0x00000000e2d00000, 0x00000000e2e00000, 0x00000000e2e00000|100%| O|  |TAMS 0x00000000e2e00000| PB 0x00000000e2d00000| Untracked 
|  46|0x00000000e2e00000, 0x00000000e2f00000, 0x00000000e2f00000|100%| O|  |TAMS 0x00000000e2f00000| PB 0x00000000e2e00000| Untracked 
|  47|0x00000000e2f00000, 0x00000000e3000000, 0x00000000e3000000|100%| O|  |TAMS 0x00000000e3000000| PB 0x00000000e2f00000| Untracked 
|  48|0x00000000e3000000, 0x00000000e3100000, 0x00000000e3100000|100%| O|  |TAMS 0x00000000e3100000| PB 0x00000000e3000000| Untracked 
|  49|0x00000000e3100000, 0x00000000e3200000, 0x00000000e3200000|100%|HS|  |TAMS 0x00000000e3200000| PB 0x00000000e3100000| Complete 
|  50|0x00000000e3200000, 0x00000000e3300000, 0x00000000e3300000|100%| O|  |TAMS 0x00000000e3300000| PB 0x00000000e3200000| Untracked 
|  51|0x00000000e3300000, 0x00000000e3400000, 0x00000000e3400000|100%| O|  |TAMS 0x00000000e3400000| PB 0x00000000e3300000| Untracked 
|  52|0x00000000e3400000, 0x00000000e3500000, 0x00000000e3500000|100%| O|  |TAMS 0x00000000e3500000| PB 0x00000000e3400000| Untracked 
|  53|0x00000000e3500000, 0x00000000e3600000, 0x00000000e3600000|100%| O|  |TAMS 0x00000000e3600000| PB 0x00000000e3500000| Untracked 
|  54|0x00000000e3600000, 0x00000000e3700000, 0x00000000e3700000|100%| O|  |TAMS 0x00000000e3700000| PB 0x00000000e3600000| Untracked 
|  55|0x00000000e3700000, 0x00000000e3800000, 0x00000000e3800000|100%| O|  |TAMS 0x00000000e375a300| PB 0x00000000e3700000| Untracked 
|  56|0x00000000e3800000, 0x00000000e3900000, 0x00000000e3900000|100%|HS|  |TAMS 0x00000000e3900000| PB 0x00000000e3800000| Complete 
|  57|0x00000000e3900000, 0x00000000e3a00000, 0x00000000e3a00000|100%|HC|  |TAMS 0x00000000e3a00000| PB 0x00000000e3900000| Complete 
|  58|0x00000000e3a00000, 0x00000000e3b00000, 0x00000000e3b00000|100%| O|  |TAMS 0x00000000e3a00000| PB 0x00000000e3a00000| Untracked 
|  59|0x00000000e3b00000, 0x00000000e3c00000, 0x00000000e3c00000|100%| O|  |TAMS 0x00000000e3b00000| PB 0x00000000e3b00000| Untracked 
|  60|0x00000000e3c00000, 0x00000000e3d00000, 0x00000000e3d00000|100%| O|  |TAMS 0x00000000e3c00000| PB 0x00000000e3c00000| Untracked 
|  61|0x00000000e3d00000, 0x00000000e3da7db0, 0x00000000e3e00000| 65%| O|  |TAMS 0x00000000e3d00000| PB 0x00000000e3d00000| Untracked 
|  62|0x00000000e3e00000, 0x00000000e3e00000, 0x00000000e3f00000|  0%| F|  |TAMS 0x00000000e3e00000| PB 0x00000000e3e00000| Untracked 
|  63|0x00000000e3f00000, 0x00000000e3f00000, 0x00000000e4000000|  0%| F|  |TAMS 0x00000000e3f00000| PB 0x00000000e3f00000| Untracked 
|  64|0x00000000e4000000, 0x00000000e4000000, 0x00000000e4100000|  0%| F|  |TAMS 0x00000000e4000000| PB 0x00000000e4000000| Untracked 
|  65|0x00000000e4100000, 0x00000000e4100000, 0x00000000e4200000|  0%| F|  |TAMS 0x00000000e4100000| PB 0x00000000e4100000| Untracked 
|  66|0x00000000e4200000, 0x00000000e4200000, 0x00000000e4300000|  0%| F|  |TAMS 0x00000000e4200000| PB 0x00000000e4200000| Untracked 
|  67|0x00000000e4300000, 0x00000000e4300000, 0x00000000e4400000|  0%| F|  |TAMS 0x00000000e4300000| PB 0x00000000e4300000| Untracked 
|  68|0x00000000e4400000, 0x00000000e4400000, 0x00000000e4500000|  0%| F|  |TAMS 0x00000000e4400000| PB 0x00000000e4400000| Untracked 
|  69|0x00000000e4500000, 0x00000000e4500000, 0x00000000e4600000|  0%| F|  |TAMS 0x00000000e4500000| PB 0x00000000e4500000| Untracked 
|  70|0x00000000e4600000, 0x00000000e4600000, 0x00000000e4700000|  0%| F|  |TAMS 0x00000000e4600000| PB 0x00000000e4600000| Untracked 
|  71|0x00000000e4700000, 0x00000000e4700000, 0x00000000e4800000|  0%| F|  |TAMS 0x00000000e4700000| PB 0x00000000e4700000| Untracked 
|  72|0x00000000e4800000, 0x00000000e4800000, 0x00000000e4900000|  0%| F|  |TAMS 0x00000000e4800000| PB 0x00000000e4800000| Untracked 
|  73|0x00000000e4900000, 0x00000000e4900000, 0x00000000e4a00000|  0%| F|  |TAMS 0x00000000e4900000| PB 0x00000000e4900000| Untracked 
|  74|0x00000000e4a00000, 0x00000000e4a00000, 0x00000000e4b00000|  0%| F|  |TAMS 0x00000000e4a00000| PB 0x00000000e4a00000| Untracked 
|  75|0x00000000e4b00000, 0x00000000e4b00000, 0x00000000e4c00000|  0%| F|  |TAMS 0x00000000e4b00000| PB 0x00000000e4b00000| Untracked 
|  76|0x00000000e4c00000, 0x00000000e4c00000, 0x00000000e4d00000|  0%| F|  |TAMS 0x00000000e4c00000| PB 0x00000000e4c00000| Untracked 
|  77|0x00000000e4d00000, 0x00000000e4d00000, 0x00000000e4e00000|  0%| F|  |TAMS 0x00000000e4d00000| PB 0x00000000e4d00000| Untracked 
|  78|0x00000000e4e00000, 0x00000000e4e00000, 0x00000000e4f00000|  0%| F|  |TAMS 0x00000000e4e00000| PB 0x00000000e4e00000| Untracked 
|  79|0x00000000e4f00000, 0x00000000e4f00000, 0x00000000e5000000|  0%| F|  |TAMS 0x00000000e4f00000| PB 0x00000000e4f00000| Untracked 
|  80|0x00000000e5000000, 0x00000000e5000000, 0x00000000e5100000|  0%| F|  |TAMS 0x00000000e5000000| PB 0x00000000e5000000| Untracked 
|  81|0x00000000e5100000, 0x00000000e5100000, 0x00000000e5200000|  0%| F|  |TAMS 0x00000000e5100000| PB 0x00000000e5100000| Untracked 
|  82|0x00000000e5200000, 0x00000000e5200000, 0x00000000e5300000|  0%| F|  |TAMS 0x00000000e5200000| PB 0x00000000e5200000| Untracked 
|  83|0x00000000e5300000, 0x00000000e5300000, 0x00000000e5400000|  0%| F|  |TAMS 0x00000000e5300000| PB 0x00000000e5300000| Untracked 
|  84|0x00000000e5400000, 0x00000000e5400000, 0x00000000e5500000|  0%| F|  |TAMS 0x00000000e5400000| PB 0x00000000e5400000| Untracked 
|  85|0x00000000e5500000, 0x00000000e5500000, 0x00000000e5600000|  0%| F|  |TAMS 0x00000000e5500000| PB 0x00000000e5500000| Untracked 
|  86|0x00000000e5600000, 0x00000000e5600000, 0x00000000e5700000|  0%| F|  |TAMS 0x00000000e5600000| PB 0x00000000e5600000| Untracked 
|  87|0x00000000e5700000, 0x00000000e5700000, 0x00000000e5800000|  0%| F|  |TAMS 0x00000000e5700000| PB 0x00000000e5700000| Untracked 
|  88|0x00000000e5800000, 0x00000000e5800000, 0x00000000e5900000|  0%| F|  |TAMS 0x00000000e5800000| PB 0x00000000e5800000| Untracked 
|  89|0x00000000e5900000, 0x00000000e5900000, 0x00000000e5a00000|  0%| F|  |TAMS 0x00000000e5900000| PB 0x00000000e5900000| Untracked 
|  90|0x00000000e5a00000, 0x00000000e5a00000, 0x00000000e5b00000|  0%| F|  |TAMS 0x00000000e5a00000| PB 0x00000000e5a00000| Untracked 
|  91|0x00000000e5b00000, 0x00000000e5b00000, 0x00000000e5c00000|  0%| F|  |TAMS 0x00000000e5b00000| PB 0x00000000e5b00000| Untracked 
|  92|0x00000000e5c00000, 0x00000000e5c00000, 0x00000000e5d00000|  0%| F|  |TAMS 0x00000000e5c00000| PB 0x00000000e5c00000| Untracked 
|  93|0x00000000e5d00000, 0x00000000e5d00000, 0x00000000e5e00000|  0%| F|  |TAMS 0x00000000e5d00000| PB 0x00000000e5d00000| Untracked 
|  94|0x00000000e5e00000, 0x00000000e5e00000, 0x00000000e5f00000|  0%| F|  |TAMS 0x00000000e5e00000| PB 0x00000000e5e00000| Untracked 
|  95|0x00000000e5f00000, 0x00000000e5f00000, 0x00000000e6000000|  0%| F|  |TAMS 0x00000000e5f00000| PB 0x00000000e5f00000| Untracked 
|  96|0x00000000e6000000, 0x00000000e6000000, 0x00000000e6100000|  0%| F|  |TAMS 0x00000000e6000000| PB 0x00000000e6000000| Untracked 
|  97|0x00000000e6100000, 0x00000000e6100000, 0x00000000e6200000|  0%| F|  |TAMS 0x00000000e6100000| PB 0x00000000e6100000| Untracked 
|  98|0x00000000e6200000, 0x00000000e6200000, 0x00000000e6300000|  0%| F|  |TAMS 0x00000000e6200000| PB 0x00000000e6200000| Untracked 
|  99|0x00000000e6300000, 0x00000000e6300000, 0x00000000e6400000|  0%| F|  |TAMS 0x00000000e6300000| PB 0x00000000e6300000| Untracked 
| 100|0x00000000e6400000, 0x00000000e6400000, 0x00000000e6500000|  0%| F|  |TAMS 0x00000000e6400000| PB 0x00000000e6400000| Untracked 
| 101|0x00000000e6500000, 0x00000000e6500000, 0x00000000e6600000|  0%| F|  |TAMS 0x00000000e6500000| PB 0x00000000e6500000| Untracked 
| 102|0x00000000e6600000, 0x00000000e6600000, 0x00000000e6700000|  0%| F|  |TAMS 0x00000000e6600000| PB 0x00000000e6600000| Untracked 
| 103|0x00000000e6700000, 0x00000000e6700000, 0x00000000e6800000|  0%| F|  |TAMS 0x00000000e6700000| PB 0x00000000e6700000| Untracked 
| 104|0x00000000e6800000, 0x00000000e6800000, 0x00000000e6900000|  0%| F|  |TAMS 0x00000000e6800000| PB 0x00000000e6800000| Untracked 
| 105|0x00000000e6900000, 0x00000000e6900000, 0x00000000e6a00000|  0%| F|  |TAMS 0x00000000e6900000| PB 0x00000000e6900000| Untracked 
| 106|0x00000000e6a00000, 0x00000000e6a00000, 0x00000000e6b00000|  0%| F|  |TAMS 0x00000000e6a00000| PB 0x00000000e6a00000| Untracked 
| 107|0x00000000e6b00000, 0x00000000e6b00000, 0x00000000e6c00000|  0%| F|  |TAMS 0x00000000e6b00000| PB 0x00000000e6b00000| Untracked 
| 108|0x00000000e6c00000, 0x00000000e6c00000, 0x00000000e6d00000|  0%| F|  |TAMS 0x00000000e6c00000| PB 0x00000000e6c00000| Untracked 
| 109|0x00000000e6d00000, 0x00000000e6d00000, 0x00000000e6e00000|  0%| F|  |TAMS 0x00000000e6d00000| PB 0x00000000e6d00000| Untracked 
| 110|0x00000000e6e00000, 0x00000000e6e00000, 0x00000000e6f00000|  0%| F|  |TAMS 0x00000000e6e00000| PB 0x00000000e6e00000| Untracked 
| 111|0x00000000e6f00000, 0x00000000e6f00000, 0x00000000e7000000|  0%| F|  |TAMS 0x00000000e6f00000| PB 0x00000000e6f00000| Untracked 
| 112|0x00000000e7000000, 0x00000000e7000000, 0x00000000e7100000|  0%| F|  |TAMS 0x00000000e7000000| PB 0x00000000e7000000| Untracked 
| 113|0x00000000e7100000, 0x00000000e7100000, 0x00000000e7200000|  0%| F|  |TAMS 0x00000000e7100000| PB 0x00000000e7100000| Untracked 
| 114|0x00000000e7200000, 0x00000000e7200000, 0x00000000e7300000|  0%| F|  |TAMS 0x00000000e7200000| PB 0x00000000e7200000| Untracked 
| 115|0x00000000e7300000, 0x00000000e7300000, 0x00000000e7400000|  0%| F|  |TAMS 0x00000000e7300000| PB 0x00000000e7300000| Untracked 
| 116|0x00000000e7400000, 0x00000000e7400000, 0x00000000e7500000|  0%| F|  |TAMS 0x00000000e7400000| PB 0x00000000e7400000| Untracked 
| 117|0x00000000e7500000, 0x00000000e7500000, 0x00000000e7600000|  0%| F|  |TAMS 0x00000000e7500000| PB 0x00000000e7500000| Untracked 
| 118|0x00000000e7600000, 0x00000000e7600000, 0x00000000e7700000|  0%| F|  |TAMS 0x00000000e7600000| PB 0x00000000e7600000| Untracked 
| 119|0x00000000e7700000, 0x00000000e7700000, 0x00000000e7800000|  0%| F|  |TAMS 0x00000000e7700000| PB 0x00000000e7700000| Untracked 
| 120|0x00000000e7800000, 0x00000000e7800000, 0x00000000e7900000|  0%| F|  |TAMS 0x00000000e7800000| PB 0x00000000e7800000| Untracked 
| 121|0x00000000e7900000, 0x00000000e7900000, 0x00000000e7a00000|  0%| F|  |TAMS 0x00000000e7900000| PB 0x00000000e7900000| Untracked 
| 122|0x00000000e7a00000, 0x00000000e7a00000, 0x00000000e7b00000|  0%| F|  |TAMS 0x00000000e7a00000| PB 0x00000000e7a00000| Untracked 
| 123|0x00000000e7b00000, 0x00000000e7b00000, 0x00000000e7c00000|  0%| F|  |TAMS 0x00000000e7b00000| PB 0x00000000e7b00000| Untracked 
| 124|0x00000000e7c00000, 0x00000000e7c00000, 0x00000000e7d00000|  0%| F|  |TAMS 0x00000000e7c00000| PB 0x00000000e7c00000| Untracked 
| 125|0x00000000e7d00000, 0x00000000e7d00000, 0x00000000e7e00000|  0%| F|  |TAMS 0x00000000e7d00000| PB 0x00000000e7d00000| Untracked 
| 126|0x00000000e7e00000, 0x00000000e7e00000, 0x00000000e7f00000|  0%| F|  |TAMS 0x00000000e7e00000| PB 0x00000000e7e00000| Untracked 
| 127|0x00000000e7f00000, 0x00000000e7f00000, 0x00000000e8000000|  0%| F|  |TAMS 0x00000000e7f00000| PB 0x00000000e7f00000| Untracked 
| 128|0x00000000e8000000, 0x00000000e8000000, 0x00000000e8100000|  0%| F|  |TAMS 0x00000000e8000000| PB 0x00000000e8000000| Untracked 
| 129|0x00000000e8100000, 0x00000000e8100000, 0x00000000e8200000|  0%| F|  |TAMS 0x00000000e8100000| PB 0x00000000e8100000| Untracked 
| 130|0x00000000e8200000, 0x00000000e8200000, 0x00000000e8300000|  0%| F|  |TAMS 0x00000000e8200000| PB 0x00000000e8200000| Untracked 
| 131|0x00000000e8300000, 0x00000000e8300000, 0x00000000e8400000|  0%| F|  |TAMS 0x00000000e8300000| PB 0x00000000e8300000| Untracked 
| 132|0x00000000e8400000, 0x00000000e8400000, 0x00000000e8500000|  0%| F|  |TAMS 0x00000000e8400000| PB 0x00000000e8400000| Untracked 
| 133|0x00000000e8500000, 0x00000000e8500000, 0x00000000e8600000|  0%| F|  |TAMS 0x00000000e8500000| PB 0x00000000e8500000| Untracked 
| 134|0x00000000e8600000, 0x00000000e8600000, 0x00000000e8700000|  0%| F|  |TAMS 0x00000000e8600000| PB 0x00000000e8600000| Untracked 
| 135|0x00000000e8700000, 0x00000000e8700000, 0x00000000e8800000|  0%| F|  |TAMS 0x00000000e8700000| PB 0x00000000e8700000| Untracked 
| 136|0x00000000e8800000, 0x00000000e8800000, 0x00000000e8900000|  0%| F|  |TAMS 0x00000000e8800000| PB 0x00000000e8800000| Untracked 
| 137|0x00000000e8900000, 0x00000000e8900000, 0x00000000e8a00000|  0%| F|  |TAMS 0x00000000e8900000| PB 0x00000000e8900000| Untracked 
| 138|0x00000000e8a00000, 0x00000000e8a00000, 0x00000000e8b00000|  0%| F|  |TAMS 0x00000000e8a00000| PB 0x00000000e8a00000| Untracked 
| 139|0x00000000e8b00000, 0x00000000e8b00000, 0x00000000e8c00000|  0%| F|  |TAMS 0x00000000e8b00000| PB 0x00000000e8b00000| Untracked 
| 140|0x00000000e8c00000, 0x00000000e8c00000, 0x00000000e8d00000|  0%| F|  |TAMS 0x00000000e8c00000| PB 0x00000000e8c00000| Untracked 
| 141|0x00000000e8d00000, 0x00000000e8d00000, 0x00000000e8e00000|  0%| F|  |TAMS 0x00000000e8d00000| PB 0x00000000e8d00000| Untracked 
| 142|0x00000000e8e00000, 0x00000000e8e00000, 0x00000000e8f00000|  0%| F|  |TAMS 0x00000000e8e00000| PB 0x00000000e8e00000| Untracked 
| 143|0x00000000e8f00000, 0x00000000e8f00000, 0x00000000e9000000|  0%| F|  |TAMS 0x00000000e8f00000| PB 0x00000000e8f00000| Untracked 
| 144|0x00000000e9000000, 0x00000000e9000000, 0x00000000e9100000|  0%| F|  |TAMS 0x00000000e9000000| PB 0x00000000e9000000| Untracked 
| 145|0x00000000e9100000, 0x00000000e9100000, 0x00000000e9200000|  0%| F|  |TAMS 0x00000000e9100000| PB 0x00000000e9100000| Untracked 
| 146|0x00000000e9200000, 0x00000000e9200000, 0x00000000e9300000|  0%| F|  |TAMS 0x00000000e9200000| PB 0x00000000e9200000| Untracked 
| 147|0x00000000e9300000, 0x00000000e9300000, 0x00000000e9400000|  0%| F|  |TAMS 0x00000000e9300000| PB 0x00000000e9300000| Untracked 
| 148|0x00000000e9400000, 0x00000000e9400000, 0x00000000e9500000|  0%| F|  |TAMS 0x00000000e9400000| PB 0x00000000e9400000| Untracked 
| 149|0x00000000e9500000, 0x00000000e9500000, 0x00000000e9600000|  0%| F|  |TAMS 0x00000000e9500000| PB 0x00000000e9500000| Untracked 
| 150|0x00000000e9600000, 0x00000000e9600000, 0x00000000e9700000|  0%| F|  |TAMS 0x00000000e9600000| PB 0x00000000e9600000| Untracked 
| 151|0x00000000e9700000, 0x00000000e9700000, 0x00000000e9800000|  0%| F|  |TAMS 0x00000000e9700000| PB 0x00000000e9700000| Untracked 
| 152|0x00000000e9800000, 0x00000000e9800000, 0x00000000e9900000|  0%| F|  |TAMS 0x00000000e9800000| PB 0x00000000e9800000| Untracked 
| 153|0x00000000e9900000, 0x00000000e9900000, 0x00000000e9a00000|  0%| F|  |TAMS 0x00000000e9900000| PB 0x00000000e9900000| Untracked 
| 154|0x00000000e9a00000, 0x00000000e9a00000, 0x00000000e9b00000|  0%| F|  |TAMS 0x00000000e9a00000| PB 0x00000000e9a00000| Untracked 
| 155|0x00000000e9b00000, 0x00000000e9b00000, 0x00000000e9c00000|  0%| F|  |TAMS 0x00000000e9b00000| PB 0x00000000e9b00000| Untracked 
| 156|0x00000000e9c00000, 0x00000000e9c00000, 0x00000000e9d00000|  0%| F|  |TAMS 0x00000000e9c00000| PB 0x00000000e9c00000| Untracked 
| 157|0x00000000e9d00000, 0x00000000e9d00000, 0x00000000e9e00000|  0%| F|  |TAMS 0x00000000e9d00000| PB 0x00000000e9d00000| Untracked 
| 158|0x00000000e9e00000, 0x00000000e9e00000, 0x00000000e9f00000|  0%| F|  |TAMS 0x00000000e9e00000| PB 0x00000000e9e00000| Untracked 
| 159|0x00000000e9f00000, 0x00000000e9f00000, 0x00000000ea000000|  0%| F|  |TAMS 0x00000000e9f00000| PB 0x00000000e9f00000| Untracked 
| 160|0x00000000ea000000, 0x00000000ea000000, 0x00000000ea100000|  0%| F|  |TAMS 0x00000000ea000000| PB 0x00000000ea000000| Untracked 
| 161|0x00000000ea100000, 0x00000000ea100000, 0x00000000ea200000|  0%| F|  |TAMS 0x00000000ea100000| PB 0x00000000ea100000| Untracked 
| 162|0x00000000ea200000, 0x00000000ea200000, 0x00000000ea300000|  0%| F|  |TAMS 0x00000000ea200000| PB 0x00000000ea200000| Untracked 
| 163|0x00000000ea300000, 0x00000000ea300000, 0x00000000ea400000|  0%| F|  |TAMS 0x00000000ea300000| PB 0x00000000ea300000| Untracked 
| 164|0x00000000ea400000, 0x00000000ea400000, 0x00000000ea500000|  0%| F|  |TAMS 0x00000000ea400000| PB 0x00000000ea400000| Untracked 
| 165|0x00000000ea500000, 0x00000000ea500000, 0x00000000ea600000|  0%| F|  |TAMS 0x00000000ea500000| PB 0x00000000ea500000| Untracked 
| 166|0x00000000ea600000, 0x00000000ea600000, 0x00000000ea700000|  0%| F|  |TAMS 0x00000000ea600000| PB 0x00000000ea600000| Untracked 
| 167|0x00000000ea700000, 0x00000000ea700000, 0x00000000ea800000|  0%| F|  |TAMS 0x00000000ea700000| PB 0x00000000ea700000| Untracked 
| 168|0x00000000ea800000, 0x00000000ea800000, 0x00000000ea900000|  0%| F|  |TAMS 0x00000000ea800000| PB 0x00000000ea800000| Untracked 
| 169|0x00000000ea900000, 0x00000000ea900000, 0x00000000eaa00000|  0%| F|  |TAMS 0x00000000ea900000| PB 0x00000000ea900000| Untracked 
| 170|0x00000000eaa00000, 0x00000000eaa00000, 0x00000000eab00000|  0%| F|  |TAMS 0x00000000eaa00000| PB 0x00000000eaa00000| Untracked 
| 171|0x00000000eab00000, 0x00000000eab00000, 0x00000000eac00000|  0%| F|  |TAMS 0x00000000eab00000| PB 0x00000000eab00000| Untracked 
| 172|0x00000000eac00000, 0x00000000eac00000, 0x00000000ead00000|  0%| F|  |TAMS 0x00000000eac00000| PB 0x00000000eac00000| Untracked 
| 173|0x00000000ead00000, 0x00000000ead00000, 0x00000000eae00000|  0%| F|  |TAMS 0x00000000ead00000| PB 0x00000000ead00000| Untracked 
| 174|0x00000000eae00000, 0x00000000eae00000, 0x00000000eaf00000|  0%| F|  |TAMS 0x00000000eae00000| PB 0x00000000eae00000| Untracked 
| 175|0x00000000eaf00000, 0x00000000eaf00000, 0x00000000eb000000|  0%| F|  |TAMS 0x00000000eaf00000| PB 0x00000000eaf00000| Untracked 
| 176|0x00000000eb000000, 0x00000000eb000000, 0x00000000eb100000|  0%| F|  |TAMS 0x00000000eb000000| PB 0x00000000eb000000| Untracked 
| 177|0x00000000eb100000, 0x00000000eb100000, 0x00000000eb200000|  0%| F|  |TAMS 0x00000000eb100000| PB 0x00000000eb100000| Untracked 
| 178|0x00000000eb200000, 0x00000000eb200000, 0x00000000eb300000|  0%| F|  |TAMS 0x00000000eb200000| PB 0x00000000eb200000| Untracked 
| 179|0x00000000eb300000, 0x00000000eb300000, 0x00000000eb400000|  0%| F|  |TAMS 0x00000000eb300000| PB 0x00000000eb300000| Untracked 
| 180|0x00000000eb400000, 0x00000000eb400000, 0x00000000eb500000|  0%| F|  |TAMS 0x00000000eb400000| PB 0x00000000eb400000| Untracked 
| 181|0x00000000eb500000, 0x00000000eb500000, 0x00000000eb600000|  0%| F|  |TAMS 0x00000000eb500000| PB 0x00000000eb500000| Untracked 
| 182|0x00000000eb600000, 0x00000000eb600000, 0x00000000eb700000|  0%| F|  |TAMS 0x00000000eb600000| PB 0x00000000eb600000| Untracked 
| 183|0x00000000eb700000, 0x00000000eb700000, 0x00000000eb800000|  0%| F|  |TAMS 0x00000000eb700000| PB 0x00000000eb700000| Untracked 
| 184|0x00000000eb800000, 0x00000000eb800000, 0x00000000eb900000|  0%| F|  |TAMS 0x00000000eb800000| PB 0x00000000eb800000| Untracked 
| 185|0x00000000eb900000, 0x00000000eb900000, 0x00000000eba00000|  0%| F|  |TAMS 0x00000000eb900000| PB 0x00000000eb900000| Untracked 
| 186|0x00000000eba00000, 0x00000000eba00000, 0x00000000ebb00000|  0%| F|  |TAMS 0x00000000eba00000| PB 0x00000000eba00000| Untracked 
| 187|0x00000000ebb00000, 0x00000000ebb00000, 0x00000000ebc00000|  0%| F|  |TAMS 0x00000000ebb00000| PB 0x00000000ebb00000| Untracked 
| 188|0x00000000ebc00000, 0x00000000ebc00000, 0x00000000ebd00000|  0%| F|  |TAMS 0x00000000ebc00000| PB 0x00000000ebc00000| Untracked 
| 189|0x00000000ebd00000, 0x00000000ebd00000, 0x00000000ebe00000|  0%| F|  |TAMS 0x00000000ebd00000| PB 0x00000000ebd00000| Untracked 
| 190|0x00000000ebe00000, 0x00000000ebe00000, 0x00000000ebf00000|  0%| F|  |TAMS 0x00000000ebe00000| PB 0x00000000ebe00000| Untracked 
| 191|0x00000000ebf00000, 0x00000000ebf00000, 0x00000000ec000000|  0%| F|  |TAMS 0x00000000ebf00000| PB 0x00000000ebf00000| Untracked 
| 192|0x00000000ec000000, 0x00000000ec06fe00, 0x00000000ec100000| 43%| E|CS|TAMS 0x00000000ec000000| PB 0x00000000ec000000| Complete 
| 193|0x00000000ec100000, 0x00000000ec200000, 0x00000000ec200000|100%| E|CS|TAMS 0x00000000ec100000| PB 0x00000000ec100000| Complete 
| 194|0x00000000ec200000, 0x00000000ec300000, 0x00000000ec300000|100%| E|CS|TAMS 0x00000000ec200000| PB 0x00000000ec200000| Complete 
| 195|0x00000000ec300000, 0x00000000ec400000, 0x00000000ec400000|100%| E|CS|TAMS 0x00000000ec300000| PB 0x00000000ec300000| Complete 
| 196|0x00000000ec400000, 0x00000000ec500000, 0x00000000ec500000|100%| E|CS|TAMS 0x00000000ec400000| PB 0x00000000ec400000| Complete 
| 197|0x00000000ec500000, 0x00000000ec500000, 0x00000000ec600000|  0%| F|  |TAMS 0x00000000ec500000| PB 0x00000000ec500000| Untracked 
| 198|0x00000000ec600000, 0x00000000ec600000, 0x00000000ec700000|  0%| F|  |TAMS 0x00000000ec600000| PB 0x00000000ec600000| Untracked 
| 199|0x00000000ec700000, 0x00000000ec700000, 0x00000000ec800000|  0%| F|  |TAMS 0x00000000ec700000| PB 0x00000000ec700000| Untracked 
| 200|0x00000000ec800000, 0x00000000ec800000, 0x00000000ec900000|  0%| F|  |TAMS 0x00000000ec800000| PB 0x00000000ec800000| Untracked 
| 201|0x00000000ec900000, 0x00000000ec900000, 0x00000000eca00000|  0%| F|  |TAMS 0x00000000ec900000| PB 0x00000000ec900000| Untracked 
| 202|0x00000000eca00000, 0x00000000eca00000, 0x00000000ecb00000|  0%| F|  |TAMS 0x00000000eca00000| PB 0x00000000eca00000| Untracked 
| 203|0x00000000ecb00000, 0x00000000ecb00000, 0x00000000ecc00000|  0%| F|  |TAMS 0x00000000ecb00000| PB 0x00000000ecb00000| Untracked 
| 204|0x00000000ecc00000, 0x00000000ecc00000, 0x00000000ecd00000|  0%| F|  |TAMS 0x00000000ecc00000| PB 0x00000000ecc00000| Untracked 
| 205|0x00000000ecd00000, 0x00000000ecd00000, 0x00000000ece00000|  0%| F|  |TAMS 0x00000000ecd00000| PB 0x00000000ecd00000| Untracked 
| 206|0x00000000ece00000, 0x00000000ece00000, 0x00000000ecf00000|  0%| F|  |TAMS 0x00000000ece00000| PB 0x00000000ece00000| Untracked 
| 207|0x00000000ecf00000, 0x00000000ecf00000, 0x00000000ed000000|  0%| F|  |TAMS 0x00000000ecf00000| PB 0x00000000ecf00000| Untracked 
| 208|0x00000000ed000000, 0x00000000ed000000, 0x00000000ed100000|  0%| F|  |TAMS 0x00000000ed000000| PB 0x00000000ed000000| Untracked 
| 209|0x00000000ed100000, 0x00000000ed100000, 0x00000000ed200000|  0%| F|  |TAMS 0x00000000ed100000| PB 0x00000000ed100000| Untracked 
| 210|0x00000000ed200000, 0x00000000ed200000, 0x00000000ed300000|  0%| F|  |TAMS 0x00000000ed200000| PB 0x00000000ed200000| Untracked 
| 211|0x00000000ed300000, 0x00000000ed300000, 0x00000000ed400000|  0%| F|  |TAMS 0x00000000ed300000| PB 0x00000000ed300000| Untracked 
| 212|0x00000000ed400000, 0x00000000ed400000, 0x00000000ed500000|  0%| F|  |TAMS 0x00000000ed400000| PB 0x00000000ed400000| Untracked 
| 213|0x00000000ed500000, 0x00000000ed500000, 0x00000000ed600000|  0%| F|  |TAMS 0x00000000ed500000| PB 0x00000000ed500000| Untracked 
| 214|0x00000000ed600000, 0x00000000ed600000, 0x00000000ed700000|  0%| F|  |TAMS 0x00000000ed600000| PB 0x00000000ed600000| Untracked 
| 215|0x00000000ed700000, 0x00000000ed700000, 0x00000000ed800000|  0%| F|  |TAMS 0x00000000ed700000| PB 0x00000000ed700000| Untracked 
| 216|0x00000000ed800000, 0x00000000ed800000, 0x00000000ed900000|  0%| F|  |TAMS 0x00000000ed800000| PB 0x00000000ed800000| Untracked 
| 217|0x00000000ed900000, 0x00000000ed900000, 0x00000000eda00000|  0%| F|  |TAMS 0x00000000ed900000| PB 0x00000000ed900000| Untracked 
| 218|0x00000000eda00000, 0x00000000eda00000, 0x00000000edb00000|  0%| F|  |TAMS 0x00000000eda00000| PB 0x00000000eda00000| Untracked 
| 219|0x00000000edb00000, 0x00000000edb00000, 0x00000000edc00000|  0%| F|  |TAMS 0x00000000edb00000| PB 0x00000000edb00000| Untracked 
| 220|0x00000000edc00000, 0x00000000edc00000, 0x00000000edd00000|  0%| F|  |TAMS 0x00000000edc00000| PB 0x00000000edc00000| Untracked 
| 221|0x00000000edd00000, 0x00000000edd00000, 0x00000000ede00000|  0%| F|  |TAMS 0x00000000edd00000| PB 0x00000000edd00000| Untracked 
| 222|0x00000000ede00000, 0x00000000ede00000, 0x00000000edf00000|  0%| F|  |TAMS 0x00000000ede00000| PB 0x00000000ede00000| Untracked 
| 223|0x00000000edf00000, 0x00000000edf00000, 0x00000000ee000000|  0%| F|  |TAMS 0x00000000edf00000| PB 0x00000000edf00000| Untracked 
| 224|0x00000000ee000000, 0x00000000ee000000, 0x00000000ee100000|  0%| F|  |TAMS 0x00000000ee000000| PB 0x00000000ee000000| Untracked 
| 225|0x00000000ee100000, 0x00000000ee100000, 0x00000000ee200000|  0%| F|  |TAMS 0x00000000ee100000| PB 0x00000000ee100000| Untracked 
| 226|0x00000000ee200000, 0x00000000ee200000, 0x00000000ee300000|  0%| F|  |TAMS 0x00000000ee200000| PB 0x00000000ee200000| Untracked 
| 227|0x00000000ee300000, 0x00000000ee300000, 0x00000000ee400000|  0%| F|  |TAMS 0x00000000ee300000| PB 0x00000000ee300000| Untracked 
| 228|0x00000000ee400000, 0x00000000ee400000, 0x00000000ee500000|  0%| F|  |TAMS 0x00000000ee400000| PB 0x00000000ee400000| Untracked 
| 229|0x00000000ee500000, 0x00000000ee500000, 0x00000000ee600000|  0%| F|  |TAMS 0x00000000ee500000| PB 0x00000000ee500000| Untracked 
| 230|0x00000000ee600000, 0x00000000ee600000, 0x00000000ee700000|  0%| F|  |TAMS 0x00000000ee600000| PB 0x00000000ee600000| Untracked 
| 231|0x00000000ee700000, 0x00000000ee700000, 0x00000000ee800000|  0%| F|  |TAMS 0x00000000ee700000| PB 0x00000000ee700000| Untracked 
| 232|0x00000000ee800000, 0x00000000ee800000, 0x00000000ee900000|  0%| F|  |TAMS 0x00000000ee800000| PB 0x00000000ee800000| Untracked 
| 233|0x00000000ee900000, 0x00000000ee900000, 0x00000000eea00000|  0%| F|  |TAMS 0x00000000ee900000| PB 0x00000000ee900000| Untracked 
| 234|0x00000000eea00000, 0x00000000eea00000, 0x00000000eeb00000|  0%| F|  |TAMS 0x00000000eea00000| PB 0x00000000eea00000| Untracked 
| 235|0x00000000eeb00000, 0x00000000eeb00000, 0x00000000eec00000|  0%| F|  |TAMS 0x00000000eeb00000| PB 0x00000000eeb00000| Untracked 
| 236|0x00000000eec00000, 0x00000000eec00000, 0x00000000eed00000|  0%| F|  |TAMS 0x00000000eec00000| PB 0x00000000eec00000| Untracked 
| 237|0x00000000eed00000, 0x00000000eed00000, 0x00000000eee00000|  0%| F|  |TAMS 0x00000000eed00000| PB 0x00000000eed00000| Untracked 
| 238|0x00000000eee00000, 0x00000000eee00000, 0x00000000eef00000|  0%| F|  |TAMS 0x00000000eee00000| PB 0x00000000eee00000| Untracked 
| 239|0x00000000eef00000, 0x00000000eef00000, 0x00000000ef000000|  0%| F|  |TAMS 0x00000000eef00000| PB 0x00000000eef00000| Untracked 
| 240|0x00000000ef000000, 0x00000000ef000000, 0x00000000ef100000|  0%| F|  |TAMS 0x00000000ef000000| PB 0x00000000ef000000| Untracked 
| 241|0x00000000ef100000, 0x00000000ef100000, 0x00000000ef200000|  0%| F|  |TAMS 0x00000000ef100000| PB 0x00000000ef100000| Untracked 
| 242|0x00000000ef200000, 0x00000000ef200000, 0x00000000ef300000|  0%| F|  |TAMS 0x00000000ef200000| PB 0x00000000ef200000| Untracked 
| 243|0x00000000ef300000, 0x00000000ef300000, 0x00000000ef400000|  0%| F|  |TAMS 0x00000000ef300000| PB 0x00000000ef300000| Untracked 
| 244|0x00000000ef400000, 0x00000000ef400000, 0x00000000ef500000|  0%| F|  |TAMS 0x00000000ef400000| PB 0x00000000ef400000| Untracked 
| 245|0x00000000ef500000, 0x00000000ef500000, 0x00000000ef600000|  0%| F|  |TAMS 0x00000000ef500000| PB 0x00000000ef500000| Untracked 
| 246|0x00000000ef600000, 0x00000000ef600000, 0x00000000ef700000|  0%| F|  |TAMS 0x00000000ef600000| PB 0x00000000ef600000| Untracked 
| 247|0x00000000ef700000, 0x00000000ef700000, 0x00000000ef800000|  0%| F|  |TAMS 0x00000000ef700000| PB 0x00000000ef700000| Untracked 
| 248|0x00000000ef800000, 0x00000000ef800000, 0x00000000ef900000|  0%| F|  |TAMS 0x00000000ef800000| PB 0x00000000ef800000| Untracked 
| 249|0x00000000ef900000, 0x00000000ef900000, 0x00000000efa00000|  0%| F|  |TAMS 0x00000000ef900000| PB 0x00000000ef900000| Untracked 
| 250|0x00000000efa00000, 0x00000000efa2eec0, 0x00000000efb00000| 18%| S|  |TAMS 0x00000000efa00000| PB 0x00000000efa00000| Complete 
| 251|0x00000000efb00000, 0x00000000efc00000, 0x00000000efc00000|100%| S|  |TAMS 0x00000000efb00000| PB 0x00000000efb00000| Complete 
| 252|0x00000000efc00000, 0x00000000efd00000, 0x00000000efd00000|100%| E|CS|TAMS 0x00000000efc00000| PB 0x00000000efc00000| Complete 
| 253|0x00000000efd00000, 0x00000000efe00000, 0x00000000efe00000|100%| E|CS|TAMS 0x00000000efd00000| PB 0x00000000efd00000| Complete 
| 254|0x00000000efe00000, 0x00000000eff00000, 0x00000000eff00000|100%| E|CS|TAMS 0x00000000efe00000| PB 0x00000000efe00000| Complete 
| 255|0x00000000eff00000, 0x00000000f0000000, 0x00000000f0000000|100%| E|CS|TAMS 0x00000000eff00000| PB 0x00000000eff00000| Complete 

Card table byte_map: [0x00000251eb620000,0x00000251eb720000] _byte_map_base: 0x00000251eaf20000

Marking Bits: (CMBitMap*) 0x00000251d9028030
 Bits: [0x00000251eb720000, 0x00000251ebf20000)

Polling page: 0x00000251d7010000

Metaspace:

Usage:
  Non-class:     49.50 MB used.
      Class:      8.15 MB used.
       Both:     57.65 MB used.

Virtual space:
  Non-class space:       64.00 MB reserved,      50.38 MB ( 79%) committed,  1 nodes.
      Class space:      320.00 MB reserved,       9.00 MB (  3%) committed,  1 nodes.
             Both:      384.00 MB reserved,      59.38 MB ( 15%) committed. 

Chunk freelists:
   Non-Class:  13.00 MB
       Class:  6.95 MB
        Both:  19.95 MB

MaxMetaspaceSize: 384.00 MB
CompressedClassSpaceSize: 320.00 MB
Initial GC threshold: 21.00 MB
Current GC threshold: 59.38 MB
CDS: on
 - commit_granule_bytes: 65536.
 - commit_granule_words: 8192.
 - virtual_space_node_default_size: 8388608.
 - enlarge_chunks_in_place: 1.
 - use_allocation_guard: 0.


Internal statistics:

num_allocs_failed_limit: 12.
num_arena_births: 3242.
num_arena_deaths: 0.
num_vsnodes_births: 2.
num_vsnodes_deaths: 0.
num_space_committed: 950.
num_space_uncommitted: 0.
num_chunks_returned_to_freelist: 12.
num_chunks_taken_from_freelist: 6058.
num_chunk_merges: 6.
num_chunk_splits: 3901.
num_chunks_enlarged: 2371.
num_inconsistent_stats: 0.

CodeHeap 'non-profiled nmethods': size=120000Kb used=4946Kb max_used=4946Kb free=115053Kb
 bounds [0x00000251e3cc0000, 0x00000251e41a0000, 0x00000251eb1f0000]
CodeHeap 'profiled nmethods': size=120000Kb used=16806Kb max_used=16806Kb free=103193Kb
 bounds [0x00000251dc1f0000, 0x00000251dd260000, 0x00000251e3720000]
CodeHeap 'non-nmethods': size=5760Kb used=2613Kb max_used=2641Kb free=3146Kb
 bounds [0x00000251e3720000, 0x00000251e39c0000, 0x00000251e3cc0000]
CodeCache: size=245760Kb, used=24365Kb, max_used=24393Kb, free=221392Kb
 total_blobs=9535, nmethods=8655, adapters=784, full_count=0
Compilation: enabled, stopped_count=0, restarted_count=0

Compilation events (20 events):
Event: 509.343 Thread 0x00000251ee9bb1b0 nmethod 9222 0x00000251e4193090 code [0x00000251e4193260, 0x00000251e41934c8]
Event: 511.103 Thread 0x00000251ee9bb1b0 9225       4       org.gradle.internal.logging.slf4j.OutputEventListenerBackedLogger::isDebugEnabled (5 bytes)
Event: 511.109 Thread 0x00000251ee9bb1b0 nmethod 9225 0x00000251e4193710 code [0x00000251e41938a0, 0x00000251e41939a8]
Event: 511.318 Thread 0x00000251ee9c3ec0 9226       1       org.gradle.model.internal.asm.AsmClassGenerator::getTargetType (5 bytes)
Event: 511.318 Thread 0x00000251ee9c3ec0 nmethod 9226 0x00000251e4193b10 code [0x00000251e4193ca0, 0x00000251e4193d68]
Event: 511.318 Thread 0x00000251ee9c3ec0 9227       3       org.gradle.internal.instantiation.generator.AsmBackedClassGenerator$ClassBuilderImpl::access$9000 (4 bytes)
Event: 511.318 Thread 0x00000251ee9c3ec0 nmethod 9227 0x00000251dd253c10 code [0x00000251dd253da0, 0x00000251dd253e98]
Event: 511.318 Thread 0x00000251ee9c3ec0 9228       1       org.gradle.internal.instantiation.generator.AsmBackedClassGenerator$ClassBuilderImpl::access$8800 (5 bytes)
Event: 511.318 Thread 0x00000251ee9c3ec0 nmethod 9228 0x00000251e4193e10 code [0x00000251e4193fa0, 0x00000251e4194050]
Event: 511.318 Thread 0x00000251ee9c3ec0 9229       1       org.gradle.internal.instantiation.generator.AsmBackedClassGenerator$ClassBuilderImpl::access$8600 (5 bytes)
Event: 511.318 Thread 0x00000251ee9c3ec0 nmethod 9229 0x00000251e4194110 code [0x00000251e41942a0, 0x00000251e4194350]
Event: 511.318 Thread 0x00000251ee9c3ec0 9230       1       org.gradle.internal.instantiation.generator.AsmBackedClassGenerator$ClassBuilderImpl::access$4500 (5 bytes)
Event: 511.318 Thread 0x00000251ee9c3ec0 nmethod 9230 0x00000251e4194410 code [0x00000251e41945a0, 0x00000251e4194650]
Event: 511.318 Thread 0x00000251ee9c3ec0 9231       1       org.gradle.internal.instantiation.generator.AsmBackedClassGenerator$ClassBuilderImpl::access$4300 (5 bytes)
Event: 511.318 Thread 0x00000251ee9c3ec0 nmethod 9231 0x00000251e4194710 code [0x00000251e41948a0, 0x00000251e4194950]
Event: 511.333 Thread 0x00000251ee9c3ec0 9232       3       java.lang.invoke.InvokerBytecodeGenerator::isStaticallyInvocableType (50 bytes)
Event: 511.333 Thread 0x00000251ee9c3ec0 nmethod 9232 0x00000251dd253f10 code [0x00000251dd2540e0, 0x00000251dd2543e8]
Event: 512.524 Thread 0x00000251ee9bb1b0 9233 % !   4       java.util.jar.Attributes::read @ 12 (494 bytes)
Event: 512.527 Thread 0x00000251ee9c3ec0 9234       3       java.util.jar.Manifest::toLower (24 bytes)
Event: 512.527 Thread 0x00000251ee9c3ec0 nmethod 9234 0x00000251dd254590 code [0x00000251dd254740, 0x00000251dd2548c8]

GC Heap History (20 events):
Event: 320.691 GC heap before
{Heap before GC invocations=16 (full 0):
 garbage-first heap   total 262144K, used 111088K [0x00000000e0000000, 0x0000000100000000)
  region size 1024K, 74 young (75776K), 3 survivors (3072K)
 Metaspace       used 49204K, committed 50880K, reserved 393216K
  class space    used 7086K, committed 7936K, reserved 327680K
}
Event: 320.979 GC heap after
{Heap after GC invocations=17 (full 0):
 garbage-first heap   total 262144K, used 43764K [0x00000000e0000000, 0x0000000100000000)
  region size 1024K, 7 young (7168K), 7 survivors (7168K)
 Metaspace       used 49204K, committed 50880K, reserved 393216K
  class space    used 7086K, committed 7936K, reserved 327680K
}
Event: 356.987 GC heap before
{Heap before GC invocations=17 (full 0):
 garbage-first heap   total 262144K, used 48884K [0x00000000e0000000, 0x0000000100000000)
  region size 1024K, 12 young (12288K), 7 survivors (7168K)
 Metaspace       used 49459K, committed 51136K, reserved 393216K
  class space    used 7128K, committed 7936K, reserved 327680K
}
Event: 360.474 GC heap after
{Heap after GC invocations=18 (full 0):
 garbage-first heap   total 262144K, used 45250K [0x00000000e0000000, 0x0000000100000000)
  region size 1024K, 2 young (2048K), 2 survivors (2048K)
 Metaspace       used 49459K, committed 51136K, reserved 393216K
  class space    used 7128K, committed 7936K, reserved 327680K
}
Event: 368.901 GC heap before
{Heap before GC invocations=18 (full 0):
 garbage-first heap   total 262144K, used 55490K [0x00000000e0000000, 0x0000000100000000)
  region size 1024K, 12 young (12288K), 2 survivors (2048K)
 Metaspace       used 49671K, committed 51392K, reserved 393216K
  class space    used 7166K, committed 8000K, reserved 327680K
}
Event: 368.910 GC heap after
{Heap after GC invocations=19 (full 0):
 garbage-first heap   total 262144K, used 46848K [0x00000000e0000000, 0x0000000100000000)
  region size 1024K, 2 young (2048K), 2 survivors (2048K)
 Metaspace       used 49671K, committed 51392K, reserved 393216K
  class space    used 7166K, committed 8000K, reserved 327680K
}
Event: 370.192 GC heap before
{Heap before GC invocations=19 (full 0):
 garbage-first heap   total 262144K, used 56064K [0x00000000e0000000, 0x0000000100000000)
  region size 1024K, 12 young (12288K), 2 survivors (2048K)
 Metaspace       used 49842K, committed 51584K, reserved 393216K
  class space    used 7167K, committed 8000K, reserved 327680K
}
Event: 370.195 GC heap after
{Heap after GC invocations=20 (full 0):
 garbage-first heap   total 262144K, used 47506K [0x00000000e0000000, 0x0000000100000000)
  region size 1024K, 2 young (2048K), 2 survivors (2048K)
 Metaspace       used 49842K, committed 51584K, reserved 393216K
  class space    used 7167K, committed 8000K, reserved 327680K
}
Event: 374.170 GC heap before
{Heap before GC invocations=20 (full 0):
 garbage-first heap   total 262144K, used 56722K [0x00000000e0000000, 0x0000000100000000)
  region size 1024K, 12 young (12288K), 2 survivors (2048K)
 Metaspace       used 50067K, committed 51712K, reserved 393216K
  class space    used 7195K, committed 8000K, reserved 327680K
}
Event: 374.173 GC heap after
{Heap after GC invocations=21 (full 0):
 garbage-first heap   total 262144K, used 48106K [0x00000000e0000000, 0x0000000100000000)
  region size 1024K, 2 young (2048K), 2 survivors (2048K)
 Metaspace       used 50067K, committed 51712K, reserved 393216K
  class space    used 7195K, committed 8000K, reserved 327680K
}
Event: 375.911 GC heap before
{Heap before GC invocations=21 (full 0):
 garbage-first heap   total 262144K, used 68586K [0x00000000e0000000, 0x0000000100000000)
  region size 1024K, 23 young (23552K), 2 survivors (2048K)
 Metaspace       used 50284K, committed 51968K, reserved 393216K
  class space    used 7195K, committed 8000K, reserved 327680K
}
Event: 375.929 GC heap after
{Heap after GC invocations=22 (full 0):
 garbage-first heap   total 262144K, used 50737K [0x00000000e0000000, 0x0000000100000000)
  region size 1024K, 3 young (3072K), 3 survivors (3072K)
 Metaspace       used 50284K, committed 51968K, reserved 393216K
  class space    used 7195K, committed 8000K, reserved 327680K
}
Event: 377.650 GC heap before
{Heap before GC invocations=22 (full 0):
 garbage-first heap   total 262144K, used 73265K [0x00000000e0000000, 0x0000000100000000)
  region size 1024K, 26 young (26624K), 3 survivors (3072K)
 Metaspace       used 50385K, committed 52096K, reserved 393216K
  class space    used 7195K, committed 8000K, reserved 327680K
}
Event: 377.666 GC heap after
{Heap after GC invocations=23 (full 0):
 garbage-first heap   total 262144K, used 52463K [0x00000000e0000000, 0x0000000100000000)
  region size 1024K, 3 young (3072K), 3 survivors (3072K)
 Metaspace       used 50385K, committed 52096K, reserved 393216K
  class space    used 7195K, committed 8000K, reserved 327680K
}
Event: 418.421 GC heap before
{Heap before GC invocations=23 (full 0):
 garbage-first heap   total 262144K, used 87279K [0x00000000e0000000, 0x0000000100000000)
  region size 1024K, 37 young (37888K), 3 survivors (3072K)
 Metaspace       used 51211K, committed 52928K, reserved 393216K
  class space    used 7294K, committed 8128K, reserved 327680K
}
Event: 418.487 GC heap after
{Heap after GC invocations=24 (full 0):
 garbage-first heap   total 262144K, used 56604K [0x00000000e0000000, 0x0000000100000000)
  region size 1024K, 5 young (5120K), 5 survivors (5120K)
 Metaspace       used 51211K, committed 52928K, reserved 393216K
  class space    used 7294K, committed 8128K, reserved 327680K
}
Event: 431.061 GC heap before
{Heap before GC invocations=24 (full 0):
 garbage-first heap   total 262144K, used 75036K [0x00000000e0000000, 0x0000000100000000)
  region size 1024K, 24 young (24576K), 5 survivors (5120K)
 Metaspace       used 53233K, committed 54976K, reserved 393216K
  class space    used 7525K, committed 8384K, reserved 327680K
}
Event: 431.081 GC heap after
{Heap after GC invocations=25 (full 0):
 garbage-first heap   total 262144K, used 57216K [0x00000000e0000000, 0x0000000100000000)
  region size 1024K, 1 young (1024K), 1 survivors (1024K)
 Metaspace       used 53233K, committed 54976K, reserved 393216K
  class space    used 7525K, committed 8384K, reserved 327680K
}
Event: 510.049 GC heap before
{Heap before GC invocations=25 (full 0):
 garbage-first heap   total 262144K, used 117632K [0x00000000e0000000, 0x0000000100000000)
  region size 1024K, 59 young (60416K), 1 survivors (1024K)
 Metaspace       used 58785K, committed 60544K, reserved 393216K
  class space    used 8298K, committed 9152K, reserved 327680K
}
Event: 511.094 GC heap after
{Heap after GC invocations=26 (full 0):
 garbage-first heap   total 262144K, used 63272K [0x00000000e0000000, 0x0000000100000000)
  region size 1024K, 5 young (5120K), 5 survivors (5120K)
 Metaspace       used 58785K, committed 60544K, reserved 393216K
  class space    used 8298K, committed 9152K, reserved 327680K
}

Dll operation events (20 events):
Event: 1.505 Attempting to load shared library C:\Users\NAGARAJU\.antigravity-ide\extensions\redhat.java-1.56.0-win32-x64\jre\21.0.12.1-win32-x86_64\bin\nio.dll
Event: 1.533 Loaded shared library C:\Users\NAGARAJU\.antigravity-ide\extensions\redhat.java-1.56.0-win32-x64\jre\21.0.12.1-win32-x86_64\bin\nio.dll
Event: 1.538 Attempting to load shared library C:\Users\NAGARAJU\.antigravity-ide\extensions\redhat.java-1.56.0-win32-x64\jre\21.0.12.1-win32-x86_64\bin\zip.dll
Event: 1.538 Loaded shared library C:\Users\NAGARAJU\.antigravity-ide\extensions\redhat.java-1.56.0-win32-x64\jre\21.0.12.1-win32-x86_64\bin\zip.dll
Event: 5.678 Attempting to load shared library C:\Users\NAGARAJU\.antigravity-ide\extensions\redhat.java-1.56.0-win32-x64\jre\21.0.12.1-win32-x86_64\bin\jimage.dll
Event: 5.678 Loaded shared library C:\Users\NAGARAJU\.antigravity-ide\extensions\redhat.java-1.56.0-win32-x64\jre\21.0.12.1-win32-x86_64\bin\jimage.dll
Event: 7.632 Attempting to load shared library C:\Users\NAGARAJU\.antigravity-ide\extensions\redhat.java-1.56.0-win32-x64\jre\21.0.12.1-win32-x86_64\bin\verify.dll
Event: 7.637 Loaded shared library C:\Users\NAGARAJU\.antigravity-ide\extensions\redhat.java-1.56.0-win32-x64\jre\21.0.12.1-win32-x86_64\bin\verify.dll
Event: 9.060 Attempting to load shared library C:\Users\NAGARAJU\.gradle\native\c067742578af261105cb4f569cf0c3c89f3d7b1fecec35dd04571415982c5e48\windows-amd64\native-platform.dll
Event: 9.069 Loaded shared library C:\Users\NAGARAJU\.gradle\native\c067742578af261105cb4f569cf0c3c89f3d7b1fecec35dd04571415982c5e48\windows-amd64\native-platform.dll
Event: 9.136 Attempting to load shared library C:\Users\NAGARAJU\.gradle\native\100fb08df4bc3b14c8652ba06237920a3bd2aa13389f12d3474272988ae205f9\windows-amd64\native-platform-file-events.dll
Event: 9.505 Loaded shared library C:\Users\NAGARAJU\.gradle\native\100fb08df4bc3b14c8652ba06237920a3bd2aa13389f12d3474272988ae205f9\windows-amd64\native-platform-file-events.dll
Event: 34.506 Attempting to load shared library C:\Users\NAGARAJU\.antigravity-ide\extensions\redhat.java-1.56.0-win32-x64\jre\21.0.12.1-win32-x86_64\bin\management.dll
Event: 34.579 Loaded shared library C:\Users\NAGARAJU\.antigravity-ide\extensions\redhat.java-1.56.0-win32-x64\jre\21.0.12.1-win32-x86_64\bin\management.dll
Event: 34.616 Attempting to load shared library C:\Users\NAGARAJU\.antigravity-ide\extensions\redhat.java-1.56.0-win32-x64\jre\21.0.12.1-win32-x86_64\bin\management_ext.dll
Event: 34.663 Loaded shared library C:\Users\NAGARAJU\.antigravity-ide\extensions\redhat.java-1.56.0-win32-x64\jre\21.0.12.1-win32-x86_64\bin\management_ext.dll
Event: 42.406 Attempting to load shared library C:\Users\NAGARAJU\.antigravity-ide\extensions\redhat.java-1.56.0-win32-x64\jre\21.0.12.1-win32-x86_64\bin\extnet.dll
Event: 42.414 Loaded shared library C:\Users\NAGARAJU\.antigravity-ide\extensions\redhat.java-1.56.0-win32-x64\jre\21.0.12.1-win32-x86_64\bin\extnet.dll
Event: 48.634 Attempting to load shared library C:\Users\NAGARAJU\.antigravity-ide\extensions\redhat.java-1.56.0-win32-x64\jre\21.0.12.1-win32-x86_64\bin\sunmscapi.dll
Event: 49.685 Loaded shared library C:\Users\NAGARAJU\.antigravity-ide\extensions\redhat.java-1.56.0-win32-x64\jre\21.0.12.1-win32-x86_64\bin\sunmscapi.dll

Deoptimization events (20 events):
Event: 503.193 Thread 0x00000251f42b5340 DEOPT PACKING pc=0x00000251e40b1524 sp=0x00000085b6ef52d0
Event: 503.193 Thread 0x00000251f42b5340 DEOPT UNPACKING pc=0x00000251e3774422 sp=0x00000085b6ef5228 mode 2
Event: 503.193 Thread 0x00000251f42b5340 Uncommon trap: trap_request=0xffffff45 fr.pc=0x00000251e40ac8a4 relative=0x00000000000002c4
Event: 503.193 Thread 0x00000251f42b5340 Uncommon trap: reason=unstable_if action=reinterpret pc=0x00000251e40ac8a4 method=java.io.WinNTFileSystem.prefixLength(Ljava/lang/String;)I @ 42 c2
Event: 503.193 Thread 0x00000251f42b5340 DEOPT PACKING pc=0x00000251e40ac8a4 sp=0x00000085b6ef5290
Event: 503.193 Thread 0x00000251f42b5340 DEOPT UNPACKING pc=0x00000251e3774422 sp=0x00000085b6ef5228 mode 2
Event: 505.748 Thread 0x00000251f42b5340 DEOPT PACKING pc=0x00000251dd15bf82 sp=0x00000085b6ef11e0
Event: 505.749 Thread 0x00000251f42b5340 DEOPT UNPACKING pc=0x00000251e3774bc2 sp=0x00000085b6ef06f0 mode 0
Event: 511.296 Thread 0x00000251f42b5340 Uncommon trap: trap_request=0xffffff45 fr.pc=0x00000251e3e787d4 relative=0x0000000000000134
Event: 511.296 Thread 0x00000251f42b5340 Uncommon trap: reason=unstable_if action=reinterpret pc=0x00000251e3e787d4 method=jdk.internal.org.objectweb.asm.ByteVector.putInt(I)Ljdk/internal/org/objectweb/asm/ByteVector; @ 13 c2
Event: 511.296 Thread 0x00000251f42b5340 DEOPT PACKING pc=0x00000251e3e787d4 sp=0x00000085b6ef66d0
Event: 511.296 Thread 0x00000251f42b5340 DEOPT UNPACKING pc=0x00000251e3774422 sp=0x00000085b6ef6668 mode 2
Event: 512.496 Thread 0x00000251f42b5340 Uncommon trap: trap_request=0xffffff45 fr.pc=0x00000251e3f31fd0 relative=0x0000000000007690
Event: 512.499 Thread 0x00000251f42b5340 Uncommon trap: reason=unstable_if action=reinterpret pc=0x00000251e3f31fd0 method=java.util.jar.JarFile.maybeInstantiateVerifier()V @ 27 c2
Event: 512.499 Thread 0x00000251f42b5340 DEOPT PACKING pc=0x00000251e3f31fd0 sp=0x00000085b6ef3370
Event: 512.500 Thread 0x00000251f42b5340 DEOPT UNPACKING pc=0x00000251e3774422 sp=0x00000085b6ef2fb8 mode 2
Event: 512.527 Thread 0x00000251f42b5340 Uncommon trap: trap_request=0xffffff45 fr.pc=0x00000251e3d24c34 relative=0x00000000000006b4
Event: 512.527 Thread 0x00000251f42b5340 Uncommon trap: reason=unstable_if action=reinterpret pc=0x00000251e3d24c34 method=java.util.jar.Manifest$FastInputStream.readLine([BII)I @ 130 c2
Event: 512.527 Thread 0x00000251f42b5340 DEOPT PACKING pc=0x00000251e3d24c34 sp=0x00000085b6ef2a40
Event: 512.527 Thread 0x00000251f42b5340 DEOPT UNPACKING pc=0x00000251e3774422 sp=0x00000085b6ef29d0 mode 2

Classes loaded (20 events):
Event: 502.739 Loading class jdk/xml/internal/JdkProperty$State
Event: 502.747 Loading class jdk/xml/internal/JdkProperty$State done
Event: 502.822 Loading class jdk/xml/internal/XMLSecurityManager
Event: 502.875 Loading class jdk/xml/internal/XMLSecurityManager done
Event: 502.876 Loading class jdk/xml/internal/XMLSecurityManager$Limit
Event: 502.895 Loading class jdk/xml/internal/XMLSecurityManager$Limit done
Event: 502.895 Loading class jdk/xml/internal/XMLSecurityManager$Processor
Event: 502.900 Loading class jdk/xml/internal/XMLSecurityManager$Processor done
Event: 503.124 Loading class jdk/xml/internal/XMLSecurityManager$NameMap
Event: 503.128 Loading class jdk/xml/internal/XMLSecurityManager$NameMap done
Event: 503.134 Loading class com/sun/org/apache/xerces/internal/utils/XMLSecurityPropertyManager
Event: 503.147 Loading class com/sun/org/apache/xerces/internal/utils/XMLSecurityPropertyManager done
Event: 503.147 Loading class com/sun/org/apache/xerces/internal/utils/XMLSecurityPropertyManager$State
Event: 503.147 Loading class com/sun/org/apache/xerces/internal/utils/XMLSecurityPropertyManager$State done
Event: 503.147 Loading class com/sun/org/apache/xerces/internal/utils/XMLSecurityPropertyManager$Property
Event: 503.147 Loading class com/sun/org/apache/xerces/internal/utils/XMLSecurityPropertyManager$Property done
Event: 503.174 Loading class com/sun/org/apache/xerces/internal/jaxp/DocumentBuilderFactoryImpl
Event: 503.177 Loading class com/sun/org/apache/xerces/internal/jaxp/DocumentBuilderFactoryImpl done
Event: 505.347 Loading class java/util/regex/Pattern$SliceI
Event: 505.349 Loading class java/util/regex/Pattern$SliceI done

Classes unloaded (0 events):
No events

Classes redefined (0 events):
No events

Internal exceptions (20 events):
Event: 241.831 Thread 0x00000251f42b5340 Exception <a 'java/lang/ClassNotFoundException'{0x00000000ede3ecb0}: groovy/lang/GString$1BeanInfo> (0x00000000ede3ecb0) 
thrown [s\src\hotspot\share\classfile\systemDictionary.cpp, line 313]
Event: 241.833 Thread 0x00000251f42b5340 Exception <a 'java/lang/ClassNotFoundException'{0x00000000ede4f528}: groovy/lang/GStringBeanInfo> (0x00000000ede4f528) 
thrown [s\src\hotspot\share\classfile\systemDictionary.cpp, line 313]
Event: 241.835 Thread 0x00000251f42b5340 Exception <a 'java/lang/ClassNotFoundException'{0x00000000ede5fc98}: groovy/lang/GStringCustomizer> (0x00000000ede5fc98) 
thrown [s\src\hotspot\share\classfile\systemDictionary.cpp, line 313]
Event: 241.841 Thread 0x00000251f42b5340 Exception <a 'java/lang/ClassNotFoundException'{0x00000000ede7c5a8}: groovy/lang/GString$1Customizer> (0x00000000ede7c5a8) 
thrown [s\src\hotspot\share\classfile\systemDictionary.cpp, line 313]
Event: 241.951 Thread 0x00000251f42b5340 Exception <a 'java/lang/ClassNotFoundException'{0x00000000edd81b98}: org/codehaus/groovy/runtime/GStringImplBeanInfo> (0x00000000edd81b98) 
thrown [s\src\hotspot\share\classfile\systemDictionary.cpp, line 313]
Event: 241.953 Thread 0x00000251f42b5340 Exception <a 'java/lang/ClassNotFoundException'{0x00000000edd92a08}: org/codehaus/groovy/runtime/GStringImplCustomizer> (0x00000000edd92a08) 
thrown [s\src\hotspot\share\classfile\systemDictionary.cpp, line 313]
Event: 242.079 Thread 0x00000251f42b5340 Exception <a 'java/lang/ClassNotFoundException'{0x00000000eddfa9a0}: org/gradle/api/internal/artifacts/dsl/dependencies/DefaultDependencyHandler_DecoratedBeanInfo> (0x00000000eddfa9a0) 
thrown [s\src\hotspot\share\classfile\systemDictionary.cpp, line 313]
Event: 242.081 Thread 0x00000251f42b5340 Exception <a 'java/lang/ClassNotFoundException'{0x00000000edc0e920}: org/gradle/api/internal/artifacts/dsl/dependencies/DefaultDependencyHandlerBeanInfo> (0x00000000edc0e920) 
thrown [s\src\hotspot\share\classfile\systemDictionary.cpp, line 313]
Event: 242.084 Thread 0x00000251f42b5340 Exception <a 'java/lang/ClassNotFoundException'{0x00000000edc225a0}: org/gradle/api/internal/artifacts/dsl/dependencies/DefaultDependencyHandlerCustomizer> (0x00000000edc225a0) 
thrown [s\src\hotspot\share\classfile\systemDictionary.cpp, line 313]
Event: 242.091 Thread 0x00000251f42b5340 Exception <a 'java/lang/ClassNotFoundException'{0x00000000edc796a8}: org/gradle/api/internal/artifacts/dsl/dependencies/DefaultDependencyHandler_DecoratedCustomizer> (0x00000000edc796a8) 
thrown [s\src\hotspot\share\classfile\systemDictionary.cpp, line 313]
Event: 250.449 Thread 0x00000251f42b5340 Exception <a 'java/lang/NoSuchMethodError'{0x00000000ed283d28}: 'java.lang.Object java.lang.invoke.DirectMethodHandle$Holder.invokeSpecial(java.lang.Object, java.lang.Object, long, java.lang.Object, java.lang.Object)'> (0x00000000ed283d28) 
thrown [s\src\hotspot\share\interpreter\linkResolver.cpp, line 773]
Event: 253.754 Thread 0x00000251f42b5340 Exception <a 'java/lang/NoSuchMethodError'{0x00000000ecc46428}: 'int java.lang.invoke.DirectMethodHandle$Holder.invokeSpecialIFC(java.lang.Object, java.lang.Object, java.lang.Object)'> (0x00000000ecc46428) 
thrown [s\src\hotspot\share\interpreter\linkResolver.cpp, line 773]
Event: 259.199 Thread 0x00000251f42b5340 Exception <a 'java/lang/NoSuchMethodError'{0x00000000ec22e380}: 'java.lang.Object java.lang.invoke.DirectMethodHandle$Holder.invokeSpecial(java.lang.Object, java.lang.Object, java.lang.Object, java.lang.Object, java.lang.Object, long)'> (0x00000000ec22e380) 
thrown [s\src\hotspot\share\interpreter\linkResolver.cpp, line 773]
Event: 259.217 Thread 0x00000251f42b5340 Exception <a 'java/lang/NoSuchMethodError'{0x00000000ec253a58}: 'void java.lang.invoke.DirectMethodHandle$Holder.invokeStatic(java.lang.Object, java.lang.Object, java.lang.Object, int, java.lang.Object)'> (0x00000000ec253a58) 
thrown [s\src\hotspot\share\interpreter\linkResolver.cpp, line 773]
Event: 373.690 Thread 0x00000251f42b5340 Exception <a 'java/lang/NoSuchMethodError'{0x00000000efa82570}: 'java.lang.Object java.lang.invoke.DirectMethodHandle$Holder.invokeSpecialIFC(java.lang.Object, java.lang.Object, java.lang.Object)'> (0x00000000efa82570) 
thrown [s\src\hotspot\share\interpreter\linkResolver.cpp, line 773]
Event: 398.519 Thread 0x00000251f42b5340 Exception <a 'java/lang/ClassNotFoundException'{0x00000000eea1fcd8}: build_2bc66t8fjzfy3zprja99cvqriBeanInfo> (0x00000000eea1fcd8) 
thrown [s\src\hotspot\share\classfile\systemDictionary.cpp, line 313]
Event: 398.777 Thread 0x00000251f42b5340 Exception <a 'java/lang/ClassNotFoundException'{0x00000000eea29f50}: build_2bc66t8fjzfy3zprja99cvqriCustomizer> (0x00000000eea29f50) 
thrown [s\src\hotspot\share\classfile\systemDictionary.cpp, line 313]
Event: 503.367 Thread 0x00000251f42b5340 Exception <a 'java/lang/NoSuchMethodError'{0x00000000ecde8280}: 'java.lang.Object java.lang.invoke.DirectMethodHandle$Holder.newInvokeSpecial(java.lang.Object, java.lang.Object, java.lang.Object, java.lang.Object, java.lang.Object, java.lang.Object, java.lang.Object, java.lang.Object, java.lang.Object, java.lang.Object, java.lang.Object, java.lang.Object, java.lang.Object, java.lang.Object, java.lang.Object, java.lang.Object)'> (0x00000000ecde8280) 
thrown [s\src\hotspot\share\interpreter\linkResolver.cpp,
Event: 503.375 Thread 0x00000251f42b5340 Exception <a 'java/lang/NoSuchMethodError'{0x00000000ecdeeef8}: 'java.lang.Object java.lang.invoke.DirectMethodHandle$Holder.invokeSpecial(java.lang.Object, java.lang.Object, java.lang.Object, java.lang.Object, java.lang.Object, java.lang.Object, java.lang.Object, java.lang.Object, java.lang.Object, java.lang.Object, java.lang.Object, java.lang.Object, java.lang.Object, java.lang.Object, java.lang.Object, java.lang.Object, java.lang.Object)'> (0x00000000ecdeeef8) 
thrown [s\src\hotspot\share\interpreter\li
Event: 503.381 Thread 0x00000251f42b5340 Exception <a 'java/lang/NoSuchMethodError'{0x00000000ecdf8330}: 'java.lang.Object java.lang.invoke.DelegatingMethodHandle$Holder.reinvoke_L(java.lang.Object, java.lang.Object, java.lang.Object, java.lang.Object, java.lang.Object, java.lang.Object, java.lang.Object, java.lang.Object, java.lang.Object, java.lang.Object, java.lang.Object, java.lang.Object, java.lang.Object, java.lang.Object, java.lang.Object, java.lang.Object)'> (0x00000000ecdf8330) 
thrown [s\src\hotspot\share\interpreter\linkResolver.cpp, l

ZGC Phase Switch (0 events):
No events

VM Operations (20 events):
Event: 500.835 Executing safepoint VM operation: Cleanup
Event: 500.850 Executing safepoint VM operation: Cleanup done
Event: 501.861 Executing safepoint VM operation: Cleanup
Event: 501.876 Executing safepoint VM operation: Cleanup done
Event: 503.888 Executing safepoint VM operation: Cleanup
Event: 503.903 Executing safepoint VM operation: Cleanup done
Event: 504.911 Executing safepoint VM operation: Cleanup
Event: 504.942 Executing safepoint VM operation: Cleanup done
Event: 505.945 Executing safepoint VM operation: Cleanup
Event: 505.960 Executing safepoint VM operation: Cleanup done
Event: 507.974 Executing safepoint VM operation: Cleanup
Event: 507.974 Executing safepoint VM operation: Cleanup done
Event: 508.977 Executing safepoint VM operation: Cleanup
Event: 508.993 Executing safepoint VM operation: Cleanup done
Event: 510.001 Executing safepoint VM operation: Cleanup
Event: 510.017 Executing safepoint VM operation: Cleanup done
Event: 510.049 Executing safepoint VM operation: G1CollectForAllocation (G1 Evacuation Pause)
Event: 511.095 Executing safepoint VM operation: G1CollectForAllocation (G1 Evacuation Pause) done
Event: 512.103 Executing safepoint VM operation: Cleanup
Event: 512.398 Executing safepoint VM operation: Cleanup done

Memory protections (0 events):
No events

Nmethod flushes (20 events):
Event: 168.489 Thread 0x00000251ee98e590 flushing  nmethod 0x00000251dc2e3910
Event: 168.490 Thread 0x00000251ee98e590 flushing  nmethod 0x00000251dc2ed190
Event: 168.490 Thread 0x00000251ee98e590 flushing  nmethod 0x00000251dc2eef90
Event: 168.490 Thread 0x00000251ee98e590 flushing  nmethod 0x00000251dc2ef790
Event: 168.490 Thread 0x00000251ee98e590 flushing  nmethod 0x00000251dc2eff90
Event: 168.490 Thread 0x00000251ee98e590 flushing  nmethod 0x00000251dc37ce10
Event: 168.490 Thread 0x00000251ee98e590 flushing  nmethod 0x00000251dc381590
Event: 168.490 Thread 0x00000251ee98e590 flushing  nmethod 0x00000251dc392790
Event: 168.490 Thread 0x00000251ee98e590 flushing  nmethod 0x00000251dc394d10
Event: 168.490 Thread 0x00000251ee98e590 flushing  nmethod 0x00000251dc395690
Event: 168.490 Thread 0x00000251ee98e590 flushing  nmethod 0x00000251dc3ac590
Event: 168.490 Thread 0x00000251ee98e590 flushing  nmethod 0x00000251dc3ad410
Event: 168.490 Thread 0x00000251ee98e590 flushing  nmethod 0x00000251dc3add10
Event: 168.490 Thread 0x00000251ee98e590 flushing  nmethod 0x00000251dc3ae290
Event: 168.490 Thread 0x00000251ee98e590 flushing  nmethod 0x00000251dc3aef90
Event: 168.490 Thread 0x00000251ee98e590 flushing  nmethod 0x00000251dc3b0590
Event: 168.490 Thread 0x00000251ee98e590 flushing  nmethod 0x00000251dc3b2f90
Event: 168.490 Thread 0x00000251ee98e590 flushing  nmethod 0x00000251dc3b3590
Event: 168.490 Thread 0x00000251ee98e590 flushing  nmethod 0x00000251dc3b4390
Event: 168.490 Thread 0x00000251ee98e590 flushing  nmethod 0x00000251dc3b5f90

Events (20 events):
Event: 291.331 Thread 0x00000251f42b66f0 Thread exited: 0x00000251f42b66f0
Event: 296.920 Thread 0x00000251f42b6060 Thread added: 0x00000251f5b7ba80
Event: 354.134 Thread 0x00000251f42b5340 Thread added: 0x00000251f5b7f590
Event: 356.147 Thread 0x00000251f42b5340 Thread added: 0x00000251f5b7fc20
Event: 356.211 Thread 0x00000251f42b5340 Thread added: 0x00000251f5b802b0
Event: 356.287 Thread 0x00000251f42b5340 Thread added: 0x00000251f5b80940
Event: 356.320 Thread 0x00000251f42b5340 Thread added: 0x00000251f5b80fd0
Event: 356.341 Thread 0x00000251f42b5340 Thread added: 0x00000251f5b81660
Event: 356.396 Thread 0x00000251f42b5340 Thread added: 0x00000251f4c86a90
Event: 360.644 Thread 0x00000251f4c856e0 Thread exited: 0x00000251f4c856e0
Event: 373.824 Thread 0x00000251f42b5340 Thread added: 0x00000251f4c85d70
Event: 373.827 Thread 0x00000251f42b5340 Thread added: 0x00000251f42b66f0
Event: 373.829 Thread 0x00000251f42b5340 Thread added: 0x00000251f4f3d5a0
Event: 373.830 Thread 0x00000251f42b5340 Thread added: 0x00000251f4f3ae40
Event: 373.831 Thread 0x00000251f42b5340 Thread added: 0x00000251f4f3bb60
Event: 373.833 Thread 0x00000251f42b5340 Thread added: 0x00000251f4f3e2c0
Event: 373.840 Thread 0x00000251f42b5340 Thread added: 0x00000251f4f3b4d0
Event: 386.930 Thread 0x00000251f42b5340 Thread added: 0x00000251f4f3e950
Event: 461.199 Thread 0x00000251f5b7ba80 Thread exited: 0x00000251f5b7ba80
Event: 505.595 Thread 0x00000251f42b5340 Thread added: 0x00000251f4f3c1f0


Dynamic libraries:
0x00007ff6aaf70000 - 0x00007ff6aaf7e000 	C:\Users\NAGARAJU\.antigravity-ide\extensions\redhat.java-1.56.0-win32-x64\jre\21.0.12.1-win32-x86_64\bin\java.exe
0x00007ffba2e60000 - 0x00007ffba30c6000 	C:\WINDOWS\SYSTEM32\ntdll.dll
0x00007ffba16f0000 - 0x00007ffba17b9000 	C:\WINDOWS\System32\KERNEL32.DLL
0x00007ffba01d0000 - 0x00007ffba05cf000 	C:\WINDOWS\System32\KERNELBASE.dll
0x00007ffba0070000 - 0x00007ffba01bc000 	C:\WINDOWS\System32\ucrtbase.dll
0x00007ffb616c0000 - 0x00007ffb616d8000 	C:\Users\NAGARAJU\.antigravity-ide\extensions\redhat.java-1.56.0-win32-x64\jre\21.0.12.1-win32-x86_64\bin\jli.dll
0x00007ffba2320000 - 0x00007ffba24e6000 	C:\WINDOWS\System32\USER32.dll
0x00007ffba08a0000 - 0x00007ffba08c7000 	C:\WINDOWS\System32\win32u.dll
0x00007ffba2df0000 - 0x00007ffba2e1b000 	C:\WINDOWS\System32\GDI32.dll
0x00007ffba05e0000 - 0x00007ffba0709000 	C:\WINDOWS\System32\gdi32full.dll
0x00007ffba0ae0000 - 0x00007ffba0b83000 	C:\WINDOWS\System32\msvcp_win.dll
0x00007ffb616e0000 - 0x00007ffb616fe000 	C:\Users\NAGARAJU\.antigravity-ide\extensions\redhat.java-1.56.0-win32-x64\jre\21.0.12.1-win32-x86_64\bin\VCRUNTIME140.dll
0x00007ffb88780000 - 0x00007ffb88a11000 	C:\WINDOWS\WinSxS\amd64_microsoft.windows.common-controls_6595b64144ccf1df_6.0.26100.8972_none_3e0da176e32f9d4b\COMCTL32.dll
0x00007ffba24f0000 - 0x00007ffba2599000 	C:\WINDOWS\System32\msvcrt.dll
0x00007ffba2150000 - 0x00007ffba2182000 	C:\WINDOWS\System32\IMM32.DLL
0x00007ffb83500000 - 0x00007ffb8350c000 	C:\Users\NAGARAJU\.antigravity-ide\extensions\redhat.java-1.56.0-win32-x64\jre\21.0.12.1-win32-x86_64\bin\vcruntime140_1.dll
0x00007ffb1bac0000 - 0x00007ffb1bb4d000 	C:\Users\NAGARAJU\.antigravity-ide\extensions\redhat.java-1.56.0-win32-x64\jre\21.0.12.1-win32-x86_64\bin\msvcp140.dll
0x00007ffac8530000 - 0x00007ffac92d2000 	C:\Users\NAGARAJU\.antigravity-ide\extensions\redhat.java-1.56.0-win32-x64\jre\21.0.12.1-win32-x86_64\bin\server\jvm.dll
0x00007ffba0d00000 - 0x00007ffba0dbc000 	C:\WINDOWS\System32\ADVAPI32.dll
0x00007ffba28a0000 - 0x00007ffba294a000 	C:\WINDOWS\System32\sechost.dll
0x00007ffba25a0000 - 0x00007ffba26b8000 	C:\WINDOWS\System32\RPCRT4.dll
0x00007ffba1ab0000 - 0x00007ffba1b32000 	C:\WINDOWS\System32\WS2_32.dll
0x00007ffb9fed0000 - 0x00007ffb9ff2e000 	C:\WINDOWS\SYSTEM32\POWRPROF.dll
0x00007ffb99840000 - 0x00007ffb99876000 	C:\WINDOWS\SYSTEM32\WINMM.dll
0x00007ffb99880000 - 0x00007ffb9988b000 	C:\WINDOWS\SYSTEM32\VERSION.dll
0x00007ffb9feb0000 - 0x00007ffb9fec5000 	C:\WINDOWS\SYSTEM32\UMPDC.dll
0x00007ffb9ed60000 - 0x00007ffb9ed7b000 	C:\WINDOWS\SYSTEM32\kernel.appcore.dll
0x00007ffb82eb0000 - 0x00007ffb82eba000 	C:\Users\NAGARAJU\.antigravity-ide\extensions\redhat.java-1.56.0-win32-x64\jre\21.0.12.1-win32-x86_64\bin\jimage.dll
0x00007ffb94900000 - 0x00007ffb94b42000 	C:\WINDOWS\SYSTEM32\DBGHELP.DLL
0x00007ffba2a10000 - 0x00007ffba2d95000 	C:\WINDOWS\System32\combase.dll
0x00007ffba21c0000 - 0x00007ffba2299000 	C:\WINDOWS\System32\OLEAUT32.dll
0x00007ffb81c30000 - 0x00007ffb81c6b000 	C:\WINDOWS\SYSTEM32\dbgcore.DLL
0x00007ffba08d0000 - 0x00007ffba097c000 	C:\WINDOWS\System32\bcryptPrimitives.dll
0x00007ffb65d80000 - 0x00007ffb65d8f000 	C:\Users\NAGARAJU\.antigravity-ide\extensions\redhat.java-1.56.0-win32-x64\jre\21.0.12.1-win32-x86_64\bin\instrument.dll
0x00007ffb5fe50000 - 0x00007ffb5fe70000 	C:\Users\NAGARAJU\.antigravity-ide\extensions\redhat.java-1.56.0-win32-x64\jre\21.0.12.1-win32-x86_64\bin\java.dll
0x00007ffba0f50000 - 0x00007ffba16d8000 	C:\WINDOWS\System32\SHELL32.dll
0x00007ffb9db40000 - 0x00007ffb9e3db000 	C:\WINDOWS\SYSTEM32\windows.storage.dll
0x00007ffba0dd0000 - 0x00007ffba0ec9000 	C:\WINDOWS\System32\SHCORE.dll
0x00007ffba0c90000 - 0x00007ffba0cf6000 	C:\WINDOWS\System32\shlwapi.dll
0x00007ffb9ff90000 - 0x00007ffb9ffb9000 	C:\WINDOWS\SYSTEM32\profapi.dll
0x00007ffb4d020000 - 0x00007ffb4d038000 	C:\Users\NAGARAJU\.antigravity-ide\extensions\redhat.java-1.56.0-win32-x64\jre\21.0.12.1-win32-x86_64\bin\zip.dll
0x00007ffb72940000 - 0x00007ffb72950000 	C:\Users\NAGARAJU\.antigravity-ide\extensions\redhat.java-1.56.0-win32-x64\jre\21.0.12.1-win32-x86_64\bin\net.dll
0x00007ffb95940000 - 0x00007ffb95a68000 	C:\WINDOWS\SYSTEM32\WINHTTP.dll
0x00007ffb9f310000 - 0x00007ffb9f37c000 	C:\WINDOWS\system32\mswsock.dll
0x00007ffb5f9d0000 - 0x00007ffb5f9e6000 	C:\Users\NAGARAJU\.antigravity-ide\extensions\redhat.java-1.56.0-win32-x64\jre\21.0.12.1-win32-x86_64\bin\nio.dll
0x00007ffb62900000 - 0x00007ffb62910000 	C:\Users\NAGARAJU\.antigravity-ide\extensions\redhat.java-1.56.0-win32-x64\jre\21.0.12.1-win32-x86_64\bin\verify.dll
0x00007ffb83540000 - 0x00007ffb83567000 	C:\Users\NAGARAJU\.gradle\native\c067742578af261105cb4f569cf0c3c89f3d7b1fecec35dd04571415982c5e48\windows-amd64\native-platform.dll
0x00007ffb597c0000 - 0x00007ffb59904000 	C:\Users\NAGARAJU\.gradle\native\100fb08df4bc3b14c8652ba06237920a3bd2aa13389f12d3474272988ae205f9\windows-amd64\native-platform-file-events.dll
0x00007ffb95860000 - 0x00007ffb9586a000 	C:\Users\NAGARAJU\.antigravity-ide\extensions\redhat.java-1.56.0-win32-x64\jre\21.0.12.1-win32-x86_64\bin\management.dll
0x00007ffb831e0000 - 0x00007ffb831ec000 	C:\Users\NAGARAJU\.antigravity-ide\extensions\redhat.java-1.56.0-win32-x64\jre\21.0.12.1-win32-x86_64\bin\management_ext.dll
0x00007ffba1cb0000 - 0x00007ffba1cb8000 	C:\WINDOWS\System32\PSAPI.DLL
0x00007ffb9f600000 - 0x00007ffb9f61b000 	C:\WINDOWS\SYSTEM32\CRYPTSP.dll
0x00007ffb9ecc0000 - 0x00007ffb9ecf9000 	C:\WINDOWS\system32\rsaenh.dll
0x00007ffb9f3c0000 - 0x00007ffb9f3f2000 	C:\WINDOWS\SYSTEM32\USERENV.dll
0x00007ffb9ff60000 - 0x00007ffb9ff8a000 	C:\WINDOWS\SYSTEM32\bcrypt.dll
0x00007ffb9f620000 - 0x00007ffb9f62c000 	C:\WINDOWS\SYSTEM32\CRYPTBASE.dll
0x00007ffb9e6b0000 - 0x00007ffb9e6e3000 	C:\WINDOWS\SYSTEM32\IPHLPAPI.DLL
0x00007ffba16e0000 - 0x00007ffba16ea000 	C:\WINDOWS\System32\NSI.dll
0x00007ffb831d0000 - 0x00007ffb831d9000 	C:\Users\NAGARAJU\.antigravity-ide\extensions\redhat.java-1.56.0-win32-x64\jre\21.0.12.1-win32-x86_64\bin\extnet.dll
0x00007ffb831c0000 - 0x00007ffb831ce000 	C:\Users\NAGARAJU\.antigravity-ide\extensions\redhat.java-1.56.0-win32-x64\jre\21.0.12.1-win32-x86_64\bin\sunmscapi.dll
0x00007ffba0710000 - 0x00007ffba088e000 	C:\WINDOWS\System32\CRYPT32.dll
0x00007ffb9f840000 - 0x00007ffb9f870000 	C:\WINDOWS\SYSTEM32\ncrypt.dll
0x00007ffb9f7f0000 - 0x00007ffb9f82f000 	C:\WINDOWS\SYSTEM32\NTASN1.dll
0x00007ffb15860000 - 0x00007ffb15868000 	C:\WINDOWS\system32\wshunix.dll

JVMTI agents:
C:\Users\NAGARAJU\.gradle\wrapper\dists\gradle-8.9-bin\90cnw93cvbtalezasaz0blq0a\gradle-8.9\lib\agents\gradle-instrumentation-agent-8.9.jar path:C:\Users\NAGARAJU\.antigravity-ide\extensions\redhat.java-1.56.0-win32-x64\jre\21.0.12.1-win32-x86_64\bin\instrument.dll, loaded, initialized, instrumentlib options:none

dbghelp: loaded successfully - version: 4.0.5 - missing functions: none
symbol engine: initialized successfully - sym options: 0x614 - pdb path: .;C:\Users\NAGARAJU\.antigravity-ide\extensions\redhat.java-1.56.0-win32-x64\jre\21.0.12.1-win32-x86_64\bin;C:\WINDOWS\SYSTEM32;C:\WINDOWS\WinSxS\amd64_microsoft.windows.common-controls_6595b64144ccf1df_6.0.26100.8972_none_3e0da176e32f9d4b;C:\Users\NAGARAJU\.antigravity-ide\extensions\redhat.java-1.56.0-win32-x64\jre\21.0.12.1-win32-x86_64\bin\server;C:\Users\NAGARAJU\.gradle\native\c067742578af261105cb4f569cf0c3c89f3d7b1fecec35dd04571415982c5e48\windows-amd64;C:\Users\NAGARAJU\.gradle\native\100fb08df4bc3b14c8652ba06237920a3bd2aa13389f12d3474272988ae205f9\windows-amd64

VM Arguments:
jvm_args: --add-opens=java.base/java.util=ALL-UNNAMED --add-opens=java.base/java.lang=ALL-UNNAMED --add-opens=java.base/java.lang.invoke=ALL-UNNAMED --add-opens=java.prefs/java.util.prefs=ALL-UNNAMED --add-exports=jdk.compiler/com.sun.tools.javac.api=ALL-UNNAMED --add-exports=jdk.compiler/com.sun.tools.javac.util=ALL-UNNAMED --add-opens=java.base/java.nio.charset=ALL-UNNAMED --add-opens=java.base/java.net=ALL-UNNAMED --add-opens=java.base/java.util.concurrent.atomic=ALL-UNNAMED -XX:MaxMetaspaceSize=384m -XX:+HeapDumpOnOutOfMemoryError -Xms256m -Xmx512m -Dfile.encoding=utf8 -Duser.country=IN -Duser.language=en -Duser.variant -javaagent:C:\Users\NAGARAJU\.gradle\wrapper\dists\gradle-8.9-bin\90cnw93cvbtalezasaz0blq0a\gradle-8.9\lib\agents\gradle-instrumentation-agent-8.9.jar 
java_command: org.gradle.launcher.daemon.bootstrap.GradleDaemon 8.9
java_class_path (initial): C:\Users\NAGARAJU\.gradle\wrapper\dists\gradle-8.9-bin\90cnw93cvbtalezasaz0blq0a\gradle-8.9\lib\gradle-daemon-main-8.9.jar
Launcher Type: SUN_STANDARD

[Global flags]
     intx CICompilerCount                          = 4                                         {product} {ergonomic}
   size_t CompressedClassSpaceSize                 = 335544320                                 {product} {ergonomic}
     uint ConcGCThreads                            = 2                                         {product} {ergonomic}
     uint G1ConcRefinementThreads                  = 8                                         {product} {ergonomic}
   size_t G1HeapRegionSize                         = 1048576                                   {product} {ergonomic}
    uintx GCDrainStackTargetSize                   = 64                                        {product} {ergonomic}
     bool HeapDumpOnOutOfMemoryError               = true                                   {manageable} {command line}
   size_t InitialHeapSize                          = 268435456                                 {product} {command line}
   size_t MarkStackSize                            = 4194304                                   {product} {ergonomic}
   size_t MaxHeapSize                              = 536870912                                 {product} {command line}
   size_t MaxMetaspaceSize                         = 402653184                                 {product} {command line}
   size_t MaxNewSize                               = 321912832                                 {product} {ergonomic}
   size_t MinHeapDeltaBytes                        = 1048576                                   {product} {ergonomic}
   size_t MinHeapSize                              = 268435456                                 {product} {command line}
    uintx NonNMethodCodeHeapSize                   = 5839372                                {pd product} {ergonomic}
    uintx NonProfiledCodeHeapSize                  = 122909434                              {pd product} {ergonomic}
    uintx ProfiledCodeHeapSize                     = 122909434                              {pd product} {ergonomic}
    uintx ReservedCodeCacheSize                    = 251658240                              {pd product} {ergonomic}
     bool SegmentedCodeCache                       = true                                      {product} {ergonomic}
   size_t SoftMaxHeapSize                          = 536870912                              {manageable} {ergonomic}
     bool UseCompressedOops                        = true                           {product lp64_product} {ergonomic}
     bool UseG1GC                                  = true                                      {product} {ergonomic}
     bool UseLargePagesIndividualAllocation        = false                                  {pd product} {ergonomic}

Logging:
Log output configuration:
 #0: stdout all=warning uptime,level,tags foldmultilines=false
 #1: stderr all=off uptime,level,tags foldmultilines=false

Release file:
JAVA_VERSION="21.0.12.1" 
MODULES="java.base java.compiler java.datatransfer java.xml java.prefs java.desktop java.instrument java.logging java.management java.security.sasl java.naming java.rmi java.management.rmi java.net.http java.scripting java.security.jgss java.transaction.xa java.sql java.sql.rowset java.xml.crypto java.se java.smartcardio jdk.accessibility jdk.internal.jvmstat jdk.attach jdk.charsets jdk.internal.opt jdk.zipfs jdk.compiler jdk.crypto.ec jdk.crypto.cryptoki jdk.crypto.mscapi jdk.dynalink jdk.internal.ed jdk.editpad jdk.hotspot.agent jdk.httpserver jdk.internal.le jdk.internal.vm.ci jdk.internal.vm.compiler jdk.internal.vm.compiler.management jdk.jartool jdk.javadoc jdk.jcmd jdk.management jdk.management.agent jdk.jconsole jdk.jdeps jdk.jdwp.agent jdk.jdi jdk.jfr jdk.jshell jdk.jsobject jdk.jstatd jdk.localedata jdk.management.jfr jdk.naming.dns jdk.naming.rmi jdk.net jdk.nio.mapmode jdk.random jdk.sctp jdk.security.auth jdk.security.jgss jdk.unsupported jdk.unsupported.desktop jdk.xml.dom" 

Environment Variables:
JAVA_HOME=C:\Program Files\Eclipse Adoptium\jdk-21.0.11.10-hotspot
PATH=C:\Program Files\Eclipse Adoptium\jdk-21.0.11.10-hotspot\bin;C:\Program Files\Eclipse Adoptium\jdk-11.0.26.4-hotspot\bin;C:\Program Files\Eclipse Adoptium\jdk-17.0.14.7-hotspot\bin;C:\Program Files\Java\jdk-17\bin;C:\Program Files\nodejs;E:\Android\Sdk\platform-tools;E:\Android\Sdk\emulator;E:\Android\Sdk\cmdline-tools\latest\bin;C:\Users\NAGARAJU\AppData\Local\Android\Sdk\platform-tools;C:\Users\NAGARAJU\AppData\Local\Android\Sdk\emulator;C:\Users\NAGARAJU\AppData\Local\Android\Sdk\cmdline-tools\latest\bin;C:\Program Files\Eclipse Adoptium\jdk-21.0.11.10-hotspot\bin;C:\Program Files\Eclipse Adoptium\jdk-11.0.26.4-hotspot\bin;C:\Program Files\Eclipse Adoptium\jdk-17.0.14.7-hotspot\bin;C:\Program Files\Java\jdk-17\bin;C:\Program Files\nodejs;E:\Android\Sdk\platform-tools;E:\Android\Sdk\emulator;E:\Android\Sdk\cmdline-tools\latest\bin;C:\Users\NAGARAJU\AppData\Local\Android\Sdk\platform-tools;C:\Users\NAGARAJU\AppData\Local\Android\Sdk\emulator;C:\Users\NAGARAJU\AppData\Local\Android\Sdk\cmdline-tools\latest\bin;C:\Program Files\Eclipse Adoptium\jdk-21.0.11.10-hotspot\bin;C:\Program Files\Eclipse Adoptium\jdk-11.0.26.4-hotspot\bin;C:\Program Files\Eclipse Adoptium\jdk-17.0.14.7-hotspot\bin;C:\Program Files\Java\jdk-17\bin;C:\Program Files\nodejs;E:\Android\Sdk\platform-tools;E:\Android\Sdk\emulator;E:\Android\Sdk\cmdline-tools\latest\bin;C:\Users\NAGARAJU\AppData\Local\Android\Sdk\platform-tools;C:\Users\NAGARAJU\AppData\Local\Android\Sdk\emulator;C:\Users\NAGARAJU\AppData\Local\Android\Sdk\cmdline-tools\latest\bin;C:\WINDOWS\System32;C:\ProgramData\chocolatey\bin;C:\Program Files\nodejs\;C:\Program Files\Git\cmd;C:\Windows\System32;C:\Windows\System32\WindowsPowerShell\v1.0;C:\Windows\System32\OpenSSH;C:\Windows\System32\WindowsPowerShell\v1.0\;C:\Users\NAGARAJU\Downloads\stripe_1.30.0_windows_x86_64;C:\WINDOWS\system32;C:\WINDOWS;C:\WINDOWS\System32\Wbem;C:\WINDOWS\System32\WindowsPowerShell\v1.0\;C:\WINDOWS\System32\OpenSSH\;C:\ProgramData\chocolatey\bin;C:\Program Files\nodejs\;C:\Program Files\Git\cmd;C:\Windows\System32;C:\Windows\System32\WindowsPowerShell\v1.0;C:\Windows\System32\OpenSSH;C:\Windows\System32\WindowsPowerShell\v1.0\;C:\Users\NAGARAJU\Downloads\stripe_1.30.0_windows_x86_64;C:\WINDOWS\system32;C:\WINDOWS;C:\WINDOWS\System32\Wbem;C:\WINDOWS\System32\WindowsPowerShell\v1.0\;C:\WINDOWS\System32\OpenSSH\;C:\ProgramData\chocolatey\bin;C:\Program Files\nodejs\;C:\Program Files\Git\cmd;C:\Windows\System32;C:\Windows\System32\WindowsPowerShell\v1.0;C:\Windows\System32\OpenSSH;C:\Windows\System32\WindowsPowerShell\v1.0\;C:\Users\NAGARAJU\Downloads\stripe_1.30.0_windows_x86_64;C:\WINDOWS\system32;C:\WINDOWS;C:\WINDOWS\System32\Wbem;C:\WINDOWS\System32\WindowsPowerShell\v1.0\;C:\WINDOWS\System32\OpenSSH\;C:\Program Files\Eclipse Adoptium\jdk-21.0.11.10-hotspot\bin;C:\Program Files\Eclipse Adoptium\jdk-11.0.26.4-hotspot\bin;C:\Program Files\Eclipse Adoptium\jdk-17.0.14.7-hotspot\bin;C:\Program Files\Java\jdk-17\bin;C:\Program Files\nodejs;E:\Android\Sdk\platform-tools;E:\Android\Sdk\emulator;E:\Android\Sdk\cmdline-tools\latest\bin;C:\Users\NAGARAJU\AppData\Local\Android\Sdk\platform-tools;C:\Users\NAGARAJU\AppData\Local\Android\Sdk\emulator;C:\Users\NAGARAJU\AppData\Local\Android\Sdk\cmdline-tools\latest\bin;C:\Program Files\Eclipse Adoptium\jdk-21.0.11.10-hotspot\bin;C:\Program Files\Eclipse Adoptium\jdk-11.0.26.4-hotspot\bin;C:\Program Files\Eclipse Adoptium\jdk-17.0.14.7-hotspot\bin;C:\Program Files\Java\jdk-17\bin;C:\Program Files\nodejs;E:\Android\Sdk\platform-tools;E:\Android\Sdk\emulator;E:\Android\Sdk\cmdline-tools\latest\bin;C:\Users\NAGARAJU\AppData\Local\Android\Sdk\platform-tools;C:\Users\NAGARAJU\AppData\Local\Android\Sdk\emulator;C:\Users\NAGARAJU\AppData\Local\Android\Sdk\cmdline-tools\latest\bin;C:\Program Files\Eclipse Adoptium\jdk-21.0.11.10-hotspot\bin;C:\Program Files\Eclipse Adoptium\jdk-11.0.26.4-hotspot\bin;C:\Program Files\Eclipse Adoptium\jdk-17.0.14.7-hotspot\bin;C:\Program Files\Java\jdk-17\bin;C:\Program Files\nodejs;E:\Android\Sdk\platform-tools;E:\Android\Sdk\emulator;E:\Android\Sdk\cmdline-tools\latest\bin;C:\Users\NAGARAJU\AppData\Local\Android\Sdk\platform-tools;C:\Users\NAGARAJU\AppData\Local\Android\Sdk\emulator;C:\Users\NAGARAJU\AppData\Local\Android\Sdk\cmdline-tools\latest\bin;C:\WINDOWS\System32;C:\ProgramData\chocolatey\bin;C:\Program Files\nodejs\;C:\Program Files\Git\cmd;C:\Windows\System32;C:\Windows\System32\WindowsPowerShell\v1.0;C:\Windows\System32\OpenSSH;C:\Windows\System32\WindowsPowerShell\v1.0\;C:\Users\NAGARAJU\Downloads\stripe_1.30.0_windows_x86_64;C:\WINDOWS\system32;C:\WINDOWS;C:\WINDOWS\System32\Wbem;C:\WINDOWS\System32\WindowsPowerShell\v1.0\;C:\WINDOWS\System32\OpenSSH\;C:\ProgramData\chocolatey\bin;C:\Program Files\nodejs\;C:\Program Files\Git\cmd;C:\Windows\System32;C:\Windows\System32\WindowsPowerShell\v1.0;C:\Windows\System32\OpenSSH;C:\Windows\System32\WindowsPowerShell\v1.0\;C:\Users\NAGARAJU\Downloads\stripe_1.30.0_windows_x86_64;C:\WINDOWS\system32;C:\WINDOWS;C:\WINDOWS\System32\Wbem;C:\WINDOWS\System32\WindowsPowerShell\v1.0\;C:\WINDOWS\System32\OpenSSH\;C:\ProgramData\chocolatey\bin;C:\Program Files\nodejs\;C:\Program Files\Git\cmd;C:\Windows\System32;C:\Windows\System32\WindowsPowerShell\v1.0;C:\Windows\System32\OpenSSH;C:\Windows\System32\WindowsPowerShell\v1.0\;C:\Users\NAGARAJU\Downloads\stripe_1.30.0_windows_x86_64;C:\WINDOWS\system32;C:\WINDOWS;C:\WINDOWS\System32\Wbem;C:\WINDOWS\System32\WindowsPowerShell\v1.0\;C:\WINDOWS\System32\OpenSSH\;C:\Users\NAGARAJU\AppData\Local\Android\Sdk\platform-tools;C:\Users\NAGARAJU\AppData\Local\Android\Sdk\cmdline-tools\latest\bin;C:\Users\NAGARAJU\AppData\Roaming\npm;C:\Users\NAGARAJU\AppData\Local\Programs\Microsoft VS Code\bin;C:\Users\NAGARAJU\AppData\Local\Programs\Antigravity IDE\bin;C:\Users\NAGARAJU\AppData\Local\Microsoft\WindowsApps;C:\Users\NAGARAJU\AppData\Local\Kingsoft\WPS Office\12.1.0.27458\clitool
USERNAME=NAGARAJU
OS=Windows_NT
PROCESSOR_IDENTIFIER=AMD64 Family 23 Model 104 Stepping 1, AuthenticAMD
TMP=C:\Users\NAGARAJU\AppData\Local\Temp
TEMP=C:\Users\NAGARAJU\AppData\Local\Temp




Periodic native trim disabled

---------------  S Y S T E M  ---------------

OS:
 Windows 11 , 64 bit Build 26100 (10.0.26100.9168)
OS uptime: 0 days 1:23 hours

CPU: total 8 (initial active 8) (8 cores per cpu, 2 threads per core) family 23 model 104 stepping 1 microcode 0x8608109, cx8, cmov, fxsr, ht, mmx, 3dnowpref, sse, sse2, sse3, ssse3, sse4a, sse4.1, sse4.2, popcnt, lzcnt, tsc, tscinvbit, avx, avx2, aes, clmul, bmi1, bmi2, adx, sha, fma, vzeroupper, clflush, clflushopt, rdtscp, rdpid, f16c
Processor Information for processor 0
  Max Mhz: 2600, Current Mhz: 2600, Mhz Limit: 2600
Processor Information for processor 1
  Max Mhz: 2600, Current Mhz: 2600, Mhz Limit: 2600
Processor Information for processor 2
  Max Mhz: 2600, Current Mhz: 2600, Mhz Limit: 2600
Processor Information for processor 3
  Max Mhz: 2600, Current Mhz: 2600, Mhz Limit: 2600
Processor Information for processor 4
  Max Mhz: 2600, Current Mhz: 2600, Mhz Limit: 2600
Processor Information for processor 5
  Max Mhz: 2600, Current Mhz: 2600, Mhz Limit: 2600
Processor Information for processor 6
  Max Mhz: 2600, Current Mhz: 2600, Mhz Limit: 2600
Processor Information for processor 7
  Max Mhz: 2600, Current Mhz: 2080, Mhz Limit: 2600

Memory: 4k page, system-wide physical 7502M (406M free)
TotalPageFile size 40270M (AvailPageFile size 0M)
current process WorkingSet (physical memory assigned to process): 141M, peak: 188M
current process commit charge ("private bytes"): 479M, peak: 492M

vm_info: OpenJDK 64-Bit Server VM (21.0.12.1+1-LTS) for windows-amd64 JRE (21.0.12.1+1-LTS), built on 2026-08-18T00:00:00Z by "admin" with MS VC++ 17.12 (VS2022)

END.
