#
# There is insufficient memory for the Java Runtime Environment to continue.
# Native memory allocation (mmap) failed to map 65536 bytes. Error detail: Failed to commit metaspace.
# Possible reasons:
#   The system is out of physical RAM or swap space
#   This process is running with CompressedOops enabled, and the Java Heap may be blocking the growth of the native heap
# Possible solutions:
#   Reduce memory load on the system
#   Increase physical memory or swap space
#   Check if swap backing store is full
#   Decrease Java heap size (-Xmx/-Xms)
#   Decrease number of Java threads
#   Decrease Java thread stack sizes (-Xss)
#   Set larger code cache with -XX:ReservedCodeCacheSize=
#   JVM is running with Zero Based Compressed Oops mode in which the Java heap is
#     placed in the first 32GB address space. The Java Heap base address is the
#     maximum limit for the native heap growth. Please use -XX:HeapBaseMinAddress
#     to set the Java Heap base and to place the Java Heap above 32GB virtual address.
# This output file may be truncated or incomplete.
#
#  Out of Memory Error (virtualSpaceNode.cpp:113), pid=32528, tid=33468
#
# JRE version: OpenJDK Runtime Environment Temurin-21.0.12.1+1 (21.0.12.1+1) (build 21.0.12.1+1-LTS)
# Java VM: OpenJDK 64-Bit Server VM Temurin-21.0.12.1+1 (21.0.12.1+1-LTS, mixed mode, sharing, tiered, compressed oops, compressed class ptrs, g1 gc, windows-amd64)
# No core dump will be written. Minidumps are not enabled by default on client versions of Windows
#

---------------  S U M M A R Y ------------

Command Line: --add-opens=java.base/java.lang=ALL-UNNAMED --add-opens=java.base/java.lang.invoke=ALL-UNNAMED --add-opens=java.base/java.util=ALL-UNNAMED --add-opens=java.prefs/java.util.prefs=ALL-UNNAMED --add-exports=jdk.compiler/com.sun.tools.javac.api=ALL-UNNAMED --add-exports=jdk.compiler/com.sun.tools.javac.util=ALL-UNNAMED --add-opens=java.base/java.util=ALL-UNNAMED --add-opens=java.prefs/java.util.prefs=ALL-UNNAMED --add-opens=java.base/java.nio.charset=ALL-UNNAMED --add-opens=java.base/java.net=ALL-UNNAMED --add-opens=java.base/java.util.concurrent.atomic=ALL-UNNAMED --add-opens=java.xml/javax.xml.namespace=ALL-UNNAMED -Xmx4096m -Dfile.encoding=UTF-8 -Duser.country=IN -Duser.language=en -Duser.variant -javaagent:C:\Users\NAGARAJU\.gradle\wrapper\dists\gradle-8.14.1-bin\baw1sv0jfoi8rxs14qo3h49cs\gradle-8.14.1\lib\agents\gradle-instrumentation-agent-8.14.1.jar org.gradle.launcher.daemon.bootstrap.GradleDaemon 8.14.1

Host: AMD Ryzen 3 5300U with Radeon Graphics         , 8 cores, 7G,  Windows 11 , 64 bit Build 26100 (10.0.26100.9168)
Time: Sat Sep  5 00:03:43 2026 India Standard Time elapsed time: 1109.196054 seconds (0d 0h 18m 29s)

---------------  T H R E A D  ---------------

Current thread (0x000001aaf8562a40):  JavaThread "Daemon worker"        [_thread_in_vm, id=33468, stack(0x0000008bf2a00000,0x0000008bf2b00000) (1024K)]

Stack: [0x0000008bf2a00000,0x0000008bf2b00000]
Native frames: (J=compiled Java code, j=interpreted, Vv=VM code, C=native code)
V  [jvm.dll+0x6d83e9]
V  [jvm.dll+0x8b5736]
V  [jvm.dll+0x8b7cee]
V  [jvm.dll+0x8b83d3]
V  [jvm.dll+0x284596]
V  [jvm.dll+0x8b147e]
V  [jvm.dll+0x679ad4]
V  [jvm.dll+0x1e849b]
V  [jvm.dll+0x1e825e]
V  [jvm.dll+0x67c3d2]
V  [jvm.dll+0x67c202]
V  [jvm.dll+0x67a4ae]
V  [jvm.dll+0x27191c]
V  [jvm.dll+0x72e719]
V  [jvm.dll+0x72f21f]
V  [jvm.dll+0x3ccb91]
V  [jvm.dll+0x3cca4b]
V  [jvm.dll+0x478825]
V  [jvm.dll+0x483fbd]
C  0x000001aae34b60aa

The last pc belongs to native nmethod (printed below).
Java frames: (J=compiled Java code, j=interpreted, Vv=VM code)
J 2724  java.lang.Class.getDeclaredMethods0(Z)[Ljava/lang/reflect/Method; java.base@21.0.12.1 (0 bytes) @ 0x000001aae34b6013 [0x000001aae34b5fc0+0x0000000000000053]
J 2695 c1 java.lang.Class.privateGetDeclaredMethods(Z)[Ljava/lang/reflect/Method; java.base@21.0.12.1 (64 bytes) @ 0x000001aadbdd21c4 [0x000001aadbdd2040+0x0000000000000184]
J 4546 c1 java.lang.Class.getDeclaredMethods()[Ljava/lang/reflect/Method; java.base@21.0.12.1 (27 bytes) @ 0x000001aadc14a094 [0x000001aadc149f60+0x0000000000000134]
J 5442 c1 org.gradle.internal.reflect.ClassInspector.inspectClass(Ljava/lang/Class;Lorg/gradle/internal/reflect/MutableClassDetails;)V (179 bytes) @ 0x000001aadb99837c [0x000001aadb998300+0x000000000000007c]
j  org.gradle.internal.reflect.ClassInspector.visitGraph(Ljava/lang/Class;Lorg/gradle/internal/reflect/MutableClassDetails;)V+81
j  org.gradle.internal.reflect.ClassInspector.inspect(Ljava/lang/Class;)Lorg/gradle/internal/reflect/ClassDetails;+11
j  org.gradle.internal.instantiation.generator.AbstractClassGenerator.inspectType(Ljava/lang/Class;Ljava/util/List;Ljava/util/List;Lorg/gradle/internal/instantiation/generator/AbstractClassGenerator$UnclaimedPropertyHandler;)V+1
j  org.gradle.internal.instantiation.generator.AbstractClassGenerator.generateUnderLock(Ljava/lang/Class;)Lorg/gradle/internal/instantiation/generator/AbstractClassGenerator$GeneratedClassImpl;+363
j  org.gradle.internal.instantiation.generator.AbstractClassGenerator$$Lambda+0x000001aa811cdc88.apply(Ljava/lang/Object;)Ljava/lang/Object;+8
j  org.gradle.cache.internal.DefaultCrossBuildInMemoryCacheFactory$AbstractCrossBuildInMemoryCache.produce(Ljava/util/function/Function;Ljava/lang/Object;)Ljava/lang/Object;+2
j  org.gradle.cache.internal.DefaultCrossBuildInMemoryCacheFactory$AbstractCrossBuildInMemoryCache.produceAndRetain(Ljava/util/function/Function;Ljava/lang/Object;)Ljava/lang/Object;+3
j  org.gradle.cache.internal.DefaultCrossBuildInMemoryCacheFactory$AbstractCrossBuildInMemoryCache.lambda$get$1(Ljava/util/function/Function;Ljava/lang/Object;)Ljava/lang/Object;+3
j  org.gradle.cache.internal.DefaultCrossBuildInMemoryCacheFactory$AbstractCrossBuildInMemoryCache$$Lambda+0x000001aa811cd1f8.get()Ljava/lang/Object;+12
j  org.gradle.internal.lazy.LockingLazy.get()Ljava/lang/Object;+22
j  org.gradle.cache.internal.DefaultCrossBuildInMemoryCacheFactory$AbstractCrossBuildInMemoryCache.get(Ljava/lang/Object;Ljava/util/function/Function;)Ljava/lang/Object;+18
j  org.gradle.internal.instantiation.generator.AbstractClassGenerator.generate(Ljava/lang/Class;)Lorg/gradle/internal/instantiation/generator/ClassGenerator$GeneratedClass;+14
j  org.gradle.internal.instantiation.generator.AsmBackedClassGenerator.generate(Ljava/lang/Class;)Lorg/gradle/internal/instantiation/generator/ClassGenerator$GeneratedClass;+2
j  org.gradle.internal.instantiation.generator.ParamsMatchingConstructorSelector.forParams(Ljava/lang/Class;[Ljava/lang/Object;)Lorg/gradle/internal/instantiation/generator/ClassGenerator$GeneratedConstructor;+5
j  org.gradle.internal.instantiation.generator.DependencyInjectingInstantiator.doCreate(Ljava/lang/Class;Lorg/gradle/api/Describable;[Ljava/lang/Object;)Ljava/lang/Object;+6
j  org.gradle.internal.instantiation.generator.DependencyInjectingInstantiator.newInstance(Ljava/lang/Class;[Ljava/lang/Object;)Ljava/lang/Object;+4
j  org.gradle.api.internal.artifacts.DefaultDependencyManagementServices$DependencyResolutionScopeServices.createConfigurationContainer(Lorg/gradle/internal/reflect/Instantiator;Lorg/gradle/api/internal/CollectionCallbackActionDecorator;Lorg/gradle/api/internal/artifacts/configurations/DependencyMetaDataProvider;Lorg/gradle/api/internal/DomainObjectContext;Lorg/gradle/api/internal/attributes/AttributesSchemaInternal;Lorg/gradle/api/internal/artifacts/ivyservice/moduleconverter/DefaultRootComponentMetadataBuilder$Factory;Lorg/gradle/api/internal/artifacts/configurations/DefaultConfigurationFactory;Lorg/gradle/api/internal/artifacts/configurations/ResolutionStrategyFactory;)Lorg/gradle/api/internal/artifacts/configurations/ConfigurationContainerInternal;+47
j  java.lang.invoke.LambdaForm$DMH+0x000001aa81246c00.invokeVirtual(Ljava/lang/Object;Ljava/lang/Object;Ljava/lang/Object;Ljava/lang/Object;Ljava/lang/Object;Ljava/lang/Object;Ljava/lang/Object;Ljava/lang/Object;Ljava/lang/Object;Ljava/lang/Object;)Ljava/lang/Object;+26 java.base@21.0.12.1
j  java.lang.invoke.LambdaForm$MH+0x000001aa81650000.invoke(Ljava/lang/Object;Ljava/lang/Object;Ljava/lang/Object;)Ljava/lang/Object;+228 java.base@21.0.12.1
j  java.lang.invoke.LambdaForm$MH+0x000001aa810d8000.invoke(Ljava/lang/Object;Ljava/lang/Object;Ljava/lang/Object;)Ljava/lang/Object;+34 java.base@21.0.12.1
J 2777 c1 jdk.internal.reflect.DirectMethodHandleAccessor.invoke(Ljava/lang/Object;[Ljava/lang/Object;)Ljava/lang/Object; java.base@21.0.12.1 (92 bytes) @ 0x000001aadbe0dce4 [0x000001aadbe0d640+0x00000000000006a4]
J 3927 c1 org.gradle.internal.reflect.JavaMethod.invoke(Ljava/lang/Object;[Ljava/lang/Object;)Ljava/lang/Object; (74 bytes) @ 0x000001aadc03b7cc [0x000001aadc03b240+0x000000000000058c]
J 3926 c1 org.gradle.internal.service.ReflectionBasedServiceMethod.invoke(Ljava/lang/Object;[Ljava/lang/Object;)Ljava/lang/Object; (16 bytes) @ 0x000001aadc03ac5c [0x000001aadc03abc0+0x000000000000009c]
j  org.gradle.internal.service.DefaultServiceRegistry$FactoryMethodService.invokeMethod([Ljava/lang/Object;)Ljava/lang/Object;+28
J 4269 c1 org.gradle.internal.service.DefaultServiceRegistry$FactoryMethodService.createServiceInstance()Ljava/lang/Object; (17 bytes) @ 0x000001aadc0de964 [0x000001aadc0de860+0x0000000000000104]
J 3457 c1 org.gradle.internal.service.DefaultServiceRegistry$ManagedObjectServiceProvider.getInstance()Ljava/lang/Object; (47 bytes) @ 0x000001aadbf43914 [0x000001aadbf43760+0x00000000000001b4]
J 2721 c1 org.gradle.internal.service.DefaultServiceRegistry$SingletonService.get()Ljava/lang/Object; (5 bytes) @ 0x000001aadbde7dbc [0x000001aadbde7d40+0x000000000000007c]
j  org.gradle.internal.service.DefaultServiceRegistry.find(Ljava/lang/reflect/Type;)Ljava/lang/Object;+22
j  org.gradle.internal.service.DefaultServiceRegistry.get(Ljava/lang/reflect/Type;)Ljava/lang/Object;+2
j  org.gradle.internal.service.DefaultServiceRegistry.get(Ljava/lang/Class;)Ljava/lang/Object;+3
j  org.gradle.api.internal.artifacts.DefaultDependencyManagementServices$DefaultDependencyResolutionServices.getConfigurationContainer()Lorg/gradle/api/internal/artifacts/configurations/ConfigurationContainerInternal;+6
j  org.gradle.api.internal.artifacts.DefaultDependencyManagementServices$DefaultDependencyResolutionServices.getConfigurationContainer()Lorg/gradle/api/artifacts/ConfigurationContainer;+1
j  org.gradle.api.internal.artifacts.DefaultDependencyManagementServices.newDetachedResolver(Lorg/gradle/api/internal/file/FileResolver;Lorg/gradle/api/internal/file/FileCollectionFactory;Lorg/gradle/api/internal/DomainObjectContext;)Lorg/gradle/api/internal/artifacts/DependencyResolutionServices;+18
j  org.gradle.api.internal.artifacts.DefaultDependencyManagementServices.newDetachedResolver(Lorg/gradle/api/internal/DomainObjectContext;)Lorg/gradle/api/internal/artifacts/DependencyResolutionServices;+30
j  org.gradle.plugin.internal.PluginUseServices$BuildScopeServices.lambda$createPluginDependencyResolutionServices$1(Lorg/gradle/api/internal/artifacts/DependencyManagementServices;)Lorg/gradle/api/internal/artifacts/DependencyResolutionServices;+4
j  org.gradle.plugin.internal.PluginUseServices$BuildScopeServices$$Lambda+0x000001aa8138ec48.create()Ljava/lang/Object;+4
j  org.gradle.plugin.use.internal.PluginDependencyResolutionServices.getDependencyResolutionServices()Lorg/gradle/api/internal/artifacts/DependencyResolutionServices;+12
j  org.gradle.plugin.use.internal.PluginDependencyResolutionServices.getResolveRepositoryHandler()Lorg/gradle/api/internal/artifacts/dsl/RepositoryHandlerInternal;+1
j  org.gradle.plugin.use.internal.PluginDependencyResolutionServices.createPluginResolveRepositories()Lorg/gradle/plugin/use/resolve/internal/PluginArtifactRepositories;+9
j  org.gradle.plugin.use.internal.DefaultPluginRequestApplicator.applyPlugins(Lorg/gradle/plugin/management/internal/PluginRequests;Lorg/gradle/api/internal/initialization/ScriptHandlerInternal;Lorg/gradle/api/internal/plugins/PluginManagerInternal;Lorg/gradle/api/internal/initialization/ClassLoaderScope;)V+40
j  org.gradle.configuration.DefaultScriptPluginFactory$ScriptPluginImpl.apply(Ljava/lang/Object;)V+174
j  org.gradle.configuration.BuildOperationScriptPlugin$1.run(Lorg/gradle/internal/operations/BuildOperationContext;)V+11
j  org.gradle.internal.operations.DefaultBuildOperationRunner$1.execute(Lorg/gradle/internal/operations/RunnableBuildOperation;Lorg/gradle/internal/operations/BuildOperationContext;)V+2
j  org.gradle.internal.operations.DefaultBuildOperationRunner$1.execute(Lorg/gradle/internal/operations/BuildOperation;Lorg/gradle/internal/operations/BuildOperationContext;)V+6
j  org.gradle.internal.operations.DefaultBuildOperationRunner$2.execute(Lorg/gradle/internal/operations/BuildOperationDescriptor;Lorg/gradle/internal/operations/BuildOperationState;Lorg/gradle/internal/operations/BuildOperationState;Lorg/gradle/internal/operations/DefaultBuildOperationRunner$ReadableBuildOperationContext;Lorg/gradle/internal/operations/DefaultBuildOperationRunner$BuildOperationExecutionListener;)Lorg/gradle/internal/operations/BuildOperation;+22
j  org.gradle.internal.operations.DefaultBuildOperationRunner$2.execute(Lorg/gradle/internal/operations/BuildOperationDescriptor;Lorg/gradle/internal/operations/BuildOperationState;Lorg/gradle/internal/operations/BuildOperationState;Lorg/gradle/internal/operations/DefaultBuildOperationRunner$ReadableBuildOperationContext;Lorg/gradle/internal/operations/DefaultBuildOperationRunner$BuildOperationExecutionListener;)Ljava/lang/Object;+8
j  org.gradle.internal.operations.DefaultBuildOperationRunner.execute(Lorg/gradle/internal/operations/BuildOperationDescriptor$Builder;Lorg/gradle/internal/operations/BuildOperationState;Lorg/gradle/internal/operations/DefaultBuildOperationRunner$BuildOperationExecution;)Ljava/lang/Object;+141
j  org.gradle.internal.operations.DefaultBuildOperationRunner.execute(Lorg/gradle/internal/operations/BuildOperation;Lorg/gradle/internal/operations/BuildOperationWorker;Lorg/gradle/internal/operations/BuildOperationState;)V+18
j  org.gradle.internal.operations.DefaultBuildOperationRunner.run(Lorg/gradle/internal/operations/RunnableBuildOperation;)V+9
j  org.gradle.configuration.BuildOperationScriptPlugin.lambda$apply$0(Ljava/lang/Object;Lorg/gradle/internal/code/UserCodeApplicationId;)V+14
j  org.gradle.configuration.BuildOperationScriptPlugin$$Lambda+0x000001aa81452cf8.execute(Ljava/lang/Object;)V+12
j  org.gradle.internal.code.DefaultUserCodeApplicationContext.apply(Lorg/gradle/internal/code/UserCodeSource;Lorg/gradle/api/Action;)V+37
j  org.gradle.configuration.BuildOperationScriptPlugin.apply(Ljava/lang/Object;)V+71
j  org.gradle.initialization.ScriptEvaluatingSettingsProcessor.applySettingsScript(Lorg/gradle/groovy/scripts/TextResourceScriptSource;Lorg/gradle/api/internal/SettingsInternal;)V+32
j  org.gradle.initialization.ScriptEvaluatingSettingsProcessor.process(Lorg/gradle/api/internal/GradleInternal;Lorg/gradle/initialization/SettingsLocation;Lorg/gradle/api/internal/initialization/ClassLoaderScope;Lorg/gradle/StartParameter;)Lorg/gradle/initialization/SettingsState;+90
j  org.gradle.initialization.SettingsEvaluatedCallbackFiringSettingsProcessor.process(Lorg/gradle/api/internal/GradleInternal;Lorg/gradle/initialization/SettingsLocation;Lorg/gradle/api/internal/initialization/ClassLoaderScope;Lorg/gradle/StartParameter;)Lorg/gradle/initialization/SettingsState;+9
j  org.gradle.initialization.RootBuildCacheControllerSettingsProcessor.process(Lorg/gradle/api/internal/GradleInternal;Lorg/gradle/initialization/SettingsLocation;Lorg/gradle/api/internal/initialization/ClassLoaderScope;Lorg/gradle/StartParameter;)Lorg/gradle/initialization/SettingsState;+9
j  org.gradle.initialization.BuildOperationSettingsProcessor$2.call(Lorg/gradle/internal/operations/BuildOperationContext;)Lorg/gradle/initialization/SettingsState;+23
j  org.gradle.initialization.BuildOperationSettingsProcessor$2.call(Lorg/gradle/internal/operations/BuildOperationContext;)Ljava/lang/Object;+2
j  org.gradle.internal.operations.DefaultBuildOperationRunner$CallableBuildOperationWorker.execute(Lorg/gradle/internal/operations/CallableBuildOperation;Lorg/gradle/internal/operations/BuildOperationContext;)V+3
j  org.gradle.internal.operations.DefaultBuildOperationRunner$CallableBuildOperationWorker.execute(Lorg/gradle/internal/operations/BuildOperation;Lorg/gradle/internal/operations/BuildOperationContext;)V+6
j  org.gradle.internal.operations.DefaultBuildOperationRunner$2.execute(Lorg/gradle/internal/operations/BuildOperationDescriptor;Lorg/gradle/internal/operations/BuildOperationState;Lorg/gradle/internal/operations/BuildOperationState;Lorg/gradle/internal/operations/DefaultBuildOperationRunner$ReadableBuildOperationContext;Lorg/gradle/internal/operations/DefaultBuildOperationRunner$BuildOperationExecutionListener;)Lorg/gradle/internal/operations/BuildOperation;+22
j  org.gradle.internal.operations.DefaultBuildOperationRunner$2.execute(Lorg/gradle/internal/operations/BuildOperationDescriptor;Lorg/gradle/internal/operations/BuildOperationState;Lorg/gradle/internal/operations/BuildOperationState;Lorg/gradle/internal/operations/DefaultBuildOperationRunner$ReadableBuildOperationContext;Lorg/gradle/internal/operations/DefaultBuildOperationRunner$BuildOperationExecutionListener;)Ljava/lang/Object;+8
j  org.gradle.internal.operations.DefaultBuildOperationRunner.execute(Lorg/gradle/internal/operations/BuildOperationDescriptor$Builder;Lorg/gradle/internal/operations/BuildOperationState;Lorg/gradle/internal/operations/DefaultBuildOperationRunner$BuildOperationExecution;)Ljava/lang/Object;+141
j  org.gradle.internal.operations.DefaultBuildOperationRunner.execute(Lorg/gradle/internal/operations/BuildOperation;Lorg/gradle/internal/operations/BuildOperationWorker;Lorg/gradle/internal/operations/BuildOperationState;)V+18
j  org.gradle.internal.operations.DefaultBuildOperationRunner.call(Lorg/gradle/internal/operations/CallableBuildOperation;)Ljava/lang/Object;+16
j  org.gradle.initialization.BuildOperationSettingsProcessor.process(Lorg/gradle/api/internal/GradleInternal;Lorg/gradle/initialization/SettingsLocation;Lorg/gradle/api/internal/initialization/ClassLoaderScope;Lorg/gradle/StartParameter;)Lorg/gradle/initialization/SettingsState;+17
j  org.gradle.initialization.DefaultSettingsLoader.findSettingsAndLoadIfAppropriate(Lorg/gradle/api/internal/GradleInternal;Lorg/gradle/StartParameter;Lorg/gradle/initialization/SettingsLocation;Lorg/gradle/api/internal/initialization/ClassLoaderScope;)Lorg/gradle/initialization/SettingsState;+9
j  org.gradle.initialization.DefaultSettingsLoader.findAndLoadSettings(Lorg/gradle/api/internal/GradleInternal;)Lorg/gradle/initialization/SettingsState;+103
j  org.gradle.initialization.SettingsAttachingSettingsLoader.findAndLoadSettings(Lorg/gradle/api/internal/GradleInternal;)Lorg/gradle/initialization/SettingsState;+5
j  org.gradle.internal.composite.CommandLineIncludedBuildSettingsLoader.findAndLoadSettings(Lorg/gradle/api/internal/GradleInternal;)Lorg/gradle/initialization/SettingsState;+5
j  org.gradle.internal.composite.ChildBuildRegisteringSettingsLoader.findAndLoadSettings(Lorg/gradle/api/internal/GradleInternal;)Lorg/gradle/initialization/SettingsState;+5
j  org.gradle.internal.composite.CompositeBuildSettingsLoader.findAndLoadSettings(Lorg/gradle/api/internal/GradleInternal;)Lorg/gradle/initialization/SettingsState;+5
j  org.gradle.initialization.InitScriptHandlingSettingsLoader.findAndLoadSettings(Lorg/gradle/api/internal/GradleInternal;)Lorg/gradle/initialization/SettingsState;+13
j  org.gradle.api.internal.initialization.CacheConfigurationsHandlingSettingsLoader.findAndLoadSettings(Lorg/gradle/api/internal/GradleInternal;)Lorg/gradle/initialization/SettingsState;+15
j  org.gradle.initialization.GradlePropertiesHandlingSettingsLoader.findAndLoadSettings(Lorg/gradle/api/internal/GradleInternal;)Lorg/gradle/initialization/SettingsState;+40
j  org.gradle.initialization.DefaultSettingsPreparer.prepareSettings(Lorg/gradle/api/internal/GradleInternal;)V+33
j  org.gradle.initialization.BuildOperationFiringSettingsPreparer$LoadBuild.doLoadBuild()V+11
j  org.gradle.initialization.BuildOperationFiringSettingsPreparer$LoadBuild.run(Lorg/gradle/internal/operations/BuildOperationContext;)V+1
j  org.gradle.internal.operations.DefaultBuildOperationRunner$1.execute(Lorg/gradle/internal/operations/RunnableBuildOperation;Lorg/gradle/internal/operations/BuildOperationContext;)V+2
j  org.gradle.internal.operations.DefaultBuildOperationRunner$1.execute(Lorg/gradle/internal/operations/BuildOperation;Lorg/gradle/internal/operations/BuildOperationContext;)V+6
j  org.gradle.internal.operations.DefaultBuildOperationRunner$2.execute(Lorg/gradle/internal/operations/BuildOperationDescriptor;Lorg/gradle/internal/operations/BuildOperationState;Lorg/gradle/internal/operations/BuildOperationState;Lorg/gradle/internal/operations/DefaultBuildOperationRunner$ReadableBuildOperationContext;Lorg/gradle/internal/operations/DefaultBuildOperationRunner$BuildOperationExecutionListener;)Lorg/gradle/internal/operations/BuildOperation;+22
j  org.gradle.internal.operations.DefaultBuildOperationRunner$2.execute(Lorg/gradle/internal/operations/BuildOperationDescriptor;Lorg/gradle/internal/operations/BuildOperationState;Lorg/gradle/internal/operations/BuildOperationState;Lorg/gradle/internal/operations/DefaultBuildOperationRunner$ReadableBuildOperationContext;Lorg/gradle/internal/operations/DefaultBuildOperationRunner$BuildOperationExecutionListener;)Ljava/lang/Object;+8
j  org.gradle.internal.operations.DefaultBuildOperationRunner.execute(Lorg/gradle/internal/operations/BuildOperationDescriptor$Builder;Lorg/gradle/internal/operations/BuildOperationState;Lorg/gradle/internal/operations/DefaultBuildOperationRunner$BuildOperationExecution;)Ljava/lang/Object;+141
j  org.gradle.internal.operations.DefaultBuildOperationRunner.execute(Lorg/gradle/internal/operations/BuildOperation;Lorg/gradle/internal/operations/BuildOperationWorker;Lorg/gradle/internal/operations/BuildOperationState;)V+18
j  org.gradle.internal.operations.DefaultBuildOperationRunner.run(Lorg/gradle/internal/operations/RunnableBuildOperation;)V+9
j  org.gradle.initialization.BuildOperationFiringSettingsPreparer.prepareSettings(Lorg/gradle/api/internal/GradleInternal;)V+31
j  org.gradle.initialization.VintageBuildModelController.lambda$prepareSettings$1()V+8
j  org.gradle.initialization.VintageBuildModelController$$Lambda+0x000001aa81421678.run()V+4
j  org.gradle.internal.model.StateTransitionController.lambda$doTransition$14(Ljava/lang/Runnable;)Lorg/gradle/internal/build/ExecutionResult;+1
j  org.gradle.internal.model.StateTransitionController$$Lambda+0x000001aa81421450.get()Ljava/lang/Object;+4
j  org.gradle.internal.model.StateTransitionController.doTransition(Lorg/gradle/internal/model/StateTransitionController$State;Lorg/gradle/internal/model/StateTransitionController$State;Ljava/util/function/Supplier;)Lorg/gradle/internal/build/ExecutionResult;+24
j  org.gradle.internal.model.StateTransitionController.doTransition(Lorg/gradle/internal/model/StateTransitionController$State;Lorg/gradle/internal/model/StateTransitionController$State;Ljava/lang/Runnable;)V+9
j  org.gradle.internal.model.StateTransitionController.lambda$transitionIfNotPreviously$11(Lorg/gradle/internal/model/StateTransitionController$State;Lorg/gradle/internal/model/StateTransitionController$State;Ljava/lang/Runnable;)V+16
j  org.gradle.internal.model.StateTransitionController$$Lambda+0x000001aa814218a0.run()V+16
j  org.gradle.internal.work.DefaultSynchronizer.withLock(Ljava/lang/Runnable;)V+6
j  org.gradle.internal.model.StateTransitionController.transitionIfNotPreviously(Lorg/gradle/internal/model/StateTransitionController$State;Lorg/gradle/internal/model/StateTransitionController$State;Ljava/lang/Runnable;)V+13
j  org.gradle.initialization.VintageBuildModelController.prepareSettings()V+16
j  org.gradle.initialization.VintageBuildModelController.prepareToScheduleTasks()V+1
j  org.gradle.internal.build.DefaultBuildLifecycleController.lambda$prepareToScheduleTasks$6()V+9
j  org.gradle.internal.build.DefaultBuildLifecycleController$$Lambda+0x000001aa81421000.run()V+4
j  org.gradle.internal.model.StateTransitionController.lambda$doTransition$14(Ljava/lang/Runnable;)Lorg/gradle/internal/build/ExecutionResult;+1
j  org.gradle.internal.model.StateTransitionController$$Lambda+0x000001aa81421450.get()Ljava/lang/Object;+4
j  org.gradle.internal.model.StateTransitionController.doTransition(Lorg/gradle/internal/model/StateTransitionController$State;Lorg/gradle/internal/model/StateTransitionController$State;Ljava/util/function/Supplier;)Lorg/gradle/internal/build/ExecutionResult;+24
j  org.gradle.internal.model.StateTransitionController.doTransition(Lorg/gradle/internal/model/StateTransitionController$State;Lorg/gradle/internal/model/StateTransitionController$State;Ljava/lang/Runnable;)V+9
j  org.gradle.internal.model.StateTransitionController.lambda$maybeTransition$9(Lorg/gradle/internal/model/StateTransitionController$State;Lorg/gradle/internal/model/StateTransitionController$State;Ljava/lang/Runnable;)V+16
j  org.gradle.internal.model.StateTransitionController$$Lambda+0x000001aa81421228.run()V+16
j  org.gradle.internal.work.DefaultSynchronizer.withLock(Ljava/lang/Runnable;)V+6
j  org.gradle.internal.model.StateTransitionController.maybeTransition(Lorg/gradle/internal/model/StateTransitionController$State;Lorg/gradle/internal/model/StateTransitionController$State;Ljava/lang/Runnable;)V+13
j  org.gradle.internal.build.DefaultBuildLifecycleController.prepareToScheduleTasks()V+16
j  org.gradle.internal.buildtree.DefaultBuildTreeWorkPreparer.scheduleRequestedTasks(Lorg/gradle/internal/buildtree/BuildTreeWorkGraph;Lorg/gradle/execution/EntryTaskSelector;)Lorg/gradle/internal/buildtree/BuildTreeWorkGraph$FinalizedGraph;+4
j  org.gradle.internal.cc.impl.VintageBuildTreeWorkController$scheduleAndRunRequestedTasks$1.apply(Lorg/gradle/internal/buildtree/BuildTreeWorkGraph;)Lorg/gradle/internal/build/ExecutionResult;+18
j  org.gradle.internal.cc.impl.VintageBuildTreeWorkController$scheduleAndRunRequestedTasks$1.apply(Ljava/lang/Object;)Ljava/lang/Object;+5
j  org.gradle.composite.internal.DefaultIncludedBuildTaskGraph.withNewWorkGraph(Ljava/util/function/Function;)Ljava/lang/Object;+30
j  org.gradle.internal.cc.impl.VintageBuildTreeWorkController.scheduleAndRunRequestedTasks(Lorg/gradle/execution/EntryTaskSelector;)Lorg/gradle/internal/build/ExecutionResult;+16
j  org.gradle.internal.buildtree.DefaultBuildTreeLifecycleController.lambda$scheduleAndRunTasks$1(Lorg/gradle/execution/EntryTaskSelector;)Lorg/gradle/internal/build/ExecutionResult;+5
j  org.gradle.internal.buildtree.DefaultBuildTreeLifecycleController$$Lambda+0x000001aa81427080.get()Ljava/lang/Object;+8
j  org.gradle.internal.buildtree.DefaultBuildTreeLifecycleController.lambda$runBuild$4(Ljava/util/function/Supplier;)Ljava/lang/Object;+1
j  org.gradle.internal.buildtree.DefaultBuildTreeLifecycleController$$Lambda+0x000001aa814272a8.get()Ljava/lang/Object;+8
j  org.gradle.internal.model.StateTransitionController.lambda$transition$6(Ljava/util/function/Supplier;)Lorg/gradle/internal/build/ExecutionResult;+1
j  org.gradle.internal.model.StateTransitionController$$Lambda+0x000001aa814276f8.get()Ljava/lang/Object;+4
j  org.gradle.internal.model.StateTransitionController.doTransition(Lorg/gradle/internal/model/StateTransitionController$State;Lorg/gradle/internal/model/StateTransitionController$State;Ljava/util/function/Supplier;)Lorg/gradle/internal/build/ExecutionResult;+24
j  org.gradle.internal.model.StateTransitionController.lambda$transition$7(Lorg/gradle/internal/model/StateTransitionController$State;Lorg/gradle/internal/model/StateTransitionController$State;Ljava/util/function/Supplier;)Ljava/lang/Object;+9
j  org.gradle.internal.model.StateTransitionController$$Lambda+0x000001aa814274d0.create()Ljava/lang/Object;+16
j  org.gradle.internal.work.DefaultSynchronizer.withLock(Lorg/gradle/internal/Factory;)Ljava/lang/Object;+6
j  org.gradle.internal.model.StateTransitionController.transition(Lorg/gradle/internal/model/StateTransitionController$State;Lorg/gradle/internal/model/StateTransitionController$State;Ljava/util/function/Supplier;)Ljava/lang/Object;+13
j  org.gradle.internal.buildtree.DefaultBuildTreeLifecycleController.runBuild(Ljava/util/function/Supplier;)Ljava/lang/Object;+17
j  org.gradle.internal.buildtree.DefaultBuildTreeLifecycleController.scheduleAndRunTasks(Lorg/gradle/execution/EntryTaskSelector;)V+8
j  org.gradle.internal.buildtree.DefaultBuildTreeLifecycleController.scheduleAndRunTasks()V+2
j  org.gradle.tooling.internal.provider.runner.BuildModelActionRunner.run(Lorg/gradle/internal/invocation/BuildAction;Lorg/gradle/internal/buildtree/BuildTreeLifecycleController;)Lorg/gradle/internal/buildtree/BuildActionRunner$Result;+65
j  org.gradle.launcher.exec.ChainingBuildActionRunner.run(Lorg/gradle/internal/invocation/BuildAction;Lorg/gradle/internal/buildtree/BuildTreeLifecycleController;)Lorg/gradle/internal/buildtree/BuildActionRunner$Result;+34
j  org.gradle.internal.buildtree.ProblemReportingBuildActionRunner.run(Lorg/gradle/internal/invocation/BuildAction;Lorg/gradle/internal/buildtree/BuildTreeLifecycleController;)Lorg/gradle/internal/buildtree/BuildActionRunner$Result;+12
j  org.gradle.launcher.exec.BuildOutcomeReportingBuildActionRunner.run(Lorg/gradle/internal/invocation/BuildAction;Lorg/gradle/internal/buildtree/BuildTreeLifecycleController;)Lorg/gradle/internal/buildtree/BuildActionRunner$Result;+69
j  org.gradle.tooling.internal.provider.FileSystemWatchingBuildActionRunner.run(Lorg/gradle/internal/invocation/BuildAction;Lorg/gradle/internal/buildtree/BuildTreeLifecycleController;)Lorg/gradle/internal/buildtree/BuildActionRunner$Result;+317
j  org.gradle.launcher.exec.BuildCompletionNotifyingBuildActionRunner.run(Lorg/gradle/internal/invocation/BuildAction;Lorg/gradle/internal/buildtree/BuildTreeLifecycleController;)Lorg/gradle/internal/buildtree/BuildActionRunner$Result;+6
j  org.gradle.launcher.exec.RootBuildLifecycleBuildActionExecutor.lambda$execute$0(Lorg/gradle/internal/invocation/BuildAction;Lorg/gradle/internal/buildtree/BuildTreeLifecycleController;)Lorg/gradle/internal/buildtree/BuildActionRunner$Result;+6
j  org.gradle.launcher.exec.RootBuildLifecycleBuildActionExecutor$$Lambda+0x000001aa8140d7a0.apply(Ljava/lang/Object;)Ljava/lang/Object;+12
j  org.gradle.composite.internal.DefaultRootBuildState.run(Ljava/util/function/Function;)Ljava/lang/Object;+87
j  org.gradle.launcher.exec.RootBuildLifecycleBuildActionExecutor.execute(Lorg/gradle/internal/invocation/BuildAction;Lorg/gradle/internal/buildtree/BuildTreeContext;)Lorg/gradle/internal/buildtree/BuildActionRunner$Result;+75
j  org.gradle.internal.buildtree.InitDeprecationLoggingActionExecutor.execute(Lorg/gradle/internal/invocation/BuildAction;Lorg/gradle/internal/buildtree/BuildTreeContext;)Lorg/gradle/internal/buildtree/BuildActionRunner$Result;+83
j  org.gradle.internal.buildtree.InitProblems.execute(Lorg/gradle/internal/invocation/BuildAction;Lorg/gradle/internal/buildtree/BuildTreeContext;)Lorg/gradle/internal/buildtree/BuildActionRunner$Result;+13
j  org.gradle.internal.buildtree.DefaultBuildTreeContext.execute(Lorg/gradle/internal/invocation/BuildAction;)Lorg/gradle/internal/buildtree/BuildActionRunner$Result;+64
j  org.gradle.launcher.exec.BuildTreeLifecycleBuildActionExecutor.lambda$execute$0(Lorg/gradle/internal/invocation/BuildAction;Lorg/gradle/internal/buildtree/BuildTreeContext;)Lorg/gradle/internal/buildtree/BuildActionRunner$Result;+2
j  org.gradle.launcher.exec.BuildTreeLifecycleBuildActionExecutor$$Lambda+0x000001aa812b98f0.apply(Ljava/lang/Object;)Ljava/lang/Object;+8
j  org.gradle.internal.buildtree.BuildTreeState.run(Ljava/util/function/Function;)Ljava/lang/Object;+47
j  org.gradle.launcher.exec.BuildTreeLifecycleBuildActionExecutor.execute(Lorg/gradle/internal/invocation/BuildAction;Lorg/gradle/internal/session/BuildSessionContext;)Lorg/gradle/internal/buildtree/BuildActionRunner$Result;+74
j  org.gradle.launcher.exec.RunAsBuildOperationBuildActionExecutor$2.call(Lorg/gradle/internal/operations/BuildOperationContext;)Lorg/gradle/internal/buildtree/BuildActionRunner$Result;+25
j  org.gradle.launcher.exec.RunAsBuildOperationBuildActionExecutor$2.call(Lorg/gradle/internal/operations/BuildOperationContext;)Ljava/lang/Object;+2
j  org.gradle.internal.operations.DefaultBuildOperationRunner$CallableBuildOperationWorker.execute(Lorg/gradle/internal/operations/CallableBuildOperation;Lorg/gradle/internal/operations/BuildOperationContext;)V+3
j  org.gradle.internal.operations.DefaultBuildOperationRunner$CallableBuildOperationWorker.execute(Lorg/gradle/internal/operations/BuildOperation;Lorg/gradle/internal/operations/BuildOperationContext;)V+6
j  org.gradle.internal.operations.DefaultBuildOperationRunner$2.execute(Lorg/gradle/internal/operations/BuildOperationDescriptor;Lorg/gradle/internal/operations/BuildOperationState;Lorg/gradle/internal/operations/BuildOperationState;Lorg/gradle/internal/operations/DefaultBuildOperationRunner$ReadableBuildOperationContext;Lorg/gradle/internal/operations/DefaultBuildOperationRunner$BuildOperationExecutionListener;)Lorg/gradle/internal/operations/BuildOperation;+22
j  org.gradle.internal.operations.DefaultBuildOperationRunner$2.execute(Lorg/gradle/internal/operations/BuildOperationDescriptor;Lorg/gradle/internal/operations/BuildOperationState;Lorg/gradle/internal/operations/BuildOperationState;Lorg/gradle/internal/operations/DefaultBuildOperationRunner$ReadableBuildOperationContext;Lorg/gradle/internal/operations/DefaultBuildOperationRunner$BuildOperationExecutionListener;)Ljava/lang/Object;+8
j  org.gradle.internal.operations.DefaultBuildOperationRunner.execute(Lorg/gradle/internal/operations/BuildOperationDescriptor$Builder;Lorg/gradle/internal/operations/BuildOperationState;Lorg/gradle/internal/operations/DefaultBuildOperationRunner$BuildOperationExecution;)Ljava/lang/Object;+141
j  org.gradle.internal.operations.DefaultBuildOperationRunner.execute(Lorg/gradle/internal/operations/BuildOperation;Lorg/gradle/internal/operations/BuildOperationWorker;Lorg/gradle/internal/operations/BuildOperationState;)V+18
j  org.gradle.internal.operations.DefaultBuildOperationRunner.call(Lorg/gradle/internal/operations/CallableBuildOperation;)Ljava/lang/Object;+16
j  org.gradle.launcher.exec.RunAsBuildOperationBuildActionExecutor.execute(Lorg/gradle/internal/invocation/BuildAction;Lorg/gradle/internal/session/BuildSessionContext;)Lorg/gradle/internal/buildtree/BuildActionRunner$Result;+23
j  org.gradle.launcher.exec.RunAsWorkerThreadBuildActionExecutor.lambda$execute$0(Lorg/gradle/internal/invocation/BuildAction;Lorg/gradle/internal/session/BuildSessionContext;)Lorg/gradle/internal/buildtree/BuildActionRunner$Result;+6
j  org.gradle.launcher.exec.RunAsWorkerThreadBuildActionExecutor$$Lambda+0x000001aa81288240.create()Ljava/lang/Object;+12
j  org.gradle.internal.work.DefaultWorkerLeaseService.withLocks(Ljava/util/Collection;Lorg/gradle/internal/Factory;)Ljava/lang/Object;+28
j  org.gradle.internal.work.DefaultWorkerLeaseService.runAsWorkerThread(Lorg/gradle/internal/Factory;)Ljava/lang/Object;+33
j  org.gradle.launcher.exec.RunAsWorkerThreadBuildActionExecutor.execute(Lorg/gradle/internal/invocation/BuildAction;Lorg/gradle/internal/session/BuildSessionContext;)Lorg/gradle/internal/buildtree/BuildActionRunner$Result;+12
j  org.gradle.tooling.internal.provider.continuous.ContinuousBuildActionExecutor.execute(Lorg/gradle/internal/invocation/BuildAction;Lorg/gradle/internal/session/BuildSessionContext;)Lorg/gradle/internal/buildtree/BuildActionRunner$Result;+58
j  org.gradle.tooling.internal.provider.SubscribableBuildActionExecutor.execute(Lorg/gradle/internal/invocation/BuildAction;Lorg/gradle/internal/session/BuildSessionContext;)Lorg/gradle/internal/buildtree/BuildActionRunner$Result;+30
j  org.gradle.internal.session.DefaultBuildSessionContext.execute(Lorg/gradle/internal/invocation/BuildAction;)Lorg/gradle/internal/buildtree/BuildActionRunner$Result;+64
j  org.gradle.internal.buildprocess.execution.BuildSessionLifecycleBuildActionExecutor$ActionImpl.apply(Lorg/gradle/internal/session/BuildSessionContext;)Lorg/gradle/launcher/exec/BuildActionResult;+6
j  org.gradle.internal.buildprocess.execution.BuildSessionLifecycleBuildActionExecutor$ActionImpl.apply(Ljava/lang/Object;)Ljava/lang/Object;+5
j  org.gradle.internal.session.BuildSessionState.run(Ljava/util/function/Function;)Ljava/lang/Object;+5
j  org.gradle.internal.buildprocess.execution.BuildSessionLifecycleBuildActionExecutor.execute(Lorg/gradle/internal/invocation/BuildAction;Lorg/gradle/launcher/exec/BuildActionParameters;Lorg/gradle/initialization/BuildRequestContext;)Lorg/gradle/launcher/exec/BuildActionResult;+95
j  org.gradle.internal.buildprocess.execution.BuildSessionLifecycleBuildActionExecutor.execute(Lorg/gradle/internal/invocation/BuildAction;Ljava/lang/Object;Ljava/lang/Object;)Lorg/gradle/launcher/exec/BuildActionResult;+10
j  org.gradle.internal.buildprocess.execution.StartParamsValidatingActionExecutor.execute(Lorg/gradle/internal/invocation/BuildAction;Lorg/gradle/launcher/exec/BuildActionParameters;Lorg/gradle/initialization/BuildRequestContext;)Lorg/gradle/launcher/exec/BuildActionResult;+203
j  org.gradle.internal.buildprocess.execution.StartParamsValidatingActionExecutor.execute(Lorg/gradle/internal/invocation/BuildAction;Ljava/lang/Object;Ljava/lang/Object;)Lorg/gradle/launcher/exec/BuildActionResult;+10
j  org.gradle.internal.buildprocess.execution.SessionFailureReportingActionExecutor.execute(Lorg/gradle/internal/invocation/BuildAction;Lorg/gradle/launcher/exec/BuildActionParameters;Lorg/gradle/initialization/BuildRequestContext;)Lorg/gradle/launcher/exec/BuildActionResult;+7
j  org.gradle.internal.buildprocess.execution.SessionFailureReportingActionExecutor.execute(Lorg/gradle/internal/invocation/BuildAction;Ljava/lang/Object;Ljava/lang/Object;)Lorg/gradle/launcher/exec/BuildActionResult;+10
j  org.gradle.internal.buildprocess.execution.SetupLoggingActionExecutor.execute(Lorg/gradle/internal/invocation/BuildAction;Lorg/gradle/launcher/exec/BuildActionParameters;Lorg/gradle/initialization/BuildRequestContext;)Lorg/gradle/launcher/exec/BuildActionResult;+50
j  org.gradle.internal.buildprocess.execution.SetupLoggingActionExecutor.execute(Lorg/gradle/internal/invocation/BuildAction;Ljava/lang/Object;Ljava/lang/Object;)Lorg/gradle/launcher/exec/BuildActionResult;+10
j  org.gradle.launcher.daemon.server.exec.ExecuteBuild.doBuild(Lorg/gradle/launcher/daemon/server/api/DaemonCommandExecution;Lorg/gradle/launcher/daemon/protocol/Build;)V+147
j  org.gradle.launcher.daemon.server.exec.BuildCommandOnly.execute(Lorg/gradle/launcher/daemon/server/api/DaemonCommandExecution;)V+49
j  org.gradle.launcher.daemon.server.api.DaemonCommandExecution.proceed()Z+23
j  org.gradle.launcher.daemon.server.exec.WatchForDisconnection.execute(Lorg/gradle/launcher/daemon/server/api/DaemonCommandExecution;)V+19
j  org.gradle.launcher.daemon.server.api.DaemonCommandExecution.proceed()Z+23
j  org.gradle.launcher.daemon.server.exec.ResetDeprecationLogger.execute(Lorg/gradle/launcher/daemon/server/api/DaemonCommandExecution;)V+7
j  org.gradle.launcher.daemon.server.api.DaemonCommandExecution.proceed()Z+23
j  org.gradle.launcher.daemon.server.exec.RequestStopIfSingleUsedDaemon.execute(Lorg/gradle/launcher/daemon/server/api/DaemonCommandExecution;)V+33
j  org.gradle.launcher.daemon.server.api.DaemonCommandExecution.proceed()Z+23
j  org.gradle.launcher.daemon.server.exec.ForwardClientInput.lambda$execute$0(Lorg/gradle/launcher/daemon/server/api/DaemonCommandExecution;Lorg/gradle/internal/daemon/clientinput/StdinHandler;)Ljava/lang/Object;+11
j  org.gradle.launcher.daemon.server.exec.ForwardClientInput$$Lambda+0x000001aa8118eb08.apply(Ljava/lang/Object;)Ljava/lang/Object;+8
j  org.gradle.internal.daemon.clientinput.ClientInputForwarder.forwardInput(Ljava/util/function/Function;)Ljava/lang/Object;+46
j  org.gradle.launcher.daemon.server.exec.ForwardClientInput.execute(Lorg/gradle/launcher/daemon/server/api/DaemonCommandExecution;)V+10
j  org.gradle.launcher.daemon.server.api.DaemonCommandExecution.proceed()Z+23
j  org.gradle.launcher.daemon.server.exec.LogAndCheckHealth.execute(Lorg/gradle/launcher/daemon/server/api/DaemonCommandExecution;)V+51
j  org.gradle.launcher.daemon.server.api.DaemonCommandExecution.proceed()Z+23
j  org.gradle.launcher.daemon.server.exec.LogToClient.doBuild(Lorg/gradle/launcher/daemon/server/api/DaemonCommandExecution;Lorg/gradle/launcher/daemon/protocol/Build;)V+87
j  org.gradle.launcher.daemon.server.exec.BuildCommandOnly.execute(Lorg/gradle/launcher/daemon/server/api/DaemonCommandExecution;)V+49
j  org.gradle.launcher.daemon.server.api.DaemonCommandExecution.proceed()Z+23
j  org.gradle.launcher.daemon.server.exec.EstablishBuildEnvironment.doBuild(Lorg/gradle/launcher/daemon/server/api/DaemonCommandExecution;Lorg/gradle/launcher/daemon/protocol/Build;)V+356
j  org.gradle.launcher.daemon.server.exec.BuildCommandOnly.execute(Lorg/gradle/launcher/daemon/server/api/DaemonCommandExecution;)V+49
j  org.gradle.launcher.daemon.server.api.DaemonCommandExecution.proceed()Z+23
j  org.gradle.launcher.daemon.server.exec.StartBuildOrRespondWithBusy$1.run()V+44
j  org.gradle.launcher.daemon.server.DaemonStateCoordinator.lambda$runCommand$0(Ljava/lang/Runnable;)V+1
j  org.gradle.launcher.daemon.server.DaemonStateCoordinator$$Lambda+0x000001aa8118d698.run()V+8
j  org.gradle.internal.concurrent.ExecutorPolicy$CatchAndRecordFailures.onExecute(Ljava/lang/Runnable;)V+1
j  org.gradle.internal.concurrent.AbstractManagedExecutor$1.run()V+25
j  java.util.concurrent.ThreadPoolExecutor.runWorker(Ljava/util/concurrent/ThreadPoolExecutor$Worker;)V+92 java.base@21.0.12.1
j  java.util.concurrent.ThreadPoolExecutor$Worker.run()V+5 java.base@21.0.12.1
j  java.lang.Thread.runWith(Ljava/lang/Object;Ljava/lang/Runnable;)V+5 java.base@21.0.12.1
j  java.lang.Thread.run()V+19 java.base@21.0.12.1
v  ~StubRoutines::call_stub 0x000001aae2dd100d

Compiled method (n/a) 1109987 2724     n 0       java.lang.Class::getDeclaredMethods0 (native)
 total in heap  [0x000001aae34b5e10,0x000001aae34b6320] = 1296
 relocation     [0x000001aae34b5f70,0x000001aae34b5fa8] = 56
 main code      [0x000001aae34b5fc0,0x000001aae34b631f] = 863
 stub code      [0x000001aae34b631f,0x000001aae34b6320] = 1

[Constant Pool (empty)]

[MachCode]
[Entry Point]
  # {method} {0x000001aa80467850} 'getDeclaredMethods0' '(Z)[Ljava/lang/reflect/Method;' in 'java/lang/Class'
  # this:     rdx:rdx   = 'java/lang/Class'
  # parm0:    r8        = boolean
  #           [sp+0x70]  (sp of caller)
  0x000001aae34b5fc0: 448b 5208 | 49bb 0000 | 0080 aa01 | 0000 4d03 | d349 3bc2 | 0f84 0600 

  0x000001aae34b5fd8: ;   {runtime_call ic_miss_stub}
  0x000001aae34b5fd8: 0000 e9a1 | 8796 ff90 
[Verified Entry Point]
  0x000001aae34b5fe0: 8984 2400 | 80ff ff55 | 488b ec48 | 83ec 6090 | 4181 7f20 | 0500 0000 

  0x000001aae34b5ff8: ;   {runtime_call StubRoutines (final stubs)}
  0x000001aae34b5ff8: 7405 e8e1 | 0495 ff48 | 8954 2420 | 4883 fa00 | 488d 5424 | 2048 0f44 | 5424 20c5 

  0x000001aae34b6014: ;   {internal_word}
  0x000001aae34b6014: f877 49ba | 1360 4be3 | aa01 0000 | 4d89 97a8 | 0300 0049 | 89a7 a003 

  0x000001aae34b602c: ;   {external_word}
  0x000001aae34b602c: 0000 49ba | 066d 3c0a | f87f 0000 | 4180 3a00 | 0f84 4a00 | 0000 5241 

  0x000001aae34b6044: ;   {metadata({method} {0x000001aa80467850} 'getDeclaredMethods0' '(Z)[Ljava/lang/reflect/Method;' in 'java/lang/Class')}
  0x000001aae34b6044: 5048 ba48 | 7846 80aa | 0100 0049 | 8bcf 4883 | ec20 40f6 | c40f 0f84 | 1900 0000 | 4883 ec08 
  0x000001aae34b6064: ;   {runtime_call}
  0x000001aae34b6064: 48b8 e0ea | e509 f87f | 0000 ffd0 | 4883 c408 | e90c 0000 

  0x000001aae34b6078: ;   {runtime_call}
  0x000001aae34b6078: 0048 b8e0 | eae5 09f8 | 7f00 00ff | d048 83c4 | 2041 585a | 498d 8fc0 | 0300 0041 | c787 4c04 
  0x000001aae34b6098: 0000 0400 

  0x000001aae34b609c: ;   {runtime_call}
  0x000001aae34b609c: 0000 48b8 | a9dc b0dc | f87f 0000 | ffd0 c5f8 | 7741 c787 | 4c04 0000 | 0500 0000 | f083 4424 
  0x000001aae34b60bc: c000 493b | af50 0400 | 000f 870e | 0000 0041 | 83bf 4804 | 0000 000f | 842b 0000 | 00c5 f877 
  0x000001aae34b60dc: 4889 45f8 | 498b cf4c | 8be4 4883 | ec20 4883 

  0x000001aae34b60ec: ;   {runtime_call}
  0x000001aae34b60ec: e4f0 48b8 | 0058 b109 | f87f 0000 | ffd0 498b | e44d 33e4 | 488b 45f8 | 41c7 874c | 0400 0008 
  0x000001aae34b610c: 0000 0041 | 83bf c804 | 0000 020f | 84d5 0100 

  0x000001aae34b611c: ;   {external_word}
  0x000001aae34b611c: 0049 ba06 | 6d3c 0af8 | 7f00 0041 | 803a 000f | 844c 0000 | 0048 8945 

  0x000001aae34b6134: ;   {metadata({method} {0x000001aa80467850} 'getDeclaredMethods0' '(Z)[Ljava/lang/reflect/Method;' in 'java/lang/Class')}
  0x000001aae34b6134: f848 ba48 | 7846 80aa | 0100 0049 | 8bcf 4883 | ec20 40f6 | c40f 0f84 | 1900 0000 | 4883 ec08 
  0x000001aae34b6154: ;   {runtime_call}
  0x000001aae34b6154: 48b8 e0ea | e509 f87f | 0000 ffd0 | 4883 c408 | e90c 0000 

  0x000001aae34b6168: ;   {runtime_call}
  0x000001aae34b6168: 0048 b8e0 | eae5 09f8 | 7f00 00ff | d048 83c4 | 2048 8b45 | f849 c787 | a003 0000 | 0000 0000 
  0x000001aae34b6188: 49c7 87a8 | 0300 0000 | 0000 00c5 | f877 4885 | c00f 8430 | 0100 00a8 | 030f 8508 | 0000 0048 
  0x000001aae34b61a8: 8b00 e920 | 0100 00a8 | 010f 8509 | 0000 0048 | 8b40 fee9 | 0f01 0000 | 488b 40ff | 4180 7f40 
  0x000001aae34b61c8: 000f 8400 | 0100 0048 | 83f8 000f | 84f6 0000 | 0049 8b4f | 2848 83f9 | 000f 8414 | 0000 0048 
  0x000001aae34b61e8: 83e9 0849 | 894f 2849 | 034f 3848 | 8901 e9d4 | 0000 0048 | 83ec 7048 | 8904 2448 | 894c 2408 
  0x000001aae34b6208: 4889 5424 | 104c 8944 | 2418 4c89 | 4c24 204c | 8954 2428 | 4c89 5c24 | 30c5 fb11 | 4424 40c5 
  0x000001aae34b6228: fb11 4c24 | 48c5 fb11 | 5424 50c5 | fb11 5c24 | 58c5 fb11 | 6424 60c5 | fb11 6c24 | 6849 8bd7 
  0x000001aae34b6248: 488b c848 | 83ec 2040 | f6c4 0f0f | 8419 0000 | 0048 83ec 

  0x000001aae34b625c: ;   {runtime_call}
  0x000001aae34b625c: 0848 b820 | a4a4 09f8 | 7f00 00ff | d048 83c4 | 08e9 0c00 

  0x000001aae34b6270: ;   {runtime_call}
  0x000001aae34b6270: 0000 48b8 | 20a4 a409 | f87f 0000 | ffd0 4883 | c420 c5fb | 106c 2468 | c5fb 1064 | 2460 c5fb 
  0x000001aae34b6290: 105c 2458 | c5fb 1054 | 2450 c5fb | 104c 2448 | c5fb 1044 | 2440 4c8b | 5c24 304c | 8b54 2428 
  0x000001aae34b62b0: 4c8b 4c24 | 204c 8b44 | 2418 488b | 5424 1048 | 8b4c 2408 | 488b 0424 | 4883 c470 | c5f8 7749 
  0x000001aae34b62d0: 8b8f 3004 | 0000 c781 | 0001 0000 | 0000 0000 | c949 837f | 0800 0f85 | 0100 0000 

  0x000001aae34b62ec: ;   {runtime_call StubRoutines (initial stubs)}
  0x000001aae34b62ec: c3e9 0eac | 91ff c5f8 | 7748 8945 | f84c 8be4 | 4883 ec20 | 4883 e4f0 

  0x000001aae34b6304: ;   {runtime_call}
  0x000001aae34b6304: 48b8 3022 | e609 f87f | 0000 ffd0 | 498b e44d | 33e4 488b | 45f8 e9fe | fdff fff4 
[/MachCode]


Compiled method (c1) 1110103 2695       3       java.lang.Class::privateGetDeclaredMethods (64 bytes)
 total in heap  [0x000001aadbdd1e10,0x000001aadbdd2a18] = 3080
 relocation     [0x000001aadbdd1f70,0x000001aadbdd2038] = 200
 main code      [0x000001aadbdd2040,0x000001aadbdd27a0] = 1888
 stub code      [0x000001aadbdd27a0,0x000001aadbdd2818] = 120
 metadata       [0x000001aadbdd2818,0x000001aadbdd2828] = 16
 scopes data    [0x000001aadbdd2828,0x000001aadbdd28c0] = 152
 scopes pcs     [0x000001aadbdd28c0,0x000001aadbdd29d0] = 272
 dependencies   [0x000001aadbdd29d0,0x000001aadbdd29d8] = 8
 nul chk table  [0x000001aadbdd29d8,0x000001aadbdd2a18] = 64

[Constant Pool (empty)]

[MachCode]
[Entry Point]
  # {method} {0x000001aa80468760} 'privateGetDeclaredMethods' '(Z)[Ljava/lang/reflect/Method;' in 'java/lang/Class'
  # this:     rdx:rdx   = 'java/lang/Class'
  # parm0:    r8        = boolean
  #           [sp+0x80]  (sp of caller)
  0x000001aadbdd2040: 448b 5208 | 49bb 0000 | 0080 aa01 | 0000 4d03 | d34c 3bd0 

  0x000001aadbdd2054: ;   {runtime_call ic_miss_stub}
  0x000001aadbdd2054: 0f85 26c7 | 0407 660f | 1f44 0000 
[Verified Entry Point]
  0x000001aadbdd2060: 8984 2400 | 80ff ff55 | 4883 ec70 | 4181 7f20 | 0500 0000 

  0x000001aadbdd2074: ;   {runtime_call StubRoutines (final stubs)}
  0x000001aadbdd2074: 7405 e865 | 4403 0744 | 8944 2440 

  0x000001aadbdd2080: ;   {metadata(method data for {method} {0x000001aa80468760} 'privateGetDeclaredMethods' '(Z)[Ljava/lang/reflect/Method;' in 'java/lang/Class')}
  0x000001aadbdd2080: 48be 68e3 | 9af3 aa01 | 0000 8bbe | cc00 0000 | 83c7 0289 | becc 0000 | 0081 e7fe | 0700 0085 
  0x000001aadbdd20a0: ff0f 84a5 | 0500 0048 

  0x000001aadbdd20a8: ;   {metadata(method data for {method} {0x000001aa80468760} 'privateGetDeclaredMethods' '(Z)[Ljava/lang/reflect/Method;' in 'java/lang/Class')}
  0x000001aadbdd20a8: 8bf2 48bf | 68e3 9af3 | aa01 0000 | 4883 8710 | 0100 0001 | 488b f248 | 8bd6 4889 

  0x000001aadbdd20c4: ;   {optimized virtual_call}
  0x000001aadbdd20c4: 7424 48e8 

  0x000001aadbdd20c8: ; ImmutableOopMap {[72]=Oop }
                      ;*invokevirtual reflectionData {reexecute=0 rethrow=0 return_oop=0}
                      ; - java.lang.Class::privateGetDeclaredMethods@1
  0x000001aadbdd20c8: 949e 7b07 

  0x000001aadbdd20cc: ;   {other}
  0x000001aadbdd20cc: 0f1f 8400 | bc02 0000 

  0x000001aadbdd20d4: ;   {metadata(method data for {method} {0x000001aa80468760} 'privateGetDeclaredMethods' '(Z)[Ljava/lang/reflect/Method;' in 'java/lang/Class')}
  0x000001aadbdd20d4: 4885 c049 | b868 e39a | f3aa 0100 | 0048 c7c2 | 5801 0000 | 7507 48c7 | c248 0100 | 0049 8b34 
  0x000001aadbdd20f4: 1048 8d76 | 0149 8934 | 100f 850f | 0000 0048 | 8944 2450 | 448b 4424 | 40e9 8b00 | 0000 448b 
  0x000001aadbdd2114: 4424 4045 

  0x000001aadbdd2118: ;   {metadata(method data for {method} {0x000001aa80468760} 'privateGetDeclaredMethods' '(Z)[Ljava/lang/reflect/Method;' in 'java/lang/Class')}
  0x000001aadbdd2118: 85c0 48ba | 68e3 9af3 | aa01 0000 | 48c7 c668 | 0100 0074 | 0748 c7c6 | 7801 0000 | 488b 3c32 
  0x000001aadbdd2138: 488d 7f01 | 4889 3c32 | 0f84 1c00 | 0000 8b50 | 2c48 c1e2 

  0x000001aadbdd214c: ;   {metadata(method data for {method} {0x000001aa80468760} 'privateGetDeclaredMethods' '(Z)[Ljava/lang/reflect/Method;' in 'java/lang/Class')}
  0x000001aadbdd214c: 0348 be68 | e39a f3aa | 0100 00ff | 8688 0100 | 00e9 0700 | 0000 8b50 | 1848 c1e2 | 0348 85d2 
  0x000001aadbdd216c: ;   {metadata(method data for {method} {0x000001aa80468760} 'privateGetDeclaredMethods' '(Z)[Ljava/lang/reflect/Method;' in 'java/lang/Class')}
  0x000001aadbdd216c: 48be 68e3 | 9af3 aa01 | 0000 48c7 | c7b0 0100 | 0075 0748 | c7c7 a001 | 0000 488b | 1c3e 488d 
  0x000001aadbdd218c: 5b01 4889 | 1c3e 0f85 | 9e04 0000 | 4889 4424 | 5048 8b54 

  0x000001aadbdd21a0: ;   {metadata(method data for {method} {0x000001aa80468760} 'privateGetDeclaredMethods' '(Z)[Ljava/lang/reflect/Method;' in 'java/lang/Class')}
  0x000001aadbdd21a0: 2448 48be | 68e3 9af3 | aa01 0000 | 4883 86c0 | 0100 0001 | 498b f04c | 8bc6 488b 

  0x000001aadbdd21bc: ;   {optimized virtual_call}
  0x000001aadbdd21bc: 5424 48e8 

  0x000001aadbdd21c0: ; ImmutableOopMap {[72]=Oop [80]=Oop }
                      ;*invokevirtual getDeclaredMethods0 {reexecute=0 rethrow=0 return_oop=0}
                      ; - java.lang.Class::privateGetDeclaredMethods@34
  0x000001aadbdd21c0: 1c3e 6e07 

  0x000001aadbdd21c4: ;   {other}
  0x000001aadbdd21c4: 0f1f 8400 | b403 0001 

  0x000001aadbdd21cc: ;   {metadata(method data for {method} {0x000001aa80468760} 'privateGetDeclaredMethods' '(Z)[Ljava/lang/reflect/Method;' in 'java/lang/Class')}
  0x000001aadbdd21cc: 49b8 68e3 | 9af3 aa01 | 0000 4983 | 80f8 0100 

  0x000001aadbdd21dc: ;   {metadata(method data for {method} {0x000001aa80097f70} 'filterMethods' '(Ljava/lang/Class;[Ljava/lang/reflect/Method;)[Ljava/lang/reflect/Method;' in 'jdk/internal/reflect/Reflection')}
  0x000001aadbdd21dc: 0001 49b8 | 10e6 9af3 | aa01 0000 | 418b 90cc | 0000 0083 | c202 4189 | 90cc 0000 | 0081 e2fe 
  0x000001aadbdd21fc: ff1f 0085 | d20f 8470 

  0x000001aadbdd2204: ;   {oop(a 'java/lang/Class'{0x00000007004af0e0} = 'jdk/internal/reflect/Reflection')}
  0x000001aadbdd2204: 0400 0049 | b8e0 f04a | 0007 0000 | 0045 8b40 | 7449 c1e0 | 034d 85c0 

  0x000001aadbdd221c: ;   {metadata(method data for {method} {0x000001aa80097f70} 'filterMethods' '(Ljava/lang/Class;[Ljava/lang/reflect/Method;)[Ljava/lang/reflect/Method;' in 'jdk/internal/reflect/Reflection')}
  0x000001aadbdd221c: 49b8 10e6 | 9af3 aa01 | 0000 48c7 | c220 0100 | 0074 0748 | c7c2 1001 | 0000 498b | 3410 488d 
  0x000001aadbdd223c: 7601 4989 | 3410 0f84 | ec02 0000 | 4889 4424 | 5848 8b54 

  0x000001aadbdd2250: ;   {oop(a 'java/lang/Class'{0x00000007004af0e0} = 'jdk/internal/reflect/Reflection')}
  0x000001aadbdd2250: 2448 49b8 | e0f0 4a00 | 0700 0000 | 418b 7074 | 48c1 e603 

  0x000001aadbdd2264: ; implicit exception: dispatches to 0x000001aadbdd2698
  0x000001aadbdd2264: 483b 064c 

  0x000001aadbdd2268: ;   {metadata(method data for {method} {0x000001aa80097f70} 'filterMethods' '(Ljava/lang/Class;[Ljava/lang/reflect/Method;)[Ljava/lang/reflect/Method;' in 'jdk/internal/reflect/Reflection')}
  0x000001aadbdd2268: 8bc6 48bf | 10e6 9af3 | aa01 0000 | 458b 4008 | 49ba 0000 | 0080 aa01 | 0000 4d03 | c24c 3b87 
  0x000001aadbdd2288: 4001 0000 | 750d 4883 | 8748 0100 | 0001 e960 | 0000 004c | 3b87 5001 | 0000 750d | 4883 8758 
  0x000001aadbdd22a8: 0100 0001 | e94a 0000 | 0048 83bf | 4001 0000 | 0075 174c | 8987 4001 | 0000 48c7 | 8748 0100 
  0x000001aadbdd22c8: 0001 0000 | 00e9 2900 | 0000 4883 | bf50 0100 | 0000 7517 | 4c89 8750 | 0100 0048 | c787 5801 
  0x000001aadbdd22e8: 0000 0100 | 0000 e908 | 0000 0048 | 8387 3001 | 0000 014c | 8bc2 488b | d60f 1f40 | 0048 b820 
  0x000001aadbdd2308: c913 80aa 

  0x000001aadbdd230c: ;   {virtual_call}
  0x000001aadbdd230c: 0100 00e8 

  0x000001aadbdd2310: ; ImmutableOopMap {[80]=Oop [88]=Oop }
                      ;*invokeinterface get {reexecute=0 rethrow=0 return_oop=0}
                      ; - jdk.internal.reflect.Reflection::filterMethods@13
                      ; - java.lang.Class::privateGetDeclaredMethods@37
  0x000001aadbdd2310: ecf3 b2ff 

  0x000001aadbdd2314: ;   {other}
  0x000001aadbdd2314: 0f1f 8400 | 0405 0002 | 4885 c075 

  0x000001aadbdd2320: ;   {metadata(method data for {method} {0x000001aa80097f70} 'filterMethods' '(Ljava/lang/Class;[Ljava/lang/reflect/Method;)[Ljava/lang/reflect/Method;' in 'jdk/internal/reflect/Reflection')}
  0x000001aadbdd2320: 1648 be10 | e69a f3aa | 0100 0080 | 8e61 0100 | 0001 e9e7 

  0x000001aadbdd2334: ;   {metadata('java/util/Set')}
  0x000001aadbdd2334: 0000 0048 | bf80 0e01 | 80aa 0100 | 008b 7008 | 49ba 0000 | 0080 aa01 | 0000 4903 | f248 3b7e 
  0x000001aadbdd2354: 200f 841a | 0000 0048 | 3bf7 0f84 | 1100 0000 

  0x000001aadbdd2364: ;   {runtime_call slow_subtype_check Runtime1 stub}
  0x000001aadbdd2364: 5657 e895 | 9b10 075e | 5e85 f60f | 848d 0000 

  0x000001aadbdd2374: ;   {metadata(method data for {method} {0x000001aa80097f70} 'filterMethods' '(Ljava/lang/Class;[Ljava/lang/reflect/Method;)[Ljava/lang/reflect/Method;' in 'jdk/internal/reflect/Reflection')}
  0x000001aadbdd2374: 0048 be10 | e69a f3aa | 0100 008b | 7808 49ba | 0000 0080 | aa01 0000 | 4903 fa48 | 3bbe 7801 
  0x000001aadbdd2394: 0000 750d | 4883 8680 | 0100 0001 | e979 0000 | 0048 3bbe | 8801 0000 | 750d 4883 | 8690 0100 
  0x000001aadbdd23b4: 0001 e963 | 0000 0048 | 83be 7801 | 0000 0075 | 1748 89be | 7801 0000 | 48c7 8680 | 0100 0001 
  0x000001aadbdd23d4: 0000 00e9 | 4200 0000 | 4883 be88 | 0100 0000 | 7517 4889 | be88 0100 | 0048 c786 | 9001 0000 
  0x000001aadbdd23f4: 0100 0000 | e921 0000 | 00e9 1c00 

  0x000001aadbdd2400: ;   {metadata(method data for {method} {0x000001aa80097f70} 'filterMethods' '(Ljava/lang/Class;[Ljava/lang/reflect/Method;)[Ljava/lang/reflect/Method;' in 'jdk/internal/reflect/Reflection')}
  0x000001aadbdd2400: 0000 48be | 10e6 9af3 | aa01 0000 | 4883 ae68 | 0100 0001 | e984 0200 | 00e9 0000 | 0000 4c8b 
  0x000001aadbdd2420: ;   {metadata(method data for {method} {0x000001aa80097f70} 'filterMethods' '(Ljava/lang/Class;[Ljava/lang/reflect/Method;)[Ljava/lang/reflect/Method;' in 'jdk/internal/reflect/Reflection')}
  0x000001aadbdd2420: c048 ba10 | e69a f3aa | 0100 0048 | 8382 a001 | 0000 0148 | 8b54 2458 | 0f1f 8000 

  0x000001aadbdd243c: ;   {static_call}
  0x000001aadbdd243c: 0000 00e8 

  0x000001aadbdd2440: ; ImmutableOopMap {[80]=Oop }
                      ;*invokestatic filter {reexecute=0 rethrow=0 return_oop=0}
                      ; - jdk.internal.reflect.Reflection::filterMethods@21
                      ; - java.lang.Class::privateGetDeclaredMethods@37
  0x000001aadbdd2440: dc3c 1f00 

  0x000001aadbdd2444: ;   {other}
  0x000001aadbdd2444: 0f1f 8400 | 3406 0003 | 4885 c075 

  0x000001aadbdd2450: ;   {metadata(method data for {method} {0x000001aa80097f70} 'filterMethods' '(Ljava/lang/Class;[Ljava/lang/reflect/Method;)[Ljava/lang/reflect/Method;' in 'jdk/internal/reflect/Reflection')}
  0x000001aadbdd2450: 1648 bf10 | e69a f3aa | 0100 0080 | 8fa9 0100 | 0001 e9cd 

  0x000001aadbdd2464: ;   {metadata('java/lang/reflect/Method'[])}
  0x000001aadbdd2464: 0000 0048 | bb98 3f04 | 80aa 0100 | 008b 7808 | 49ba 0000 | 0080 aa01 | 0000 4903 | fa48 3b5f 
  0x000001aadbdd2484: 500f 858d 

  0x000001aadbdd2488: ;   {metadata(method data for {method} {0x000001aa80097f70} 'filterMethods' '(Ljava/lang/Class;[Ljava/lang/reflect/Method;)[Ljava/lang/reflect/Method;' in 'jdk/internal/reflect/Reflection')}
  0x000001aadbdd2488: 0000 0048 | bf10 e69a | f3aa 0100 | 008b 5808 | 49ba 0000 | 0080 aa01 | 0000 4903 | da48 3b9f 
  0x000001aadbdd24a8: c001 0000 | 750d 4883 | 87c8 0100 | 0001 e979 | 0000 0048 | 3b9f d001 | 0000 750d | 4883 87d8 
  0x000001aadbdd24c8: 0100 0001 | e963 0000 | 0048 83bf | c001 0000 | 0075 1748 | 899f c001 | 0000 48c7 | 87c8 0100 
  0x000001aadbdd24e8: 0001 0000 | 00e9 4200 | 0000 4883 | bfd0 0100 | 0000 7517 | 4889 9fd0 | 0100 0048 | c787 d801 
  0x000001aadbdd2508: 0000 0100 | 0000 e921 | 0000 00e9 | 1c00 0000 

  0x000001aadbdd2518: ;   {metadata(method data for {method} {0x000001aa80097f70} 'filterMethods' '(Ljava/lang/Class;[Ljava/lang/reflect/Method;)[Ljava/lang/reflect/Method;' in 'jdk/internal/reflect/Reflection')}
  0x000001aadbdd2518: 48bf 10e6 | 9af3 aa01 | 0000 4883 | afb0 0100 | 0001 e977 | 0100 00e9 | 0000 0000 | 488b 7424 
  0x000001aadbdd2538: 5048 85f6 

  0x000001aadbdd253c: ;   {metadata(method data for {method} {0x000001aa80468760} 'privateGetDeclaredMethods' '(Z)[Ljava/lang/reflect/Method;' in 'java/lang/Class')}
  0x000001aadbdd253c: 48bf 68e3 | 9af3 aa01 | 0000 48c7 | c308 0200 | 0074 0748 | c7c3 1802 | 0000 488b | 141f 488d 
  0x000001aadbdd255c: 5201 4889 | 141f 0f84 | bb00 0000 | 448b 4424 | 4045 85c0 

  0x000001aadbdd2570: ;   {metadata(method data for {method} {0x000001aa80468760} 'privateGetDeclaredMethods' '(Z)[Ljava/lang/reflect/Method;' in 'java/lang/Class')}
  0x000001aadbdd2570: 48bf 68e3 | 9af3 aa01 | 0000 48c7 | c328 0200 | 0074 0748 | c7c3 3802 | 0000 488b | 141f 488d 
  0x000001aadbdd2590: 5201 4889 | 141f 0f84 | 5500 0000 | 410f be7f | 4085 ff0f | 8506 0100 | 004c 8bd0 | 49c1 ea03 
  0x000001aadbdd25b0: ; implicit exception: dispatches to 0x000001aadbdd26ce
  0x000001aadbdd25b0: 4489 562c | f083 4424 | c000 488b | fe48 33f8 | 48c1 ef15 | 4883 ff00 | 0f85 0501 

  0x000001aadbdd25cc: ;   {metadata(method data for {method} {0x000001aa80468760} 'privateGetDeclaredMethods' '(Z)[Ljava/lang/reflect/Method;' in 'java/lang/Class')}
  0x000001aadbdd25cc: 0000 48be | 68e3 9af3 | aa01 0000 | ff86 4802 | 0000 4883 

  0x000001aadbdd25e0: ;   {poll_return}
  0x000001aadbdd25e0: c470 5d49 | 3ba7 5004 | 0000 0f87 | fb00 0000 | c341 0fbe | 7f40 85ff | 0f85 0301 | 0000 4c8b 
  0x000001aadbdd2600: d049 c1ea | 0344 8956 | 18f0 8344 | 24c0 0048 | 8bfe 4833 | f848 c1ef | 1548 83ff | 000f 8502 
  0x000001aadbdd2620: 0100 0048 | 83c4 705d 

  0x000001aadbdd2628: ;   {poll_return}
  0x000001aadbdd2628: 493b a750 | 0400 000f | 8708 0100 | 00c3 488b | c248 83c4 

  0x000001aadbdd263c: ;   {poll_return}
  0x000001aadbdd263c: 705d 493b | a750 0400 | 000f 8708 | 0100 00c3 

  0x000001aadbdd264c: ;   {metadata({method} {0x000001aa80468760} 'privateGetDeclaredMethods' '(Z)[Ljava/lang/reflect/Method;' in 'java/lang/Class')}
  0x000001aadbdd264c: 49ba 5887 | 4680 aa01 | 0000 4c89 | 5424 0848 | c704 24ff 

  0x000001aadbdd2660: ;   {runtime_call counter_overflow Runtime1 stub}
  0x000001aadbdd2660: ffff ffe8 

  0x000001aadbdd2664: ; ImmutableOopMap {rdx=Oop }
                      ;*synchronization entry
                      ; - java.lang.Class::privateGetDeclaredMethods@-1
  0x000001aadbdd2664: 98bf 1007 | e93a faff 

  0x000001aadbdd266c: ;   {runtime_call throw_null_pointer_exception Runtime1 stub}
  0x000001aadbdd266c: ffe8 8e6e 

  0x000001aadbdd2670: ; ImmutableOopMap {rax=Oop [72]=Oop }
                      ;*getfield declaredPublicMethods {reexecute=1 rethrow=0 return_oop=0}
                      ; - (reexecute) java.lang.Class::privateGetDeclaredMethods@14
                      ;   {runtime_call throw_null_pointer_exception Runtime1 stub}
  0x000001aadbdd2670: 1007 e889 

  0x000001aadbdd2674: ; ImmutableOopMap {rax=Oop [72]=Oop }
                      ;*getfield declaredMethods {reexecute=1 rethrow=0 return_oop=0}
                      ; - (reexecute) java.lang.Class::privateGetDeclaredMethods@21
                      ;   {metadata({method} {0x000001aa80097f70} 'filterMethods' '(Ljava/lang/Class;[Ljava/lang/reflect/Method;)[Ljava/lang/reflect/Method;' in 'jdk/internal/reflect/Reflection')}
  0x000001aadbdd2674: 6e10 0749 | ba68 7f09 | 80aa 0100 | 004c 8954 | 2408 48c7 | 0424 ffff 

  0x000001aadbdd268c: ;   {runtime_call counter_overflow Runtime1 stub}
  0x000001aadbdd268c: ffff e86d 

  0x000001aadbdd2690: ; ImmutableOopMap {rax=Oop [72]=Oop [80]=Oop }
                      ;*synchronization entry
                      ; - jdk.internal.reflect.Reflection::filterMethods@-1
                      ; - java.lang.Class::privateGetDeclaredMethods@37
  0x000001aadbdd2690: bf10 07e9 | 6ffb ffff 

  0x000001aadbdd2698: ;   {runtime_call throw_null_pointer_exception Runtime1 stub}
  0x000001aadbdd2698: e863 6e10 

  0x000001aadbdd269c: ; ImmutableOopMap {rdx=Oop rsi=Oop [80]=Oop [88]=Oop }
                      ;*invokeinterface get {reexecute=0 rethrow=0 return_oop=0}
                      ; - jdk.internal.reflect.Reflection::filterMethods@13
                      ; - java.lang.Class::privateGetDeclaredMethods@37
  0x000001aadbdd269c: 0748 8904 

  0x000001aadbdd26a0: ;   {runtime_call throw_class_cast_exception Runtime1 stub}
  0x000001aadbdd26a0: 24e8 5a92 

  0x000001aadbdd26a4: ; ImmutableOopMap {[80]=Oop [88]=Oop }
                      ;*checkcast {reexecute=0 rethrow=0 return_oop=0}
                      ; - jdk.internal.reflect.Reflection::filterMethods@18
                      ; - java.lang.Class::privateGetDeclaredMethods@37
  0x000001aadbdd26a4: 1007 4889 

  0x000001aadbdd26a8: ;   {runtime_call throw_class_cast_exception Runtime1 stub}
  0x000001aadbdd26a8: 0424 e851 

  0x000001aadbdd26ac: ; ImmutableOopMap {[80]=Oop }
                      ;*checkcast {reexecute=0 rethrow=0 return_oop=0}
                      ; - jdk.internal.reflect.Reflection::filterMethods@24
                      ; - java.lang.Class::privateGetDeclaredMethods@37
  0x000001aadbdd26ac: 9210 078b | 7e2c 48c1 | e703 4883 | ff00 0f84 | e9fe ffff | 4889 3c24 

  0x000001aadbdd26c4: ;   {runtime_call g1_pre_barrier_slow}
  0x000001aadbdd26c4: e837 c510 | 07e9 dbfe 

  0x000001aadbdd26cc: ;   {runtime_call throw_null_pointer_exception Runtime1 stub}
  0x000001aadbdd26cc: ffff e82d 

  0x000001aadbdd26d0: ; ImmutableOopMap {rax=Oop rsi=Oop }
                      ;*putfield declaredPublicMethods {reexecute=1 rethrow=0 return_oop=0}
                      ; - (reexecute) java.lang.Class::privateGetDeclaredMethods@51
  0x000001aadbdd26d0: 6e10 0748 | 83f8 000f | 84f1 feff | ff48 8934 

  0x000001aadbdd26e0: ;   {runtime_call g1_post_barrier_slow}
  0x000001aadbdd26e0: 24e8 1ac8 | 1007 e9e3 

  0x000001aadbdd26e8: ;   {internal_word}
  0x000001aadbdd26e8: feff ff49 | bae3 25dd | dbaa 0100 | 004d 8997 | 6804 0000 

  0x000001aadbdd26fc: ;   {runtime_call SafepointBlob}
  0x000001aadbdd26fc: e97f 2d05 | 078b 7e18 | 48c1 e703 | 4883 ff00 | 0f84 ecfe | ffff 4889 

  0x000001aadbdd2714: ;   {runtime_call g1_pre_barrier_slow}
  0x000001aadbdd2714: 3c24 e8e5 | c410 07e9 | defe ffff 

  0x000001aadbdd2720: ;   {runtime_call throw_null_pointer_exception Runtime1 stub}
  0x000001aadbdd2720: e8db 6d10 

  0x000001aadbdd2724: ; ImmutableOopMap {rax=Oop rsi=Oop }
                      ;*putfield declaredMethods {reexecute=1 rethrow=0 return_oop=0}
                      ; - (reexecute) java.lang.Class::privateGetDeclaredMethods@59
  0x000001aadbdd2724: 0748 83f8 | 000f 84f4 | feff ff48 

  0x000001aadbdd2730: ;   {runtime_call g1_post_barrier_slow}
  0x000001aadbdd2730: 8934 24e8 | c8c7 1007 | e9e6 feff 

  0x000001aadbdd273c: ;   {internal_word}
  0x000001aadbdd273c: ff49 ba28 | 26dd dbaa | 0100 004d | 8997 6804 

  0x000001aadbdd274c: ;   {runtime_call SafepointBlob}
  0x000001aadbdd274c: 0000 e92d 

  0x000001aadbdd2750: ;   {internal_word}
  0x000001aadbdd2750: 2d05 0749 | ba3e 26dd | dbaa 0100 | 004d 8997 | 6804 0000 

  0x000001aadbdd2764: ;   {runtime_call SafepointBlob}
  0x000001aadbdd2764: e917 2d05 

  0x000001aadbdd2768: ;   {runtime_call throw_null_pointer_exception Runtime1 stub}
  0x000001aadbdd2768: 07e8 926d 

  0x000001aadbdd276c: ; ImmutableOopMap {rax=Oop rsi=Oop }
                      ;*putfield declaredPublicMethods {reexecute=1 rethrow=0 return_oop=0}
                      ; - (reexecute) java.lang.Class::privateGetDeclaredMethods@51
                      ;   {runtime_call throw_null_pointer_exception Runtime1 stub}
  0x000001aadbdd276c: 1007 e88d 

  0x000001aadbdd2770: ; ImmutableOopMap {rax=Oop rsi=Oop }
                      ;*putfield declaredMethods {reexecute=1 rethrow=0 return_oop=0}
                      ; - (reexecute) java.lang.Class::privateGetDeclaredMethods@59
  0x000001aadbdd2770: 6d10 0749 | 8b87 0005 | 0000 49c7 | 8700 0500 | 0000 0000 | 0049 c787 | 0805 0000 | 0000 0000 
  0x000001aadbdd2790: 4883 c470 

  0x000001aadbdd2794: ;   {runtime_call unwind_exception Runtime1 stub}
  0x000001aadbdd2794: 5de9 665e | 1007 f4f4 | f4f4 f4f4 
[Stub Code]
  0x000001aadbdd27a0: ;   {no_reloc}
  0x000001aadbdd27a0: 0f1f 4400 

  0x000001aadbdd27a4: ;   {static_stub}
  0x000001aadbdd27a4: 0048 bb00 | 0000 0000 

  0x000001aadbdd27ac: ;   {runtime_call nmethod}
  0x000001aadbdd27ac: 0000 00e9 | fbff ffff 

  0x000001aadbdd27b4: ;   {static_stub}
  0x000001aadbdd27b4: 48bb 0000 | 0000 0000 

  0x000001aadbdd27bc: ;   {runtime_call nmethod}
  0x000001aadbdd27bc: 0000 e9fb 

  0x000001aadbdd27c0: ;   {static_stub}
  0x000001aadbdd27c0: ffff ff48 | bb48 7846 | 80aa 0100 

  0x000001aadbdd27cc: ;   {runtime_call I2C/C2I adapters}
  0x000001aadbdd27cc: 00e9 1514 

  0x000001aadbdd27d0: ;   {static_stub}
  0x000001aadbdd27d0: 0507 48bb | c07f 0980 | aa01 0000 

  0x000001aadbdd27dc: ;   {runtime_call I2C/C2I adapters}
  0x000001aadbdd27dc: e906 1805 

  0x000001aadbdd27e0: ;   {runtime_call handle_exception_from_callee Runtime1 stub}
  0x000001aadbdd27e0: 07e8 1a8b 

  0x000001aadbdd27e4: ;   {external_word}
  0x000001aadbdd27e4: 1007 48b9 | 5063 120a | f87f 0000 | 4883 e4f0 

  0x000001aadbdd27f4: ;   {runtime_call}
  0x000001aadbdd27f4: 48b8 c0c9 | d409 f87f | 0000 ffd0 

  0x000001aadbdd2800: ;   {section_word}
  0x000001aadbdd2800: f449 ba01 | 28dd dbaa | 0100 0041 

  0x000001aadbdd280c: ;   {runtime_call DeoptimizationBlob}
  0x000001aadbdd280c: 52e9 0e1f | 0507 f4f4 | f4f4 f4f4 
[/MachCode]


Compiled method (c1) 1110413 4546       3       java.lang.Class::getDeclaredMethods (27 bytes)
 total in heap  [0x000001aadc149d90,0x000001aadc14a290] = 1280
 relocation     [0x000001aadc149ef0,0x000001aadc149f58] = 104
 main code      [0x000001aadc149f60,0x000001aadc14a178] = 536
 stub code      [0x000001aadc14a178,0x000001aadc14a1c8] = 80
 metadata       [0x000001aadc14a1c8,0x000001aadc14a1e0] = 24
 scopes data    [0x000001aadc14a1e0,0x000001aadc14a218] = 56
 scopes pcs     [0x000001aadc14a218,0x000001aadc14a288] = 112
 dependencies   [0x000001aadc14a288,0x000001aadc14a290] = 8

[Constant Pool (empty)]

[MachCode]
[Entry Point]
  # {method} {0x000001aa80466758} 'getDeclaredMethods' '()[Ljava/lang/reflect/Method;' in 'java/lang/Class'
  #           [sp+0x70]  (sp of caller)
  0x000001aadc149f60: 448b 5208 | 49bb 0000 | 0080 aa01 | 0000 4d03 | d34c 3bd0 

  0x000001aadc149f74: ;   {runtime_call ic_miss_stub}
  0x000001aadc149f74: 0f85 0648 | cd06 660f | 1f44 0000 
[Verified Entry Point]
  0x000001aadc149f80: 8984 2400 | 80ff ff55 | 4883 ec60 | 4181 7f20 | 0500 0000 

  0x000001aadc149f94: ;   {runtime_call StubRoutines (final stubs)}
  0x000001aadc149f94: 7405 e845 

  0x000001aadc149f98: ;   {metadata(method data for {method} {0x000001aa80466758} 'getDeclaredMethods' '()[Ljava/lang/reflect/Method;' in 'java/lang/Class')}
  0x000001aadc149f98: c5cb 0649 | b8f0 2a74 | f4aa 0100 | 0041 8bb0 | cc00 0000 | 83c6 0241 | 89b0 cc00 | 0000 81e6 
  0x000001aadc149fb8: fe07 0000 | 85f6 0f84 | 1301 0000 

  0x000001aadc149fc4: ;   {metadata(method data for {method} {0x000001aa80466758} 'getDeclaredMethods' '()[Ljava/lang/reflect/Method;' in 'java/lang/Class')}
  0x000001aadc149fc4: 49b8 f02a | 74f4 aa01 | 0000 4983 | 8010 0100 

  0x000001aadc149fd4: ;   {metadata(method data for {method} {0x000001aa8001b1d0} 'getSecurityManager' '()Ljava/lang/SecurityManager;' in 'java/lang/System')}
  0x000001aadc149fd4: 0001 49b8 | e063 02f3 | aa01 0000 | 418b b0cc | 0000 0083 | c602 4189 | b0cc 0000 | 0081 e6fe 
  0x000001aadc149ff4: ff1f 0085 | f60f 84f9 

  0x000001aadc149ffc: ;   {metadata(method data for {method} {0x000001aa8001b1d0} 'getSecurityManager' '()Ljava/lang/SecurityManager;' in 'java/lang/System')}
  0x000001aadc149ffc: 0000 0049 | b8e0 6302 | f3aa 0100 | 0049 8380 | 1001 0000 

  0x000001aadc14a010: ;   {metadata(method data for {method} {0x000001aa8001b2e8} 'allowSecurityManager' '()Z' in 'java/lang/System')}
  0x000001aadc14a010: 0149 b888 | 6502 f3aa | 0100 0041 | 8bb0 cc00 | 0000 83c6 | 0241 89b0 | cc00 0000 | 81e6 feff 
  0x000001aadc14a030: 1f00 85f6 | 0f84 df00 

  0x000001aadc14a038: ;   {metadata(method data for {method} {0x000001aa8001b2e8} 'allowSecurityManager' '()Z' in 'java/lang/System')}
  0x000001aadc14a038: 0000 49b8 | 8865 02f3 | aa01 0000 | 41ff 8010 

  0x000001aadc14a048: ;   {metadata(method data for {method} {0x000001aa8001b1d0} 'getSecurityManager' '()Ljava/lang/SecurityManager;' in 'java/lang/System')}
  0x000001aadc14a048: 0100 0049 | b8e0 6302 | f3aa 0100 | 0041 ff80 | 2001 0000 

  0x000001aadc14a05c: ;   {metadata(method data for {method} {0x000001aa80466758} 'getDeclaredMethods' '()[Ljava/lang/reflect/Method;' in 'java/lang/Class')}
  0x000001aadc14a05c: 49b8 f02a | 74f4 aa01 | 0000 41ff | 8020 0100 | 004c 8bc2 

  0x000001aadc14a070: ;   {metadata(method data for {method} {0x000001aa80466758} 'getDeclaredMethods' '()[Ljava/lang/reflect/Method;' in 'java/lang/Class')}
  0x000001aadc14a070: 48be f02a | 74f4 aa01 | 0000 4883 | 8688 0100 | 0001 41b8 | 0000 0000 | 0f1f 8000 

  0x000001aadc14a08c: ;   {optimized virtual_call}
  0x000001aadc14a08c: 0000 00e8 

  0x000001aadc14a090: ; ImmutableOopMap {}
                      ;*invokevirtual privateGetDeclaredMethods {reexecute=0 rethrow=0 return_oop=0}
                      ; - java.lang.Class::getDeclaredMethods@20
  0x000001aadc14a090: cc7f c8ff 

  0x000001aadc14a094: ;   {other}
  0x000001aadc14a094: 0f1f 8400 | 0403 0000 

  0x000001aadc14a09c: ;   {metadata(method data for {method} {0x000001aa80466758} 'getDeclaredMethods' '()[Ljava/lang/reflect/Method;' in 'java/lang/Class')}
  0x000001aadc14a09c: 48ba f02a | 74f4 aa01 | 0000 4883 | 82c0 0100 | 0001 488b | d066 0f1f 

  0x000001aadc14a0b4: ;   {static_call}
  0x000001aadc14a0b4: 4400 00e8 

  0x000001aadc14a0b8: ; ImmutableOopMap {}
                      ;*invokestatic copyMethods {reexecute=0 rethrow=0 return_oop=0}
                      ; - java.lang.Class::getDeclaredMethods@23
  0x000001aadc14a0b8: 44c0 e4ff 

  0x000001aadc14a0bc: ;   {other}
  0x000001aadc14a0bc: 0f1f 8400 | 2c03 0001 | 4883 c460 

  0x000001aadc14a0c8: ;   {poll_return}
  0x000001aadc14a0c8: 5d49 3ba7 | 5004 0000 | 0f87 6400 

  0x000001aadc14a0d4: ;   {metadata({method} {0x000001aa80466758} 'getDeclaredMethods' '()[Ljava/lang/reflect/Method;' in 'java/lang/Class')}
  0x000001aadc14a0d4: 0000 c349 | ba50 6746 | 80aa 0100 | 004c 8954 | 2408 48c7 | 0424 ffff 

  0x000001aadc14a0ec: ;   {runtime_call counter_overflow Runtime1 stub}
  0x000001aadc14a0ec: ffff e80d 

  0x000001aadc14a0f0: ; ImmutableOopMap {rdx=Oop }
                      ;*synchronization entry
                      ; - java.lang.Class::getDeclaredMethods@-1
  0x000001aadc14a0f0: 45d9 06e9 | ccfe ffff 

  0x000001aadc14a0f8: ;   {metadata({method} {0x000001aa8001b1d0} 'getSecurityManager' '()Ljava/lang/SecurityManager;' in 'java/lang/System')}
  0x000001aadc14a0f8: 49ba c8b1 | 0180 aa01 | 0000 4c89 | 5424 0848 | c704 24ff 

  0x000001aadc14a10c: ;   {runtime_call counter_overflow Runtime1 stub}
  0x000001aadc14a10c: ffff ffe8 

  0x000001aadc14a110: ; ImmutableOopMap {rdx=Oop }
                      ;*synchronization entry
                      ; - java.lang.System::getSecurityManager@-1
                      ; - java.lang.Class::getDeclaredMethods@0
  0x000001aadc14a110: ec44 d906 | e9e6 feff 

  0x000001aadc14a118: ;   {metadata({method} {0x000001aa8001b2e8} 'allowSecurityManager' '()Z' in 'java/lang/System')}
  0x000001aadc14a118: ff49 bae0 | b201 80aa | 0100 004c | 8954 2408 | 48c7 0424 | ffff ffff 

  0x000001aadc14a130: ;   {runtime_call counter_overflow Runtime1 stub}
  0x000001aadc14a130: e8cb 44d9 

  0x000001aadc14a134: ; ImmutableOopMap {rdx=Oop }
                      ;*synchronization entry
                      ; - java.lang.System::allowSecurityManager@-1
                      ; - java.lang.System::getSecurityManager@0
                      ; - java.lang.Class::getDeclaredMethods@0
  0x000001aadc14a134: 06e9 00ff 

  0x000001aadc14a138: ;   {internal_word}
  0x000001aadc14a138: ffff 49ba | c9a0 14dc | aa01 0000 | 4d89 9768 

  0x000001aadc14a148: ;   {runtime_call SafepointBlob}
  0x000001aadc14a148: 0400 00e9 | 30b3 cd06 | 498b 8700 | 0500 0049 | c787 0005 | 0000 0000 | 0000 49c7 | 8708 0500 
  0x000001aadc14a168: 0000 0000 | 0048 83c4 

  0x000001aadc14a170: ;   {runtime_call unwind_exception Runtime1 stub}
  0x000001aadc14a170: 605d e989 | e4d8 06f4 
[Stub Code]
  0x000001aadc14a178: ;   {no_reloc}
  0x000001aadc14a178: 48bb 0000 | 0000 0000 

  0x000001aadc14a180: ;   {runtime_call nmethod}
  0x000001aadc14a180: 0000 e9fb 

  0x000001aadc14a184: ;   {static_stub}
  0x000001aadc14a184: ffff ff48 | bb00 0000 | 0000 0000 

  0x000001aadc14a190: ;   {runtime_call nmethod}
  0x000001aadc14a190: 00e9 fbff 

  0x000001aadc14a194: ;   {runtime_call handle_exception_from_callee Runtime1 stub}
  0x000001aadc14a194: ffff e865 

  0x000001aadc14a198: ;   {external_word}
  0x000001aadc14a198: 11d9 0648 | b950 6312 | 0af8 7f00 | 0048 83e4 

  0x000001aadc14a1a8: ;   {runtime_call}
  0x000001aadc14a1a8: f048 b8c0 | c9d4 09f8 | 7f00 00ff 

  0x000001aadc14a1b4: ;   {section_word}
  0x000001aadc14a1b4: d0f4 49ba | b6a1 14dc | aa01 0000 

  0x000001aadc14a1c0: ;   {runtime_call DeoptimizationBlob}
  0x000001aadc14a1c0: 4152 e959 | a5cd 06f4 
[/MachCode]


---------------  P R O C E S S  ---------------

Threads class SMR info:
_java_thread_list=0x000001aaf96c03a0, length=36, elements={
0x000001aad86afca0, 0x000001aaf25e26c0, 0x000001aaf25e5e50, 0x000001aaf25e7960,
0x000001aaf25e8ab0, 0x000001aaf25f2240, 0x000001aaf25f49d0, 0x000001aaf25fc6b0,
0x000001aaf25fde70, 0x000001aaf28476b0, 0x000001aaf28def70, 0x000001aaf7a11b40,
0x000001aaf7c79b20, 0x000001aaf81e88a0, 0x000001aaf82cecb0, 0x000001aaf82c3c90,
0x000001aaf8538a50, 0x000001aaf8562a40, 0x000001aaf8563760, 0x000001aaf8564480,
0x000001aaf8564b10, 0x000001aaf8561690, 0x000001aaf85630d0, 0x000001aaf8561d20,
0x000001aaf9582af0, 0x000001aaf9581740, 0x000001aaf9583810, 0x000001aaf9583ea0,
0x000001aaf9584530, 0x000001aaf9584bc0, 0x000001aaf9585250, 0x000001aaf95858e0,
0x000001aaf95810b0, 0x000001aaf9586600, 0x000001aaf9585f70, 0x000001aaf9583180
}

Java Threads: ( => current thread )
  0x000001aad86afca0 JavaThread "main"                              [_thread_blocked, id=25356, stack(0x0000008bf0b00000,0x0000008bf0c00000) (1024K)]
  0x000001aaf25e26c0 JavaThread "Reference Handler"          daemon [_thread_blocked, id=32136, stack(0x0000008bf1300000,0x0000008bf1400000) (1024K)]
  0x000001aaf25e5e50 JavaThread "Finalizer"                  daemon [_thread_blocked, id=31992, stack(0x0000008bf1400000,0x0000008bf1500000) (1024K)]
  0x000001aaf25e7960 JavaThread "Signal Dispatcher"          daemon [_thread_blocked, id=30240, stack(0x0000008bf1500000,0x0000008bf1600000) (1024K)]
  0x000001aaf25e8ab0 JavaThread "Attach Listener"            daemon [_thread_blocked, id=32560, stack(0x0000008bf1600000,0x0000008bf1700000) (1024K)]
  0x000001aaf25f2240 JavaThread "Service Thread"             daemon [_thread_blocked, id=31208, stack(0x0000008bf1700000,0x0000008bf1800000) (1024K)]
  0x000001aaf25f49d0 JavaThread "Monitor Deflation Thread"   daemon [_thread_blocked, id=31212, stack(0x0000008bf1800000,0x0000008bf1900000) (1024K)]
  0x000001aaf25fc6b0 JavaThread "C2 CompilerThread0"         daemon [_thread_blocked, id=31024, stack(0x0000008bf1900000,0x0000008bf1a00000) (1024K)]
  0x000001aaf25fde70 JavaThread "C1 CompilerThread0"         daemon [_thread_blocked, id=28904, stack(0x0000008bf1a00000,0x0000008bf1b00000) (1024K)]
  0x000001aaf28476b0 JavaThread "Common-Cleaner"             daemon [_thread_blocked, id=32596, stack(0x0000008bf1b00000,0x0000008bf1c00000) (1024K)]
  0x000001aaf28def70 JavaThread "Notification Thread"        daemon [_thread_blocked, id=30120, stack(0x0000008bf1c00000,0x0000008bf1d00000) (1024K)]
  0x000001aaf7a11b40 JavaThread "Daemon health stats"               [_thread_blocked, id=33244, stack(0x0000008bf2100000,0x0000008bf2200000) (1024K)]
  0x000001aaf7c79b20 JavaThread "Incoming local TCP Connector on port 54850"        [_thread_in_native, id=33348, stack(0x0000008bf2200000,0x0000008bf2300000) (1024K)]
  0x000001aaf81e88a0 JavaThread "Daemon periodic checks"            [_thread_blocked, id=33388, stack(0x0000008bf2600000,0x0000008bf2700000) (1024K)]
  0x000001aaf82cecb0 JavaThread "Daemon"                            [_thread_blocked, id=33396, stack(0x0000008bf2700000,0x0000008bf2800000) (1024K)]
  0x000001aaf82c3c90 JavaThread "Handler for socket connection from /127.0.0.1:54850 to /127.0.0.1:54851"        [_thread_in_native, id=33436, stack(0x0000008bf2800000,0x0000008bf2900000) (1024K)]
  0x000001aaf8538a50 JavaThread "Cancel handler"                    [_thread_blocked, id=33464, stack(0x0000008bf2900000,0x0000008bf2a00000) (1024K)]
=>0x000001aaf8562a40 JavaThread "Daemon worker"                     [_thread_in_vm, id=33468, stack(0x0000008bf2a00000,0x0000008bf2b00000) (1024K)]
  0x000001aaf8563760 JavaThread "Asynchronous log dispatcher for DefaultDaemonConnection: socket connection from /127.0.0.1:54850 to /127.0.0.1:54851"        [_thread_blocked, id=33496, stack(0x0000008bf2b00000,0x0000008bf2c00000) (1024K)]
  0x000001aaf8564480 JavaThread "Stdin handler"                     [_thread_blocked, id=33500, stack(0x0000008bf2c00000,0x0000008bf2d00000) (1024K)]
  0x000001aaf8564b10 JavaThread "Daemon client event forwarder"        [_thread_blocked, id=33512, stack(0x0000008bf2d00000,0x0000008bf2e00000) (1024K)]
  0x000001aaf8561690 JavaThread "Cache worker for journal cache (C:\Users\NAGARAJU\.gradle\caches\journal-1)"        [_thread_blocked, id=33772, stack(0x0000008bf2e00000,0x0000008bf2f00000) (1024K)]
  0x000001aaf85630d0 JavaThread "File lock request listener"        [_thread_in_native, id=28652, stack(0x0000008bf2f00000,0x0000008bf3000000) (1024K)]
  0x000001aaf8561d20 JavaThread "Cache worker for file hash cache (C:\Users\NAGARAJU\.gradle\caches\8.14.1\fileHashes)"        [_thread_blocked, id=27364, stack(0x0000008bf3100000,0x0000008bf3200000) (1024K)]
  0x000001aaf9582af0 JavaThread "Cache worker for file hash cache (C:\zynnative\DocApp-CLI\android\.gradle\8.14.1\fileHashes)"        [_thread_blocked, id=37364, stack(0x0000008bf3300000,0x0000008bf3400000) (1024K)]
  0x000001aaf9581740 JavaThread "Cache worker for Build Output Cleanup Cache (C:\zynnative\DocApp-CLI\android\.gradle\buildOutputCleanup)"        [_thread_blocked, id=37528, stack(0x0000008bf3400000,0x0000008bf3500000) (1024K)]
  0x000001aaf9583810 JavaThread "File watcher server"        daemon [_thread_in_native, id=27672, stack(0x0000008bf3500000,0x0000008bf3600000) (1024K)]
  0x000001aaf9583ea0 JavaThread "File watcher consumer"      daemon [_thread_blocked, id=29256, stack(0x0000008bf3600000,0x0000008bf3700000) (1024K)]
  0x000001aaf9584530 JavaThread "jar transforms"                    [_thread_blocked, id=40180, stack(0x0000008bf3700000,0x0000008bf3800000) (1024K)]
  0x000001aaf9584bc0 JavaThread "jar transforms Thread 2"           [_thread_blocked, id=34604, stack(0x0000008bf0900000,0x0000008bf0a00000) (1024K)]
  0x000001aaf9585250 JavaThread "Cache worker for checksums cache (C:\zynnative\DocApp-CLI\android\.gradle\8.14.1\checksums)"        [_thread_blocked, id=27248, stack(0x0000008bf0a00000,0x0000008bf0b00000) (1024K)]
  0x000001aaf95858e0 JavaThread "Cache worker for file content cache (C:\Users\NAGARAJU\.gradle\caches\8.14.1\fileContent)"        [_thread_blocked, id=11224, stack(0x0000008bf3000000,0x0000008bf3100000) (1024K)]
  0x000001aaf95810b0 JavaThread "File lock release action executor Thread 6"        [_thread_blocked, id=31824, stack(0x0000008bf0800000,0x0000008bf0900000) (1024K)]
  0x000001aaf9586600 JavaThread "jar transforms Thread 3"           [_thread_blocked, id=7776, stack(0x0000008bf3800000,0x0000008bf3900000) (1024K)]
  0x000001aaf9585f70 JavaThread "Cache worker for cache directory md-supplier (C:\Users\NAGARAJU\.gradle\caches\8.14.1\md-supplier)"        [_thread_blocked, id=35936, stack(0x0000008bf3900000,0x0000008bf3a00000) (1024K)]
  0x000001aaf9583180 JavaThread "Cache worker for cache directory md-rule (C:\Users\NAGARAJU\.gradle\caches\8.14.1\md-rule)"        [_thread_blocked, id=29612, stack(0x0000008bf3a00000,0x0000008bf3b00000) (1024K)]
Total: 36

Other Threads:
  0x000001aaf25c46d0 VMThread "VM Thread"                           [id=31796, stack(0x0000008bf1200000,0x0000008bf1300000) (1024K)] _threads_hazard_ptr=0x000001aaf96c03a0
  0x000001aaf25b3b50 WatcherThread "VM Periodic Task Thread"        [id=31840, stack(0x0000008bf1100000,0x0000008bf1200000) (1024K)]
  0x000001aad8719ff0 WorkerThread "GC Thread#0"                     [id=30584, stack(0x0000008bf0c00000,0x0000008bf0d00000) (1024K)]
  0x000001aaf294af20 WorkerThread "GC Thread#1"                     [id=31456, stack(0x0000008bf1d00000,0x0000008bf1e00000) (1024K)]
  0x000001aaf29a5900 WorkerThread "GC Thread#2"                     [id=30488, stack(0x0000008bf1e00000,0x0000008bf1f00000) (1024K)]
  0x000001aaf79502b0 WorkerThread "GC Thread#3"                     [id=32800, stack(0x0000008bf1f00000,0x0000008bf2000000) (1024K)]
  0x000001aaf78a9d60 WorkerThread "GC Thread#4"                     [id=32804, stack(0x0000008bf2000000,0x0000008bf2100000) (1024K)]
  0x000001aaf82fa760 WorkerThread "GC Thread#5"                     [id=33372, stack(0x0000008bf2300000,0x0000008bf2400000) (1024K)]
  0x000001aaf7cdee60 WorkerThread "GC Thread#6"                     [id=33380, stack(0x0000008bf2400000,0x0000008bf2500000) (1024K)]
  0x000001aaf82b0920 WorkerThread "GC Thread#7"                     [id=33384, stack(0x0000008bf2500000,0x0000008bf2600000) (1024K)]
  0x000001aad646dfe0 ConcurrentGCThread "G1 Main Marker"            [id=13132, stack(0x0000008bf0d00000,0x0000008bf0e00000) (1024K)]
  0x000001aad646e7a0 WorkerThread "G1 Conc#0"                       [id=29740, stack(0x0000008bf0e00000,0x0000008bf0f00000) (1024K)]
  0x000001aaf8c157d0 WorkerThread "G1 Conc#1"                       [id=36776, stack(0x0000008bf3200000,0x0000008bf3300000) (1024K)]
  0x000001aaf2487db0 ConcurrentGCThread "G1 Refine#0"               [id=31976, stack(0x0000008bf0f00000,0x0000008bf1000000) (1024K)]
  0x000001aaf24885e0 ConcurrentGCThread "G1 Service"                [id=31944, stack(0x0000008bf1000000,0x0000008bf1100000) (1024K)]
Total: 15

Threads with active compile tasks:
Total: 0

VM state: synchronizing (normal execution)

VM Mutex/Monitor currently owned by a thread:  ([mutex/lock_event])
[0x00007ff80a3dd530] Metaspace_lock - owner thread: 0x000001aaf8562a40
[0x00007ff80a3df5b0] Threads_lock - owner thread: 0x000001aaf25c46d0

Heap address: 0x0000000700000000, size: 4096 MB, Compressed Oops mode: Zero based, Oop shift amount: 3

CDS archive(s) mapped at: [0x000001aa80000000-0x000001aa80ba0000-0x000001aa80ba0000), size 12189696, SharedBaseAddress: 0x000001aa80000000, ArchiveRelocationMode: 1.
Compressed class space mapped at: 0x000001aa81000000-0x000001aac1000000, reserved size: 1073741824
Narrow klass base: 0x000001aa80000000, Narrow klass shift: 0, Narrow klass range: 0x100000000

GC Precious Log:
 CardTable entry size: 512
 Card Set container configuration: InlinePtr #cards 4 size 8 Array Of Cards #cards 16 size 48 Howl #buckets 8 coarsen threshold 3686 Howl Bitmap #cards 512 size 80 coarsen threshold 460 Card regions per heap region 1 cards per card region 4096
 CPUs: 8 total, 8 available
 Memory: 7502M
 Large Page Support: Disabled
 NUMA Support: Disabled
 Compressed Oops: Enabled (Zero based)
 Heap Region Size: 2M
 Heap Min Capacity: 8M
 Heap Initial Capacity: 118M
 Heap Max Capacity: 4G
 Pre-touch: Disabled
 Parallel Workers: 8
 Concurrent Workers: 2
 Concurrent Refinement Workers: 8
 Periodic GC: Disabled

Heap:
 garbage-first heap   total 108544K, used 44349K [0x0000000700000000, 0x0000000800000000)
  region size 2048K, 7 young (14336K), 2 survivors (4096K)
 Metaspace       used 39347K, committed 40704K, reserved 1114112K
  class space    used 5651K, committed 6336K, reserved 1048576K

Heap Regions: E=young(eden), S=young(survivor), O=old, HS=humongous(starts), HC=humongous(continues), CS=collection set, F=free, TAMS=top-at-mark-start, PB=parsable bottom
|   0|0x0000000700000000, 0x0000000700200000, 0x0000000700200000|100%|HS|  |TAMS 0x0000000700000000| PB 0x0000000700000000| Complete 
|   1|0x0000000700200000, 0x0000000700400000, 0x0000000700400000|100%|HC|  |TAMS 0x0000000700200000| PB 0x0000000700200000| Complete 
|   2|0x0000000700400000, 0x0000000700600000, 0x0000000700600000|100%| O|  |TAMS 0x0000000700400000| PB 0x0000000700400000| Untracked 
|   3|0x0000000700600000, 0x0000000700800000, 0x0000000700800000|100%| O|  |TAMS 0x0000000700600000| PB 0x0000000700600000| Untracked 
|   4|0x0000000700800000, 0x0000000700a00000, 0x0000000700a00000|100%| O|  |TAMS 0x0000000700800000| PB 0x0000000700800000| Untracked 
|   5|0x0000000700a00000, 0x0000000700c00000, 0x0000000700c00000|100%| O|  |TAMS 0x0000000700a00000| PB 0x0000000700a00000| Untracked 
|   6|0x0000000700c00000, 0x0000000700e00000, 0x0000000700e00000|100%| O|  |TAMS 0x0000000700c00000| PB 0x0000000700c00000| Untracked 
|   7|0x0000000700e00000, 0x0000000700e00000, 0x0000000701000000|  0%| F|  |TAMS 0x0000000700e00000| PB 0x0000000700e00000| Untracked 
|   8|0x0000000701000000, 0x0000000701200000, 0x0000000701200000|100%| O|  |TAMS 0x0000000701000000| PB 0x0000000701000000| Untracked 
|   9|0x0000000701200000, 0x0000000701400000, 0x0000000701400000|100%| O|  |TAMS 0x0000000701200000| PB 0x0000000701200000| Untracked 
|  10|0x0000000701400000, 0x0000000701600000, 0x0000000701600000|100%| O|  |TAMS 0x0000000701400000| PB 0x0000000701400000| Untracked 
|  11|0x0000000701600000, 0x0000000701800000, 0x0000000701800000|100%| O|  |TAMS 0x0000000701600000| PB 0x0000000701600000| Untracked 
|  12|0x0000000701800000, 0x0000000701a00000, 0x0000000701a00000|100%| O|  |TAMS 0x0000000701800000| PB 0x0000000701800000| Untracked 
|  13|0x0000000701a00000, 0x0000000701c00000, 0x0000000701c00000|100%| O|  |TAMS 0x0000000701a00000| PB 0x0000000701a00000| Untracked 
|  14|0x0000000701c00000, 0x0000000701e00000, 0x0000000701e00000|100%| O|  |TAMS 0x0000000701c00000| PB 0x0000000701c00000| Untracked 
|  15|0x0000000701e00000, 0x0000000702000000, 0x0000000702000000|100%| O|  |TAMS 0x0000000701e00000| PB 0x0000000701e00000| Untracked 
|  16|0x0000000702000000, 0x0000000702026bb8, 0x0000000702200000|  7%| O|  |TAMS 0x0000000702000000| PB 0x0000000702000000| Untracked 
|  17|0x0000000702200000, 0x0000000702200000, 0x0000000702400000|  0%| F|  |TAMS 0x0000000702200000| PB 0x0000000702200000| Untracked 
|  18|0x0000000702400000, 0x0000000702400000, 0x0000000702600000|  0%| F|  |TAMS 0x0000000702400000| PB 0x0000000702400000| Untracked 
|  19|0x0000000702600000, 0x0000000702800000, 0x0000000702800000|100%| O|  |TAMS 0x0000000702600000| PB 0x0000000702600000| Untracked 
|  20|0x0000000702800000, 0x0000000702800000, 0x0000000702a00000|  0%| F|  |TAMS 0x0000000702800000| PB 0x0000000702800000| Untracked 
|  21|0x0000000702a00000, 0x0000000702a00000, 0x0000000702c00000|  0%| F|  |TAMS 0x0000000702a00000| PB 0x0000000702a00000| Untracked 
|  22|0x0000000702c00000, 0x0000000702c00000, 0x0000000702e00000|  0%| F|  |TAMS 0x0000000702c00000| PB 0x0000000702c00000| Untracked 
|  23|0x0000000702e00000, 0x0000000702e00000, 0x0000000703000000|  0%| F|  |TAMS 0x0000000702e00000| PB 0x0000000702e00000| Untracked 
|  24|0x0000000703000000, 0x0000000703000000, 0x0000000703200000|  0%| F|  |TAMS 0x0000000703000000| PB 0x0000000703000000| Untracked 
|  25|0x0000000703200000, 0x0000000703200000, 0x0000000703400000|  0%| F|  |TAMS 0x0000000703200000| PB 0x0000000703200000| Untracked 
|  26|0x0000000703400000, 0x0000000703400000, 0x0000000703600000|  0%| F|  |TAMS 0x0000000703400000| PB 0x0000000703400000| Untracked 
|  27|0x0000000703600000, 0x0000000703600000, 0x0000000703800000|  0%| F|  |TAMS 0x0000000703600000| PB 0x0000000703600000| Untracked 
|  28|0x0000000703800000, 0x0000000703800000, 0x0000000703a00000|  0%| F|  |TAMS 0x0000000703800000| PB 0x0000000703800000| Untracked 
|  29|0x0000000703a00000, 0x0000000703a00000, 0x0000000703c00000|  0%| F|  |TAMS 0x0000000703a00000| PB 0x0000000703a00000| Untracked 
|  30|0x0000000703c00000, 0x0000000703c00000, 0x0000000703e00000|  0%| F|  |TAMS 0x0000000703c00000| PB 0x0000000703c00000| Untracked 
|  31|0x0000000703e00000, 0x0000000703e00000, 0x0000000704000000|  0%| F|  |TAMS 0x0000000703e00000| PB 0x0000000703e00000| Untracked 
|  32|0x0000000704000000, 0x0000000704128b50, 0x0000000704200000| 57%| S|CS|TAMS 0x0000000704000000| PB 0x0000000704000000| Complete 
|  33|0x0000000704200000, 0x0000000704400000, 0x0000000704400000|100%| S|CS|TAMS 0x0000000704200000| PB 0x0000000704200000| Complete 
|  34|0x0000000704400000, 0x0000000704400000, 0x0000000704600000|  0%| F|  |TAMS 0x0000000704400000| PB 0x0000000704400000| Untracked 
|  35|0x0000000704600000, 0x0000000704600000, 0x0000000704800000|  0%| F|  |TAMS 0x0000000704600000| PB 0x0000000704600000| Untracked 
|  36|0x0000000704800000, 0x0000000704800000, 0x0000000704a00000|  0%| F|  |TAMS 0x0000000704800000| PB 0x0000000704800000| Untracked 
|  37|0x0000000704a00000, 0x0000000704a00000, 0x0000000704c00000|  0%| F|  |TAMS 0x0000000704a00000| PB 0x0000000704a00000| Untracked 
|  38|0x0000000704c00000, 0x0000000704c00000, 0x0000000704e00000|  0%| F|  |TAMS 0x0000000704c00000| PB 0x0000000704c00000| Untracked 
|  39|0x0000000704e00000, 0x0000000704e00000, 0x0000000705000000|  0%| F|  |TAMS 0x0000000704e00000| PB 0x0000000704e00000| Untracked 
|  40|0x0000000705000000, 0x0000000705000000, 0x0000000705200000|  0%| F|  |TAMS 0x0000000705000000| PB 0x0000000705000000| Untracked 
|  41|0x0000000705200000, 0x0000000705200000, 0x0000000705400000|  0%| F|  |TAMS 0x0000000705200000| PB 0x0000000705200000| Untracked 
|  42|0x0000000705400000, 0x0000000705400000, 0x0000000705600000|  0%| F|  |TAMS 0x0000000705400000| PB 0x0000000705400000| Untracked 
|  43|0x0000000705600000, 0x0000000705600000, 0x0000000705800000|  0%| F|  |TAMS 0x0000000705600000| PB 0x0000000705600000| Untracked 
|  44|0x0000000705800000, 0x0000000705800000, 0x0000000705a00000|  0%| F|  |TAMS 0x0000000705800000| PB 0x0000000705800000| Untracked 
|  45|0x0000000705a00000, 0x0000000705a00000, 0x0000000705c00000|  0%| F|  |TAMS 0x0000000705a00000| PB 0x0000000705a00000| Untracked 
|  46|0x0000000705c00000, 0x0000000705c00000, 0x0000000705e00000|  0%| F|  |TAMS 0x0000000705c00000| PB 0x0000000705c00000| Untracked 
|  47|0x0000000705e00000, 0x0000000705e00000, 0x0000000706000000|  0%| F|  |TAMS 0x0000000705e00000| PB 0x0000000705e00000| Untracked 
|  48|0x0000000706000000, 0x000000070619bf88, 0x0000000706200000| 80%| E|  |TAMS 0x0000000706000000| PB 0x0000000706000000| Complete 
|  49|0x0000000706200000, 0x0000000706400000, 0x0000000706400000|100%| E|CS|TAMS 0x0000000706200000| PB 0x0000000706200000| Complete 
|  50|0x0000000706400000, 0x0000000706600000, 0x0000000706600000|100%| E|CS|TAMS 0x0000000706400000| PB 0x0000000706400000| Complete 
|  51|0x0000000706600000, 0x0000000706800000, 0x0000000706800000|100%| E|CS|TAMS 0x0000000706600000| PB 0x0000000706600000| Complete 
|  58|0x0000000707400000, 0x0000000707600000, 0x0000000707600000|100%| E|CS|TAMS 0x0000000707400000| PB 0x0000000707400000| Complete 

Card table byte_map: [0x000001aaeb3d0000,0x000001aaebbd0000] _byte_map_base: 0x000001aae7bd0000

Marking Bits: (CMBitMap*) 0x000001aad871b520
 Bits: [0x000001aaebbd0000, 0x000001aaefbd0000)

Polling page: 0x000001aad6500000

Metaspace:

Usage:
  Non-class:     32.91 MB used.
      Class:      5.52 MB used.
       Both:     38.43 MB used.

Virtual space:
  Non-class space:       64.00 MB reserved,      33.56 MB ( 52%) committed,  1 nodes.
      Class space:        1.00 GB reserved,       6.19 MB ( <1%) committed,  1 nodes.
             Both:        1.06 GB reserved,      39.75 MB (  4%) committed. 

Chunk freelists:
   Non-Class:  14.42 MB
       Class:  9.67 MB
        Both:  24.09 MB

MaxMetaspaceSize: unlimited
CompressedClassSpaceSize: 1.00 GB
Initial GC threshold: 21.00 MB
Current GC threshold: 58.69 MB
CDS: on
 - commit_granule_bytes: 65536.
 - commit_granule_words: 8192.
 - virtual_space_node_default_size: 8388608.
 - enlarge_chunks_in_place: 1.
 - use_allocation_guard: 0.


Internal statistics:

num_allocs_failed_limit: 6.
num_arena_births: 2454.
num_arena_deaths: 0.
num_vsnodes_births: 2.
num_vsnodes_deaths: 0.
num_space_committed: 636.
num_space_uncommitted: 0.
num_chunks_returned_to_freelist: 6.
num_chunks_taken_from_freelist: 4223.
num_chunk_merges: 6.
num_chunk_splits: 2753.
num_chunks_enlarged: 1700.
num_inconsistent_stats: 0.

CodeHeap 'non-profiled nmethods': size=120000Kb used=3410Kb max_used=3410Kb free=116589Kb
 bounds [0x000001aae3370000, 0x000001aae36d0000, 0x000001aaea8a0000]
CodeHeap 'profiled nmethods': size=120000Kb used=9307Kb max_used=10072Kb free=110692Kb
 bounds [0x000001aadb8a0000, 0x000001aadc280000, 0x000001aae2dd0000]
CodeHeap 'non-nmethods': size=5760Kb used=2560Kb max_used=2603Kb free=3199Kb
 bounds [0x000001aae2dd0000, 0x000001aae3070000, 0x000001aae3370000]
CodeCache: size=245760Kb, used=15277Kb, max_used=16085Kb, free=230480Kb
 total_blobs=5739, nmethods=4909, adapters=734, full_count=0
Compilation: enabled, stopped_count=0, restarted_count=0

Compilation events (20 events):
Event: 1105.540 Thread 0x000001aaf25fde70 5568       3       java.lang.invoke.DirectMethodHandle::getFunction (53 bytes)
Event: 1105.540 Thread 0x000001aaf25fde70 nmethod 5568 0x000001aadbb25410 code [0x000001aadbb255e0, 0x000001aadbb25938]
Event: 1105.556 Thread 0x000001aaf25fde70 5570       3       jdk.internal.org.objectweb.asm.MethodWriter::visitIntInsn (113 bytes)
Event: 1105.557 Thread 0x000001aaf25fde70 nmethod 5570 0x000001aadbb24d10 code [0x000001aadbb24f00, 0x000001aadbb252e8]
Event: 1105.789 Thread 0x000001aaf25fde70 5571       3       org.gradle.internal.instantiation.generator.AbstractClassGenerator$ClassMetadata::resolveTypeVariables (19 bytes)
Event: 1105.790 Thread 0x000001aaf25fde70 nmethod 5571 0x000001aadbb24710 code [0x000001aadbb248e0, 0x000001aadbb24c10]
Event: 1105.790 Thread 0x000001aaf25fde70 5573       3       sun.reflect.generics.parser.SignatureParser::parseZeroOrMoreTypeSignatures (174 bytes)
Event: 1105.791 Thread 0x000001aaf25fde70 nmethod 5573 0x000001aadbd63e90 code [0x000001aadbd64100, 0x000001aadbd64e18]
Event: 1105.791 Thread 0x000001aaf25fde70 5572       3       org.gradle.internal.reflect.JavaPropertyReflectionUtil::resolveMethodReturnType (44 bytes)
Event: 1105.797 Thread 0x000001aaf25fde70 nmethod 5572 0x000001aadbe35210 code [0x000001aadbe35740, 0x000001aadbe385d0]
Event: 1105.965 Thread 0x000001aaf25fc6b0 5576       4       java.lang.invoke.InvokerBytecodeGenerator::emitStoreInsn (21 bytes)
Event: 1105.979 Thread 0x000001aaf25fc6b0 nmethod 5576 0x000001aae346a190 code [0x000001aae346a400, 0x000001aae346acc0]
Event: 1105.980 Thread 0x000001aaf25fc6b0 5577       4       java.lang.invoke.InvokerBytecodeGenerator::storeInsnOpcode (98 bytes)
Event: 1105.983 Thread 0x000001aaf25fc6b0 nmethod 5577 0x000001aae3469a10 code [0x000001aae3469c00, 0x000001aae3469f08]
Event: 1108.234 Thread 0x000001aaf25fde70 5578       3       org.apache.commons.io.FileUtils::forceMkdir (6 bytes)
Event: 1108.243 Thread 0x000001aaf25fde70 nmethod 5578 0x000001aadbcc7990 code [0x000001aadbcc7b40, 0x000001aadbcc7c58]
Event: 1108.243 Thread 0x000001aaf25fde70 5579       3       org.apache.commons.io.FileUtils::mkdirs (54 bytes)
Event: 1108.271 Thread 0x000001aaf25fde70 nmethod 5579 0x000001aadb8c2c10 code [0x000001aadb8c2ee0, 0x000001aadb8c3b00]
Event: 1108.271 Thread 0x000001aaf25fde70 5580       3       org.gradle.cache.internal.AbstractFileAccess::<init> (5 bytes)
Event: 1108.271 Thread 0x000001aaf25fde70 nmethod 5580 0x000001aadba97d90 code [0x000001aadba97f40, 0x000001aadba980a8]

GC Heap History (20 events):
Event: 316.150 GC heap before
{Heap before GC invocations=3 (full 0):
 garbage-first heap   total 120832K, used 83534K [0x0000000700000000, 0x0000000800000000)
  region size 2048K, 35 young (71680K), 4 survivors (8192K)
 Metaspace       used 15825K, committed 16320K, reserved 1114112K
  class space    used 2165K, committed 2368K, reserved 1048576K
}
Event: 316.373 GC heap after
{Heap after GC invocations=4 (full 0):
 garbage-first heap   total 120832K, used 23193K [0x0000000700000000, 0x0000000800000000)
  region size 2048K, 2 young (4096K), 2 survivors (4096K)
 Metaspace       used 15825K, committed 16320K, reserved 1114112K
  class space    used 2165K, committed 2368K, reserved 1048576K
}
Event: 324.255 GC heap before
{Heap before GC invocations=4 (full 0):
 garbage-first heap   total 120832K, used 60057K [0x0000000700000000, 0x0000000800000000)
  region size 2048K, 21 young (43008K), 2 survivors (4096K)
 Metaspace       used 20803K, committed 21504K, reserved 1114112K
  class space    used 3027K, committed 3328K, reserved 1048576K
}
Event: 324.285 GC heap after
{Heap after GC invocations=5 (full 0):
 garbage-first heap   total 120832K, used 25400K [0x0000000700000000, 0x0000000800000000)
  region size 2048K, 3 young (6144K), 3 survivors (6144K)
 Metaspace       used 20803K, committed 21504K, reserved 1114112K
  class space    used 3027K, committed 3328K, reserved 1048576K
}
Event: 398.237 GC heap before
{Heap before GC invocations=6 (full 0):
 garbage-first heap   total 90112K, used 72504K [0x0000000700000000, 0x0000000800000000)
  region size 2048K, 26 young (53248K), 3 survivors (6144K)
 Metaspace       used 26266K, committed 27264K, reserved 1114112K
  class space    used 3924K, committed 4416K, reserved 1048576K
}
Event: 398.406 GC heap after
{Heap after GC invocations=7 (full 0):
 garbage-first heap   total 90112K, used 27725K [0x0000000700000000, 0x0000000800000000)
  region size 2048K, 3 young (6144K), 3 survivors (6144K)
 Metaspace       used 26266K, committed 27264K, reserved 1114112K
  class space    used 3924K, committed 4416K, reserved 1048576K
}
Event: 845.571 GC heap before
{Heap before GC invocations=7 (full 0):
 garbage-first heap   total 90112K, used 72781K [0x0000000700000000, 0x0000000800000000)
  region size 2048K, 25 young (51200K), 3 survivors (6144K)
 Metaspace       used 26948K, committed 27968K, reserved 1114112K
  class space    used 4042K, committed 4544K, reserved 1048576K
}
Event: 845.815 GC heap after
{Heap after GC invocations=8 (full 0):
 garbage-first heap   total 90112K, used 27515K [0x0000000700000000, 0x0000000800000000)
  region size 2048K, 2 young (4096K), 2 survivors (4096K)
 Metaspace       used 26948K, committed 27968K, reserved 1114112K
  class space    used 4042K, committed 4544K, reserved 1048576K
}
Event: 925.139 GC heap before
{Heap before GC invocations=8 (full 0):
 garbage-first heap   total 90112K, used 72571K [0x0000000700000000, 0x0000000800000000)
  region size 2048K, 25 young (51200K), 2 survivors (4096K)
 Metaspace       used 33049K, committed 33984K, reserved 1114112K
  class space    used 4732K, committed 5184K, reserved 1048576K
}
Event: 926.279 GC heap after
{Heap after GC invocations=9 (full 0):
 garbage-first heap   total 90112K, used 32047K [0x0000000700000000, 0x0000000800000000)
  region size 2048K, 4 young (8192K), 4 survivors (8192K)
 Metaspace       used 33049K, committed 33984K, reserved 1114112K
  class space    used 4732K, committed 5184K, reserved 1048576K
}
Event: 928.023 GC heap before
{Heap before GC invocations=9 (full 0):
 garbage-first heap   total 90112K, used 34095K [0x0000000700000000, 0x0000000800000000)
  region size 2048K, 5 young (10240K), 4 survivors (8192K)
 Metaspace       used 33049K, committed 33984K, reserved 1114112K
  class space    used 4732K, committed 5184K, reserved 1048576K
}
Event: 928.035 GC heap after
{Heap after GC invocations=10 (full 0):
 garbage-first heap   total 90112K, used 32312K [0x0000000700000000, 0x0000000800000000)
  region size 2048K, 1 young (2048K), 1 survivors (2048K)
 Metaspace       used 33049K, committed 33984K, reserved 1114112K
  class space    used 4732K, committed 5184K, reserved 1048576K
}
Event: 929.654 GC heap before
{Heap before GC invocations=10 (full 0):
 garbage-first heap   total 90112K, used 44600K [0x0000000700000000, 0x0000000800000000)
  region size 2048K, 8 young (16384K), 1 survivors (2048K)
 Metaspace       used 33879K, committed 34944K, reserved 1114112K
  class space    used 4860K, committed 5376K, reserved 1048576K
}
Event: 929.664 GC heap after
{Heap after GC invocations=11 (full 0):
 garbage-first heap   total 90112K, used 33381K [0x0000000700000000, 0x0000000800000000)
  region size 2048K, 1 young (2048K), 1 survivors (2048K)
 Metaspace       used 33879K, committed 34944K, reserved 1114112K
  class space    used 4860K, committed 5376K, reserved 1048576K
}
Event: 930.046 GC heap before
{Heap before GC invocations=11 (full 0):
 garbage-first heap   total 90112K, used 39525K [0x0000000700000000, 0x0000000800000000)
  region size 2048K, 4 young (8192K), 1 survivors (2048K)
 Metaspace       used 34942K, committed 35968K, reserved 1114112K
  class space    used 4927K, committed 5440K, reserved 1048576K
}
Event: 930.067 GC heap after
{Heap after GC invocations=12 (full 0):
 garbage-first heap   total 90112K, used 33944K [0x0000000700000000, 0x0000000800000000)
  region size 2048K, 2 young (4096K), 2 survivors (4096K)
 Metaspace       used 34942K, committed 35968K, reserved 1114112K
  class space    used 4927K, committed 5440K, reserved 1048576K
}
Event: 968.287 GC heap before
{Heap before GC invocations=13 (full 0):
 garbage-first heap   total 90112K, used 44184K [0x0000000700000000, 0x0000000800000000)
  region size 2048K, 7 young (14336K), 2 survivors (4096K)
 Metaspace       used 35784K, committed 36800K, reserved 1114112K
  class space    used 5074K, committed 5568K, reserved 1048576K
}
Event: 968.387 GC heap after
{Heap after GC invocations=14 (full 0):
 garbage-first heap   total 108544K, used 34408K [0x0000000700000000, 0x0000000800000000)
  region size 2048K, 1 young (2048K), 1 survivors (2048K)
 Metaspace       used 35784K, committed 36800K, reserved 1114112K
  class space    used 5074K, committed 5568K, reserved 1048576K
}
Event: 1100.329 GC heap before
{Heap before GC invocations=14 (full 0):
 garbage-first heap   total 108544K, used 69224K [0x0000000700000000, 0x0000000800000000)
  region size 2048K, 19 young (38912K), 1 survivors (2048K)
 Metaspace       used 38431K, committed 39680K, reserved 1114112K
  class space    used 5485K, committed 6080K, reserved 1048576K
}
Event: 1100.649 GC heap after
{Heap after GC invocations=15 (full 0):
 garbage-first heap   total 108544K, used 36157K [0x0000000700000000, 0x0000000800000000)
  region size 2048K, 2 young (4096K), 2 survivors (4096K)
 Metaspace       used 38431K, committed 39680K, reserved 1114112K
  class space    used 5485K, committed 6080K, reserved 1048576K
}

Dll operation events (20 events):
Event: 0.422 Attempting to load shared library C:\Users\NAGARAJU\.antigravity-ide\extensions\redhat.java-1.56.0-win32-x64\jre\21.0.12.1-win32-x86_64\bin\nio.dll
Event: 0.442 Loaded shared library C:\Users\NAGARAJU\.antigravity-ide\extensions\redhat.java-1.56.0-win32-x64\jre\21.0.12.1-win32-x86_64\bin\nio.dll
Event: 0.445 Attempting to load shared library C:\Users\NAGARAJU\.antigravity-ide\extensions\redhat.java-1.56.0-win32-x64\jre\21.0.12.1-win32-x86_64\bin\zip.dll
Event: 0.445 Loaded shared library C:\Users\NAGARAJU\.antigravity-ide\extensions\redhat.java-1.56.0-win32-x64\jre\21.0.12.1-win32-x86_64\bin\zip.dll
Event: 3.874 Attempting to load shared library C:\Users\NAGARAJU\.antigravity-ide\extensions\redhat.java-1.56.0-win32-x64\jre\21.0.12.1-win32-x86_64\bin\jimage.dll
Event: 3.874 Loaded shared library C:\Users\NAGARAJU\.antigravity-ide\extensions\redhat.java-1.56.0-win32-x64\jre\21.0.12.1-win32-x86_64\bin\jimage.dll
Event: 5.124 Attempting to load shared library C:\Users\NAGARAJU\.antigravity-ide\extensions\redhat.java-1.56.0-win32-x64\jre\21.0.12.1-win32-x86_64\bin\verify.dll
Event: 5.155 Loaded shared library C:\Users\NAGARAJU\.antigravity-ide\extensions\redhat.java-1.56.0-win32-x64\jre\21.0.12.1-win32-x86_64\bin\verify.dll
Event: 5.473 Attempting to load shared library C:\Users\NAGARAJU\.gradle\native\1def1411415f61bf3af743bc5b6707747c0891f09f0c88961ee8f79bc544acac\windows-amd64\native-platform.dll
Event: 5.474 Loaded shared library C:\Users\NAGARAJU\.gradle\native\1def1411415f61bf3af743bc5b6707747c0891f09f0c88961ee8f79bc544acac\windows-amd64\native-platform.dll
Event: 5.494 Attempting to load shared library C:\Users\NAGARAJU\.gradle\native\0.2.7\x86_64-windows-gnu\gradle-fileevents.dll
Event: 5.495 Loaded shared library C:\Users\NAGARAJU\.gradle\native\0.2.7\x86_64-windows-gnu\gradle-fileevents.dll
Event: 13.851 Attempting to load shared library C:\Users\NAGARAJU\.antigravity-ide\extensions\redhat.java-1.56.0-win32-x64\jre\21.0.12.1-win32-x86_64\bin\management.dll
Event: 13.852 Loaded shared library C:\Users\NAGARAJU\.antigravity-ide\extensions\redhat.java-1.56.0-win32-x64\jre\21.0.12.1-win32-x86_64\bin\management.dll
Event: 13.990 Attempting to load shared library C:\Users\NAGARAJU\.antigravity-ide\extensions\redhat.java-1.56.0-win32-x64\jre\21.0.12.1-win32-x86_64\bin\management_ext.dll
Event: 14.167 Loaded shared library C:\Users\NAGARAJU\.antigravity-ide\extensions\redhat.java-1.56.0-win32-x64\jre\21.0.12.1-win32-x86_64\bin\management_ext.dll
Event: 16.604 Attempting to load shared library C:\Users\NAGARAJU\.antigravity-ide\extensions\redhat.java-1.56.0-win32-x64\jre\21.0.12.1-win32-x86_64\bin\extnet.dll
Event: 16.605 Loaded shared library C:\Users\NAGARAJU\.antigravity-ide\extensions\redhat.java-1.56.0-win32-x64\jre\21.0.12.1-win32-x86_64\bin\extnet.dll
Event: 18.238 Attempting to load shared library C:\Users\NAGARAJU\.antigravity-ide\extensions\redhat.java-1.56.0-win32-x64\jre\21.0.12.1-win32-x86_64\bin\sunmscapi.dll
Event: 18.245 Loaded shared library C:\Users\NAGARAJU\.antigravity-ide\extensions\redhat.java-1.56.0-win32-x64\jre\21.0.12.1-win32-x86_64\bin\sunmscapi.dll

Deoptimization events (20 events):
Event: 1093.841 Thread 0x000001aaf8562a40 DEOPT PACKING pc=0x000001aae3398040 sp=0x0000008bf2af6da0
Event: 1093.841 Thread 0x000001aaf8562a40 DEOPT UNPACKING pc=0x000001aae2e24422 sp=0x0000008bf2af6d50 mode 2
Event: 1093.842 Thread 0x000001aaf8562a40 Uncommon trap: trap_request=0xffffffbe fr.pc=0x000001aae3398040 relative=0x0000000000001060
Event: 1093.842 Thread 0x000001aaf8562a40 Uncommon trap: reason=profile_predicate action=maybe_recompile pc=0x000001aae3398040 method=java.lang.invoke.InvokerBytecodeGenerator.<init>(Ljava/lang/String;Ljava/lang/String;Ljava/lang/invoke/LambdaForm;Ljava/lang/invoke/MethodType;)V @ 33 c2
Event: 1093.842 Thread 0x000001aaf8562a40 DEOPT PACKING pc=0x000001aae3398040 sp=0x0000008bf2af6db0
Event: 1093.842 Thread 0x000001aaf8562a40 DEOPT UNPACKING pc=0x000001aae2e24422 sp=0x0000008bf2af6d60 mode 2
Event: 1093.844 Thread 0x000001aaf8562a40 Uncommon trap: trap_request=0xffffffbe fr.pc=0x000001aae3398040 relative=0x0000000000001060
Event: 1093.844 Thread 0x000001aaf8562a40 Uncommon trap: reason=profile_predicate action=maybe_recompile pc=0x000001aae3398040 method=java.lang.invoke.InvokerBytecodeGenerator.<init>(Ljava/lang/String;Ljava/lang/String;Ljava/lang/invoke/LambdaForm;Ljava/lang/invoke/MethodType;)V @ 33 c2
Event: 1093.845 Thread 0x000001aaf8562a40 DEOPT PACKING pc=0x000001aae3398040 sp=0x0000008bf2af71c0
Event: 1093.845 Thread 0x000001aaf8562a40 DEOPT UNPACKING pc=0x000001aae2e24422 sp=0x0000008bf2af7170 mode 2
Event: 1101.160 Thread 0x000001aaf8562a40 Uncommon trap: trap_request=0xffffffde fr.pc=0x000001aae342e4cc relative=0x00000000000003ac
Event: 1101.160 Thread 0x000001aaf8562a40 Uncommon trap: reason=class_check action=maybe_recompile pc=0x000001aae342e4cc method=java.util.stream.MatchOps$MatchOp.evaluateSequential(Ljava/util/stream/PipelineHelper;Ljava/util/Spliterator;)Ljava/lang/Boolean; @ 14 c2
Event: 1101.160 Thread 0x000001aaf8562a40 DEOPT PACKING pc=0x000001aae342e4cc sp=0x0000008bf2af8a20
Event: 1101.160 Thread 0x000001aaf8562a40 DEOPT UNPACKING pc=0x000001aae2e24422 sp=0x0000008bf2af8948 mode 2
Event: 1101.389 Thread 0x000001aaf8562a40 Uncommon trap: trap_request=0xffffffde fr.pc=0x000001aae342e4cc relative=0x00000000000003ac
Event: 1101.389 Thread 0x000001aaf8562a40 Uncommon trap: reason=class_check action=maybe_recompile pc=0x000001aae342e4cc method=java.util.stream.MatchOps$MatchOp.evaluateSequential(Ljava/util/stream/PipelineHelper;Ljava/util/Spliterator;)Ljava/lang/Boolean; @ 14 c2
Event: 1101.389 Thread 0x000001aaf8562a40 DEOPT PACKING pc=0x000001aae342e4cc sp=0x0000008bf2af8a20
Event: 1101.390 Thread 0x000001aaf8562a40 DEOPT UNPACKING pc=0x000001aae2e24422 sp=0x0000008bf2af8948 mode 2
Event: 1101.682 Thread 0x000001aaf8562a40 DEOPT PACKING pc=0x000001aadbf8a956 sp=0x0000008bf2af88d0
Event: 1101.682 Thread 0x000001aaf8562a40 DEOPT UNPACKING pc=0x000001aae2e24bc2 sp=0x0000008bf2af7d40 mode 0

Classes loaded (20 events):
Event: 1093.401 Loading class java/lang/invoke/BoundMethodHandle$Species_LI
Event: 1093.402 Loading class java/lang/invoke/BoundMethodHandle$Species_LI done
Event: 1093.448 Loading class java/util/DualPivotQuicksort
Event: 1093.453 Loading class java/util/DualPivotQuicksort done
Event: 1104.752 Loading class java/lang/invoke/BoundMethodHandle$Species_LLLLLLLLLLLLLLLLLLLLLLLLL
Event: 1104.752 Loading class java/lang/invoke/BoundMethodHandle$Species_LLLLLLLLLLLLLLLLLLLLLLLLL done
Event: 1105.023 Loading class java/lang/invoke/BoundMethodHandle$Species_LLLLLLLLLLLLLLLLLLLLLLLLLL
Event: 1105.023 Loading class java/lang/invoke/BoundMethodHandle$Species_LLLLLLLLLLLLLLLLLLLLLLLLLL done
Event: 1105.184 Loading class java/lang/invoke/BoundMethodHandle$Species_LLLLLLLLLLLLLLLLLLLLLLLLLLL
Event: 1105.184 Loading class java/lang/invoke/BoundMethodHandle$Species_LLLLLLLLLLLLLLLLLLLLLLLLLLL done
Event: 1105.297 Loading class java/lang/invoke/BoundMethodHandle$Species_LLLLLLLLLLLLLLLLLLLLLLLLLLLL
Event: 1105.297 Loading class java/lang/invoke/BoundMethodHandle$Species_LLLLLLLLLLLLLLLLLLLLLLLLLLLL done
Event: 1105.390 Loading class java/lang/invoke/BoundMethodHandle$Species_LLLLLLLLLLLLLLLLLLLLLLLLLLLLL
Event: 1105.390 Loading class java/lang/invoke/BoundMethodHandle$Species_LLLLLLLLLLLLLLLLLLLLLLLLLLLLL done
Event: 1105.441 Loading class java/lang/invoke/BoundMethodHandle$Species_LLLLLLLLLLLLLLLLLLLLLLLLLLLLLL
Event: 1105.441 Loading class java/lang/invoke/BoundMethodHandle$Species_LLLLLLLLLLLLLLLLLLLLLLLLLLLLLL done
Event: 1105.452 Loading class java/lang/invoke/BoundMethodHandle$Species_LLLLLLLLLLLLLLLLLLLLLLLLLLLLLLL
Event: 1105.452 Loading class java/lang/invoke/BoundMethodHandle$Species_LLLLLLLLLLLLLLLLLLLLLLLLLLLLLLL done
Event: 1105.486 Loading class java/lang/invoke/BoundMethodHandle$Species_LLLLLLLLLLLLLLLLLLLLLLLLLLLLLLLL
Event: 1105.486 Loading class java/lang/invoke/BoundMethodHandle$Species_LLLLLLLLLLLLLLLLLLLLLLLLLLLLLLLL done

Classes unloaded (0 events):
No events

Classes redefined (0 events):
No events

Internal exceptions (20 events):
Event: 1093.414 Thread 0x000001aaf8562a40 Exception <a 'java/lang/NoSuchMethodError'{0x00000007059da998}: 'java.lang.Object java.lang.invoke.DirectMethodHandle$Holder.invokeSpecial(java.lang.Object, java.lang.Object, java.lang.Object, java.lang.Object, int)'> (0x00000007059da998) 
thrown [s\src\hotspot\share\interpreter\linkResolver.cpp, line 773]
Event: 1093.786 Thread 0x000001aaf8562a40 Exception <a 'java/lang/IncompatibleClassChangeError'{0x000000070549c9c8}: Found class java.lang.Object, but interface was expected> (0x000000070549c9c8) 
thrown [s\src\hotspot\share\interpreter\linkResolver.cpp, line 840]
Event: 1098.077 Thread 0x000001aaf8562a40 Exception <a 'java/lang/NoSuchMethodError'{0x0000000704b85d38}: 'java.lang.Object java.lang.invoke.DirectMethodHandle$Holder.newInvokeSpecial(java.lang.Object, java.lang.Object, java.lang.Object, java.lang.Object, java.lang.Object, java.lang.Object, java.lang.Object, java.lang.Object, java.lang.Object, java.lang.Object, java.lang.Object)'> (0x0000000704b85d38) 
thrown [s\src\hotspot\share\interpreter\linkResolver.cpp, line 773]
Event: 1099.008 Thread 0x000001aaf8562a40 Exception <a 'java/lang/NoSuchMethodError'{0x000000070443cc28}: 'java.lang.Object java.lang.invoke.DirectMethodHandle$Holder.newInvokeSpecial(java.lang.Object, java.lang.Object, java.lang.Object, java.lang.Object, java.lang.Object, java.lang.Object, java.lang.Object, java.lang.Object, java.lang.Object, java.lang.Object, java.lang.Object, java.lang.Object)'> (0x000000070443cc28) 
thrown [s\src\hotspot\share\interpreter\linkResolver.cpp, line 773]
Event: 1099.009 Thread 0x000001aaf8562a40 Exception <a 'java/lang/NoSuchMethodError'{0x0000000704442040}: 'java.lang.Object java.lang.invoke.Invokers$Holder.linkToTargetMethod(java.lang.Object, java.lang.Object, java.lang.Object, java.lang.Object, java.lang.Object, java.lang.Object, java.lang.Object, java.lang.Object, java.lang.Object, java.lang.Object, java.lang.Object, java.lang.Object)'> (0x0000000704442040) 
thrown [s\src\hotspot\share\interpreter\linkResolver.cpp, line 773]
Event: 1099.431 Thread 0x000001aaf8562a40 Exception <a 'java/lang/NoSuchMethodError'{0x00000007044e85a8}: 'java.lang.Object java.lang.invoke.DirectMethodHandle$Holder.newInvokeSpecial(java.lang.Object, java.lang.Object, java.lang.Object, java.lang.Object, java.lang.Object, java.lang.Object, java.lang.Object, java.lang.Object, java.lang.Object, java.lang.Object, java.lang.Object, java.lang.Object, java.lang.Object, java.lang.Object, java.lang.Object)'> (0x00000007044e85a8) 
thrown [s\src\hotspot\share\interpreter\linkResolver.cpp, line 773]
Event: 1099.452 Thread 0x000001aaf8562a40 Exception <a 'java/lang/NoSuchMethodError'{0x00000007044ee940}: 'java.lang.Object java.lang.invoke.DirectMethodHandle$Holder.invokeSpecial(java.lang.Object, java.lang.Object, java.lang.Object, java.lang.Object, java.lang.Object, java.lang.Object, java.lang.Object, java.lang.Object, java.lang.Object, java.lang.Object, java.lang.Object, java.lang.Object, java.lang.Object, java.lang.Object, java.lang.Object, java.lang.Object)'> (0x00000007044ee940) 
thrown [s\src\hotspot\share\interpreter\linkResolver.cpp, li
Event: 1099.475 Thread 0x000001aaf8562a40 Exception <a 'java/lang/NoSuchMethodError'{0x00000007044f3bc0}: 'java.lang.Object java.lang.invoke.DelegatingMethodHandle$Holder.reinvoke_L(java.lang.Object, java.lang.Object, java.lang.Object, java.lang.Object, java.lang.Object, java.lang.Object, java.lang.Object, java.lang.Object, java.lang.Object, java.lang.Object, java.lang.Object, java.lang.Object, java.lang.Object, java.lang.Object, java.lang.Object)'> (0x00000007044f3bc0) 
thrown [s\src\hotspot\share\interpreter\linkResolver.cpp, line 773]
Event: 1104.204 Thread 0x000001aaf8562a40 Exception <a 'java/lang/NoSuchMethodError'{0x00000007067966f8}: 'java.lang.Object java.lang.invoke.DelegatingMethodHandle$Holder.reinvoke_L(java.lang.Object, java.lang.Object, java.lang.Object, java.lang.Object, java.lang.Object, java.lang.Object, java.lang.Object, java.lang.Object, java.lang.Object, java.lang.Object, java.lang.Object, java.lang.Object, java.lang.Object, java.lang.Object, java.lang.Object, java.lang.Object, java.lang.Object, java.lang.Object, java.lang.Object, java.lang.Object, java.lang.O
Event: 1104.834 Thread 0x000001aaf8562a40 Exception <a 'java/lang/NoSuchMethodError'{0x00000007064802b8}: 'java.lang.Object java.lang.invoke.DirectMethodHandle$Holder.invokeStatic(java.lang.Object, java.lang.Object, java.lang.Object, java.lang.Object, java.lang.Object, java.lang.Object, java.lang.Object, java.lang.Object, java.lang.Object, java.lang.Object, java.lang.Object, java.lang.Object, java.lang.Object, java.lang.Object, java.lang.Object, java.lang.Object, java.lang.Object, java.lang.Object, java.lang.Object, java.lang.Object, java.lang.Obj
Event: 1105.158 Thread 0x000001aaf8562a40 Exception <a 'java/lang/NoSuchMethodError'{0x00000007064bc880}: 'java.lang.Object java.lang.invoke.DirectMethodHandle$Holder.invokeStatic(java.lang.Object, java.lang.Object, java.lang.Object, java.lang.Object, java.lang.Object, java.lang.Object, java.lang.Object, java.lang.Object, java.lang.Object, java.lang.Object, java.lang.Object, java.lang.Object, java.lang.Object, java.lang.Object, java.lang.Object, java.lang.Object, java.lang.Object, java.lang.Object, java.lang.Object, java.lang.Object, java.lang.Obj
Event: 1105.237 Thread 0x000001aaf8562a40 Exception <a 'java/lang/NoSuchMethodError'{0x00000007064f4678}: 'java.lang.Object java.lang.invoke.DirectMethodHandle$Holder.invokeStatic(java.lang.Object, java.lang.Object, java.lang.Object, java.lang.Object, java.lang.Object, java.lang.Object, java.lang.Object, java.lang.Object, java.lang.Object, java.lang.Object, java.lang.Object, java.lang.Object, java.lang.Object, java.lang.Object, java.lang.Object, java.lang.Object, java.lang.Object, java.lang.Object, java.lang.Object, java.lang.Object, java.lang.Obj
Event: 1105.375 Thread 0x000001aaf8562a40 Exception <a 'java/lang/NoSuchMethodError'{0x000000070652d380}: 'java.lang.Object java.lang.invoke.DirectMethodHandle$Holder.invokeStatic(java.lang.Object, java.lang.Object, java.lang.Object, java.lang.Object, java.lang.Object, java.lang.Object, java.lang.Object, java.lang.Object, java.lang.Object, java.lang.Object, java.lang.Object, java.lang.Object, java.lang.Object, java.lang.Object, java.lang.Object, java.lang.Object, java.lang.Object, java.lang.Object, java.lang.Object, java.lang.Object, java.lang.Obj
Event: 1105.401 Thread 0x000001aaf8562a40 Exception <a 'java/lang/NoSuchMethodError'{0x0000000706568cd0}: 'java.lang.Object java.lang.invoke.DirectMethodHandle$Holder.invokeStatic(java.lang.Object, java.lang.Object, java.lang.Object, java.lang.Object, java.lang.Object, java.lang.Object, java.lang.Object, java.lang.Object, java.lang.Object, java.lang.Object, java.lang.Object, java.lang.Object, java.lang.Object, java.lang.Object, java.lang.Object, java.lang.Object, java.lang.Object, java.lang.Object, java.lang.Object, java.lang.Object, java.lang.Obj
Event: 1105.450 Thread 0x000001aaf8562a40 Exception <a 'java/lang/NoSuchMethodError'{0x00000007065a55d8}: 'java.lang.Object java.lang.invoke.DirectMethodHandle$Holder.invokeStatic(java.lang.Object, java.lang.Object, java.lang.Object, java.lang.Object, java.lang.Object, java.lang.Object, java.lang.Object, java.lang.Object, java.lang.Object, java.lang.Object, java.lang.Object, java.lang.Object, java.lang.Object, java.lang.Object, java.lang.Object, java.lang.Object, java.lang.Object, java.lang.Object, java.lang.Object, java.lang.Object, java.lang.Obj
Event: 1105.465 Thread 0x000001aaf8562a40 Exception <a 'java/lang/NoSuchMethodError'{0x00000007065e38d0}: 'java.lang.Object java.lang.invoke.DirectMethodHandle$Holder.invokeStatic(java.lang.Object, java.lang.Object, java.lang.Object, java.lang.Object, java.lang.Object, java.lang.Object, java.lang.Object, java.lang.Object, java.lang.Object, java.lang.Object, java.lang.Object, java.lang.Object, java.lang.Object, java.lang.Object, java.lang.Object, java.lang.Object, java.lang.Object, java.lang.Object, java.lang.Object, java.lang.Object, java.lang.Obj
Event: 1105.540 Thread 0x000001aaf8562a40 Exception <a 'java/lang/NoSuchMethodError'{0x00000007062236f8}: 'java.lang.Object java.lang.invoke.DirectMethodHandle$Holder.invokeStatic(java.lang.Object, java.lang.Object, java.lang.Object, java.lang.Object, java.lang.Object, java.lang.Object, java.lang.Object, java.lang.Object, java.lang.Object, java.lang.Object, java.lang.Object, java.lang.Object, java.lang.Object, java.lang.Object, java.lang.Object, java.lang.Object, java.lang.Object, java.lang.Object, java.lang.Object, java.lang.Object, java.lang.Obj
Event: 1105.938 Thread 0x000001aaf8562a40 Exception <a 'java/lang/NoSuchMethodError'{0x00000007062f31e8}: 'java.lang.Object java.lang.invoke.DirectMethodHandle$Holder.newInvokeSpecial(java.lang.Object, java.lang.Object, java.lang.Object, java.lang.Object, java.lang.Object, java.lang.Object, java.lang.Object, java.lang.Object, java.lang.Object, java.lang.Object, java.lang.Object, java.lang.Object, java.lang.Object, java.lang.Object, java.lang.Object, java.lang.Object, java.lang.Object, java.lang.Object, java.lang.Object)'> (0x00000007062f31e8) 
thr
Event: 1105.942 Thread 0x000001aaf8562a40 Exception <a 'java/lang/NoSuchMethodError'{0x00000007062f9e20}: 'java.lang.Object java.lang.invoke.DirectMethodHandle$Holder.invokeSpecial(java.lang.Object, java.lang.Object, java.lang.Object, java.lang.Object, java.lang.Object, java.lang.Object, java.lang.Object, java.lang.Object, java.lang.Object, java.lang.Object, java.lang.Object, java.lang.Object, java.lang.Object, java.lang.Object, java.lang.Object, java.lang.Object, java.lang.Object, java.lang.Object, java.lang.Object, java.lang.Object)'> (0x0000000
Event: 1105.951 Thread 0x000001aaf8562a40 Exception <a 'java/lang/NoSuchMethodError'{0x00000007062ff670}: 'java.lang.Object java.lang.invoke.DelegatingMethodHandle$Holder.reinvoke_L(java.lang.Object, java.lang.Object, java.lang.Object, java.lang.Object, java.lang.Object, java.lang.Object, java.lang.Object, java.lang.Object, java.lang.Object, java.lang.Object, java.lang.Object, java.lang.Object, java.lang.Object, java.lang.Object, java.lang.Object, java.lang.Object, java.lang.Object, java.lang.Object, java.lang.Object)'> (0x00000007062ff670) 
throw

ZGC Phase Switch (0 events):
No events

VM Operations (20 events):
Event: 1094.525 Executing safepoint VM operation: Cleanup done
Event: 1095.533 Executing safepoint VM operation: Cleanup
Event: 1095.549 Executing safepoint VM operation: Cleanup done
Event: 1096.558 Executing safepoint VM operation: Cleanup
Event: 1096.604 Executing safepoint VM operation: Cleanup done
Event: 1098.610 Executing safepoint VM operation: Cleanup
Event: 1098.626 Executing safepoint VM operation: Cleanup done
Event: 1099.633 Executing safepoint VM operation: Cleanup
Event: 1099.648 Executing safepoint VM operation: Cleanup done
Event: 1100.328 Executing safepoint VM operation: G1CollectForAllocation (G1 Evacuation Pause)
Event: 1100.665 Executing safepoint VM operation: G1CollectForAllocation (G1 Evacuation Pause) done
Event: 1101.665 Executing safepoint VM operation: Cleanup
Event: 1101.681 Executing safepoint VM operation: Cleanup done
Event: 1102.689 Executing safepoint VM operation: Cleanup
Event: 1102.720 Executing safepoint VM operation: Cleanup done
Event: 1105.738 Executing safepoint VM operation: Cleanup
Event: 1105.753 Executing safepoint VM operation: Cleanup done
Event: 1106.765 Executing safepoint VM operation: Cleanup
Event: 1106.842 Executing safepoint VM operation: Cleanup done
Event: 1108.861 Executing safepoint VM operation: Cleanup

Memory protections (0 events):
No events

Nmethod flushes (20 events):
Event: 930.213 Thread 0x000001aaf25c46d0 flushing  nmethod 0x000001aadba87c90
Event: 930.213 Thread 0x000001aaf25c46d0 flushing  nmethod 0x000001aadba8e810
Event: 930.213 Thread 0x000001aaf25c46d0 flushing  nmethod 0x000001aadba8ed90
Event: 930.213 Thread 0x000001aaf25c46d0 flushing  nmethod 0x000001aadba8f090
Event: 930.213 Thread 0x000001aaf25c46d0 flushing  nmethod 0x000001aadba8ff10
Event: 930.213 Thread 0x000001aaf25c46d0 flushing  nmethod 0x000001aadbaa6290
Event: 930.213 Thread 0x000001aaf25c46d0 flushing  nmethod 0x000001aadbaa6e90
Event: 930.213 Thread 0x000001aaf25c46d0 flushing  nmethod 0x000001aadbaa9d10
Event: 930.213 Thread 0x000001aaf25c46d0 flushing  nmethod 0x000001aadbabd790
Event: 930.213 Thread 0x000001aaf25c46d0 flushing  nmethod 0x000001aadbabe690
Event: 930.213 Thread 0x000001aaf25c46d0 flushing  nmethod 0x000001aadbabf810
Event: 930.213 Thread 0x000001aaf25c46d0 flushing  nmethod 0x000001aadbac2790
Event: 930.213 Thread 0x000001aaf25c46d0 flushing  nmethod 0x000001aadbb08590
Event: 930.213 Thread 0x000001aaf25c46d0 flushing  nmethod 0x000001aadbb0ab90
Event: 930.213 Thread 0x000001aaf25c46d0 flushing  nmethod 0x000001aadbb8af10
Event: 930.213 Thread 0x000001aaf25c46d0 flushing  nmethod 0x000001aadbbb0b90
Event: 930.213 Thread 0x000001aaf25c46d0 flushing  nmethod 0x000001aadbbef990
Event: 930.213 Thread 0x000001aaf25c46d0 flushing  nmethod 0x000001aadbc11510
Event: 930.213 Thread 0x000001aaf25c46d0 flushing  nmethod 0x000001aadbce0b90
Event: 930.213 Thread 0x000001aaf25c46d0 flushing  nmethod 0x000001aadbf4fa10

Events (20 events):
Event: 676.364 Thread 0x000001aaf85630d0 Thread added: 0x000001aaf9583180
Event: 681.048 Thread 0x000001aaf8562a40 Thread added: 0x000001aaf9584530
Event: 789.504 Thread 0x000001aaf9583180 Thread exited: 0x000001aaf9583180
Event: 912.600 Thread 0x000001aaf85630d0 Thread added: 0x000001aaf95810b0
Event: 913.343 Thread 0x000001aaf8562a40 Thread added: 0x000001aaf9584bc0
Event: 914.951 Thread 0x000001aaf25fde70 Thread added: 0x000001aaf93d1ab0
Event: 916.633 Thread 0x000001aaf93d1ab0 Thread exited: 0x000001aaf93d1ab0
Event: 917.184 Thread 0x000001aaf25fc6b0 Thread added: 0x000001aafb233790
Event: 917.470 Thread 0x000001aafb233790 Thread exited: 0x000001aafb233790
Event: 928.124 Thread 0x000001aaf25fde70 Thread added: 0x000001aaf79e8c70
Event: 928.360 Thread 0x000001aaf79e8c70 Thread exited: 0x000001aaf79e8c70
Event: 928.899 Thread 0x000001aaf8562a40 Thread added: 0x000001aaf9585250
Event: 929.201 Thread 0x000001aaf8562a40 Thread added: 0x000001aaf95858e0
Event: 1025.627 Thread 0x000001aaf95810b0 Thread exited: 0x000001aaf95810b0
Event: 1073.432 Thread 0x000001aaf85630d0 Thread added: 0x000001aaf95810b0
Event: 1081.852 Thread 0x000001aaf8562a40 Thread added: 0x000001aaf9586600
Event: 1091.463 Thread 0x000001aaf25fc6b0 Thread added: 0x000001aaf26b2d70
Event: 1093.384 Thread 0x000001aaf26b2d70 Thread exited: 0x000001aaf26b2d70
Event: 1099.205 Thread 0x000001aaf8562a40 Thread added: 0x000001aaf9585f70
Event: 1103.370 Thread 0x000001aaf8562a40 Thread added: 0x000001aaf9583180


Dynamic libraries:
0x00007ff6aa6f0000 - 0x00007ff6aa6fe000 	C:\Users\NAGARAJU\.antigravity-ide\extensions\redhat.java-1.56.0-win32-x64\jre\21.0.12.1-win32-x86_64\bin\java.exe
0x00007ff8fb240000 - 0x00007ff8fb4a6000 	C:\WINDOWS\SYSTEM32\ntdll.dll
0x00007ff8fa310000 - 0x00007ff8fa3d9000 	C:\WINDOWS\System32\KERNEL32.DLL
0x00007ff8f8530000 - 0x00007ff8f892f000 	C:\WINDOWS\System32\KERNELBASE.dll
0x00007ff8f8e10000 - 0x00007ff8f8f5c000 	C:\WINDOWS\System32\ucrtbase.dll
0x00007ff8e9d90000 - 0x00007ff8e9da8000 	C:\Users\NAGARAJU\.antigravity-ide\extensions\redhat.java-1.56.0-win32-x64\jre\21.0.12.1-win32-x86_64\bin\jli.dll
0x00007ff8f9240000 - 0x00007ff8f9406000 	C:\WINDOWS\System32\USER32.dll
0x00007ff8f8450000 - 0x00007ff8f8477000 	C:\WINDOWS\System32\win32u.dll
0x00007ff8fa2e0000 - 0x00007ff8fa30b000 	C:\WINDOWS\System32\GDI32.dll
0x00007ff8f8ad0000 - 0x00007ff8f8bf9000 	C:\WINDOWS\System32\gdi32full.dll
0x00007ff8f8480000 - 0x00007ff8f8523000 	C:\WINDOWS\System32\msvcp_win.dll
0x00007ff8f3200000 - 0x00007ff8f321e000 	C:\Users\NAGARAJU\.antigravity-ide\extensions\redhat.java-1.56.0-win32-x64\jre\21.0.12.1-win32-x86_64\bin\VCRUNTIME140.dll
0x00007ff8e1270000 - 0x00007ff8e1501000 	C:\WINDOWS\WinSxS\amd64_microsoft.windows.common-controls_6595b64144ccf1df_6.0.26100.8972_none_3e0da176e32f9d4b\COMCTL32.dll
0x00007ff8fa7b0000 - 0x00007ff8fa859000 	C:\WINDOWS\System32\msvcrt.dll
0x00007ff8fb0f0000 - 0x00007ff8fb122000 	C:\WINDOWS\System32\IMM32.DLL
0x00007ff8f31a0000 - 0x00007ff8f31ac000 	C:\Users\NAGARAJU\.antigravity-ide\extensions\redhat.java-1.56.0-win32-x64\jre\21.0.12.1-win32-x86_64\bin\vcruntime140_1.dll
0x00007ff8db580000 - 0x00007ff8db60d000 	C:\Users\NAGARAJU\.antigravity-ide\extensions\redhat.java-1.56.0-win32-x64\jre\21.0.12.1-win32-x86_64\bin\msvcp140.dll
0x00007ff809720000 - 0x00007ff80a4c2000 	C:\Users\NAGARAJU\.antigravity-ide\extensions\redhat.java-1.56.0-win32-x64\jre\21.0.12.1-win32-x86_64\bin\server\jvm.dll
0x00007ff8fb130000 - 0x00007ff8fb1ec000 	C:\WINDOWS\System32\ADVAPI32.dll
0x00007ff8fb040000 - 0x00007ff8fb0ea000 	C:\WINDOWS\System32\sechost.dll
0x00007ff8f8f70000 - 0x00007ff8f9088000 	C:\WINDOWS\System32\RPCRT4.dll
0x00007ff8fa250000 - 0x00007ff8fa2d2000 	C:\WINDOWS\System32\WS2_32.dll
0x00007ff8f1dc0000 - 0x00007ff8f1df6000 	C:\WINDOWS\SYSTEM32\WINMM.dll
0x00007ff8f82b0000 - 0x00007ff8f830e000 	C:\WINDOWS\SYSTEM32\POWRPROF.dll
0x00007ff8f1e00000 - 0x00007ff8f1e0b000 	C:\WINDOWS\SYSTEM32\VERSION.dll
0x00007ff8f8290000 - 0x00007ff8f82a5000 	C:\WINDOWS\SYSTEM32\UMPDC.dll
0x00007ff8f7140000 - 0x00007ff8f715b000 	C:\WINDOWS\SYSTEM32\kernel.appcore.dll
0x00007ff8dcb50000 - 0x00007ff8dcb5a000 	C:\Users\NAGARAJU\.antigravity-ide\extensions\redhat.java-1.56.0-win32-x64\jre\21.0.12.1-win32-x86_64\bin\jimage.dll
0x00007ff8ec240000 - 0x00007ff8ec482000 	C:\WINDOWS\SYSTEM32\DBGHELP.DLL
0x00007ff8f9ec0000 - 0x00007ff8fa245000 	C:\WINDOWS\System32\combase.dll
0x00007ff8fa9f0000 - 0x00007ff8faac9000 	C:\WINDOWS\System32\OLEAUT32.dll
0x00007ff8dc630000 - 0x00007ff8dc66b000 	C:\WINDOWS\SYSTEM32\dbgcore.DLL
0x00007ff8f8cc0000 - 0x00007ff8f8d6c000 	C:\WINDOWS\System32\bcryptPrimitives.dll
0x00007ff8dcb40000 - 0x00007ff8dcb4f000 	C:\Users\NAGARAJU\.antigravity-ide\extensions\redhat.java-1.56.0-win32-x64\jre\21.0.12.1-win32-x86_64\bin\instrument.dll
0x00007ff8dcb00000 - 0x00007ff8dcb20000 	C:\Users\NAGARAJU\.antigravity-ide\extensions\redhat.java-1.56.0-win32-x64\jre\21.0.12.1-win32-x86_64\bin\java.dll
0x00007ff8f9730000 - 0x00007ff8f9eb8000 	C:\WINDOWS\System32\SHELL32.dll
0x00007ff8f5f20000 - 0x00007ff8f67bb000 	C:\WINDOWS\SYSTEM32\windows.storage.dll
0x00007ff8f95d0000 - 0x00007ff8f96c9000 	C:\WINDOWS\System32\SHCORE.dll
0x00007ff8fa690000 - 0x00007ff8fa6f6000 	C:\WINDOWS\System32\shlwapi.dll
0x00007ff8f8370000 - 0x00007ff8f8399000 	C:\WINDOWS\SYSTEM32\profapi.dll
0x00007ff8db620000 - 0x00007ff8db638000 	C:\Users\NAGARAJU\.antigravity-ide\extensions\redhat.java-1.56.0-win32-x64\jre\21.0.12.1-win32-x86_64\bin\zip.dll
0x00007ff8dc0f0000 - 0x00007ff8dc100000 	C:\Users\NAGARAJU\.antigravity-ide\extensions\redhat.java-1.56.0-win32-x64\jre\21.0.12.1-win32-x86_64\bin\net.dll
0x00007ff8ee090000 - 0x00007ff8ee1b8000 	C:\WINDOWS\SYSTEM32\WINHTTP.dll
0x00007ff8f76f0000 - 0x00007ff8f775c000 	C:\WINDOWS\system32\mswsock.dll
0x00007ff8dcb20000 - 0x00007ff8dcb36000 	C:\Users\NAGARAJU\.antigravity-ide\extensions\redhat.java-1.56.0-win32-x64\jre\21.0.12.1-win32-x86_64\bin\nio.dll
0x00007ff8dc120000 - 0x00007ff8dc130000 	C:\Users\NAGARAJU\.antigravity-ide\extensions\redhat.java-1.56.0-win32-x64\jre\21.0.12.1-win32-x86_64\bin\verify.dll
0x00007ff86e570000 - 0x00007ff86e597000 	C:\Users\NAGARAJU\.gradle\native\1def1411415f61bf3af743bc5b6707747c0891f09f0c88961ee8f79bc544acac\windows-amd64\native-platform.dll
0x00007ff8956e0000 - 0x00007ff895758000 	C:\Users\NAGARAJU\.gradle\native\0.2.7\x86_64-windows-gnu\gradle-fileevents.dll
0x00007ff8f3230000 - 0x00007ff8f323a000 	C:\Users\NAGARAJU\.antigravity-ide\extensions\redhat.java-1.56.0-win32-x64\jre\21.0.12.1-win32-x86_64\bin\management.dll
0x00007ff8dc0b0000 - 0x00007ff8dc0bc000 	C:\Users\NAGARAJU\.antigravity-ide\extensions\redhat.java-1.56.0-win32-x64\jre\21.0.12.1-win32-x86_64\bin\management_ext.dll
0x00007ff8fa3e0000 - 0x00007ff8fa3e8000 	C:\WINDOWS\System32\PSAPI.DLL
0x00007ff8f6af0000 - 0x00007ff8f6b23000 	C:\WINDOWS\SYSTEM32\IPHLPAPI.DLL
0x00007ff8f9090000 - 0x00007ff8f909a000 	C:\WINDOWS\System32\NSI.dll
0x00007ff8dc100000 - 0x00007ff8dc109000 	C:\Users\NAGARAJU\.antigravity-ide\extensions\redhat.java-1.56.0-win32-x64\jre\21.0.12.1-win32-x86_64\bin\extnet.dll
0x00007ff8f79e0000 - 0x00007ff8f79fb000 	C:\WINDOWS\SYSTEM32\CRYPTSP.dll
0x00007ff8f70a0000 - 0x00007ff8f70d9000 	C:\WINDOWS\system32\rsaenh.dll
0x00007ff8f77a0000 - 0x00007ff8f77d2000 	C:\WINDOWS\SYSTEM32\USERENV.dll
0x00007ff8f8340000 - 0x00007ff8f836a000 	C:\WINDOWS\SYSTEM32\bcrypt.dll
0x00007ff8f7a00000 - 0x00007ff8f7a0c000 	C:\WINDOWS\SYSTEM32\CRYPTBASE.dll
0x00007ff8dc110000 - 0x00007ff8dc11e000 	C:\Users\NAGARAJU\.antigravity-ide\extensions\redhat.java-1.56.0-win32-x64\jre\21.0.12.1-win32-x86_64\bin\sunmscapi.dll
0x00007ff8f8940000 - 0x00007ff8f8abe000 	C:\WINDOWS\System32\CRYPT32.dll
0x00007ff8f7c20000 - 0x00007ff8f7c50000 	C:\WINDOWS\SYSTEM32\ncrypt.dll
0x00007ff8f7bd0000 - 0x00007ff8f7c0f000 	C:\WINDOWS\SYSTEM32\NTASN1.dll
0x00007ff8c7b30000 - 0x00007ff8c7b38000 	C:\WINDOWS\system32\wshunix.dll

JVMTI agents:
C:\Users\NAGARAJU\.gradle\wrapper\dists\gradle-8.14.1-bin\baw1sv0jfoi8rxs14qo3h49cs\gradle-8.14.1\lib\agents\gradle-instrumentation-agent-8.14.1.jar path:C:\Users\NAGARAJU\.antigravity-ide\extensions\redhat.java-1.56.0-win32-x64\jre\21.0.12.1-win32-x86_64\bin\instrument.dll, loaded, initialized, instrumentlib options:none

dbghelp: loaded successfully - version: 4.0.5 - missing functions: none
symbol engine: initialized successfully - sym options: 0x614 - pdb path: .;C:\Users\NAGARAJU\.antigravity-ide\extensions\redhat.java-1.56.0-win32-x64\jre\21.0.12.1-win32-x86_64\bin;C:\WINDOWS\SYSTEM32;C:\WINDOWS\WinSxS\amd64_microsoft.windows.common-controls_6595b64144ccf1df_6.0.26100.8972_none_3e0da176e32f9d4b;C:\Users\NAGARAJU\.antigravity-ide\extensions\redhat.java-1.56.0-win32-x64\jre\21.0.12.1-win32-x86_64\bin\server;C:\Users\NAGARAJU\.gradle\native\1def1411415f61bf3af743bc5b6707747c0891f09f0c88961ee8f79bc544acac\windows-amd64;C:\Users\NAGARAJU\.gradle\native\0.2.7\x86_64-windows-gnu

VM Arguments:
jvm_args: --add-opens=java.base/java.lang=ALL-UNNAMED --add-opens=java.base/java.lang.invoke=ALL-UNNAMED --add-opens=java.base/java.util=ALL-UNNAMED --add-opens=java.prefs/java.util.prefs=ALL-UNNAMED --add-exports=jdk.compiler/com.sun.tools.javac.api=ALL-UNNAMED --add-exports=jdk.compiler/com.sun.tools.javac.util=ALL-UNNAMED --add-opens=java.base/java.util=ALL-UNNAMED --add-opens=java.prefs/java.util.prefs=ALL-UNNAMED --add-opens=java.base/java.nio.charset=ALL-UNNAMED --add-opens=java.base/java.net=ALL-UNNAMED --add-opens=java.base/java.util.concurrent.atomic=ALL-UNNAMED --add-opens=java.xml/javax.xml.namespace=ALL-UNNAMED -Xmx4096m -Dfile.encoding=UTF-8 -Duser.country=IN -Duser.language=en -Duser.variant -javaagent:C:\Users\NAGARAJU\.gradle\wrapper\dists\gradle-8.14.1-bin\baw1sv0jfoi8rxs14qo3h49cs\gradle-8.14.1\lib\agents\gradle-instrumentation-agent-8.14.1.jar 
java_command: org.gradle.launcher.daemon.bootstrap.GradleDaemon 8.14.1
java_class_path (initial): C:\Users\NAGARAJU\.gradle\wrapper\dists\gradle-8.14.1-bin\baw1sv0jfoi8rxs14qo3h49cs\gradle-8.14.1\lib\gradle-daemon-main-8.14.1.jar
Launcher Type: SUN_STANDARD

[Global flags]
     intx CICompilerCount                          = 4                                         {product} {ergonomic}
     uint ConcGCThreads                            = 2                                         {product} {ergonomic}
     uint G1ConcRefinementThreads                  = 8                                         {product} {ergonomic}
   size_t G1HeapRegionSize                         = 2097152                                   {product} {ergonomic}
    uintx GCDrainStackTargetSize                   = 64                                        {product} {ergonomic}
   size_t InitialHeapSize                          = 123731968                                 {product} {ergonomic}
   size_t MarkStackSize                            = 4194304                                   {product} {ergonomic}
   size_t MaxHeapSize                              = 4294967296                                {product} {command line}
   size_t MaxNewSize                               = 2575302656                                {product} {ergonomic}
   size_t MinHeapDeltaBytes                        = 2097152                                   {product} {ergonomic}
   size_t MinHeapSize                              = 8388608                                   {product} {ergonomic}
    uintx NonNMethodCodeHeapSize                   = 5839372                                {pd product} {ergonomic}
    uintx NonProfiledCodeHeapSize                  = 122909434                              {pd product} {ergonomic}
    uintx ProfiledCodeHeapSize                     = 122909434                              {pd product} {ergonomic}
    uintx ReservedCodeCacheSize                    = 251658240                              {pd product} {ergonomic}
     bool SegmentedCodeCache                       = true                                      {product} {ergonomic}
   size_t SoftMaxHeapSize                          = 4294967296                             {manageable} {ergonomic}
     bool UseCompressedOops                        = true                           {product lp64_product} {ergonomic}
     bool UseG1GC                                  = true                                      {product} {ergonomic}
     bool UseLargePagesIndividualAllocation        = false                                  {pd product} {ergonomic}

Logging:
Log output configuration:
 #0: stdout all=warning uptime,level,tags foldmultilines=false
 #1: stderr all=off uptime,level,tags foldmultilines=false

Release file:
JAVA_VERSION="21.0.12.1" 
MODULES="java.base java.compiler java.datatransfer java.xml java.prefs java.desktop java.instrument java.logging java.management java.security.sasl java.naming java.rmi java.management.rmi java.net.http java.scripting java.security.jgss java.transaction.xa java.sql java.sql.rowset java.xml.crypto java.se java.smartcardio jdk.accessibility jdk.internal.jvmstat jdk.attach jdk.charsets jdk.internal.opt jdk.zipfs jdk.compiler jdk.crypto.ec jdk.crypto.cryptoki jdk.crypto.mscapi jdk.dynalink jdk.internal.ed jdk.editpad jdk.hotspot.agent jdk.httpserver jdk.internal.le jdk.internal.vm.ci jdk.internal.vm.compiler jdk.internal.vm.compiler.management jdk.jartool jdk.javadoc jdk.jcmd jdk.management jdk.management.agent jdk.jconsole jdk.jdeps jdk.jdwp.agent jdk.jdi jdk.jfr jdk.jshell jdk.jsobject jdk.jstatd jdk.localedata jdk.management.jfr jdk.naming.dns jdk.naming.rmi jdk.net jdk.nio.mapmode jdk.random jdk.sctp jdk.security.auth jdk.security.jgss jdk.unsupported jdk.unsupported.desktop jdk.xml.dom" 

Environment Variables:
JAVA_HOME=C:\Program Files\Eclipse Adoptium\jdk-21.0.11.10-hotspot
PATH=C:\Program Files\Eclipse Adoptium\jdk-21.0.11.10-hotspot\bin;C:\Program Files\Eclipse Adoptium\jdk-11.0.26.4-hotspot\bin;C:\Program Files\Eclipse Adoptium\jdk-17.0.14.7-hotspot\bin;C:\Program Files\Java\jdk-17\bin;C:\Program Files\nodejs;E:\Android\Sdk\platform-tools;E:\Android\Sdk\emulator;E:\Android\Sdk\cmdline-tools\latest\bin;C:\Users\NAGARAJU\AppData\Local\Android\Sdk\platform-tools;C:\Users\NAGARAJU\AppData\Local\Android\Sdk\emulator;C:\Users\NAGARAJU\AppData\Local\Android\Sdk\cmdline-tools\latest\bin;C:\Program Files\Eclipse Adoptium\jdk-21.0.11.10-hotspot\bin;C:\Program Files\Eclipse Adoptium\jdk-11.0.26.4-hotspot\bin;C:\Program Files\Eclipse Adoptium\jdk-17.0.14.7-hotspot\bin;C:\Program Files\Java\jdk-17\bin;C:\Program Files\nodejs;E:\Android\Sdk\platform-tools;E:\Android\Sdk\emulator;E:\Android\Sdk\cmdline-tools\latest\bin;C:\Users\NAGARAJU\AppData\Local\Android\Sdk\platform-tools;C:\Users\NAGARAJU\AppData\Local\Android\Sdk\emulator;C:\Users\NAGARAJU\AppData\Local\Android\Sdk\cmdline-tools\latest\bin;C:\Program Files\Eclipse Adoptium\jdk-21.0.11.10-hotspot\bin;C:\Program Files\Eclipse Adoptium\jdk-11.0.26.4-hotspot\bin;C:\Program Files\Eclipse Adoptium\jdk-17.0.14.7-hotspot\bin;C:\Program Files\Java\jdk-17\bin;C:\Program Files\nodejs;E:\Android\Sdk\platform-tools;E:\Android\Sdk\emulator;E:\Android\Sdk\cmdline-tools\latest\bin;C:\Users\NAGARAJU\AppData\Local\Android\Sdk\platform-tools;C:\Users\NAGARAJU\AppData\Local\Android\Sdk\emulator;C:\Users\NAGARAJU\AppData\Local\Android\Sdk\cmdline-tools\latest\bin;C:\WINDOWS\System32;C:\ProgramData\chocolatey\bin;C:\Program Files\nodejs\;C:\Program Files\Git\cmd;C:\Windows\System32;C:\Windows\System32\WindowsPowerShell\v1.0;C:\Windows\System32\OpenSSH;C:\Windows\System32\WindowsPowerShell\v1.0\;C:\Users\NAGARAJU\Downloads\stripe_1.30.0_windows_x86_64;C:\WINDOWS\system32;C:\WINDOWS;C:\WINDOWS\System32\Wbem;C:\WINDOWS\System32\WindowsPowerShell\v1.0\;C:\WINDOWS\System32\OpenSSH\;C:\ProgramData\chocolatey\bin;C:\Program Files\nodejs\;C:\Program Files\Git\cmd;C:\Windows\System32;C:\Windows\System32\WindowsPowerShell\v1.0;C:\Windows\System32\OpenSSH;C:\Windows\System32\WindowsPowerShell\v1.0\;C:\Users\NAGARAJU\Downloads\stripe_1.30.0_windows_x86_64;C:\WINDOWS\system32;C:\WINDOWS;C:\WINDOWS\System32\Wbem;C:\WINDOWS\System32\WindowsPowerShell\v1.0\;C:\WINDOWS\System32\OpenSSH\;C:\ProgramData\chocolatey\bin;C:\Program Files\nodejs\;C:\Program Files\Git\cmd;C:\Windows\System32;C:\Windows\System32\WindowsPowerShell\v1.0;C:\Windows\System32\OpenSSH;C:\Windows\System32\WindowsPowerShell\v1.0\;C:\Users\NAGARAJU\Downloads\stripe_1.30.0_windows_x86_64;C:\WINDOWS\system32;C:\WINDOWS;C:\WINDOWS\System32\Wbem;C:\WINDOWS\System32\WindowsPowerShell\v1.0\;C:\WINDOWS\System32\OpenSSH\;C:\Program Files\Eclipse Adoptium\jdk-21.0.11.10-hotspot\bin;C:\Program Files\Eclipse Adoptium\jdk-11.0.26.4-hotspot\bin;C:\Program Files\Eclipse Adoptium\jdk-17.0.14.7-hotspot\bin;C:\Program Files\Java\jdk-17\bin;C:\Program Files\nodejs;E:\Android\Sdk\platform-tools;E:\Android\Sdk\emulator;E:\Android\Sdk\cmdline-tools\latest\bin;C:\Users\NAGARAJU\AppData\Local\Android\Sdk\platform-tools;C:\Users\NAGARAJU\AppData\Local\Android\Sdk\emulator;C:\Users\NAGARAJU\AppData\Local\Android\Sdk\cmdline-tools\latest\bin;C:\Program Files\Eclipse Adoptium\jdk-21.0.11.10-hotspot\bin;C:\Program Files\Eclipse Adoptium\jdk-11.0.26.4-hotspot\bin;C:\Program Files\Eclipse Adoptium\jdk-17.0.14.7-hotspot\bin;C:\Program Files\Java\jdk-17\bin;C:\Program Files\nodejs;E:\Android\Sdk\platform-tools;E:\Android\Sdk\emulator;E:\Android\Sdk\cmdline-tools\latest\bin;C:\Users\NAGARAJU\AppData\Local\Android\Sdk\platform-tools;C:\Users\NAGARAJU\AppData\Local\Android\Sdk\emulator;C:\Users\NAGARAJU\AppData\Local\Android\Sdk\cmdline-tools\latest\bin;C:\Program Files\Eclipse Adoptium\jdk-21.0.11.10-hotspot\bin;C:\Program Files\Eclipse Adoptium\jdk-11.0.26.4-hotspot\bin;C:\Program Files\Eclipse Adoptium\jdk-17.0.14.7-hotspot\bin;C:\Program Files\Java\jdk-17\bin;C:\Program Files\nodejs;E:\Android\Sdk\platform-tools;E:\Android\Sdk\emulator;E:\Android\Sdk\cmdline-tools\latest\bin;C:\Users\NAGARAJU\AppData\Local\Android\Sdk\platform-tools;C:\Users\NAGARAJU\AppData\Local\Android\Sdk\emulator;C:\Users\NAGARAJU\AppData\Local\Android\Sdk\cmdline-tools\latest\bin;C:\WINDOWS\System32;C:\ProgramData\chocolatey\bin;C:\Program Files\nodejs\;C:\Program Files\Git\cmd;C:\Windows\System32;C:\Windows\System32\WindowsPowerShell\v1.0;C:\Windows\System32\OpenSSH;C:\Windows\System32\WindowsPowerShell\v1.0\;C:\Users\NAGARAJU\Downloads\stripe_1.30.0_windows_x86_64;C:\WINDOWS\system32;C:\WINDOWS;C:\WINDOWS\System32\Wbem;C:\WINDOWS\System32\WindowsPowerShell\v1.0\;C:\WINDOWS\System32\OpenSSH\;C:\ProgramData\chocolatey\bin;C:\Program Files\nodejs\;C:\Program Files\Git\cmd;C:\Windows\System32;C:\Windows\System32\WindowsPowerShell\v1.0;C:\Windows\System32\OpenSSH;C:\Windows\System32\WindowsPowerShell\v1.0\;C:\Users\NAGARAJU\Downloads\stripe_1.30.0_windows_x86_64;C:\WINDOWS\system32;C:\WINDOWS;C:\WINDOWS\System32\Wbem;C:\WINDOWS\System32\WindowsPowerShell\v1.0\;C:\WINDOWS\System32\OpenSSH\;C:\ProgramData\chocolatey\bin;C:\Program Files\nodejs\;C:\Program Files\Git\cmd;C:\Windows\System32;C:\Windows\System32\WindowsPowerShell\v1.0;C:\Windows\System32\OpenSSH;C:\Windows\System32\WindowsPowerShell\v1.0\;C:\Users\NAGARAJU\Downloads\stripe_1.30.0_windows_x86_64;C:\WINDOWS\system32;C:\WINDOWS;C:\WINDOWS\System32\Wbem;C:\WINDOWS\System32\WindowsPowerShell\v1.0\;C:\WINDOWS\System32\OpenSSH\;C:\Users\NAGARAJU\AppData\Local\Android\Sdk\platform-tools;C:\Users\NAGARAJU\AppData\Local\Android\Sdk\cmdline-tools\latest\bin;C:\Users\NAGARAJU\AppData\Roaming\npm;C:\Users\NAGARAJU\AppData\Local\Programs\Microsoft VS Code\bin;C:\Users\NAGARAJU\AppData\Local\Programs\Antigravity IDE\bin;C:\Users\NAGARAJU\AppData\Local\Microsoft\WindowsApps;C:\Users\NAGARAJU\AppData\Local\Kingsoft\WPS Office\12.1.0.27458\clitool
USERNAME=NAGARAJU
OS=Windows_NT
PROCESSOR_IDENTIFIER=AMD64 Family 23 Model 104 Stepping 1, AuthenticAMD
TMP=C:\Users\NAGARAJU\AppData\Local\Temp
TEMP=C:\Users\NAGARAJU\AppData\Local\Temp




Periodic native trim disabled

---------------  S Y S T E M  ---------------

OS:
 Windows 11 , 64 bit Build 26100 (10.0.26100.9168)
OS uptime: 0 days 0:41 hours

CPU: total 8 (initial active 8) (8 cores per cpu, 2 threads per core) family 23 model 104 stepping 1 microcode 0x8608109, cx8, cmov, fxsr, ht, mmx, 3dnowpref, sse, sse2, sse3, ssse3, sse4a, sse4.1, sse4.2, popcnt, lzcnt, tsc, tscinvbit, avx, avx2, aes, clmul, bmi1, bmi2, adx, sha, fma, vzeroupper, clflush, clflushopt, rdtscp, rdpid, f16c
Processor Information for the first 8 processors :
  Max Mhz: 2600, Current Mhz: 2600, Mhz Limit: 2600

Memory: 4k page, system-wide physical 7502M (457M free)
TotalPageFile size 40270M (AvailPageFile size 799M)
current process WorkingSet (physical memory assigned to process): 138M, peak: 172M
current process commit charge ("private bytes"): 284M, peak: 291M

vm_info: OpenJDK 64-Bit Server VM (21.0.12.1+1-LTS) for windows-amd64 JRE (21.0.12.1+1-LTS), built on 2026-08-18T00:00:00Z by "admin" with MS VC++ 17.12 (VS2022)

END.
