#
# There is insufficient memory for the Java Runtime Environment to continue.
# Native memory allocation (malloc) failed to allocate 901840 bytes. Error detail: Chunk::new
# Possible reasons:
#   The system is out of physical RAM or swap space
#   This process is running with CompressedOops enabled, and the Java Heap may be blocking the growth of the native heap
# Possible solutions:
#   Reduce memory load on the system
#   Increase physical memory or swap space
#   Check if swap backing store is full
#   Decrease Java heap size (-Xmx/-Xms)
#   Decrease number of Java threads
#   Decrease Java thread stack sizes (-Xss)
#   Set larger code cache with -XX:ReservedCodeCacheSize=
#   JVM is running with Unscaled Compressed Oops mode in which the Java heap is
#     placed in the first 4GB address space. The Java Heap base address is the
#     maximum limit for the native heap growth. Please use -XX:HeapBaseMinAddress
#     to set the Java Heap base and to place the Java Heap above 4GB virtual address.
# This output file may be truncated or incomplete.
#
#  Out of Memory Error (arena.cpp:168), pid=32908, tid=36272
#
# JRE version: OpenJDK Runtime Environment Temurin-21.0.12.1+1 (21.0.12.1+1) (build 21.0.12.1+1-LTS)
# Java VM: OpenJDK 64-Bit Server VM Temurin-21.0.12.1+1 (21.0.12.1+1-LTS, mixed mode, sharing, tiered, compressed oops, compressed class ptrs, g1 gc, windows-amd64)
# No core dump will be written. Minidumps are not enabled by default on client versions of Windows
#

---------------  S U M M A R Y ------------

Command Line: --add-opens=java.base/java.util=ALL-UNNAMED --add-opens=java.base/java.lang=ALL-UNNAMED --add-opens=java.base/java.lang.invoke=ALL-UNNAMED --add-opens=java.prefs/java.util.prefs=ALL-UNNAMED --add-exports=jdk.compiler/com.sun.tools.javac.api=ALL-UNNAMED --add-exports=jdk.compiler/com.sun.tools.javac.util=ALL-UNNAMED --add-opens=java.base/java.nio.charset=ALL-UNNAMED --add-opens=java.base/java.net=ALL-UNNAMED --add-opens=java.base/java.util.concurrent.atomic=ALL-UNNAMED -XX:MaxMetaspaceSize=384m -XX:+HeapDumpOnOutOfMemoryError -Xms256m -Xmx512m -Dfile.encoding=utf8 -Duser.country=IN -Duser.language=en -Duser.variant -javaagent:C:\Users\NAGARAJU\.gradle\wrapper\dists\gradle-8.9-bin\90cnw93cvbtalezasaz0blq0a\gradle-8.9\lib\agents\gradle-instrumentation-agent-8.9.jar org.gradle.launcher.daemon.bootstrap.GradleDaemon 8.9

Host: AMD Ryzen 3 5300U with Radeon Graphics         , 8 cores, 7G,  Windows 11 , 64 bit Build 26100 (10.0.26100.9168)
Time: Wed Sep  9 15:49:01 2026 India Standard Time elapsed time: 515.455566 seconds (0d 0h 8m 35s)

---------------  T H R E A D  ---------------

Current thread (0x00000266000078e0):  JavaThread "C2 CompilerThread0" daemon [_thread_in_native, id=36272, stack(0x0000009fca800000,0x0000009fca900000) (1024K)]


Current CompileTask:
C2:515456 11373       4       java.util.regex.Pattern::compile (537 bytes)

Stack: [0x0000009fca800000,0x0000009fca900000]
Native frames: (J=compiled Java code, j=interpreted, Vv=VM code, C=native code)
V  [jvm.dll+0x6d83e9]
V  [jvm.dll+0x8b5736]
V  [jvm.dll+0x8b7cee]
V  [jvm.dll+0x8b83d3]
V  [jvm.dll+0x284596]
V  [jvm.dll+0xc685d]
V  [jvm.dll+0xc6da1]
V  [jvm.dll+0x3bf18b]
V  [jvm.dll+0x38b6d2]
V  [jvm.dll+0x38ab1a]
V  [jvm.dll+0x24c700]
V  [jvm.dll+0x24bce0]
V  [jvm.dll+0x1cb4ae]
V  [jvm.dll+0x25baad]
V  [jvm.dll+0x25a03a]
V  [jvm.dll+0x3f8aae]
V  [jvm.dll+0x8600cd]
V  [jvm.dll+0x6d6c1d]
C  [ucrtbase.dll+0x2cd30]
C  [KERNEL32.DLL+0x2ccb7]
C  [ntdll.dll+0xaad6c]


---------------  P R O C E S S  ---------------

Threads class SMR info:
_java_thread_list=0x0000026600392bb0, length=61, elements={
0x0000026651649100, 0x0000026600000080, 0x0000026600001650, 0x0000026600004c30,
0x0000026600005690, 0x00000266000060f0, 0x0000026600006b50, 0x00000266000078e0,
0x0000026600077b10, 0x000002660021a330, 0x000002660028feb0, 0x0000026600a7e5b0,
0x00000266002e18d0, 0x00000266004b47d0, 0x000002660017b440, 0x0000026600055ac0,
0x00000266000567e0, 0x0000026600056e70, 0x0000026600054710, 0x000002660251bc70,
0x000002660251e3d0, 0x000002660251d6b0, 0x000002660251b5e0, 0x00000266028883e0,
0x0000026602887d50, 0x000002660295ff40, 0x0000026604596b80, 0x0000026604597210,
0x0000026604594ab0, 0x0000026604593d90, 0x00000266045978a0, 0x0000026604595e60,
0x0000026604595140, 0x0000026604598c50, 0x0000026604597f30, 0x00000266045957d0,
0x0000026604599970, 0x00000266045992e0, 0x000002660459ad20, 0x000002660459a690,
0x00000266045985c0, 0x000002660459a000, 0x0000026602889e20, 0x000002660288bef0,
0x0000026602888a70, 0x0000026602889100, 0x000002660288d2a0, 0x000002660288cc10,
0x000002660288c580, 0x000002660288d930, 0x000002660288b860, 0x000002660288a4b0,
0x000002660288ece0, 0x000002660288dfc0, 0x000002660288e650, 0x000002660288f370,
0x0000026602960c60, 0x00000266029612f0, 0x0000026602961980, 0x000002660295f8b0,
0x000002660295e500
}

Java Threads: ( => current thread )
  0x0000026651649100 JavaThread "main"                              [_thread_blocked, id=36072, stack(0x0000009fc9a00000,0x0000009fc9b00000) (1024K)]
  0x0000026600000080 JavaThread "Reference Handler"          daemon [_thread_blocked, id=36248, stack(0x0000009fca200000,0x0000009fca300000) (1024K)]
  0x0000026600001650 JavaThread "Finalizer"                  daemon [_thread_blocked, id=36252, stack(0x0000009fca300000,0x0000009fca400000) (1024K)]
  0x0000026600004c30 JavaThread "Signal Dispatcher"          daemon [_thread_blocked, id=36256, stack(0x0000009fca400000,0x0000009fca500000) (1024K)]
  0x0000026600005690 JavaThread "Attach Listener"            daemon [_thread_blocked, id=36260, stack(0x0000009fca500000,0x0000009fca600000) (1024K)]
  0x00000266000060f0 JavaThread "Service Thread"             daemon [_thread_blocked, id=36264, stack(0x0000009fca600000,0x0000009fca700000) (1024K)]
  0x0000026600006b50 JavaThread "Monitor Deflation Thread"   daemon [_thread_blocked, id=36268, stack(0x0000009fca700000,0x0000009fca800000) (1024K)]
=>0x00000266000078e0 JavaThread "C2 CompilerThread0"         daemon [_thread_in_native, id=36272, stack(0x0000009fca800000,0x0000009fca900000) (1024K)]
  0x0000026600077b10 JavaThread "C1 CompilerThread0"         daemon [_thread_blocked, id=36368, stack(0x0000009fca900000,0x0000009fcaa00000) (1024K)]
  0x000002660021a330 JavaThread "Common-Cleaner"             daemon [_thread_blocked, id=36452, stack(0x0000009fcaa00000,0x0000009fcab00000) (1024K)]
  0x000002660028feb0 JavaThread "Notification Thread"        daemon [_thread_blocked, id=36476, stack(0x0000009fcab00000,0x0000009fcac00000) (1024K)]
  0x0000026600a7e5b0 JavaThread "Daemon health stats"               [_thread_blocked, id=36544, stack(0x0000009fcb100000,0x0000009fcb200000) (1024K)]
  0x00000266002e18d0 JavaThread "Incoming local TCP Connector on port 58024"        [_thread_in_native, id=8424, stack(0x0000009fcb200000,0x0000009fcb300000) (1024K)]
  0x00000266004b47d0 JavaThread "Daemon periodic checks"            [_thread_blocked, id=32968, stack(0x0000009fcb300000,0x0000009fcb400000) (1024K)]
  0x000002660017b440 JavaThread "Daemon"                            [_thread_blocked, id=30704, stack(0x0000009fcb400000,0x0000009fcb500000) (1024K)]
  0x0000026600055ac0 JavaThread "Daemon worker"                     [_thread_in_Java, id=23876, stack(0x0000009fcb700000,0x0000009fcb800000) (1024K)]
  0x00000266000567e0 JavaThread "Cache worker for journal cache (C:\Users\NAGARAJU\.gradle\caches\journal-1)"        [_thread_blocked, id=34748, stack(0x0000009fcbd00000,0x0000009fcbe00000) (1024K)]
  0x0000026600056e70 JavaThread "File lock request listener"        [_thread_in_native, id=31116, stack(0x0000009fcbe00000,0x0000009fcbf00000) (1024K)]
  0x0000026600054710 JavaThread "Cache worker for file hash cache (C:\Users\NAGARAJU\.gradle\caches\8.9\fileHashes)"        [_thread_blocked, id=33296, stack(0x0000009fcc000000,0x0000009fcc100000) (1024K)]
  0x000002660251bc70 JavaThread "File watcher server"        daemon [_thread_in_native, id=36776, stack(0x0000009fcc400000,0x0000009fcc500000) (1024K)]
  0x000002660251e3d0 JavaThread "File watcher consumer"      daemon [_thread_blocked, id=28348, stack(0x0000009fcc500000,0x0000009fcc600000) (1024K)]
  0x000002660251d6b0 JavaThread "Cache worker for file content cache (C:\Users\NAGARAJU\.gradle\caches\8.9\fileContent)"        [_thread_blocked, id=37164, stack(0x0000009fc9800000,0x0000009fc9900000) (1024K)]
  0x000002660251b5e0 JavaThread "jar transforms"                    [_thread_blocked, id=35156, stack(0x0000009fcc800000,0x0000009fcc900000) (1024K)]
  0x00000266028883e0 JavaThread "jar transforms Thread 2"           [_thread_blocked, id=7304, stack(0x0000009fcc900000,0x0000009fcca00000) (1024K)]
  0x0000026602887d50 JavaThread "jar transforms Thread 3"           [_thread_blocked, id=23436, stack(0x0000009fcca00000,0x0000009fccb00000) (1024K)]
  0x000002660295ff40 JavaThread "jar transforms Thread 4"           [_thread_blocked, id=26080, stack(0x0000009fce000000,0x0000009fce100000) (1024K)]
  0x0000026604596b80 JavaThread "Memory manager"                    [_thread_blocked, id=34164, stack(0x0000009fce100000,0x0000009fce200000) (1024K)]
  0x0000026604597210 JavaThread "File lock release action executor Thread 2"        [_thread_blocked, id=31628, stack(0x0000009fcbf00000,0x0000009fcc000000) (1024K)]
  0x0000026604594ab0 JavaThread "Handler for socket connection from /127.0.0.1:58024 to /127.0.0.1:62515"        [_thread_in_native, id=26920, stack(0x0000009fcb500000,0x0000009fcb600000) (1024K)]
  0x0000026604593d90 JavaThread "Cancel handler"                    [_thread_blocked, id=37776, stack(0x0000009fcb600000,0x0000009fcb700000) (1024K)]
  0x00000266045978a0 JavaThread "Asynchronous log dispatcher for DefaultDaemonConnection: socket connection from /127.0.0.1:58024 to /127.0.0.1:62515"        [_thread_blocked, id=34912, stack(0x0000009fcba00000,0x0000009fcbb00000) (1024K)]
  0x0000026604595e60 JavaThread "Stdin handler"                     [_thread_blocked, id=34392, stack(0x0000009fcbb00000,0x0000009fcbc00000) (1024K)]
  0x0000026604595140 JavaThread "Daemon client event forwarder"        [_thread_blocked, id=31552, stack(0x0000009fcbc00000,0x0000009fcbd00000) (1024K)]
  0x0000026604598c50 JavaThread "Cache worker for file hash cache (C:\zynnative\DocApp-CLI\node_modules\react-native-file-access\android\.gradle\8.9\fileHashes)"        [_thread_blocked, id=30844, stack(0x0000009fcc200000,0x0000009fcc300000) (1024K)]
  0x0000026604597f30 JavaThread "Cache worker for Build Output Cleanup Cache (C:\zynnative\DocApp-CLI\node_modules\react-native-file-access\android\.gradle\buildOutputCleanup)"        [_thread_blocked, id=35188, stack(0x0000009fcc300000,0x0000009fcc400000) (1024K)]
  0x00000266045957d0 JavaThread "Cache worker for checksums cache (C:\zynnative\DocApp-CLI\node_modules\react-native-file-access\android\.gradle\8.9\checksums)"        [_thread_blocked, id=34908, stack(0x0000009fcc600000,0x0000009fcc700000) (1024K)]
  0x0000026604599970 JavaThread "Cache worker for cache directory md-rule (C:\Users\NAGARAJU\.gradle\caches\8.9\md-rule)"        [_thread_blocked, id=34844, stack(0x0000009fcc700000,0x0000009fcc800000) (1024K)]
  0x00000266045992e0 JavaThread "Cache worker for cache directory md-supplier (C:\Users\NAGARAJU\.gradle\caches\8.9\md-supplier)"        [_thread_blocked, id=34428, stack(0x0000009fccb00000,0x0000009fccc00000) (1024K)]
  0x000002660459ad20 JavaThread "jar transforms Thread 5"           [_thread_blocked, id=30652, stack(0x0000009fccc00000,0x0000009fccd00000) (1024K)]
  0x000002660459a690 JavaThread "Unconstrained build operations"        [_thread_blocked, id=34388, stack(0x0000009fc9900000,0x0000009fc9a00000) (1024K)]
  0x00000266045985c0 JavaThread "Unconstrained build operations Thread 2"        [_thread_blocked, id=34952, stack(0x0000009fccd00000,0x0000009fcce00000) (1024K)]
  0x000002660459a000 JavaThread "Unconstrained build operations Thread 3"        [_thread_blocked, id=35728, stack(0x0000009fcce00000,0x0000009fccf00000) (1024K)]
  0x0000026602889e20 JavaThread "Unconstrained build operations Thread 4"        [_thread_blocked, id=35848, stack(0x0000009fccf00000,0x0000009fcd000000) (1024K)]
  0x000002660288bef0 JavaThread "Unconstrained build operations Thread 5"        [_thread_blocked, id=34068, stack(0x0000009fcd000000,0x0000009fcd100000) (1024K)]
  0x0000026602888a70 JavaThread "Unconstrained build operations Thread 6"        [_thread_blocked, id=36852, stack(0x0000009fcd100000,0x0000009fcd200000) (1024K)]
  0x0000026602889100 JavaThread "Unconstrained build operations Thread 7"        [_thread_blocked, id=30740, stack(0x0000009fcd200000,0x0000009fcd300000) (1024K)]
  0x000002660288d2a0 JavaThread "Unconstrained build operations Thread 8"        [_thread_blocked, id=32328, stack(0x0000009fcd300000,0x0000009fcd400000) (1024K)]
  0x000002660288cc10 JavaThread "Unconstrained build operations Thread 9"        [_thread_blocked, id=37324, stack(0x0000009fcd400000,0x0000009fcd500000) (1024K)]
  0x000002660288c580 JavaThread "Unconstrained build operations Thread 10"        [_thread_blocked, id=37096, stack(0x0000009fcd500000,0x0000009fcd600000) (1024K)]
  0x000002660288d930 JavaThread "Unconstrained build operations Thread 11"        [_thread_blocked, id=7900, stack(0x0000009fcd600000,0x0000009fcd700000) (1024K)]
  0x000002660288b860 JavaThread "Unconstrained build operations Thread 12"        [_thread_blocked, id=32528, stack(0x0000009fcd700000,0x0000009fcd800000) (1024K)]
  0x000002660288a4b0 JavaThread "Unconstrained build operations Thread 13"        [_thread_blocked, id=34268, stack(0x0000009fcd800000,0x0000009fcd900000) (1024K)]
  0x000002660288ece0 JavaThread "Unconstrained build operations Thread 14"        [_thread_blocked, id=35404, stack(0x0000009fcd900000,0x0000009fcda00000) (1024K)]
  0x000002660288dfc0 JavaThread "Unconstrained build operations Thread 15"        [_thread_blocked, id=23116, stack(0x0000009fcda00000,0x0000009fcdb00000) (1024K)]
  0x000002660288e650 JavaThread "Unconstrained build operations Thread 16"        [_thread_blocked, id=30984, stack(0x0000009fcdb00000,0x0000009fcdc00000) (1024K)]
  0x000002660288f370 JavaThread "Unconstrained build operations Thread 17"        [_thread_blocked, id=23172, stack(0x0000009fcdc00000,0x0000009fcdd00000) (1024K)]
  0x0000026602960c60 JavaThread "Unconstrained build operations Thread 18"        [_thread_blocked, id=37384, stack(0x0000009fcdd00000,0x0000009fcde00000) (1024K)]
  0x00000266029612f0 JavaThread "Unconstrained build operations Thread 19"        [_thread_blocked, id=24904, stack(0x0000009fcde00000,0x0000009fcdf00000) (1024K)]
  0x0000026602961980 JavaThread "Unconstrained build operations Thread 20"        [_thread_blocked, id=15880, stack(0x0000009fcdf00000,0x0000009fce000000) (1024K)]
  0x000002660295f8b0 JavaThread "Unconstrained build operations Thread 21"        [_thread_blocked, id=34896, stack(0x0000009fce300000,0x0000009fce400000) (1024K)]
  0x000002660295e500 JavaThread "jar transforms Thread 6"           [_thread_blocked, id=34928, stack(0x0000009fce400000,0x0000009fce500000) (1024K)]
Total: 61

Other Threads:
  0x0000026666fdf5a0 VMThread "VM Thread"                           [id=36160, stack(0x0000009fca100000,0x0000009fca200000) (1024K)]
  0x0000026666fd26d0 WatcherThread "VM Periodic Task Thread"        [id=36140, stack(0x0000009fca000000,0x0000009fca100000) (1024K)]
  0x0000026651677e90 WorkerThread "GC Thread#0"                     [id=36076, stack(0x0000009fc9b00000,0x0000009fc9c00000) (1024K)]
  0x0000026600589b70 WorkerThread "GC Thread#1"                     [id=36604, stack(0x0000009fcac00000,0x0000009fcad00000) (1024K)]
  0x00000266003fe900 WorkerThread "GC Thread#2"                     [id=36608, stack(0x0000009fcad00000,0x0000009fcae00000) (1024K)]
  0x0000026600327f90 WorkerThread "GC Thread#3"                     [id=36612, stack(0x0000009fcae00000,0x0000009fcaf00000) (1024K)]
  0x0000026600328340 WorkerThread "GC Thread#4"                     [id=36616, stack(0x0000009fcaf00000,0x0000009fcb000000) (1024K)]
  0x00000266006905c0 WorkerThread "GC Thread#5"                     [id=36620, stack(0x0000009fcb000000,0x0000009fcb100000) (1024K)]
  0x0000026600058e80 WorkerThread "GC Thread#6"                     [id=35352, stack(0x0000009fcb800000,0x0000009fcb900000) (1024K)]
  0x0000026600058ad0 WorkerThread "GC Thread#7"                     [id=35344, stack(0x0000009fcb900000,0x0000009fcba00000) (1024K)]
  0x000002665167cc90 ConcurrentGCThread "G1 Main Marker"            [id=36084, stack(0x0000009fc9c00000,0x0000009fc9d00000) (1024K)]
  0x000002665167d5b0 WorkerThread "G1 Conc#0"                       [id=36088, stack(0x0000009fc9d00000,0x0000009fc9e00000) (1024K)]
  0x00000266040e4fb0 WorkerThread "G1 Conc#1"                       [id=37604, stack(0x0000009fcc100000,0x0000009fcc200000) (1024K)]
  0x00000266516feac0 ConcurrentGCThread "G1 Refine#0"               [id=36100, stack(0x0000009fc9e00000,0x0000009fc9f00000) (1024K)]
  0x0000026666ea0610 ConcurrentGCThread "G1 Service"                [id=36104, stack(0x0000009fc9f00000,0x0000009fca000000) (1024K)]
Total: 15

Threads with active compile tasks:
C2 CompilerThread0  515540 11373       4       java.util.regex.Pattern::compile (537 bytes)
Total: 1

VM state: not at safepoint (normal execution)

VM Mutex/Monitor currently owned by a thread: None

Heap address: 0x00000000e0000000, size: 512 MB, Compressed Oops mode: 32-bit

CDS archive(s) mapped at: [0x0000026667000000-0x0000026667ba0000-0x0000026667ba0000), size 12189696, SharedBaseAddress: 0x0000026667000000, ArchiveRelocationMode: 1.
Compressed class space mapped at: 0x0000026668000000-0x000002667c000000, reserved size: 335544320
Narrow klass base: 0x0000026667000000, Narrow klass shift: 0, Narrow klass range: 0x100000000

GC Precious Log:
 CardTable entry size: 512
 Card Set container configuration: InlinePtr #cards 5 size 8 Array Of Cards #cards 12 size 40 Howl #buckets 4 coarsen threshold 1843 Howl Bitmap #cards 512 size 80 coarsen threshold 460 Card regions per heap region 1 cards per card region 2048
 CPUs: 8 total, 8 available
 Memory: 7502M
 Large Page Support: Disabled
 NUMA Support: Disabled
 Compressed Oops: Enabled (32-bit)
 Heap Region Size: 1M
 Heap Min Capacity: 256M
 Heap Initial Capacity: 256M
 Heap Max Capacity: 512M
 Pre-touch: Disabled
 Parallel Workers: 8
 Concurrent Workers: 2
 Concurrent Refinement Workers: 8
 Periodic GC: Disabled

Heap:
 garbage-first heap   total 262144K, used 188289K [0x00000000e0000000, 0x0000000100000000)
  region size 1024K, 108 young (110592K), 8 survivors (8192K)
 Metaspace       used 77379K, committed 79360K, reserved 458752K
  class space    used 10728K, committed 11712K, reserved 327680K

Heap Regions: E=young(eden), S=young(survivor), O=old, HS=humongous(starts), HC=humongous(continues), CS=collection set, F=free, TAMS=top-at-mark-start, PB=parsable bottom
|   0|0x00000000e0000000, 0x00000000e0100000, 0x00000000e0100000|100%|HS|  |TAMS 0x00000000e0000000| PB 0x00000000e0000000| Complete 
|   1|0x00000000e0100000, 0x00000000e0200000, 0x00000000e0200000|100%|HC|  |TAMS 0x00000000e0100000| PB 0x00000000e0100000| Complete 
|   2|0x00000000e0200000, 0x00000000e0300000, 0x00000000e0300000|100%|HC|  |TAMS 0x00000000e0200000| PB 0x00000000e0200000| Complete 
|   3|0x00000000e0300000, 0x00000000e0400000, 0x00000000e0400000|100%|HC|  |TAMS 0x00000000e0300000| PB 0x00000000e0300000| Complete 
|   4|0x00000000e0400000, 0x00000000e0500000, 0x00000000e0500000|100%| O|  |TAMS 0x00000000e0400000| PB 0x00000000e0400000| Untracked 
|   5|0x00000000e0500000, 0x00000000e0600000, 0x00000000e0600000|100%| O|  |TAMS 0x00000000e0500000| PB 0x00000000e0500000| Untracked 
|   6|0x00000000e0600000, 0x00000000e0700000, 0x00000000e0700000|100%| O|  |TAMS 0x00000000e0600000| PB 0x00000000e0600000| Untracked 
|   7|0x00000000e0700000, 0x00000000e0800000, 0x00000000e0800000|100%| O|  |TAMS 0x00000000e0700000| PB 0x00000000e0700000| Untracked 
|   8|0x00000000e0800000, 0x00000000e0900000, 0x00000000e0900000|100%|HS|  |TAMS 0x00000000e0800000| PB 0x00000000e0800000| Complete 
|   9|0x00000000e0900000, 0x00000000e0a00000, 0x00000000e0a00000|100%| O|  |TAMS 0x00000000e0900000| PB 0x00000000e0900000| Untracked 
|  10|0x00000000e0a00000, 0x00000000e0b00000, 0x00000000e0b00000|100%| O|  |TAMS 0x00000000e0a00000| PB 0x00000000e0a00000| Untracked 
|  11|0x00000000e0b00000, 0x00000000e0c00000, 0x00000000e0c00000|100%|HS|  |TAMS 0x00000000e0b00000| PB 0x00000000e0b00000| Complete 
|  12|0x00000000e0c00000, 0x00000000e0d00000, 0x00000000e0d00000|100%| O|  |TAMS 0x00000000e0c00000| PB 0x00000000e0c00000| Untracked 
|  13|0x00000000e0d00000, 0x00000000e0e00000, 0x00000000e0e00000|100%| O|  |TAMS 0x00000000e0d00000| PB 0x00000000e0d00000| Untracked 
|  14|0x00000000e0e00000, 0x00000000e0f00000, 0x00000000e0f00000|100%| O|  |TAMS 0x00000000e0e00000| PB 0x00000000e0e00000| Untracked 
|  15|0x00000000e0f00000, 0x00000000e1000000, 0x00000000e1000000|100%| O|  |TAMS 0x00000000e0f00000| PB 0x00000000e0f00000| Untracked 
|  16|0x00000000e1000000, 0x00000000e1100000, 0x00000000e1100000|100%| O|  |TAMS 0x00000000e1000000| PB 0x00000000e1000000| Untracked 
|  17|0x00000000e1100000, 0x00000000e1200000, 0x00000000e1200000|100%| O|  |TAMS 0x00000000e1100000| PB 0x00000000e1100000| Untracked 
|  18|0x00000000e1200000, 0x00000000e1300000, 0x00000000e1300000|100%| O|  |TAMS 0x00000000e1200000| PB 0x00000000e1200000| Untracked 
|  19|0x00000000e1300000, 0x00000000e1400000, 0x00000000e1400000|100%| O|  |TAMS 0x00000000e1300000| PB 0x00000000e1300000| Untracked 
|  20|0x00000000e1400000, 0x00000000e1500000, 0x00000000e1500000|100%| O|  |TAMS 0x00000000e1400000| PB 0x00000000e1400000| Untracked 
|  21|0x00000000e1500000, 0x00000000e1600000, 0x00000000e1600000|100%| O|  |TAMS 0x00000000e1500000| PB 0x00000000e1500000| Untracked 
|  22|0x00000000e1600000, 0x00000000e1700000, 0x00000000e1700000|100%| O|  |TAMS 0x00000000e1600000| PB 0x00000000e1600000| Untracked 
|  23|0x00000000e1700000, 0x00000000e1800000, 0x00000000e1800000|100%| O|  |TAMS 0x00000000e1700000| PB 0x00000000e1700000| Untracked 
|  24|0x00000000e1800000, 0x00000000e1900000, 0x00000000e1900000|100%| O|  |TAMS 0x00000000e1800000| PB 0x00000000e1800000| Untracked 
|  25|0x00000000e1900000, 0x00000000e1a00000, 0x00000000e1a00000|100%|HS|  |TAMS 0x00000000e1900000| PB 0x00000000e1900000| Complete 
|  26|0x00000000e1a00000, 0x00000000e1b00000, 0x00000000e1b00000|100%|HS|  |TAMS 0x00000000e1a00000| PB 0x00000000e1a00000| Complete 
|  27|0x00000000e1b00000, 0x00000000e1c00000, 0x00000000e1c00000|100%|HC|  |TAMS 0x00000000e1b00000| PB 0x00000000e1b00000| Complete 
|  28|0x00000000e1c00000, 0x00000000e1d00000, 0x00000000e1d00000|100%| O|  |TAMS 0x00000000e1c00000| PB 0x00000000e1c00000| Untracked 
|  29|0x00000000e1d00000, 0x00000000e1e00000, 0x00000000e1e00000|100%| O|  |TAMS 0x00000000e1d00000| PB 0x00000000e1d00000| Untracked 
|  30|0x00000000e1e00000, 0x00000000e1f00000, 0x00000000e1f00000|100%| O|  |TAMS 0x00000000e1e00000| PB 0x00000000e1e00000| Untracked 
|  31|0x00000000e1f00000, 0x00000000e2000000, 0x00000000e2000000|100%| O|  |TAMS 0x00000000e1f00000| PB 0x00000000e1f00000| Untracked 
|  32|0x00000000e2000000, 0x00000000e2100000, 0x00000000e2100000|100%| O|  |TAMS 0x00000000e2000000| PB 0x00000000e2000000| Untracked 
|  33|0x00000000e2100000, 0x00000000e2200000, 0x00000000e2200000|100%| O|  |TAMS 0x00000000e2100000| PB 0x00000000e2100000| Untracked 
|  34|0x00000000e2200000, 0x00000000e2300000, 0x00000000e2300000|100%| O|  |TAMS 0x00000000e2200000| PB 0x00000000e2200000| Untracked 
|  35|0x00000000e2300000, 0x00000000e2400000, 0x00000000e2400000|100%| O|  |TAMS 0x00000000e2300000| PB 0x00000000e2300000| Untracked 
|  36|0x00000000e2400000, 0x00000000e2500000, 0x00000000e2500000|100%| O|  |TAMS 0x00000000e2400000| PB 0x00000000e2400000| Untracked 
|  37|0x00000000e2500000, 0x00000000e2600000, 0x00000000e2600000|100%| O|  |TAMS 0x00000000e2500000| PB 0x00000000e2500000| Untracked 
|  38|0x00000000e2600000, 0x00000000e2700000, 0x00000000e2700000|100%| O|  |TAMS 0x00000000e2600000| PB 0x00000000e2600000| Untracked 
|  39|0x00000000e2700000, 0x00000000e2800000, 0x00000000e2800000|100%| O|  |TAMS 0x00000000e2700000| PB 0x00000000e2700000| Untracked 
|  40|0x00000000e2800000, 0x00000000e2900000, 0x00000000e2900000|100%| O|  |TAMS 0x00000000e2800000| PB 0x00000000e2800000| Untracked 
|  41|0x00000000e2900000, 0x00000000e2a00000, 0x00000000e2a00000|100%| O|  |TAMS 0x00000000e2900000| PB 0x00000000e2900000| Untracked 
|  42|0x00000000e2a00000, 0x00000000e2b00000, 0x00000000e2b00000|100%| O|  |TAMS 0x00000000e2a00000| PB 0x00000000e2a00000| Untracked 
|  43|0x00000000e2b00000, 0x00000000e2c00000, 0x00000000e2c00000|100%| O|  |TAMS 0x00000000e2b00000| PB 0x00000000e2b00000| Untracked 
|  44|0x00000000e2c00000, 0x00000000e2d00000, 0x00000000e2d00000|100%| O|  |TAMS 0x00000000e2c00000| PB 0x00000000e2c00000| Untracked 
|  45|0x00000000e2d00000, 0x00000000e2e00000, 0x00000000e2e00000|100%| O|  |TAMS 0x00000000e2d00000| PB 0x00000000e2d00000| Untracked 
|  46|0x00000000e2e00000, 0x00000000e2f00000, 0x00000000e2f00000|100%| O|Cm|TAMS 0x00000000e2e00000| PB 0x00000000e2e00000| Complete 
|  47|0x00000000e2f00000, 0x00000000e3000000, 0x00000000e3000000|100%| O|  |TAMS 0x00000000e2f00000| PB 0x00000000e2f00000| Untracked 
|  48|0x00000000e3000000, 0x00000000e3100000, 0x00000000e3100000|100%| O|  |TAMS 0x00000000e3000000| PB 0x00000000e3000000| Untracked 
|  49|0x00000000e3100000, 0x00000000e3200000, 0x00000000e3200000|100%| O|  |TAMS 0x00000000e3100000| PB 0x00000000e3100000| Untracked 
|  50|0x00000000e3200000, 0x00000000e3300000, 0x00000000e3300000|100%| O|  |TAMS 0x00000000e3200000| PB 0x00000000e3200000| Untracked 
|  51|0x00000000e3300000, 0x00000000e3400000, 0x00000000e3400000|100%| O|  |TAMS 0x00000000e3300000| PB 0x00000000e3300000| Untracked 
|  52|0x00000000e3400000, 0x00000000e3500000, 0x00000000e3500000|100%| O|  |TAMS 0x00000000e3400000| PB 0x00000000e3400000| Untracked 
|  53|0x00000000e3500000, 0x00000000e3600000, 0x00000000e3600000|100%| O|Cm|TAMS 0x00000000e3500000| PB 0x00000000e3500000| Complete 
|  54|0x00000000e3600000, 0x00000000e3700000, 0x00000000e3700000|100%| O|  |TAMS 0x00000000e3600000| PB 0x00000000e3600000| Untracked 
|  55|0x00000000e3700000, 0x00000000e3800000, 0x00000000e3800000|100%| O|  |TAMS 0x00000000e3700000| PB 0x00000000e3700000| Untracked 
|  56|0x00000000e3800000, 0x00000000e3900000, 0x00000000e3900000|100%| O|  |TAMS 0x00000000e3800000| PB 0x00000000e3800000| Untracked 
|  57|0x00000000e3900000, 0x00000000e3a00000, 0x00000000e3a00000|100%| O|  |TAMS 0x00000000e3900000| PB 0x00000000e3900000| Untracked 
|  58|0x00000000e3a00000, 0x00000000e3b00000, 0x00000000e3b00000|100%| O|  |TAMS 0x00000000e3a00000| PB 0x00000000e3a00000| Untracked 
|  59|0x00000000e3b00000, 0x00000000e3c00000, 0x00000000e3c00000|100%| O|  |TAMS 0x00000000e3b00000| PB 0x00000000e3b00000| Untracked 
|  60|0x00000000e3c00000, 0x00000000e3d00000, 0x00000000e3d00000|100%| O|  |TAMS 0x00000000e3c00000| PB 0x00000000e3c00000| Untracked 
|  61|0x00000000e3d00000, 0x00000000e3e00000, 0x00000000e3e00000|100%| O|  |TAMS 0x00000000e3d00000| PB 0x00000000e3d00000| Untracked 
|  62|0x00000000e3e00000, 0x00000000e3f00000, 0x00000000e3f00000|100%| O|Cm|TAMS 0x00000000e3e00000| PB 0x00000000e3e00000| Complete 
|  63|0x00000000e3f00000, 0x00000000e4000000, 0x00000000e4000000|100%| O|  |TAMS 0x00000000e3f00000| PB 0x00000000e3f00000| Untracked 
|  64|0x00000000e4000000, 0x00000000e4100000, 0x00000000e4100000|100%| O|  |TAMS 0x00000000e4000000| PB 0x00000000e4000000| Untracked 
|  65|0x00000000e4100000, 0x00000000e4200000, 0x00000000e4200000|100%| O|  |TAMS 0x00000000e4100000| PB 0x00000000e4100000| Untracked 
|  66|0x00000000e4200000, 0x00000000e4300000, 0x00000000e4300000|100%| O|  |TAMS 0x00000000e4200000| PB 0x00000000e4200000| Untracked 
|  67|0x00000000e4300000, 0x00000000e4400000, 0x00000000e4400000|100%| O|  |TAMS 0x00000000e4300000| PB 0x00000000e4300000| Untracked 
|  68|0x00000000e4400000, 0x00000000e44e06f0, 0x00000000e4500000| 87%| O|  |TAMS 0x00000000e4400000| PB 0x00000000e4400000| Untracked 
|  69|0x00000000e4500000, 0x00000000e4600000, 0x00000000e4600000|100%|HS|  |TAMS 0x00000000e4500000| PB 0x00000000e4500000| Complete 
|  70|0x00000000e4600000, 0x00000000e4700000, 0x00000000e4700000|100%|HS|  |TAMS 0x00000000e4600000| PB 0x00000000e4600000| Complete 
|  71|0x00000000e4700000, 0x00000000e4800000, 0x00000000e4800000|100%|HC|  |TAMS 0x00000000e4700000| PB 0x00000000e4700000| Complete 
|  72|0x00000000e4800000, 0x00000000e4900000, 0x00000000e4900000|100%|HS|  |TAMS 0x00000000e4800000| PB 0x00000000e4800000| Complete 
|  73|0x00000000e4900000, 0x00000000e4a00000, 0x00000000e4a00000|100%|HS|  |TAMS 0x00000000e4900000| PB 0x00000000e4900000| Complete 
|  74|0x00000000e4a00000, 0x00000000e4b00000, 0x00000000e4b00000|100%|HC|  |TAMS 0x00000000e4a00000| PB 0x00000000e4a00000| Complete 
|  75|0x00000000e4b00000, 0x00000000e4c00000, 0x00000000e4c00000|100%|HC|  |TAMS 0x00000000e4b00000| PB 0x00000000e4b00000| Complete 
|  76|0x00000000e4c00000, 0x00000000e4d00000, 0x00000000e4d00000|100%|HC|  |TAMS 0x00000000e4c00000| PB 0x00000000e4c00000| Complete 
|  77|0x00000000e4d00000, 0x00000000e4e00000, 0x00000000e4e00000|100%|HS|  |TAMS 0x00000000e4d00000| PB 0x00000000e4d00000| Complete 
|  78|0x00000000e4e00000, 0x00000000e4e00000, 0x00000000e4f00000|  0%| F|  |TAMS 0x00000000e4e00000| PB 0x00000000e4e00000| Untracked 
|  79|0x00000000e4f00000, 0x00000000e4f00000, 0x00000000e5000000|  0%| F|  |TAMS 0x00000000e4f00000| PB 0x00000000e4f00000| Untracked 
|  80|0x00000000e5000000, 0x00000000e5000000, 0x00000000e5100000|  0%| F|  |TAMS 0x00000000e5000000| PB 0x00000000e5000000| Untracked 
|  81|0x00000000e5100000, 0x00000000e5100000, 0x00000000e5200000|  0%| F|  |TAMS 0x00000000e5100000| PB 0x00000000e5100000| Untracked 
|  82|0x00000000e5200000, 0x00000000e5200000, 0x00000000e5300000|  0%| F|  |TAMS 0x00000000e5200000| PB 0x00000000e5200000| Untracked 
|  83|0x00000000e5300000, 0x00000000e5300000, 0x00000000e5400000|  0%| F|  |TAMS 0x00000000e5300000| PB 0x00000000e5300000| Untracked 
|  84|0x00000000e5400000, 0x00000000e5400000, 0x00000000e5500000|  0%| F|  |TAMS 0x00000000e5400000| PB 0x00000000e5400000| Untracked 
|  85|0x00000000e5500000, 0x00000000e5500000, 0x00000000e5600000|  0%| F|  |TAMS 0x00000000e5500000| PB 0x00000000e5500000| Untracked 
|  86|0x00000000e5600000, 0x00000000e5600000, 0x00000000e5700000|  0%| F|  |TAMS 0x00000000e5600000| PB 0x00000000e5600000| Untracked 
|  87|0x00000000e5700000, 0x00000000e5700000, 0x00000000e5800000|  0%| F|  |TAMS 0x00000000e5700000| PB 0x00000000e5700000| Untracked 
|  88|0x00000000e5800000, 0x00000000e5800000, 0x00000000e5900000|  0%| F|  |TAMS 0x00000000e5800000| PB 0x00000000e5800000| Untracked 
|  89|0x00000000e5900000, 0x00000000e5900000, 0x00000000e5a00000|  0%| F|  |TAMS 0x00000000e5900000| PB 0x00000000e5900000| Untracked 
|  90|0x00000000e5a00000, 0x00000000e5a00000, 0x00000000e5b00000|  0%| F|  |TAMS 0x00000000e5a00000| PB 0x00000000e5a00000| Untracked 
|  91|0x00000000e5b00000, 0x00000000e5b00000, 0x00000000e5c00000|  0%| F|  |TAMS 0x00000000e5b00000| PB 0x00000000e5b00000| Untracked 
|  92|0x00000000e5c00000, 0x00000000e5c00000, 0x00000000e5d00000|  0%| F|  |TAMS 0x00000000e5c00000| PB 0x00000000e5c00000| Untracked 
|  93|0x00000000e5d00000, 0x00000000e5d00000, 0x00000000e5e00000|  0%| F|  |TAMS 0x00000000e5d00000| PB 0x00000000e5d00000| Untracked 
|  94|0x00000000e5e00000, 0x00000000e5e00000, 0x00000000e5f00000|  0%| F|  |TAMS 0x00000000e5e00000| PB 0x00000000e5e00000| Untracked 
|  95|0x00000000e5f00000, 0x00000000e5f00000, 0x00000000e6000000|  0%| F|  |TAMS 0x00000000e5f00000| PB 0x00000000e5f00000| Untracked 
|  96|0x00000000e6000000, 0x00000000e6000000, 0x00000000e6100000|  0%| F|  |TAMS 0x00000000e6000000| PB 0x00000000e6000000| Untracked 
|  97|0x00000000e6100000, 0x00000000e6100000, 0x00000000e6200000|  0%| F|  |TAMS 0x00000000e6100000| PB 0x00000000e6100000| Untracked 
|  98|0x00000000e6200000, 0x00000000e6200000, 0x00000000e6300000|  0%| F|  |TAMS 0x00000000e6200000| PB 0x00000000e6200000| Untracked 
|  99|0x00000000e6300000, 0x00000000e6300000, 0x00000000e6400000|  0%| F|  |TAMS 0x00000000e6300000| PB 0x00000000e6300000| Untracked 
| 100|0x00000000e6400000, 0x00000000e6400000, 0x00000000e6500000|  0%| F|  |TAMS 0x00000000e6400000| PB 0x00000000e6400000| Untracked 
| 101|0x00000000e6500000, 0x00000000e6500000, 0x00000000e6600000|  0%| F|  |TAMS 0x00000000e6500000| PB 0x00000000e6500000| Untracked 
| 102|0x00000000e6600000, 0x00000000e6600000, 0x00000000e6700000|  0%| F|  |TAMS 0x00000000e6600000| PB 0x00000000e6600000| Untracked 
| 103|0x00000000e6700000, 0x00000000e6700000, 0x00000000e6800000|  0%| F|  |TAMS 0x00000000e6700000| PB 0x00000000e6700000| Untracked 
| 104|0x00000000e6800000, 0x00000000e6800000, 0x00000000e6900000|  0%| F|  |TAMS 0x00000000e6800000| PB 0x00000000e6800000| Untracked 
| 105|0x00000000e6900000, 0x00000000e6900000, 0x00000000e6a00000|  0%| F|  |TAMS 0x00000000e6900000| PB 0x00000000e6900000| Untracked 
| 106|0x00000000e6a00000, 0x00000000e6a00000, 0x00000000e6b00000|  0%| F|  |TAMS 0x00000000e6a00000| PB 0x00000000e6a00000| Untracked 
| 107|0x00000000e6b00000, 0x00000000e6b00000, 0x00000000e6c00000|  0%| F|  |TAMS 0x00000000e6b00000| PB 0x00000000e6b00000| Untracked 
| 108|0x00000000e6c00000, 0x00000000e6c00000, 0x00000000e6d00000|  0%| F|  |TAMS 0x00000000e6c00000| PB 0x00000000e6c00000| Untracked 
| 109|0x00000000e6d00000, 0x00000000e6d00000, 0x00000000e6e00000|  0%| F|  |TAMS 0x00000000e6d00000| PB 0x00000000e6d00000| Untracked 
| 110|0x00000000e6e00000, 0x00000000e6e00000, 0x00000000e6f00000|  0%| F|  |TAMS 0x00000000e6e00000| PB 0x00000000e6e00000| Untracked 
| 111|0x00000000e6f00000, 0x00000000e6f00000, 0x00000000e7000000|  0%| F|  |TAMS 0x00000000e6f00000| PB 0x00000000e6f00000| Untracked 
| 112|0x00000000e7000000, 0x00000000e7000000, 0x00000000e7100000|  0%| F|  |TAMS 0x00000000e7000000| PB 0x00000000e7000000| Untracked 
| 113|0x00000000e7100000, 0x00000000e7100000, 0x00000000e7200000|  0%| F|  |TAMS 0x00000000e7100000| PB 0x00000000e7100000| Untracked 
| 114|0x00000000e7200000, 0x00000000e7200000, 0x00000000e7300000|  0%| F|  |TAMS 0x00000000e7200000| PB 0x00000000e7200000| Untracked 
| 115|0x00000000e7300000, 0x00000000e7300000, 0x00000000e7400000|  0%| F|  |TAMS 0x00000000e7300000| PB 0x00000000e7300000| Untracked 
| 116|0x00000000e7400000, 0x00000000e7400000, 0x00000000e7500000|  0%| F|  |TAMS 0x00000000e7400000| PB 0x00000000e7400000| Untracked 
| 117|0x00000000e7500000, 0x00000000e7500000, 0x00000000e7600000|  0%| F|  |TAMS 0x00000000e7500000| PB 0x00000000e7500000| Untracked 
| 118|0x00000000e7600000, 0x00000000e7600000, 0x00000000e7700000|  0%| F|  |TAMS 0x00000000e7600000| PB 0x00000000e7600000| Untracked 
| 119|0x00000000e7700000, 0x00000000e7700000, 0x00000000e7800000|  0%| F|  |TAMS 0x00000000e7700000| PB 0x00000000e7700000| Untracked 
| 120|0x00000000e7800000, 0x00000000e7800000, 0x00000000e7900000|  0%| F|  |TAMS 0x00000000e7800000| PB 0x00000000e7800000| Untracked 
| 121|0x00000000e7900000, 0x00000000e7900000, 0x00000000e7a00000|  0%| F|  |TAMS 0x00000000e7900000| PB 0x00000000e7900000| Untracked 
| 122|0x00000000e7a00000, 0x00000000e7a00000, 0x00000000e7b00000|  0%| F|  |TAMS 0x00000000e7a00000| PB 0x00000000e7a00000| Untracked 
| 123|0x00000000e7b00000, 0x00000000e7b00000, 0x00000000e7c00000|  0%| F|  |TAMS 0x00000000e7b00000| PB 0x00000000e7b00000| Untracked 
| 124|0x00000000e7c00000, 0x00000000e7c00000, 0x00000000e7d00000|  0%| F|  |TAMS 0x00000000e7c00000| PB 0x00000000e7c00000| Untracked 
| 125|0x00000000e7d00000, 0x00000000e7d00000, 0x00000000e7e00000|  0%| F|  |TAMS 0x00000000e7d00000| PB 0x00000000e7d00000| Untracked 
| 126|0x00000000e7e00000, 0x00000000e7e00000, 0x00000000e7f00000|  0%| F|  |TAMS 0x00000000e7e00000| PB 0x00000000e7e00000| Untracked 
| 127|0x00000000e7f00000, 0x00000000e7f00000, 0x00000000e8000000|  0%| F|  |TAMS 0x00000000e7f00000| PB 0x00000000e7f00000| Untracked 
| 128|0x00000000e8000000, 0x00000000e8000000, 0x00000000e8100000|  0%| F|  |TAMS 0x00000000e8000000| PB 0x00000000e8000000| Untracked 
| 129|0x00000000e8100000, 0x00000000e8100000, 0x00000000e8200000|  0%| F|  |TAMS 0x00000000e8100000| PB 0x00000000e8100000| Untracked 
| 130|0x00000000e8200000, 0x00000000e8200000, 0x00000000e8300000|  0%| F|  |TAMS 0x00000000e8200000| PB 0x00000000e8200000| Untracked 
| 131|0x00000000e8300000, 0x00000000e8300000, 0x00000000e8400000|  0%| F|  |TAMS 0x00000000e8300000| PB 0x00000000e8300000| Untracked 
| 132|0x00000000e8400000, 0x00000000e8400000, 0x00000000e8500000|  0%| F|  |TAMS 0x00000000e8400000| PB 0x00000000e8400000| Untracked 
| 133|0x00000000e8500000, 0x00000000e8500000, 0x00000000e8600000|  0%| F|  |TAMS 0x00000000e8500000| PB 0x00000000e8500000| Untracked 
| 134|0x00000000e8600000, 0x00000000e8600000, 0x00000000e8700000|  0%| F|  |TAMS 0x00000000e8600000| PB 0x00000000e8600000| Untracked 
| 135|0x00000000e8700000, 0x00000000e8700000, 0x00000000e8800000|  0%| F|  |TAMS 0x00000000e8700000| PB 0x00000000e8700000| Untracked 
| 136|0x00000000e8800000, 0x00000000e8800000, 0x00000000e8900000|  0%| F|  |TAMS 0x00000000e8800000| PB 0x00000000e8800000| Untracked 
| 137|0x00000000e8900000, 0x00000000e8900000, 0x00000000e8a00000|  0%| F|  |TAMS 0x00000000e8900000| PB 0x00000000e8900000| Untracked 
| 138|0x00000000e8a00000, 0x00000000e8a00000, 0x00000000e8b00000|  0%| F|  |TAMS 0x00000000e8a00000| PB 0x00000000e8a00000| Untracked 
| 139|0x00000000e8b00000, 0x00000000e8b00000, 0x00000000e8c00000|  0%| F|  |TAMS 0x00000000e8b00000| PB 0x00000000e8b00000| Untracked 
| 140|0x00000000e8c00000, 0x00000000e8c00000, 0x00000000e8d00000|  0%| F|  |TAMS 0x00000000e8c00000| PB 0x00000000e8c00000| Untracked 
| 141|0x00000000e8d00000, 0x00000000e8d00000, 0x00000000e8e00000|  0%| F|  |TAMS 0x00000000e8d00000| PB 0x00000000e8d00000| Untracked 
| 142|0x00000000e8e00000, 0x00000000e8e00000, 0x00000000e8f00000|  0%| F|  |TAMS 0x00000000e8e00000| PB 0x00000000e8e00000| Untracked 
| 143|0x00000000e8f00000, 0x00000000e8f00000, 0x00000000e9000000|  0%| F|  |TAMS 0x00000000e8f00000| PB 0x00000000e8f00000| Untracked 
| 144|0x00000000e9000000, 0x00000000e9000000, 0x00000000e9100000|  0%| F|  |TAMS 0x00000000e9000000| PB 0x00000000e9000000| Untracked 
| 145|0x00000000e9100000, 0x00000000e9100000, 0x00000000e9200000|  0%| F|  |TAMS 0x00000000e9100000| PB 0x00000000e9100000| Untracked 
| 146|0x00000000e9200000, 0x00000000e9200000, 0x00000000e9300000|  0%| F|  |TAMS 0x00000000e9200000| PB 0x00000000e9200000| Untracked 
| 147|0x00000000e9300000, 0x00000000e9300000, 0x00000000e9400000|  0%| F|  |TAMS 0x00000000e9300000| PB 0x00000000e9300000| Untracked 
| 148|0x00000000e9400000, 0x00000000e94919d8, 0x00000000e9500000| 56%| E|  |TAMS 0x00000000e9400000| PB 0x00000000e9400000| Complete 
| 149|0x00000000e9500000, 0x00000000e9600000, 0x00000000e9600000|100%| E|CS|TAMS 0x00000000e9500000| PB 0x00000000e9500000| Complete 
| 150|0x00000000e9600000, 0x00000000e9700000, 0x00000000e9700000|100%| E|CS|TAMS 0x00000000e9600000| PB 0x00000000e9600000| Complete 
| 151|0x00000000e9700000, 0x00000000e9800000, 0x00000000e9800000|100%| E|CS|TAMS 0x00000000e9700000| PB 0x00000000e9700000| Complete 
| 152|0x00000000e9800000, 0x00000000e9900000, 0x00000000e9900000|100%| E|CS|TAMS 0x00000000e9800000| PB 0x00000000e9800000| Complete 
| 153|0x00000000e9900000, 0x00000000e9a00000, 0x00000000e9a00000|100%| E|CS|TAMS 0x00000000e9900000| PB 0x00000000e9900000| Complete 
| 154|0x00000000e9a00000, 0x00000000e9b00000, 0x00000000e9b00000|100%| E|CS|TAMS 0x00000000e9a00000| PB 0x00000000e9a00000| Complete 
| 155|0x00000000e9b00000, 0x00000000e9c00000, 0x00000000e9c00000|100%| E|CS|TAMS 0x00000000e9b00000| PB 0x00000000e9b00000| Complete 
| 156|0x00000000e9c00000, 0x00000000e9d00000, 0x00000000e9d00000|100%| E|CS|TAMS 0x00000000e9c00000| PB 0x00000000e9c00000| Complete 
| 157|0x00000000e9d00000, 0x00000000e9e00000, 0x00000000e9e00000|100%| E|CS|TAMS 0x00000000e9d00000| PB 0x00000000e9d00000| Complete 
| 158|0x00000000e9e00000, 0x00000000e9f00000, 0x00000000e9f00000|100%| E|CS|TAMS 0x00000000e9e00000| PB 0x00000000e9e00000| Complete 
| 159|0x00000000e9f00000, 0x00000000ea000000, 0x00000000ea000000|100%| E|CS|TAMS 0x00000000e9f00000| PB 0x00000000e9f00000| Complete 
| 160|0x00000000ea000000, 0x00000000ea100000, 0x00000000ea100000|100%| E|CS|TAMS 0x00000000ea000000| PB 0x00000000ea000000| Complete 
| 161|0x00000000ea100000, 0x00000000ea200000, 0x00000000ea200000|100%| E|CS|TAMS 0x00000000ea100000| PB 0x00000000ea100000| Complete 
| 162|0x00000000ea200000, 0x00000000ea300000, 0x00000000ea300000|100%| E|CS|TAMS 0x00000000ea200000| PB 0x00000000ea200000| Complete 
| 163|0x00000000ea300000, 0x00000000ea400000, 0x00000000ea400000|100%| E|CS|TAMS 0x00000000ea300000| PB 0x00000000ea300000| Complete 
| 164|0x00000000ea400000, 0x00000000ea500000, 0x00000000ea500000|100%| E|CS|TAMS 0x00000000ea400000| PB 0x00000000ea400000| Complete 
| 165|0x00000000ea500000, 0x00000000ea600000, 0x00000000ea600000|100%| E|CS|TAMS 0x00000000ea500000| PB 0x00000000ea500000| Complete 
| 166|0x00000000ea600000, 0x00000000ea700000, 0x00000000ea700000|100%| E|CS|TAMS 0x00000000ea600000| PB 0x00000000ea600000| Complete 
| 167|0x00000000ea700000, 0x00000000ea800000, 0x00000000ea800000|100%| E|CS|TAMS 0x00000000ea700000| PB 0x00000000ea700000| Complete 
| 168|0x00000000ea800000, 0x00000000ea900000, 0x00000000ea900000|100%| E|CS|TAMS 0x00000000ea800000| PB 0x00000000ea800000| Complete 
| 169|0x00000000ea900000, 0x00000000eaa00000, 0x00000000eaa00000|100%| E|CS|TAMS 0x00000000ea900000| PB 0x00000000ea900000| Complete 
| 170|0x00000000eaa00000, 0x00000000eab00000, 0x00000000eab00000|100%| E|CS|TAMS 0x00000000eaa00000| PB 0x00000000eaa00000| Complete 
| 171|0x00000000eab00000, 0x00000000eac00000, 0x00000000eac00000|100%| E|CS|TAMS 0x00000000eab00000| PB 0x00000000eab00000| Complete 
| 172|0x00000000eac00000, 0x00000000ead00000, 0x00000000ead00000|100%| E|CS|TAMS 0x00000000eac00000| PB 0x00000000eac00000| Complete 
| 173|0x00000000ead00000, 0x00000000eae00000, 0x00000000eae00000|100%| E|CS|TAMS 0x00000000ead00000| PB 0x00000000ead00000| Complete 
| 174|0x00000000eae00000, 0x00000000eaf00000, 0x00000000eaf00000|100%| E|  |TAMS 0x00000000eae00000| PB 0x00000000eae00000| Complete 
| 175|0x00000000eaf00000, 0x00000000eb000000, 0x00000000eb000000|100%| E|CS|TAMS 0x00000000eaf00000| PB 0x00000000eaf00000| Complete 
| 176|0x00000000eb000000, 0x00000000eb100000, 0x00000000eb100000|100%| E|CS|TAMS 0x00000000eb000000| PB 0x00000000eb000000| Complete 
| 177|0x00000000eb100000, 0x00000000eb200000, 0x00000000eb200000|100%| E|CS|TAMS 0x00000000eb100000| PB 0x00000000eb100000| Complete 
| 178|0x00000000eb200000, 0x00000000eb300000, 0x00000000eb300000|100%| E|CS|TAMS 0x00000000eb200000| PB 0x00000000eb200000| Complete 
| 179|0x00000000eb300000, 0x00000000eb400000, 0x00000000eb400000|100%| E|CS|TAMS 0x00000000eb300000| PB 0x00000000eb300000| Complete 
| 180|0x00000000eb400000, 0x00000000eb500000, 0x00000000eb500000|100%| E|CS|TAMS 0x00000000eb400000| PB 0x00000000eb400000| Complete 
| 181|0x00000000eb500000, 0x00000000eb600000, 0x00000000eb600000|100%| E|CS|TAMS 0x00000000eb500000| PB 0x00000000eb500000| Complete 
| 182|0x00000000eb600000, 0x00000000eb700000, 0x00000000eb700000|100%| E|CS|TAMS 0x00000000eb600000| PB 0x00000000eb600000| Complete 
| 183|0x00000000eb700000, 0x00000000eb800000, 0x00000000eb800000|100%| E|CS|TAMS 0x00000000eb700000| PB 0x00000000eb700000| Complete 
| 184|0x00000000eb800000, 0x00000000eb900000, 0x00000000eb900000|100%| E|CS|TAMS 0x00000000eb800000| PB 0x00000000eb800000| Complete 
| 185|0x00000000eb900000, 0x00000000eba00000, 0x00000000eba00000|100%| E|CS|TAMS 0x00000000eb900000| PB 0x00000000eb900000| Complete 
| 186|0x00000000eba00000, 0x00000000ebb00000, 0x00000000ebb00000|100%| E|CS|TAMS 0x00000000eba00000| PB 0x00000000eba00000| Complete 
| 187|0x00000000ebb00000, 0x00000000ebc00000, 0x00000000ebc00000|100%| E|CS|TAMS 0x00000000ebb00000| PB 0x00000000ebb00000| Complete 
| 188|0x00000000ebc00000, 0x00000000ebd00000, 0x00000000ebd00000|100%| E|CS|TAMS 0x00000000ebc00000| PB 0x00000000ebc00000| Complete 
| 189|0x00000000ebd00000, 0x00000000ebe00000, 0x00000000ebe00000|100%| E|CS|TAMS 0x00000000ebd00000| PB 0x00000000ebd00000| Complete 
| 190|0x00000000ebe00000, 0x00000000ebf00000, 0x00000000ebf00000|100%| E|CS|TAMS 0x00000000ebe00000| PB 0x00000000ebe00000| Complete 
| 191|0x00000000ebf00000, 0x00000000ec000000, 0x00000000ec000000|100%| E|CS|TAMS 0x00000000ebf00000| PB 0x00000000ebf00000| Complete 
| 192|0x00000000ec000000, 0x00000000ec100000, 0x00000000ec100000|100%| E|CS|TAMS 0x00000000ec000000| PB 0x00000000ec000000| Complete 
| 193|0x00000000ec100000, 0x00000000ec200000, 0x00000000ec200000|100%| E|CS|TAMS 0x00000000ec100000| PB 0x00000000ec100000| Complete 
| 194|0x00000000ec200000, 0x00000000ec300000, 0x00000000ec300000|100%| E|CS|TAMS 0x00000000ec200000| PB 0x00000000ec200000| Complete 
| 195|0x00000000ec300000, 0x00000000ec400000, 0x00000000ec400000|100%| E|CS|TAMS 0x00000000ec300000| PB 0x00000000ec300000| Complete 
| 196|0x00000000ec400000, 0x00000000ec500000, 0x00000000ec500000|100%| E|CS|TAMS 0x00000000ec400000| PB 0x00000000ec400000| Complete 
| 197|0x00000000ec500000, 0x00000000ec600000, 0x00000000ec600000|100%| E|CS|TAMS 0x00000000ec500000| PB 0x00000000ec500000| Complete 
| 198|0x00000000ec600000, 0x00000000ec700000, 0x00000000ec700000|100%| E|CS|TAMS 0x00000000ec600000| PB 0x00000000ec600000| Complete 
| 199|0x00000000ec700000, 0x00000000ec800000, 0x00000000ec800000|100%| E|CS|TAMS 0x00000000ec700000| PB 0x00000000ec700000| Complete 
| 200|0x00000000ec800000, 0x00000000ec900000, 0x00000000ec900000|100%| E|CS|TAMS 0x00000000ec800000| PB 0x00000000ec800000| Complete 
| 201|0x00000000ec900000, 0x00000000eca00000, 0x00000000eca00000|100%| E|CS|TAMS 0x00000000ec900000| PB 0x00000000ec900000| Complete 
| 202|0x00000000eca00000, 0x00000000ecb00000, 0x00000000ecb00000|100%| E|CS|TAMS 0x00000000eca00000| PB 0x00000000eca00000| Complete 
| 203|0x00000000ecb00000, 0x00000000ecc00000, 0x00000000ecc00000|100%| E|CS|TAMS 0x00000000ecb00000| PB 0x00000000ecb00000| Complete 
| 204|0x00000000ecc00000, 0x00000000ecd00000, 0x00000000ecd00000|100%| E|CS|TAMS 0x00000000ecc00000| PB 0x00000000ecc00000| Complete 
| 205|0x00000000ecd00000, 0x00000000ece00000, 0x00000000ece00000|100%| E|CS|TAMS 0x00000000ecd00000| PB 0x00000000ecd00000| Complete 
| 206|0x00000000ece00000, 0x00000000ecf00000, 0x00000000ecf00000|100%| E|CS|TAMS 0x00000000ece00000| PB 0x00000000ece00000| Complete 
| 207|0x00000000ecf00000, 0x00000000ed000000, 0x00000000ed000000|100%| E|CS|TAMS 0x00000000ecf00000| PB 0x00000000ecf00000| Complete 
| 208|0x00000000ed000000, 0x00000000ed100000, 0x00000000ed100000|100%| E|CS|TAMS 0x00000000ed000000| PB 0x00000000ed000000| Complete 
| 209|0x00000000ed100000, 0x00000000ed200000, 0x00000000ed200000|100%| E|CS|TAMS 0x00000000ed100000| PB 0x00000000ed100000| Complete 
| 210|0x00000000ed200000, 0x00000000ed300000, 0x00000000ed300000|100%| E|CS|TAMS 0x00000000ed200000| PB 0x00000000ed200000| Complete 
| 211|0x00000000ed300000, 0x00000000ed400000, 0x00000000ed400000|100%| E|CS|TAMS 0x00000000ed300000| PB 0x00000000ed300000| Complete 
| 212|0x00000000ed400000, 0x00000000ed500000, 0x00000000ed500000|100%| E|CS|TAMS 0x00000000ed400000| PB 0x00000000ed400000| Complete 
| 213|0x00000000ed500000, 0x00000000ed600000, 0x00000000ed600000|100%| E|CS|TAMS 0x00000000ed500000| PB 0x00000000ed500000| Complete 
| 214|0x00000000ed600000, 0x00000000ed700000, 0x00000000ed700000|100%| E|CS|TAMS 0x00000000ed600000| PB 0x00000000ed600000| Complete 
| 215|0x00000000ed700000, 0x00000000ed800000, 0x00000000ed800000|100%| E|CS|TAMS 0x00000000ed700000| PB 0x00000000ed700000| Complete 
| 216|0x00000000ed800000, 0x00000000ed900000, 0x00000000ed900000|100%| E|CS|TAMS 0x00000000ed800000| PB 0x00000000ed800000| Complete 
| 217|0x00000000ed900000, 0x00000000eda00000, 0x00000000eda00000|100%| E|CS|TAMS 0x00000000ed900000| PB 0x00000000ed900000| Complete 
| 218|0x00000000eda00000, 0x00000000edb00000, 0x00000000edb00000|100%| E|CS|TAMS 0x00000000eda00000| PB 0x00000000eda00000| Complete 
| 219|0x00000000edb00000, 0x00000000edc00000, 0x00000000edc00000|100%| E|CS|TAMS 0x00000000edb00000| PB 0x00000000edb00000| Complete 
| 220|0x00000000edc00000, 0x00000000edd00000, 0x00000000edd00000|100%| E|CS|TAMS 0x00000000edc00000| PB 0x00000000edc00000| Complete 
| 221|0x00000000edd00000, 0x00000000ede00000, 0x00000000ede00000|100%| E|CS|TAMS 0x00000000edd00000| PB 0x00000000edd00000| Complete 
| 222|0x00000000ede00000, 0x00000000edf00000, 0x00000000edf00000|100%| E|CS|TAMS 0x00000000ede00000| PB 0x00000000ede00000| Complete 
| 223|0x00000000edf00000, 0x00000000ee000000, 0x00000000ee000000|100%| E|CS|TAMS 0x00000000edf00000| PB 0x00000000edf00000| Complete 
| 224|0x00000000ee000000, 0x00000000ee100000, 0x00000000ee100000|100%| E|CS|TAMS 0x00000000ee000000| PB 0x00000000ee000000| Complete 
| 225|0x00000000ee100000, 0x00000000ee200000, 0x00000000ee200000|100%| E|CS|TAMS 0x00000000ee100000| PB 0x00000000ee100000| Complete 
| 226|0x00000000ee200000, 0x00000000ee300000, 0x00000000ee300000|100%| E|CS|TAMS 0x00000000ee200000| PB 0x00000000ee200000| Complete 
| 227|0x00000000ee300000, 0x00000000ee400000, 0x00000000ee400000|100%| E|CS|TAMS 0x00000000ee300000| PB 0x00000000ee300000| Complete 
| 228|0x00000000ee400000, 0x00000000ee500000, 0x00000000ee500000|100%| E|CS|TAMS 0x00000000ee400000| PB 0x00000000ee400000| Complete 
| 229|0x00000000ee500000, 0x00000000ee600000, 0x00000000ee600000|100%| E|CS|TAMS 0x00000000ee500000| PB 0x00000000ee500000| Complete 
| 230|0x00000000ee600000, 0x00000000ee700000, 0x00000000ee700000|100%| E|CS|TAMS 0x00000000ee600000| PB 0x00000000ee600000| Complete 
| 231|0x00000000ee700000, 0x00000000ee800000, 0x00000000ee800000|100%| E|CS|TAMS 0x00000000ee700000| PB 0x00000000ee700000| Complete 
| 232|0x00000000ee800000, 0x00000000ee900000, 0x00000000ee900000|100%| E|CS|TAMS 0x00000000ee800000| PB 0x00000000ee800000| Complete 
| 233|0x00000000ee900000, 0x00000000eea00000, 0x00000000eea00000|100%| E|CS|TAMS 0x00000000ee900000| PB 0x00000000ee900000| Complete 
| 234|0x00000000eea00000, 0x00000000eeb00000, 0x00000000eeb00000|100%| E|CS|TAMS 0x00000000eea00000| PB 0x00000000eea00000| Complete 
| 235|0x00000000eeb00000, 0x00000000eec00000, 0x00000000eec00000|100%| E|CS|TAMS 0x00000000eeb00000| PB 0x00000000eeb00000| Complete 
| 236|0x00000000eec00000, 0x00000000eed00000, 0x00000000eed00000|100%| E|CS|TAMS 0x00000000eec00000| PB 0x00000000eec00000| Complete 
| 237|0x00000000eed00000, 0x00000000eee00000, 0x00000000eee00000|100%| E|CS|TAMS 0x00000000eed00000| PB 0x00000000eed00000| Complete 
| 238|0x00000000eee00000, 0x00000000eef00000, 0x00000000eef00000|100%| E|CS|TAMS 0x00000000eee00000| PB 0x00000000eee00000| Complete 
| 239|0x00000000eef00000, 0x00000000ef000000, 0x00000000ef000000|100%| E|CS|TAMS 0x00000000eef00000| PB 0x00000000eef00000| Complete 
| 240|0x00000000ef000000, 0x00000000ef100000, 0x00000000ef100000|100%| E|CS|TAMS 0x00000000ef000000| PB 0x00000000ef000000| Complete 
| 241|0x00000000ef100000, 0x00000000ef200000, 0x00000000ef200000|100%| E|CS|TAMS 0x00000000ef100000| PB 0x00000000ef100000| Complete 
| 242|0x00000000ef200000, 0x00000000ef300000, 0x00000000ef300000|100%| E|CS|TAMS 0x00000000ef200000| PB 0x00000000ef200000| Complete 
| 243|0x00000000ef300000, 0x00000000ef400000, 0x00000000ef400000|100%| E|CS|TAMS 0x00000000ef300000| PB 0x00000000ef300000| Complete 
| 244|0x00000000ef400000, 0x00000000ef500000, 0x00000000ef500000|100%| E|CS|TAMS 0x00000000ef400000| PB 0x00000000ef400000| Complete 
| 245|0x00000000ef500000, 0x00000000ef600000, 0x00000000ef600000|100%| E|CS|TAMS 0x00000000ef500000| PB 0x00000000ef500000| Complete 
| 246|0x00000000ef600000, 0x00000000ef700000, 0x00000000ef700000|100%| E|CS|TAMS 0x00000000ef600000| PB 0x00000000ef600000| Complete 
| 247|0x00000000ef700000, 0x00000000ef800000, 0x00000000ef800000|100%| S|CS|TAMS 0x00000000ef700000| PB 0x00000000ef700000| Complete 
| 248|0x00000000ef800000, 0x00000000ef900000, 0x00000000ef900000|100%| S|CS|TAMS 0x00000000ef800000| PB 0x00000000ef800000| Complete 
| 249|0x00000000ef900000, 0x00000000efa00000, 0x00000000efa00000|100%| S|CS|TAMS 0x00000000ef900000| PB 0x00000000ef900000| Complete 
| 250|0x00000000efa00000, 0x00000000efb00000, 0x00000000efb00000|100%| S|CS|TAMS 0x00000000efa00000| PB 0x00000000efa00000| Complete 
| 251|0x00000000efb00000, 0x00000000efc00000, 0x00000000efc00000|100%| S|CS|TAMS 0x00000000efb00000| PB 0x00000000efb00000| Complete 
| 252|0x00000000efc00000, 0x00000000efd00000, 0x00000000efd00000|100%| S|CS|TAMS 0x00000000efc00000| PB 0x00000000efc00000| Complete 
| 253|0x00000000efd00000, 0x00000000efe00000, 0x00000000efe00000|100%| S|CS|TAMS 0x00000000efd00000| PB 0x00000000efd00000| Complete 
| 254|0x00000000efe00000, 0x00000000eff00000, 0x00000000eff00000|100%| S|CS|TAMS 0x00000000efe00000| PB 0x00000000efe00000| Complete 
| 255|0x00000000eff00000, 0x00000000f0000000, 0x00000000f0000000|100%| E|CS|TAMS 0x00000000eff00000| PB 0x00000000eff00000| Complete 

Card table byte_map: [0x0000026663c80000,0x0000026663d80000] _byte_map_base: 0x0000026663580000

Marking Bits: (CMBitMap*) 0x00000266516783b0
 Bits: [0x0000026663d80000, 0x0000026664580000)

Polling page: 0x000002664f450000

Metaspace:

Usage:
  Non-class:     65.10 MB used.
      Class:     10.48 MB used.
       Both:     75.58 MB used.

Virtual space:
  Non-class space:      128.00 MB reserved,      66.06 MB ( 52%) committed,  2 nodes.
      Class space:      320.00 MB reserved,      11.44 MB (  4%) committed,  1 nodes.
             Both:      448.00 MB reserved,      77.50 MB ( 17%) committed. 

Chunk freelists:
   Non-Class:  13.06 MB
       Class:  4.42 MB
        Both:  17.48 MB

MaxMetaspaceSize: 384.00 MB
CompressedClassSpaceSize: 320.00 MB
Initial GC threshold: 21.00 MB
Current GC threshold: 115.12 MB
CDS: on
 - commit_granule_bytes: 65536.
 - commit_granule_words: 8192.
 - virtual_space_node_default_size: 8388608.
 - enlarge_chunks_in_place: 1.
 - use_allocation_guard: 0.


Internal statistics:

num_allocs_failed_limit: 15.
num_arena_births: 3518.
num_arena_deaths: 4.
num_vsnodes_births: 3.
num_vsnodes_deaths: 0.
num_space_committed: 1240.
num_space_uncommitted: 0.
num_chunks_returned_to_freelist: 19.
num_chunks_taken_from_freelist: 7095.
num_chunk_merges: 15.
num_chunk_splits: 4653.
num_chunks_enlarged: 2936.
num_inconsistent_stats: 0.

CodeHeap 'non-profiled nmethods': size=120000Kb used=6281Kb max_used=6414Kb free=113718Kb
 bounds [0x000002665c310000, 0x000002665c960000, 0x0000026663840000]
CodeHeap 'profiled nmethods': size=120000Kb used=18750Kb max_used=19318Kb free=101249Kb
 bounds [0x0000026654840000, 0x0000026655b20000, 0x000002665bd70000]
CodeHeap 'non-nmethods': size=5760Kb used=2648Kb max_used=2681Kb free=3111Kb
 bounds [0x000002665bd70000, 0x000002665c020000, 0x000002665c310000]
CodeCache: size=245760Kb, used=27679Kb, max_used=28413Kb, free=218078Kb
 total_blobs=10861, nmethods=9948, adapters=816, full_count=0
Compilation: enabled, stopped_count=0, restarted_count=0

Compilation events (20 events):
Event: 510.366 Thread 0x0000026600077b10 11385       3       org.gradle.model.internal.asm.ClassVisitorScope::<init> (8 bytes)
Event: 510.367 Thread 0x0000026600077b10 nmethod 11385 0x00000266550a0890 code [0x00000266550a0a40, 0x00000266550a0b88]
Event: 510.374 Thread 0x0000026600077b10 11386       3       org.gradle.internal.instantiation.generator.AbstractClassGenerator$DslMixInPropertyType::applyTo (43 bytes)
Event: 510.375 Thread 0x0000026600077b10 nmethod 11386 0x000002665497c390 code [0x000002665497c580, 0x000002665497c9e8]
Event: 510.376 Thread 0x0000026600077b10 11387       3       org.gradle.internal.reflect.MethodSet::iterator (10 bytes)
Event: 510.377 Thread 0x0000026600077b10 nmethod 11387 0x000002665497b710 code [0x000002665497b920, 0x000002665497c008]
Event: 510.377 Thread 0x0000026600077b10 11388       3       org.gradle.internal.instantiation.generator.AbstractClassGenerator$LazyGroovySupportTypePropertyHandler::applyTo (44 bytes)
Event: 510.378 Thread 0x0000026600077b10 nmethod 11388 0x000002665535ed10 code [0x000002665535ef20, 0x000002665535f508]
Event: 510.378 Thread 0x0000026600077b10 11389       3       org.gradle.internal.instantiation.generator.AbstractClassGenerator$ClassGenerationHandler::applyTo (1 bytes)
Event: 510.379 Thread 0x0000026600077b10 nmethod 11389 0x0000026654c52f90 code [0x0000026654c53120, 0x0000026654c53228]
Event: 510.438 Thread 0x0000026600077b10 11390       1       kotlin.sequences.TransformingSequence::access$getTransformer$p (5 bytes)
Event: 510.438 Thread 0x0000026600077b10 nmethod 11390 0x000002665c60f510 code [0x000002665c60f6a0, 0x000002665c60f750]
Event: 510.440 Thread 0x0000026600077b10 11391       3       org.objectweb.asm.MethodWriter::visitAbstractType (8 bytes)
Event: 510.441 Thread 0x0000026600077b10 nmethod 11391 0x000002665535e910 code [0x000002665535eac0, 0x000002665535ebf8]
Event: 510.453 Thread 0x0000026600077b10 11392       3       org.objectweb.asm.ClassVisitor::visitInnerClass (20 bytes)
Event: 510.453 Thread 0x0000026600077b10 nmethod 11392 0x000002665535e490 code [0x000002665535e640, 0x000002665535e848]
Event: 510.453 Thread 0x0000026600077b10 11393       3       org.objectweb.asm.ClassWriter::visitInnerClass (130 bytes)
Event: 510.455 Thread 0x0000026600077b10 nmethod 11393 0x000002665568ea90 code [0x000002665568ece0, 0x000002665568f4d0]
Event: 510.460 Thread 0x0000026600077b10 11394       3       org.objectweb.asm.AnnotationWriter::computeAnnotationsSize (42 bytes)
Event: 510.460 Thread 0x0000026600077b10 nmethod 11394 0x000002665535dd90 code [0x000002665535df40, 0x000002665535e178]

GC Heap History (20 events):
Event: 111.721 GC heap before
{Heap before GC invocations=5 (full 0):
 garbage-first heap   total 262144K, used 119846K [0x00000000e0000000, 0x0000000100000000)
  region size 1024K, 107 young (109568K), 13 survivors (13312K)
 Metaspace       used 34736K, committed 35968K, reserved 393216K
  class space    used 5166K, committed 5760K, reserved 327680K
}
Event: 111.744 GC heap after
{Heap after GC invocations=6 (full 0):
 garbage-first heap   total 262144K, used 32598K [0x00000000e0000000, 0x0000000100000000)
  region size 1024K, 12 young (12288K), 12 survivors (12288K)
 Metaspace       used 34736K, committed 35968K, reserved 393216K
  class space    used 5166K, committed 5760K, reserved 327680K
}
Event: 112.082 GC heap before
{Heap before GC invocations=6 (full 0):
 garbage-first heap   total 262144K, used 33622K [0x00000000e0000000, 0x0000000100000000)
  region size 1024K, 15 young (15360K), 12 survivors (12288K)
 Metaspace       used 35026K, committed 36288K, reserved 393216K
  class space    used 5181K, committed 5824K, reserved 327680K
}
Event: 112.095 GC heap after
{Heap after GC invocations=7 (full 0):
 garbage-first heap   total 262144K, used 33474K [0x00000000e0000000, 0x0000000100000000)
  region size 1024K, 8 young (8192K), 8 survivors (8192K)
 Metaspace       used 35026K, committed 36288K, reserved 393216K
  class space    used 5181K, committed 5824K, reserved 327680K
}
Event: 112.981 GC heap before
{Heap before GC invocations=7 (full 0):
 garbage-first heap   total 262144K, used 34498K [0x00000000e0000000, 0x0000000100000000)
  region size 1024K, 10 young (10240K), 8 survivors (8192K)
 Metaspace       used 35352K, committed 36608K, reserved 393216K
  class space    used 5213K, committed 5824K, reserved 327680K
}
Event: 112.989 GC heap after
{Heap after GC invocations=8 (full 0):
 garbage-first heap   total 262144K, used 32633K [0x00000000e0000000, 0x0000000100000000)
  region size 1024K, 8 young (8192K), 8 survivors (8192K)
 Metaspace       used 35352K, committed 36608K, reserved 393216K
  class space    used 5213K, committed 5824K, reserved 327680K
}
Event: 175.018 GC heap before
{Heap before GC invocations=9 (full 0):
 garbage-first heap   total 262144K, used 187257K [0x00000000e0000000, 0x0000000100000000)
  region size 1024K, 153 young (156672K), 8 survivors (8192K)
 Metaspace       used 48248K, committed 49856K, reserved 393216K
  class space    used 6988K, committed 7744K, reserved 327680K
}
Event: 175.171 GC heap after
{Heap after GC invocations=10 (full 0):
 garbage-first heap   total 262144K, used 42138K [0x00000000e0000000, 0x0000000100000000)
  region size 1024K, 17 young (17408K), 17 survivors (17408K)
 Metaspace       used 48248K, committed 49856K, reserved 393216K
  class space    used 6988K, committed 7744K, reserved 327680K
}
Event: 212.450 GC heap before
{Heap before GC invocations=10 (full 0):
 garbage-first heap   total 262144K, used 183450K [0x00000000e0000000, 0x0000000100000000)
  region size 1024K, 153 young (156672K), 17 survivors (17408K)
 Metaspace       used 52968K, committed 54656K, reserved 393216K
  class space    used 7498K, committed 8320K, reserved 327680K
}
Event: 212.668 GC heap after
{Heap after GC invocations=11 (full 0):
 garbage-first heap   total 262144K, used 53912K [0x00000000e0000000, 0x0000000100000000)
  region size 1024K, 20 young (20480K), 20 survivors (20480K)
 Metaspace       used 52968K, committed 54656K, reserved 393216K
  class space    used 7498K, committed 8320K, reserved 327680K
}
Event: 242.825 GC heap before
{Heap before GC invocations=11 (full 0):
 garbage-first heap   total 262144K, used 117400K [0x00000000e0000000, 0x0000000100000000)
  region size 1024K, 84 young (86016K), 20 survivors (20480K)
 Metaspace       used 59376K, committed 61120K, reserved 393216K
  class space    used 8364K, committed 9216K, reserved 327680K
}
Event: 242.869 GC heap after
{Heap after GC invocations=12 (full 0):
 garbage-first heap   total 262144K, used 59028K [0x00000000e0000000, 0x0000000100000000)
  region size 1024K, 15 young (15360K), 15 survivors (15360K)
 Metaspace       used 59376K, committed 61120K, reserved 393216K
  class space    used 8364K, committed 9216K, reserved 327680K
}
Event: 391.308 GC heap before
{Heap before GC invocations=13 (full 0):
 garbage-first heap   total 262144K, used 200340K [0x00000000e0000000, 0x0000000100000000)
  region size 1024K, 153 young (156672K), 15 survivors (15360K)
 Metaspace       used 68252K, committed 70208K, reserved 393216K
  class space    used 9672K, committed 10624K, reserved 327680K
}
Event: 391.790 GC heap after
{Heap after GC invocations=14 (full 0):
 garbage-first heap   total 262144K, used 69810K [0x00000000e0000000, 0x0000000100000000)
  region size 1024K, 15 young (15360K), 15 survivors (15360K)
 Metaspace       used 68252K, committed 70208K, reserved 393216K
  class space    used 9672K, committed 10624K, reserved 327680K
}
Event: 391.951 GC heap before
{Heap before GC invocations=14 (full 0):
 garbage-first heap   total 262144K, used 70834K [0x00000000e0000000, 0x0000000100000000)
  region size 1024K, 16 young (16384K), 15 survivors (15360K)
 Metaspace       used 68253K, committed 70208K, reserved 393216K
  class space    used 9672K, committed 10624K, reserved 327680K
}
Event: 392.005 GC heap after
{Heap after GC invocations=15 (full 0):
 garbage-first heap   total 262144K, used 71187K [0x00000000e0000000, 0x0000000100000000)
  region size 1024K, 2 young (2048K), 2 survivors (2048K)
 Metaspace       used 68253K, committed 70208K, reserved 393216K
  class space    used 9672K, committed 10624K, reserved 327680K
}
Event: 437.947 GC heap before
{Heap before GC invocations=15 (full 0):
 garbage-first heap   total 262144K, used 224787K [0x00000000e0000000, 0x0000000100000000)
  region size 1024K, 153 young (156672K), 2 survivors (2048K)
 Metaspace       used 68693K, committed 70656K, reserved 393216K
  class space    used 9695K, committed 10688K, reserved 327680K
}
Event: 438.002 GC heap after
{Heap after GC invocations=16 (full 0):
 garbage-first heap   total 262144K, used 77349K [0x00000000e0000000, 0x0000000100000000)
  region size 1024K, 8 young (8192K), 8 survivors (8192K)
 Metaspace       used 68693K, committed 70656K, reserved 393216K
  class space    used 9695K, committed 10688K, reserved 327680K
}
Event: 438.062 GC heap before
{Heap before GC invocations=16 (full 0):
 garbage-first heap   total 262144K, used 77349K [0x00000000e0000000, 0x0000000100000000)
  region size 1024K, 9 young (9216K), 8 survivors (8192K)
 Metaspace       used 68693K, committed 70656K, reserved 393216K
  class space    used 9695K, committed 10688K, reserved 327680K
}
Event: 438.125 GC heap after
{Heap after GC invocations=17 (full 0):
 garbage-first heap   total 262144K, used 77697K [0x00000000e0000000, 0x0000000100000000)
  region size 1024K, 8 young (8192K), 8 survivors (8192K)
 Metaspace       used 68693K, committed 70656K, reserved 393216K
  class space    used 9695K, committed 10688K, reserved 327680K
}

Dll operation events (20 events):
Event: 0.973 Attempting to load shared library C:\Users\NAGARAJU\.antigravity-ide\extensions\redhat.java-1.56.0-win32-x64\jre\21.0.12.1-win32-x86_64\bin\nio.dll
Event: 0.979 Loaded shared library C:\Users\NAGARAJU\.antigravity-ide\extensions\redhat.java-1.56.0-win32-x64\jre\21.0.12.1-win32-x86_64\bin\nio.dll
Event: 0.985 Attempting to load shared library C:\Users\NAGARAJU\.antigravity-ide\extensions\redhat.java-1.56.0-win32-x64\jre\21.0.12.1-win32-x86_64\bin\zip.dll
Event: 0.985 Loaded shared library C:\Users\NAGARAJU\.antigravity-ide\extensions\redhat.java-1.56.0-win32-x64\jre\21.0.12.1-win32-x86_64\bin\zip.dll
Event: 3.511 Attempting to load shared library C:\Users\NAGARAJU\.antigravity-ide\extensions\redhat.java-1.56.0-win32-x64\jre\21.0.12.1-win32-x86_64\bin\jimage.dll
Event: 3.511 Loaded shared library C:\Users\NAGARAJU\.antigravity-ide\extensions\redhat.java-1.56.0-win32-x64\jre\21.0.12.1-win32-x86_64\bin\jimage.dll
Event: 4.910 Attempting to load shared library C:\Users\NAGARAJU\.antigravity-ide\extensions\redhat.java-1.56.0-win32-x64\jre\21.0.12.1-win32-x86_64\bin\verify.dll
Event: 4.918 Loaded shared library C:\Users\NAGARAJU\.antigravity-ide\extensions\redhat.java-1.56.0-win32-x64\jre\21.0.12.1-win32-x86_64\bin\verify.dll
Event: 5.425 Attempting to load shared library C:\Users\NAGARAJU\.gradle\native\c067742578af261105cb4f569cf0c3c89f3d7b1fecec35dd04571415982c5e48\windows-amd64\native-platform.dll
Event: 5.433 Loaded shared library C:\Users\NAGARAJU\.gradle\native\c067742578af261105cb4f569cf0c3c89f3d7b1fecec35dd04571415982c5e48\windows-amd64\native-platform.dll
Event: 5.457 Attempting to load shared library C:\Users\NAGARAJU\.gradle\native\100fb08df4bc3b14c8652ba06237920a3bd2aa13389f12d3474272988ae205f9\windows-amd64\native-platform-file-events.dll
Event: 5.476 Loaded shared library C:\Users\NAGARAJU\.gradle\native\100fb08df4bc3b14c8652ba06237920a3bd2aa13389f12d3474272988ae205f9\windows-amd64\native-platform-file-events.dll
Event: 28.866 Attempting to load shared library C:\Users\NAGARAJU\.antigravity-ide\extensions\redhat.java-1.56.0-win32-x64\jre\21.0.12.1-win32-x86_64\bin\management.dll
Event: 28.966 Loaded shared library C:\Users\NAGARAJU\.antigravity-ide\extensions\redhat.java-1.56.0-win32-x64\jre\21.0.12.1-win32-x86_64\bin\management.dll
Event: 29.411 Attempting to load shared library C:\Users\NAGARAJU\.antigravity-ide\extensions\redhat.java-1.56.0-win32-x64\jre\21.0.12.1-win32-x86_64\bin\management_ext.dll
Event: 29.451 Loaded shared library C:\Users\NAGARAJU\.antigravity-ide\extensions\redhat.java-1.56.0-win32-x64\jre\21.0.12.1-win32-x86_64\bin\management_ext.dll
Event: 34.281 Attempting to load shared library C:\Users\NAGARAJU\.antigravity-ide\extensions\redhat.java-1.56.0-win32-x64\jre\21.0.12.1-win32-x86_64\bin\extnet.dll
Event: 34.288 Loaded shared library C:\Users\NAGARAJU\.antigravity-ide\extensions\redhat.java-1.56.0-win32-x64\jre\21.0.12.1-win32-x86_64\bin\extnet.dll
Event: 44.190 Attempting to load shared library C:\Users\NAGARAJU\.antigravity-ide\extensions\redhat.java-1.56.0-win32-x64\jre\21.0.12.1-win32-x86_64\bin\sunmscapi.dll
Event: 44.287 Loaded shared library C:\Users\NAGARAJU\.antigravity-ide\extensions\redhat.java-1.56.0-win32-x64\jre\21.0.12.1-win32-x86_64\bin\sunmscapi.dll

Deoptimization events (20 events):
Event: 497.151 Thread 0x0000026600055ac0 DEOPT PACKING pc=0x000002665c4f0630 sp=0x0000009fcb7f25a0
Event: 497.151 Thread 0x0000026600055ac0 DEOPT UNPACKING pc=0x000002665bdc4422 sp=0x0000009fcb7f2568 mode 2
Event: 497.151 Thread 0x0000026600055ac0 Uncommon trap: trap_request=0xffffffbe fr.pc=0x000002665c4f0630 relative=0x00000000000009b0
Event: 497.151 Thread 0x0000026600055ac0 Uncommon trap: reason=profile_predicate action=maybe_recompile pc=0x000002665c4f0630 method=java.math.BigInteger.montReduce([I[III)[I @ 56 c2
Event: 497.151 Thread 0x0000026600055ac0 DEOPT PACKING pc=0x000002665c4f0630 sp=0x0000009fcb7f25a0
Event: 497.151 Thread 0x0000026600055ac0 DEOPT UNPACKING pc=0x000002665bdc4422 sp=0x0000009fcb7f2568 mode 2
Event: 497.215 Thread 0x0000026600055ac0 DEOPT PACKING pc=0x000002665579f2f0 sp=0x0000009fcb7f2770
Event: 497.215 Thread 0x0000026600055ac0 DEOPT UNPACKING pc=0x000002665bdc4bc2 sp=0x0000009fcb7f1bf0 mode 0
Event: 497.216 Thread 0x0000026600055ac0 DEOPT PACKING pc=0x00000266557a3f93 sp=0x0000009fcb7f26c0
Event: 497.216 Thread 0x0000026600055ac0 DEOPT UNPACKING pc=0x000002665bdc4bc2 sp=0x0000009fcb7f1b30 mode 0
Event: 497.221 Thread 0x0000026600055ac0 DEOPT PACKING pc=0x000002665579f2f0 sp=0x0000009fcb7f2770
Event: 497.221 Thread 0x0000026600055ac0 DEOPT UNPACKING pc=0x000002665bdc4bc2 sp=0x0000009fcb7f1bf0 mode 0
Event: 497.221 Thread 0x0000026600055ac0 DEOPT PACKING pc=0x000002665579eaeb sp=0x0000009fcb7f2660
Event: 497.221 Thread 0x0000026600055ac0 DEOPT UNPACKING pc=0x000002665bdc4bc2 sp=0x0000009fcb7f1ae0 mode 0
Event: 497.760 Thread 0x0000026600055ac0 Uncommon trap: trap_request=0xffffff3d fr.pc=0x000002665c6e0034 relative=0x0000000000001274
Event: 497.760 Thread 0x0000026600055ac0 Uncommon trap: reason=unstable_fused_if action=reinterpret pc=0x000002665c6e0034 method=sun.nio.fs.WindowsPathParser.isLetter(C)Z @ 15 c2
Event: 497.760 Thread 0x0000026600055ac0 DEOPT PACKING pc=0x000002665c6e0034 sp=0x0000009fcb7f77f0
Event: 497.760 Thread 0x0000026600055ac0 DEOPT UNPACKING pc=0x000002665bdc4422 sp=0x0000009fcb7f7738 mode 2
Event: 507.698 Thread 0x0000026600055ac0 DEOPT PACKING pc=0x00000266556725b0 sp=0x0000009fcb7f6260
Event: 507.701 Thread 0x0000026600055ac0 DEOPT UNPACKING pc=0x000002665bdc4bc2 sp=0x0000009fcb7f5780 mode 0

Classes loaded (20 events):
Event: 377.542 Loading class java/util/HashMapBeanInfo
Event: 377.542 Loading class java/util/HashMapBeanInfo done
Event: 377.659 Loading class java/util/AbstractMapBeanInfo
Event: 377.661 Loading class java/util/AbstractMapBeanInfo done
Event: 377.690 Loading class java/util/AbstractMapBeanInfo
Event: 377.690 Loading class java/util/AbstractMapBeanInfo done
Event: 377.715 Loading class java/util/AbstractMapCustomizer
Event: 377.715 Loading class java/util/AbstractMapCustomizer done
Event: 377.721 Loading class java/util/AbstractMapCustomizer
Event: 377.721 Loading class java/util/AbstractMapCustomizer done
Event: 378.837 Loading class java/util/HashMapCustomizer
Event: 378.838 Loading class java/util/HashMapCustomizer done
Event: 378.861 Loading class java/util/HashMapCustomizer
Event: 378.861 Loading class java/util/HashMapCustomizer done
Event: 397.546 Loading class java/util/LinkedList$LLSpliterator
Event: 397.570 Loading class java/util/LinkedList$LLSpliterator done
Event: 501.187 Loading class java/lang/foreign/ValueLayout
Event: 501.211 Loading class java/lang/foreign/MemoryLayout
Event: 501.217 Loading class java/lang/foreign/MemoryLayout done
Event: 501.219 Loading class java/lang/foreign/ValueLayout done

Classes unloaded (2 events):
Event: 440.032 Thread 0x0000026666fdf5a0 Unloading class 0x0000026668002000 'java/lang/invoke/LambdaForm$MH+0x0000026668002000'
Event: 440.032 Thread 0x0000026666fdf5a0 Unloading class 0x0000026668001c00 'java/lang/invoke/LambdaForm$MH+0x0000026668001c00'

Classes redefined (0 events):
No events

Internal exceptions (20 events):
Event: 368.103 Thread 0x0000026600055ac0 Exception <a 'java/lang/IncompatibleClassChangeError'{0x00000000e7279a08}: Found class java.lang.Object, but interface was expected> (0x00000000e7279a08) 
thrown [s\src\hotspot\share\interpreter\linkResolver.cpp, line 840]
Event: 369.917 Thread 0x0000026600055ac0 Exception <a 'java/lang/IncompatibleClassChangeError'{0x00000000e7165ea8}: Found class java.lang.Object, but interface was expected> (0x00000000e7165ea8) 
thrown [s\src\hotspot\share\interpreter\linkResolver.cpp, line 840]
Event: 372.031 Thread 0x0000026600055ac0 Exception <a 'java/lang/ClassNotFoundException'{0x00000000e6f0fa88}: org/gradle/api/internal/project/DefaultAntBuilderBeanInfo> (0x00000000e6f0fa88) 
thrown [s\src\hotspot\share\classfile\systemDictionary.cpp, line 313]
Event: 372.091 Thread 0x0000026600055ac0 Exception <a 'java/lang/ClassNotFoundException'{0x00000000e6f20a78}: org/gradle/api/internal/project/ant/BasicAntBuilderBeanInfo> (0x00000000e6f20a78) 
thrown [s\src\hotspot\share\classfile\systemDictionary.cpp, line 313]
Event: 372.099 Thread 0x0000026600055ac0 Exception <a 'java/lang/ClassNotFoundException'{0x00000000e6f31968}: org/gradle/api/AntBuilderBeanInfo> (0x00000000e6f31968) 
thrown [s\src\hotspot\share\classfile\systemDictionary.cpp, line 313]
Event: 372.105 Thread 0x0000026600055ac0 Exception <a 'java/lang/ClassNotFoundException'{0x00000000e6f43140}: groovy/ant/AntBuilderBeanInfo> (0x00000000e6f43140) 
thrown [s\src\hotspot\share\classfile\systemDictionary.cpp, line 313]
Event: 372.124 Thread 0x0000026600055ac0 Exception <a 'java/lang/ClassNotFoundException'{0x00000000e6f552f8}: groovy/util/BuilderSupportBeanInfo> (0x00000000e6f552f8) 
thrown [s\src\hotspot\share\classfile\systemDictionary.cpp, line 313]
Event: 372.164 Thread 0x0000026600055ac0 Exception <a 'java/lang/ClassNotFoundException'{0x00000000e6f66ca0}: groovy/util/BuilderSupportCustomizer> (0x00000000e6f66ca0) 
thrown [s\src\hotspot\share\classfile\systemDictionary.cpp, line 313]
Event: 372.178 Thread 0x0000026600055ac0 Exception <a 'java/lang/ClassNotFoundException'{0x00000000e6f7a768}: groovy/ant/AntBuilderCustomizer> (0x00000000e6f7a768) 
thrown [s\src\hotspot\share\classfile\systemDictionary.cpp, line 313]
Event: 372.206 Thread 0x0000026600055ac0 Exception <a 'java/lang/ClassNotFoundException'{0x00000000e6f8ffe8}: org/gradle/api/AntBuilderCustomizer> (0x00000000e6f8ffe8) 
thrown [s\src\hotspot\share\classfile\systemDictionary.cpp, line 313]
Event: 372.350 Thread 0x0000026600055ac0 Exception <a 'java/lang/ClassNotFoundException'{0x00000000e6fac1a8}: org/gradle/api/internal/project/ant/BasicAntBuilderCustomizer> (0x00000000e6fac1a8) 
thrown [s\src\hotspot\share\classfile\systemDictionary.cpp, line 313]
Event: 372.360 Thread 0x0000026600055ac0 Exception <a 'java/lang/ClassNotFoundException'{0x00000000e6fcfcb8}: org/gradle/api/internal/project/DefaultAntBuilderCustomizer> (0x00000000e6fcfcb8) 
thrown [s\src\hotspot\share\classfile\systemDictionary.cpp, line 313]
Event: 377.543 Thread 0x0000026600055ac0 Exception <a 'java/lang/ClassNotFoundException'{0x00000000e6d80318}: java/util/HashMapBeanInfo> (0x00000000e6d80318) 
thrown [s\src\hotspot\share\classfile\systemDictionary.cpp, line 313]
Event: 377.707 Thread 0x0000026600055ac0 Exception <a 'java/lang/ClassNotFoundException'{0x00000000e6d85260}: java/util/AbstractMapBeanInfo> (0x00000000e6d85260) 
thrown [s\src\hotspot\share\classfile\systemDictionary.cpp, line 313]
Event: 377.723 Thread 0x0000026600055ac0 Exception <a 'java/lang/ClassNotFoundException'{0x00000000e6d8a190}: java/util/AbstractMapCustomizer> (0x00000000e6d8a190) 
thrown [s\src\hotspot\share\classfile\systemDictionary.cpp, line 313]
Event: 378.861 Thread 0x0000026600055ac0 Exception <a 'java/lang/ClassNotFoundException'{0x00000000e6de1a70}: java/util/HashMapCustomizer> (0x00000000e6de1a70) 
thrown [s\src\hotspot\share\classfile\systemDictionary.cpp, line 313]
Event: 382.151 Thread 0x0000026600055ac0 Implicit null exception at 0x000002665c64655d to 0x000002665c646a2c
Event: 436.311 Thread 0x0000026600055ac0 Exception <a 'java/lang/ClassNotFoundException'{0x00000000e67de688}: build_f3uap0ow5e8ta8eif79pzf1qzBeanInfo> (0x00000000e67de688) 
thrown [s\src\hotspot\share\classfile\systemDictionary.cpp, line 313]
Event: 436.339 Thread 0x0000026600055ac0 Exception <a 'java/lang/ClassNotFoundException'{0x00000000e67e4fe0}: build_f3uap0ow5e8ta8eif79pzf1qzCustomizer> (0x00000000e67e4fe0) 
thrown [s\src\hotspot\share\classfile\systemDictionary.cpp, line 313]
Event: 452.626 Thread 0x0000026600055ac0 Implicit null exception at 0x000002665c7eb23a to 0x000002665c7eb6ac

ZGC Phase Switch (0 events):
No events

VM Operations (20 events):
Event: 491.226 Executing safepoint VM operation: Cleanup
Event: 491.227 Executing safepoint VM operation: Cleanup done
Event: 492.239 Executing safepoint VM operation: Cleanup
Event: 492.255 Executing safepoint VM operation: Cleanup done
Event: 494.266 Executing safepoint VM operation: Cleanup
Event: 494.267 Executing safepoint VM operation: Cleanup done
Event: 495.268 Executing safepoint VM operation: Cleanup
Event: 495.284 Executing safepoint VM operation: Cleanup done
Event: 497.304 Executing safepoint VM operation: Cleanup
Event: 497.334 Executing safepoint VM operation: Cleanup done
Event: 498.341 Executing safepoint VM operation: Cleanup
Event: 498.356 Executing safepoint VM operation: Cleanup done
Event: 500.370 Executing safepoint VM operation: Cleanup
Event: 500.371 Executing safepoint VM operation: Cleanup done
Event: 503.393 Executing safepoint VM operation: Cleanup
Event: 503.394 Executing safepoint VM operation: Cleanup done
Event: 504.404 Executing safepoint VM operation: Cleanup
Event: 504.404 Executing safepoint VM operation: Cleanup done
Event: 511.456 Executing safepoint VM operation: Cleanup
Event: 511.456 Executing safepoint VM operation: Cleanup done

Memory protections (0 events):
No events

Nmethod flushes (20 events):
Event: 440.724 Thread 0x0000026666fdf5a0 flushing  nmethod 0x000002665501fe90
Event: 440.724 Thread 0x0000026666fdf5a0 flushing  nmethod 0x0000026655021a90
Event: 440.724 Thread 0x0000026666fdf5a0 flushing  nmethod 0x0000026655022d90
Event: 440.724 Thread 0x0000026666fdf5a0 flushing  nmethod 0x0000026655085d10
Event: 440.724 Thread 0x0000026666fdf5a0 flushing  nmethod 0x00000266550fa910
Event: 440.724 Thread 0x0000026666fdf5a0 flushing  nmethod 0x00000266551dc310
Event: 440.724 Thread 0x0000026666fdf5a0 flushing  nmethod 0x00000266551dc690
Event: 440.724 Thread 0x0000026666fdf5a0 flushing  nmethod 0x00000266551dde10
Event: 440.724 Thread 0x0000026666fdf5a0 flushing  nmethod 0x00000266551e0d10
Event: 440.725 Thread 0x0000026666fdf5a0 flushing  nmethod 0x00000266551e2710
Event: 440.725 Thread 0x0000026666fdf5a0 flushing  nmethod 0x0000026655217890
Event: 440.725 Thread 0x0000026666fdf5a0 flushing  nmethod 0x000002665538d690
Event: 440.725 Thread 0x0000026666fdf5a0 flushing  nmethod 0x000002665538e510
Event: 440.725 Thread 0x0000026666fdf5a0 flushing  nmethod 0x0000026655392410
Event: 440.725 Thread 0x0000026666fdf5a0 flushing  nmethod 0x00000266553c7a10
Event: 440.725 Thread 0x0000026666fdf5a0 flushing  nmethod 0x0000026655449090
Event: 440.725 Thread 0x0000026666fdf5a0 flushing  nmethod 0x000002665546a290
Event: 440.726 Thread 0x0000026666fdf5a0 flushing  nmethod 0x000002665546ab10
Event: 440.726 Thread 0x0000026666fdf5a0 flushing  nmethod 0x00000266554f0390
Event: 440.726 Thread 0x0000026666fdf5a0 flushing  nmethod 0x000002665556ac90

Events (20 events):
Event: 399.018 Thread 0x0000026600055ac0 Thread added: 0x000002660459a000
Event: 399.019 Thread 0x0000026600055ac0 Thread added: 0x0000026602889e20
Event: 399.019 Thread 0x0000026600055ac0 Thread added: 0x000002660288bef0
Event: 399.020 Thread 0x0000026600055ac0 Thread added: 0x0000026602888a70
Event: 399.020 Thread 0x0000026600055ac0 Thread added: 0x0000026602889100
Event: 401.306 Thread 0x0000026600055ac0 Thread added: 0x000002660288d2a0
Event: 401.318 Thread 0x0000026600055ac0 Thread added: 0x000002660288cc10
Event: 401.330 Thread 0x0000026600055ac0 Thread added: 0x000002660288c580
Event: 401.339 Thread 0x0000026600055ac0 Thread added: 0x000002660288d930
Event: 401.351 Thread 0x0000026600055ac0 Thread added: 0x000002660288b860
Event: 401.365 Thread 0x0000026600055ac0 Thread added: 0x000002660288a4b0
Event: 401.374 Thread 0x0000026600055ac0 Thread added: 0x000002660288ece0
Event: 408.199 Thread 0x0000026600055ac0 Thread added: 0x000002660288dfc0
Event: 408.202 Thread 0x0000026600055ac0 Thread added: 0x000002660288e650
Event: 408.203 Thread 0x0000026600055ac0 Thread added: 0x000002660288f370
Event: 408.206 Thread 0x0000026600055ac0 Thread added: 0x0000026602960c60
Event: 408.207 Thread 0x0000026600055ac0 Thread added: 0x00000266029612f0
Event: 408.211 Thread 0x0000026600055ac0 Thread added: 0x0000026602961980
Event: 408.212 Thread 0x0000026600055ac0 Thread added: 0x000002660295f8b0
Event: 434.979 Thread 0x0000026600055ac0 Thread added: 0x000002660295e500


Dynamic libraries:
0x00007ff6aaf70000 - 0x00007ff6aaf7e000 	C:\Users\NAGARAJU\.antigravity-ide\extensions\redhat.java-1.56.0-win32-x64\jre\21.0.12.1-win32-x86_64\bin\java.exe
0x00007ffba2e60000 - 0x00007ffba30c6000 	C:\WINDOWS\SYSTEM32\ntdll.dll
0x00007ffba16f0000 - 0x00007ffba17b9000 	C:\WINDOWS\System32\KERNEL32.DLL
0x00007ffba01d0000 - 0x00007ffba05cf000 	C:\WINDOWS\System32\KERNELBASE.dll
0x00007ffba0070000 - 0x00007ffba01bc000 	C:\WINDOWS\System32\ucrtbase.dll
0x00007ffb616c0000 - 0x00007ffb616d8000 	C:\Users\NAGARAJU\.antigravity-ide\extensions\redhat.java-1.56.0-win32-x64\jre\21.0.12.1-win32-x86_64\bin\jli.dll
0x00007ffba2320000 - 0x00007ffba24e6000 	C:\WINDOWS\System32\USER32.dll
0x00007ffba08a0000 - 0x00007ffba08c7000 	C:\WINDOWS\System32\win32u.dll
0x00007ffba2df0000 - 0x00007ffba2e1b000 	C:\WINDOWS\System32\GDI32.dll
0x00007ffba05e0000 - 0x00007ffba0709000 	C:\WINDOWS\System32\gdi32full.dll
0x00007ffba0ae0000 - 0x00007ffba0b83000 	C:\WINDOWS\System32\msvcp_win.dll
0x00007ffb616e0000 - 0x00007ffb616fe000 	C:\Users\NAGARAJU\.antigravity-ide\extensions\redhat.java-1.56.0-win32-x64\jre\21.0.12.1-win32-x86_64\bin\VCRUNTIME140.dll
0x00007ffb88780000 - 0x00007ffb88a11000 	C:\WINDOWS\WinSxS\amd64_microsoft.windows.common-controls_6595b64144ccf1df_6.0.26100.8972_none_3e0da176e32f9d4b\COMCTL32.dll
0x00007ffba24f0000 - 0x00007ffba2599000 	C:\WINDOWS\System32\msvcrt.dll
0x00007ffba2150000 - 0x00007ffba2182000 	C:\WINDOWS\System32\IMM32.DLL
0x00007ffb83500000 - 0x00007ffb8350c000 	C:\Users\NAGARAJU\.antigravity-ide\extensions\redhat.java-1.56.0-win32-x64\jre\21.0.12.1-win32-x86_64\bin\vcruntime140_1.dll
0x00007ffb1bac0000 - 0x00007ffb1bb4d000 	C:\Users\NAGARAJU\.antigravity-ide\extensions\redhat.java-1.56.0-win32-x64\jre\21.0.12.1-win32-x86_64\bin\msvcp140.dll
0x00007ffac8530000 - 0x00007ffac92d2000 	C:\Users\NAGARAJU\.antigravity-ide\extensions\redhat.java-1.56.0-win32-x64\jre\21.0.12.1-win32-x86_64\bin\server\jvm.dll
0x00007ffba0d00000 - 0x00007ffba0dbc000 	C:\WINDOWS\System32\ADVAPI32.dll
0x00007ffba28a0000 - 0x00007ffba294a000 	C:\WINDOWS\System32\sechost.dll
0x00007ffba25a0000 - 0x00007ffba26b8000 	C:\WINDOWS\System32\RPCRT4.dll
0x00007ffba1ab0000 - 0x00007ffba1b32000 	C:\WINDOWS\System32\WS2_32.dll
0x00007ffb9fed0000 - 0x00007ffb9ff2e000 	C:\WINDOWS\SYSTEM32\POWRPROF.dll
0x00007ffb99840000 - 0x00007ffb99876000 	C:\WINDOWS\SYSTEM32\WINMM.dll
0x00007ffb99880000 - 0x00007ffb9988b000 	C:\WINDOWS\SYSTEM32\VERSION.dll
0x00007ffb9feb0000 - 0x00007ffb9fec5000 	C:\WINDOWS\SYSTEM32\UMPDC.dll
0x00007ffb9ed60000 - 0x00007ffb9ed7b000 	C:\WINDOWS\SYSTEM32\kernel.appcore.dll
0x00007ffb82eb0000 - 0x00007ffb82eba000 	C:\Users\NAGARAJU\.antigravity-ide\extensions\redhat.java-1.56.0-win32-x64\jre\21.0.12.1-win32-x86_64\bin\jimage.dll
0x00007ffb94900000 - 0x00007ffb94b42000 	C:\WINDOWS\SYSTEM32\DBGHELP.DLL
0x00007ffba2a10000 - 0x00007ffba2d95000 	C:\WINDOWS\System32\combase.dll
0x00007ffba21c0000 - 0x00007ffba2299000 	C:\WINDOWS\System32\OLEAUT32.dll
0x00007ffb81c30000 - 0x00007ffb81c6b000 	C:\WINDOWS\SYSTEM32\dbgcore.DLL
0x00007ffba08d0000 - 0x00007ffba097c000 	C:\WINDOWS\System32\bcryptPrimitives.dll
0x00007ffb65d80000 - 0x00007ffb65d8f000 	C:\Users\NAGARAJU\.antigravity-ide\extensions\redhat.java-1.56.0-win32-x64\jre\21.0.12.1-win32-x86_64\bin\instrument.dll
0x00007ffb5fe50000 - 0x00007ffb5fe70000 	C:\Users\NAGARAJU\.antigravity-ide\extensions\redhat.java-1.56.0-win32-x64\jre\21.0.12.1-win32-x86_64\bin\java.dll
0x00007ffba0f50000 - 0x00007ffba16d8000 	C:\WINDOWS\System32\SHELL32.dll
0x00007ffb9db40000 - 0x00007ffb9e3db000 	C:\WINDOWS\SYSTEM32\windows.storage.dll
0x00007ffba0dd0000 - 0x00007ffba0ec9000 	C:\WINDOWS\System32\SHCORE.dll
0x00007ffba0c90000 - 0x00007ffba0cf6000 	C:\WINDOWS\System32\shlwapi.dll
0x00007ffb9ff90000 - 0x00007ffb9ffb9000 	C:\WINDOWS\SYSTEM32\profapi.dll
0x00007ffb4d020000 - 0x00007ffb4d038000 	C:\Users\NAGARAJU\.antigravity-ide\extensions\redhat.java-1.56.0-win32-x64\jre\21.0.12.1-win32-x86_64\bin\zip.dll
0x00007ffb72940000 - 0x00007ffb72950000 	C:\Users\NAGARAJU\.antigravity-ide\extensions\redhat.java-1.56.0-win32-x64\jre\21.0.12.1-win32-x86_64\bin\net.dll
0x00007ffb95940000 - 0x00007ffb95a68000 	C:\WINDOWS\SYSTEM32\WINHTTP.dll
0x00007ffb9f310000 - 0x00007ffb9f37c000 	C:\WINDOWS\system32\mswsock.dll
0x00007ffb5f9d0000 - 0x00007ffb5f9e6000 	C:\Users\NAGARAJU\.antigravity-ide\extensions\redhat.java-1.56.0-win32-x64\jre\21.0.12.1-win32-x86_64\bin\nio.dll
0x00007ffb62900000 - 0x00007ffb62910000 	C:\Users\NAGARAJU\.antigravity-ide\extensions\redhat.java-1.56.0-win32-x64\jre\21.0.12.1-win32-x86_64\bin\verify.dll
0x00007ffb83540000 - 0x00007ffb83567000 	C:\Users\NAGARAJU\.gradle\native\c067742578af261105cb4f569cf0c3c89f3d7b1fecec35dd04571415982c5e48\windows-amd64\native-platform.dll
0x00007ffb597c0000 - 0x00007ffb59904000 	C:\Users\NAGARAJU\.gradle\native\100fb08df4bc3b14c8652ba06237920a3bd2aa13389f12d3474272988ae205f9\windows-amd64\native-platform-file-events.dll
0x00007ffb95860000 - 0x00007ffb9586a000 	C:\Users\NAGARAJU\.antigravity-ide\extensions\redhat.java-1.56.0-win32-x64\jre\21.0.12.1-win32-x86_64\bin\management.dll
0x00007ffb831e0000 - 0x00007ffb831ec000 	C:\Users\NAGARAJU\.antigravity-ide\extensions\redhat.java-1.56.0-win32-x64\jre\21.0.12.1-win32-x86_64\bin\management_ext.dll
0x00007ffba1cb0000 - 0x00007ffba1cb8000 	C:\WINDOWS\System32\PSAPI.DLL
0x00007ffb9f600000 - 0x00007ffb9f61b000 	C:\WINDOWS\SYSTEM32\CRYPTSP.dll
0x00007ffb9ecc0000 - 0x00007ffb9ecf9000 	C:\WINDOWS\system32\rsaenh.dll
0x00007ffb9f3c0000 - 0x00007ffb9f3f2000 	C:\WINDOWS\SYSTEM32\USERENV.dll
0x00007ffb9ff60000 - 0x00007ffb9ff8a000 	C:\WINDOWS\SYSTEM32\bcrypt.dll
0x00007ffb9f620000 - 0x00007ffb9f62c000 	C:\WINDOWS\SYSTEM32\CRYPTBASE.dll
0x00007ffb9e6b0000 - 0x00007ffb9e6e3000 	C:\WINDOWS\SYSTEM32\IPHLPAPI.DLL
0x00007ffba16e0000 - 0x00007ffba16ea000 	C:\WINDOWS\System32\NSI.dll
0x00007ffb831d0000 - 0x00007ffb831d9000 	C:\Users\NAGARAJU\.antigravity-ide\extensions\redhat.java-1.56.0-win32-x64\jre\21.0.12.1-win32-x86_64\bin\extnet.dll
0x00007ffb831c0000 - 0x00007ffb831ce000 	C:\Users\NAGARAJU\.antigravity-ide\extensions\redhat.java-1.56.0-win32-x64\jre\21.0.12.1-win32-x86_64\bin\sunmscapi.dll
0x00007ffba0710000 - 0x00007ffba088e000 	C:\WINDOWS\System32\CRYPT32.dll
0x00007ffb9f840000 - 0x00007ffb9f870000 	C:\WINDOWS\SYSTEM32\ncrypt.dll
0x00007ffb9f7f0000 - 0x00007ffb9f82f000 	C:\WINDOWS\SYSTEM32\NTASN1.dll
0x00007ffb15860000 - 0x00007ffb15868000 	C:\WINDOWS\system32\wshunix.dll

JVMTI agents:
C:\Users\NAGARAJU\.gradle\wrapper\dists\gradle-8.9-bin\90cnw93cvbtalezasaz0blq0a\gradle-8.9\lib\agents\gradle-instrumentation-agent-8.9.jar path:C:\Users\NAGARAJU\.antigravity-ide\extensions\redhat.java-1.56.0-win32-x64\jre\21.0.12.1-win32-x86_64\bin\instrument.dll, loaded, initialized, instrumentlib options:none

dbghelp: loaded successfully - version: 4.0.5 - missing functions: none
symbol engine: initialized successfully - sym options: 0x614 - pdb path: .;C:\Users\NAGARAJU\.antigravity-ide\extensions\redhat.java-1.56.0-win32-x64\jre\21.0.12.1-win32-x86_64\bin;C:\WINDOWS\SYSTEM32;C:\WINDOWS\WinSxS\amd64_microsoft.windows.common-controls_6595b64144ccf1df_6.0.26100.8972_none_3e0da176e32f9d4b;C:\Users\NAGARAJU\.antigravity-ide\extensions\redhat.java-1.56.0-win32-x64\jre\21.0.12.1-win32-x86_64\bin\server;C:\Users\NAGARAJU\.gradle\native\c067742578af261105cb4f569cf0c3c89f3d7b1fecec35dd04571415982c5e48\windows-amd64;C:\Users\NAGARAJU\.gradle\native\100fb08df4bc3b14c8652ba06237920a3bd2aa13389f12d3474272988ae205f9\windows-amd64

VM Arguments:
jvm_args: --add-opens=java.base/java.util=ALL-UNNAMED --add-opens=java.base/java.lang=ALL-UNNAMED --add-opens=java.base/java.lang.invoke=ALL-UNNAMED --add-opens=java.prefs/java.util.prefs=ALL-UNNAMED --add-exports=jdk.compiler/com.sun.tools.javac.api=ALL-UNNAMED --add-exports=jdk.compiler/com.sun.tools.javac.util=ALL-UNNAMED --add-opens=java.base/java.nio.charset=ALL-UNNAMED --add-opens=java.base/java.net=ALL-UNNAMED --add-opens=java.base/java.util.concurrent.atomic=ALL-UNNAMED -XX:MaxMetaspaceSize=384m -XX:+HeapDumpOnOutOfMemoryError -Xms256m -Xmx512m -Dfile.encoding=utf8 -Duser.country=IN -Duser.language=en -Duser.variant -javaagent:C:\Users\NAGARAJU\.gradle\wrapper\dists\gradle-8.9-bin\90cnw93cvbtalezasaz0blq0a\gradle-8.9\lib\agents\gradle-instrumentation-agent-8.9.jar 
java_command: org.gradle.launcher.daemon.bootstrap.GradleDaemon 8.9
java_class_path (initial): C:\Users\NAGARAJU\.gradle\wrapper\dists\gradle-8.9-bin\90cnw93cvbtalezasaz0blq0a\gradle-8.9\lib\gradle-daemon-main-8.9.jar
Launcher Type: SUN_STANDARD

[Global flags]
     intx CICompilerCount                          = 4                                         {product} {ergonomic}
   size_t CompressedClassSpaceSize                 = 335544320                                 {product} {ergonomic}
     uint ConcGCThreads                            = 2                                         {product} {ergonomic}
     uint G1ConcRefinementThreads                  = 8                                         {product} {ergonomic}
   size_t G1HeapRegionSize                         = 1048576                                   {product} {ergonomic}
    uintx GCDrainStackTargetSize                   = 64                                        {product} {ergonomic}
     bool HeapDumpOnOutOfMemoryError               = true                                   {manageable} {command line}
   size_t InitialHeapSize                          = 268435456                                 {product} {command line}
   size_t MarkStackSize                            = 4194304                                   {product} {ergonomic}
   size_t MaxHeapSize                              = 536870912                                 {product} {command line}
   size_t MaxMetaspaceSize                         = 402653184                                 {product} {command line}
   size_t MaxNewSize                               = 321912832                                 {product} {ergonomic}
   size_t MinHeapDeltaBytes                        = 1048576                                   {product} {ergonomic}
   size_t MinHeapSize                              = 268435456                                 {product} {command line}
    uintx NonNMethodCodeHeapSize                   = 5839372                                {pd product} {ergonomic}
    uintx NonProfiledCodeHeapSize                  = 122909434                              {pd product} {ergonomic}
    uintx ProfiledCodeHeapSize                     = 122909434                              {pd product} {ergonomic}
    uintx ReservedCodeCacheSize                    = 251658240                              {pd product} {ergonomic}
     bool SegmentedCodeCache                       = true                                      {product} {ergonomic}
   size_t SoftMaxHeapSize                          = 536870912                              {manageable} {ergonomic}
     bool UseCompressedOops                        = true                           {product lp64_product} {ergonomic}
     bool UseG1GC                                  = true                                      {product} {ergonomic}
     bool UseLargePagesIndividualAllocation        = false                                  {pd product} {ergonomic}

Logging:
Log output configuration:
 #0: stdout all=warning uptime,level,tags foldmultilines=false
 #1: stderr all=off uptime,level,tags foldmultilines=false

Release file:
JAVA_VERSION="21.0.12.1" 
MODULES="java.base java.compiler java.datatransfer java.xml java.prefs java.desktop java.instrument java.logging java.management java.security.sasl java.naming java.rmi java.management.rmi java.net.http java.scripting java.security.jgss java.transaction.xa java.sql java.sql.rowset java.xml.crypto java.se java.smartcardio jdk.accessibility jdk.internal.jvmstat jdk.attach jdk.charsets jdk.internal.opt jdk.zipfs jdk.compiler jdk.crypto.ec jdk.crypto.cryptoki jdk.crypto.mscapi jdk.dynalink jdk.internal.ed jdk.editpad jdk.hotspot.agent jdk.httpserver jdk.internal.le jdk.internal.vm.ci jdk.internal.vm.compiler jdk.internal.vm.compiler.management jdk.jartool jdk.javadoc jdk.jcmd jdk.management jdk.management.agent jdk.jconsole jdk.jdeps jdk.jdwp.agent jdk.jdi jdk.jfr jdk.jshell jdk.jsobject jdk.jstatd jdk.localedata jdk.management.jfr jdk.naming.dns jdk.naming.rmi jdk.net jdk.nio.mapmode jdk.random jdk.sctp jdk.security.auth jdk.security.jgss jdk.unsupported jdk.unsupported.desktop jdk.xml.dom" 

Environment Variables:
JAVA_HOME=C:\Program Files\Eclipse Adoptium\jdk-21.0.11.10-hotspot
PATH=C:\Program Files\Eclipse Adoptium\jdk-21.0.11.10-hotspot\bin;C:\Program Files\Eclipse Adoptium\jdk-11.0.26.4-hotspot\bin;C:\Program Files\Eclipse Adoptium\jdk-17.0.14.7-hotspot\bin;C:\Program Files\Java\jdk-17\bin;C:\Program Files\nodejs;E:\Android\Sdk\platform-tools;E:\Android\Sdk\emulator;E:\Android\Sdk\cmdline-tools\latest\bin;C:\Users\NAGARAJU\AppData\Local\Android\Sdk\platform-tools;C:\Users\NAGARAJU\AppData\Local\Android\Sdk\emulator;C:\Users\NAGARAJU\AppData\Local\Android\Sdk\cmdline-tools\latest\bin;C:\Program Files\Eclipse Adoptium\jdk-21.0.11.10-hotspot\bin;C:\Program Files\Eclipse Adoptium\jdk-11.0.26.4-hotspot\bin;C:\Program Files\Eclipse Adoptium\jdk-17.0.14.7-hotspot\bin;C:\Program Files\Java\jdk-17\bin;C:\Program Files\nodejs;E:\Android\Sdk\platform-tools;E:\Android\Sdk\emulator;E:\Android\Sdk\cmdline-tools\latest\bin;C:\Users\NAGARAJU\AppData\Local\Android\Sdk\platform-tools;C:\Users\NAGARAJU\AppData\Local\Android\Sdk\emulator;C:\Users\NAGARAJU\AppData\Local\Android\Sdk\cmdline-tools\latest\bin;C:\Program Files\Eclipse Adoptium\jdk-21.0.11.10-hotspot\bin;C:\Program Files\Eclipse Adoptium\jdk-11.0.26.4-hotspot\bin;C:\Program Files\Eclipse Adoptium\jdk-17.0.14.7-hotspot\bin;C:\Program Files\Java\jdk-17\bin;C:\Program Files\nodejs;E:\Android\Sdk\platform-tools;E:\Android\Sdk\emulator;E:\Android\Sdk\cmdline-tools\latest\bin;C:\Users\NAGARAJU\AppData\Local\Android\Sdk\platform-tools;C:\Users\NAGARAJU\AppData\Local\Android\Sdk\emulator;C:\Users\NAGARAJU\AppData\Local\Android\Sdk\cmdline-tools\latest\bin;C:\WINDOWS\System32;C:\ProgramData\chocolatey\bin;C:\Program Files\nodejs\;C:\Program Files\Git\cmd;C:\Windows\System32;C:\Windows\System32\WindowsPowerShell\v1.0;C:\Windows\System32\OpenSSH;C:\Windows\System32\WindowsPowerShell\v1.0\;C:\Users\NAGARAJU\Downloads\stripe_1.30.0_windows_x86_64;C:\WINDOWS\system32;C:\WINDOWS;C:\WINDOWS\System32\Wbem;C:\WINDOWS\System32\WindowsPowerShell\v1.0\;C:\WINDOWS\System32\OpenSSH\;C:\ProgramData\chocolatey\bin;C:\Program Files\nodejs\;C:\Program Files\Git\cmd;C:\Windows\System32;C:\Windows\System32\WindowsPowerShell\v1.0;C:\Windows\System32\OpenSSH;C:\Windows\System32\WindowsPowerShell\v1.0\;C:\Users\NAGARAJU\Downloads\stripe_1.30.0_windows_x86_64;C:\WINDOWS\system32;C:\WINDOWS;C:\WINDOWS\System32\Wbem;C:\WINDOWS\System32\WindowsPowerShell\v1.0\;C:\WINDOWS\System32\OpenSSH\;C:\ProgramData\chocolatey\bin;C:\Program Files\nodejs\;C:\Program Files\Git\cmd;C:\Windows\System32;C:\Windows\System32\WindowsPowerShell\v1.0;C:\Windows\System32\OpenSSH;C:\Windows\System32\WindowsPowerShell\v1.0\;C:\Users\NAGARAJU\Downloads\stripe_1.30.0_windows_x86_64;C:\WINDOWS\system32;C:\WINDOWS;C:\WINDOWS\System32\Wbem;C:\WINDOWS\System32\WindowsPowerShell\v1.0\;C:\WINDOWS\System32\OpenSSH\;C:\Program Files\Eclipse Adoptium\jdk-21.0.11.10-hotspot\bin;C:\Program Files\Eclipse Adoptium\jdk-11.0.26.4-hotspot\bin;C:\Program Files\Eclipse Adoptium\jdk-17.0.14.7-hotspot\bin;C:\Program Files\Java\jdk-17\bin;C:\Program Files\nodejs;E:\Android\Sdk\platform-tools;E:\Android\Sdk\emulator;E:\Android\Sdk\cmdline-tools\latest\bin;C:\Users\NAGARAJU\AppData\Local\Android\Sdk\platform-tools;C:\Users\NAGARAJU\AppData\Local\Android\Sdk\emulator;C:\Users\NAGARAJU\AppData\Local\Android\Sdk\cmdline-tools\latest\bin;C:\Program Files\Eclipse Adoptium\jdk-21.0.11.10-hotspot\bin;C:\Program Files\Eclipse Adoptium\jdk-11.0.26.4-hotspot\bin;C:\Program Files\Eclipse Adoptium\jdk-17.0.14.7-hotspot\bin;C:\Program Files\Java\jdk-17\bin;C:\Program Files\nodejs;E:\Android\Sdk\platform-tools;E:\Android\Sdk\emulator;E:\Android\Sdk\cmdline-tools\latest\bin;C:\Users\NAGARAJU\AppData\Local\Android\Sdk\platform-tools;C:\Users\NAGARAJU\AppData\Local\Android\Sdk\emulator;C:\Users\NAGARAJU\AppData\Local\Android\Sdk\cmdline-tools\latest\bin;C:\Program Files\Eclipse Adoptium\jdk-21.0.11.10-hotspot\bin;C:\Program Files\Eclipse Adoptium\jdk-11.0.26.4-hotspot\bin;C:\Program Files\Eclipse Adoptium\jdk-17.0.14.7-hotspot\bin;C:\Program Files\Java\jdk-17\bin;C:\Program Files\nodejs;E:\Android\Sdk\platform-tools;E:\Android\Sdk\emulator;E:\Android\Sdk\cmdline-tools\latest\bin;C:\Users\NAGARAJU\AppData\Local\Android\Sdk\platform-tools;C:\Users\NAGARAJU\AppData\Local\Android\Sdk\emulator;C:\Users\NAGARAJU\AppData\Local\Android\Sdk\cmdline-tools\latest\bin;C:\WINDOWS\System32;C:\ProgramData\chocolatey\bin;C:\Program Files\nodejs\;C:\Program Files\Git\cmd;C:\Windows\System32;C:\Windows\System32\WindowsPowerShell\v1.0;C:\Windows\System32\OpenSSH;C:\Windows\System32\WindowsPowerShell\v1.0\;C:\Users\NAGARAJU\Downloads\stripe_1.30.0_windows_x86_64;C:\WINDOWS\system32;C:\WINDOWS;C:\WINDOWS\System32\Wbem;C:\WINDOWS\System32\WindowsPowerShell\v1.0\;C:\WINDOWS\System32\OpenSSH\;C:\ProgramData\chocolatey\bin;C:\Program Files\nodejs\;C:\Program Files\Git\cmd;C:\Windows\System32;C:\Windows\System32\WindowsPowerShell\v1.0;C:\Windows\System32\OpenSSH;C:\Windows\System32\WindowsPowerShell\v1.0\;C:\Users\NAGARAJU\Downloads\stripe_1.30.0_windows_x86_64;C:\WINDOWS\system32;C:\WINDOWS;C:\WINDOWS\System32\Wbem;C:\WINDOWS\System32\WindowsPowerShell\v1.0\;C:\WINDOWS\System32\OpenSSH\;C:\ProgramData\chocolatey\bin;C:\Program Files\nodejs\;C:\Program Files\Git\cmd;C:\Windows\System32;C:\Windows\System32\WindowsPowerShell\v1.0;C:\Windows\System32\OpenSSH;C:\Windows\System32\WindowsPowerShell\v1.0\;C:\Users\NAGARAJU\Downloads\stripe_1.30.0_windows_x86_64;C:\WINDOWS\system32;C:\WINDOWS;C:\WINDOWS\System32\Wbem;C:\WINDOWS\System32\WindowsPowerShell\v1.0\;C:\WINDOWS\System32\OpenSSH\;C:\Users\NAGARAJU\AppData\Local\Android\Sdk\platform-tools;C:\Users\NAGARAJU\AppData\Local\Android\Sdk\cmdline-tools\latest\bin;C:\Users\NAGARAJU\AppData\Roaming\npm;C:\Users\NAGARAJU\AppData\Local\Programs\Microsoft VS Code\bin;C:\Users\NAGARAJU\AppData\Local\Programs\Antigravity IDE\bin;C:\Users\NAGARAJU\AppData\Local\Microsoft\WindowsApps;C:\Users\NAGARAJU\AppData\Local\Kingsoft\WPS Office\12.1.0.27458\clitool
USERNAME=NAGARAJU
OS=Windows_NT
PROCESSOR_IDENTIFIER=AMD64 Family 23 Model 104 Stepping 1, AuthenticAMD
TMP=C:\Users\NAGARAJU\AppData\Local\Temp
TEMP=C:\Users\NAGARAJU\AppData\Local\Temp




Periodic native trim disabled

---------------  S Y S T E M  ---------------

OS:
 Windows 11 , 64 bit Build 26100 (10.0.26100.9168)
OS uptime: 0 days 0:56 hours

CPU: total 8 (initial active 8) (8 cores per cpu, 2 threads per core) family 23 model 104 stepping 1 microcode 0x8608109, cx8, cmov, fxsr, ht, mmx, 3dnowpref, sse, sse2, sse3, ssse3, sse4a, sse4.1, sse4.2, popcnt, lzcnt, tsc, tscinvbit, avx, avx2, aes, clmul, bmi1, bmi2, adx, sha, fma, vzeroupper, clflush, clflushopt, rdtscp, rdpid, f16c
Processor Information for the first 8 processors :
  Max Mhz: 2600, Current Mhz: 2600, Mhz Limit: 2600

Memory: 4k page, system-wide physical 7502M (287M free)
TotalPageFile size 40270M (AvailPageFile size 0M)
current process WorkingSet (physical memory assigned to process): 115M, peak: 263M
current process commit charge ("private bytes"): 518M, peak: 520M

vm_info: OpenJDK 64-Bit Server VM (21.0.12.1+1-LTS) for windows-amd64 JRE (21.0.12.1+1-LTS), built on 2026-08-18T00:00:00Z by "admin" with MS VC++ 17.12 (VS2022)

END.
