#
# There is insufficient memory for the Java Runtime Environment to continue.
# Native memory allocation (malloc) failed to allocate 1196976 bytes. Error detail: Chunk::new
# Possible reasons:
#   The system is out of physical RAM or swap space
#   This process is running with CompressedOops enabled, and the Java Heap may be blocking the growth of the native heap
# Possible solutions:
#   Reduce memory load on the system
#   Increase physical memory or swap space
#   Check if swap backing store is full
#   Decrease Java heap size (-Xmx/-Xms)
#   Decrease number of Java threads
#   Decrease Java thread stack sizes (-Xss)
#   Set larger code cache with -XX:ReservedCodeCacheSize=
#   JVM is running with Unscaled Compressed Oops mode in which the Java heap is
#     placed in the first 4GB address space. The Java Heap base address is the
#     maximum limit for the native heap growth. Please use -XX:HeapBaseMinAddress
#     to set the Java Heap base and to place the Java Heap above 4GB virtual address.
# This output file may be truncated or incomplete.
#
#  Out of Memory Error (arena.cpp:168), pid=9772, tid=19644
#
# JRE version: OpenJDK Runtime Environment Temurin-21.0.12.1+1 (21.0.12.1+1) (build 21.0.12.1+1-LTS)
# Java VM: OpenJDK 64-Bit Server VM Temurin-21.0.12.1+1 (21.0.12.1+1-LTS, mixed mode, sharing, tiered, compressed oops, compressed class ptrs, g1 gc, windows-amd64)
# No core dump will be written. Minidumps are not enabled by default on client versions of Windows
#

---------------  S U M M A R Y ------------

Command Line: --add-opens=java.base/java.util=ALL-UNNAMED --add-opens=java.base/java.lang=ALL-UNNAMED --add-opens=java.base/java.lang.invoke=ALL-UNNAMED --add-opens=java.prefs/java.util.prefs=ALL-UNNAMED --add-exports=jdk.compiler/com.sun.tools.javac.api=ALL-UNNAMED --add-exports=jdk.compiler/com.sun.tools.javac.util=ALL-UNNAMED --add-opens=java.base/java.nio.charset=ALL-UNNAMED --add-opens=java.base/java.net=ALL-UNNAMED --add-opens=java.base/java.util.concurrent.atomic=ALL-UNNAMED -XX:MaxMetaspaceSize=384m -XX:+HeapDumpOnOutOfMemoryError -Xms256m -Xmx512m -Dfile.encoding=utf8 -Duser.country=IN -Duser.language=en -Duser.variant -javaagent:C:\Users\NAGARAJU\.gradle\wrapper\dists\gradle-8.9-bin\90cnw93cvbtalezasaz0blq0a\gradle-8.9\lib\agents\gradle-instrumentation-agent-8.9.jar org.gradle.launcher.daemon.bootstrap.GradleDaemon 8.9

Host: AMD Ryzen 3 5300U with Radeon Graphics         , 8 cores, 7G,  Windows 11 , 64 bit Build 26100 (10.0.26100.9168)
Time: Sat Sep  5 00:04:06 2026 India Standard Time elapsed time: 304.942622 seconds (0d 0h 5m 4s)

---------------  T H R E A D  ---------------

Current thread (0x000001f9b4007ef0):  JavaThread "C2 CompilerThread0" daemon [_thread_in_native, id=19644, stack(0x0000004ad1300000,0x0000004ad1400000) (1024K)]


Current CompileTask:
C2:304942 8143       4       java.lang.invoke.MethodType::makeImpl (109 bytes)

Stack: [0x0000004ad1300000,0x0000004ad1400000]
Native frames: (J=compiled Java code, j=interpreted, Vv=VM code, C=native code)
V  [jvm.dll+0x6d83e9]
V  [jvm.dll+0x8b5736]
V  [jvm.dll+0x8b7cee]
V  [jvm.dll+0x8b83d3]
V  [jvm.dll+0x284596]
V  [jvm.dll+0xc685d]
V  [jvm.dll+0xc6da1]
V  [jvm.dll+0x3bf151]
V  [jvm.dll+0x1e3f42]
V  [jvm.dll+0x24c853]
V  [jvm.dll+0x24bce0]
V  [jvm.dll+0x1cb4ae]
V  [jvm.dll+0x25baad]
V  [jvm.dll+0x25a03a]
V  [jvm.dll+0x3f8aae]
V  [jvm.dll+0x8600cd]
V  [jvm.dll+0x6d6c1d]
C  [ucrtbase.dll+0x2cd30]
C  [KERNEL32.DLL+0x2ccb7]
C  [ntdll.dll+0xaad6c]


---------------  P R O C E S S  ---------------

Threads class SMR info:
_java_thread_list=0x000001f9b8206bb0, length=45, elements={
0x000001f983351760, 0x000001f9b4000080, 0x000001f9b4001c60, 0x000001f9b4003230,
0x000001f9b4005ca0, 0x000001f9b4006700, 0x000001f9b4007160, 0x000001f9b4007ef0,
0x000001f9b407b450, 0x000001f9b4210a50, 0x000001f9b422ef40, 0x000001f9b58fc0b0,
0x000001f9b4ae1c10, 0x000001f9b507f2a0, 0x000001f9b4a95b20, 0x000001f9b4a93a50,
0x000001f9b4a94e00, 0x000001f9b4a961b0, 0x000001f9b6127b80, 0x000001f9b6129c50,
0x000001f9b61288a0, 0x000001f9b612bd20, 0x000001f9b612d760, 0x000001f9b612e480,
0x000001f9b612c3b0, 0x000001f9b4a94770, 0x000001f9b4a92d30, 0x000001f9b6daa300,
0x000001f9b6dab020, 0x000001f9b6daa990, 0x000001f9b6da95e0, 0x000001f9b6da8f50,
0x000001f9b6da9c70, 0x000001f9b6da7510, 0x000001f9b6dac3d0, 0x000001f9b6daca60,
0x000001f9b6dad0f0, 0x000001f9b6dade10, 0x000001f9b6da88c0, 0x000001f9b6da8230,
0x000001f9b6da7ba0, 0x000001f9b6daeb30, 0x000001f9b6dab6b0, 0x000001f9b6dabd40,
0x000001f9b6128210
}

Java Threads: ( => current thread )
  0x000001f983351760 JavaThread "main"                              [_thread_blocked, id=33748, stack(0x0000004ad0500000,0x0000004ad0600000) (1024K)]
  0x000001f9b4000080 JavaThread "Reference Handler"          daemon [_thread_blocked, id=32968, stack(0x0000004ad0d00000,0x0000004ad0e00000) (1024K)]
  0x000001f9b4001c60 JavaThread "Finalizer"                  daemon [_thread_blocked, id=40860, stack(0x0000004ad0e00000,0x0000004ad0f00000) (1024K)]
  0x000001f9b4003230 JavaThread "Signal Dispatcher"          daemon [_thread_blocked, id=34420, stack(0x0000004ad0f00000,0x0000004ad1000000) (1024K)]
  0x000001f9b4005ca0 JavaThread "Attach Listener"            daemon [_thread_blocked, id=3300, stack(0x0000004ad1000000,0x0000004ad1100000) (1024K)]
  0x000001f9b4006700 JavaThread "Service Thread"             daemon [_thread_blocked, id=9924, stack(0x0000004ad1100000,0x0000004ad1200000) (1024K)]
  0x000001f9b4007160 JavaThread "Monitor Deflation Thread"   daemon [_thread_blocked, id=39400, stack(0x0000004ad1200000,0x0000004ad1300000) (1024K)]
=>0x000001f9b4007ef0 JavaThread "C2 CompilerThread0"         daemon [_thread_in_native, id=19644, stack(0x0000004ad1300000,0x0000004ad1400000) (1024K)]
  0x000001f9b407b450 JavaThread "C1 CompilerThread0"         daemon [_thread_blocked, id=18632, stack(0x0000004ad1400000,0x0000004ad1500000) (1024K)]
  0x000001f9b4210a50 JavaThread "Common-Cleaner"             daemon [_thread_blocked, id=20804, stack(0x0000004ad1500000,0x0000004ad1600000) (1024K)]
  0x000001f9b422ef40 JavaThread "Notification Thread"        daemon [_thread_blocked, id=19560, stack(0x0000004ad1600000,0x0000004ad1700000) (1024K)]
  0x000001f9b58fc0b0 JavaThread "Daemon health stats"               [_thread_blocked, id=33776, stack(0x0000004ad1c00000,0x0000004ad1d00000) (1024K)]
  0x000001f9b4ae1c10 JavaThread "Incoming local TCP Connector on port 62840"        [_thread_in_native, id=34612, stack(0x0000004ad1d00000,0x0000004ad1e00000) (1024K)]
  0x000001f9b507f2a0 JavaThread "Daemon periodic checks"            [_thread_blocked, id=40784, stack(0x0000004ad1e00000,0x0000004ad1f00000) (1024K)]
  0x000001f9b4a95b20 JavaThread "Cache worker for journal cache (C:\Users\NAGARAJU\.gradle\caches\journal-1)"        [_thread_blocked, id=40444, stack(0x0000004ad2800000,0x0000004ad2900000) (1024K)]
  0x000001f9b4a93a50 JavaThread "File lock request listener"        [_thread_in_native, id=17316, stack(0x0000004ad2900000,0x0000004ad2a00000) (1024K)]
  0x000001f9b4a94e00 JavaThread "Cache worker for file hash cache (C:\Users\NAGARAJU\.gradle\caches\8.9\fileHashes)"        [_thread_blocked, id=38036, stack(0x0000004ad2a00000,0x0000004ad2b00000) (1024K)]
  0x000001f9b4a961b0 JavaThread "File lock release action executor"        [_thread_blocked, id=38052, stack(0x0000004ad2b00000,0x0000004ad2c00000) (1024K)]
  0x000001f9b6127b80 JavaThread "File watcher server"        daemon [_thread_in_native, id=40216, stack(0x0000004ad0200000,0x0000004ad0300000) (1024K)]
  0x000001f9b6129c50 JavaThread "File watcher consumer"      daemon [_thread_blocked, id=27308, stack(0x0000004ad0400000,0x0000004ad0500000) (1024K)]
  0x000001f9b61288a0 JavaThread "Cache worker for file content cache (C:\Users\NAGARAJU\.gradle\caches\8.9\fileContent)"        [_thread_blocked, id=40924, stack(0x0000004ad2f00000,0x0000004ad3000000) (1024K)]
  0x000001f9b612bd20 JavaThread "jar transforms"                    [_thread_blocked, id=39636, stack(0x0000004ad3200000,0x0000004ad3300000) (1024K)]
  0x000001f9b612d760 JavaThread "jar transforms Thread 2"           [_thread_blocked, id=1944, stack(0x0000004ad3300000,0x0000004ad3400000) (1024K)]
  0x000001f9b612e480 JavaThread "jar transforms Thread 3"           [_thread_blocked, id=19112, stack(0x0000004ad3400000,0x0000004ad3500000) (1024K)]
  0x000001f9b612c3b0 JavaThread "jar transforms Thread 4"           [_thread_blocked, id=24876, stack(0x0000004ad3500000,0x0000004ad3600000) (1024K)]
  0x000001f9b4a94770 JavaThread "Daemon Thread 7"                   [_thread_blocked, id=36252, stack(0x0000004ad3000000,0x0000004ad3100000) (1024K)]
  0x000001f9b4a92d30 JavaThread "Handler for socket connection from /127.0.0.1:62840 to /127.0.0.1:50149"        [_thread_in_native, id=31488, stack(0x0000004ad3100000,0x0000004ad3200000) (1024K)]
  0x000001f9b6daa300 JavaThread "Cancel handler"                    [_thread_blocked, id=39200, stack(0x0000004ad3b00000,0x0000004ad3c00000) (1024K)]
  0x000001f9b6dab020 JavaThread "Daemon worker Thread 2"            [_thread_blocked, id=37356, stack(0x0000004ad3c00000,0x0000004ad3d00000) (1024K)]
  0x000001f9b6daa990 JavaThread "Asynchronous log dispatcher for DefaultDaemonConnection: socket connection from /127.0.0.1:62840 to /127.0.0.1:50149"        [_thread_blocked, id=24864, stack(0x0000004ad2200000,0x0000004ad2300000) (1024K)]
  0x000001f9b6da95e0 JavaThread "Stdin handler"                     [_thread_blocked, id=34740, stack(0x0000004ad2500000,0x0000004ad2600000) (1024K)]
  0x000001f9b6da8f50 JavaThread "Daemon client event forwarder"        [_thread_blocked, id=38592, stack(0x0000004ad2700000,0x0000004ad2800000) (1024K)]
  0x000001f9b6da9c70 JavaThread "Cache worker for file hash cache (C:\zynnative\DocApp-CLI\node_modules\react-native-device-info\android\.gradle\8.9\fileHashes)"        [_thread_blocked, id=40248, stack(0x0000004ad2c00000,0x0000004ad2d00000) (1024K)]
  0x000001f9b6da7510 JavaThread "Cache worker for Build Output Cleanup Cache (C:\zynnative\DocApp-CLI\node_modules\react-native-device-info\android\.gradle\buildOutputCleanup)"        [_thread_blocked, id=2024, stack(0x0000004ad2e00000,0x0000004ad2f00000) (1024K)]
  0x000001f9b6dac3d0 JavaThread "Cache worker for checksums cache (C:\zynnative\DocApp-CLI\node_modules\react-native-device-info\android\.gradle\8.9\checksums)"        [_thread_blocked, id=7308, stack(0x0000004ad3700000,0x0000004ad3800000) (1024K)]
  0x000001f9b6daca60 JavaThread "Cache worker for cache directory md-rule (C:\Users\NAGARAJU\.gradle\caches\8.9\md-rule)"        [_thread_blocked, id=14468, stack(0x0000004ad3800000,0x0000004ad3900000) (1024K)]
  0x000001f9b6dad0f0 JavaThread "Cache worker for cache directory md-supplier (C:\Users\NAGARAJU\.gradle\caches\8.9\md-supplier)"        [_thread_blocked, id=17900, stack(0x0000004ad3900000,0x0000004ad3a00000) (1024K)]
  0x000001f9b6dade10 JavaThread "jar transforms Thread 5"           [_thread_blocked, id=17344, stack(0x0000004ad3a00000,0x0000004ad3b00000) (1024K)]
  0x000001f9b6da88c0 JavaThread "Unconstrained build operations"        [_thread_blocked, id=21556, stack(0x0000004ad2000000,0x0000004ad2100000) (1024K)]
  0x000001f9b6da8230 JavaThread "Unconstrained build operations Thread 2"        [_thread_blocked, id=13624, stack(0x0000004ad2100000,0x0000004ad2200000) (1024K)]
  0x000001f9b6da7ba0 JavaThread "Unconstrained build operations Thread 3"        [_thread_blocked, id=38316, stack(0x0000004ad2600000,0x0000004ad2700000) (1024K)]
  0x000001f9b6daeb30 JavaThread "Unconstrained build operations Thread 4"        [_thread_blocked, id=33196, stack(0x0000004ad2d00000,0x0000004ad2e00000) (1024K)]
  0x000001f9b6dab6b0 JavaThread "Unconstrained build operations Thread 5"        [_thread_blocked, id=5108, stack(0x0000004ad3600000,0x0000004ad3700000) (1024K)]
  0x000001f9b6dabd40 JavaThread "Unconstrained build operations Thread 6"        [_thread_blocked, id=27336, stack(0x0000004ad3d00000,0x0000004ad3e00000) (1024K)]
  0x000001f9b6128210 JavaThread "Unconstrained build operations Thread 7"        [_thread_blocked, id=2116, stack(0x0000004ad3e00000,0x0000004ad3f00000) (1024K)]
Total: 45

Other Threads:
  0x000001f99af00360 VMThread "VM Thread"                           [id=24464, stack(0x0000004ad0c00000,0x0000004ad0d00000) (1024K)]
  0x000001f99aef2c80 WatcherThread "VM Periodic Task Thread"        [id=40676, stack(0x0000004ad0b00000,0x0000004ad0c00000) (1024K)]
  0x000001f98340b470 WorkerThread "GC Thread#0"                     [id=23076, stack(0x0000004ad0600000,0x0000004ad0700000) (1024K)]
  0x000001f9b436fa30 WorkerThread "GC Thread#1"                     [id=39572, stack(0x0000004ad1700000,0x0000004ad1800000) (1024K)]
  0x000001f9b4331830 WorkerThread "GC Thread#2"                     [id=35100, stack(0x0000004ad1800000,0x0000004ad1900000) (1024K)]
  0x000001f9b4331be0 WorkerThread "GC Thread#3"                     [id=13052, stack(0x0000004ad1900000,0x0000004ad1a00000) (1024K)]
  0x000001f9b4331f90 WorkerThread "GC Thread#4"                     [id=15952, stack(0x0000004ad1a00000,0x0000004ad1b00000) (1024K)]
  0x000001f9b4332340 WorkerThread "GC Thread#5"                     [id=11576, stack(0x0000004ad1b00000,0x0000004ad1c00000) (1024K)]
  0x000001f9b505e2e0 WorkerThread "GC Thread#6"                     [id=40244, stack(0x0000004ad2300000,0x0000004ad2400000) (1024K)]
  0x000001f9b505df30 WorkerThread "GC Thread#7"                     [id=10000, stack(0x0000004ad2400000,0x0000004ad2500000) (1024K)]
  0x000001f98340e250 ConcurrentGCThread "G1 Main Marker"            [id=23084, stack(0x0000004ad0700000,0x0000004ad0800000) (1024K)]
  0x000001f98340eb70 WorkerThread "G1 Conc#0"                       [id=23100, stack(0x0000004ad0800000,0x0000004ad0900000) (1024K)]
  0x000001f9b63ed780 WorkerThread "G1 Conc#1"                       [id=40884, stack(0x0000004ad0300000,0x0000004ad0400000) (1024K)]
  0x000001f99adc09d0 ConcurrentGCThread "G1 Refine#0"               [id=29708, stack(0x0000004ad0900000,0x0000004ad0a00000) (1024K)]
  0x000001f99adc2da0 ConcurrentGCThread "G1 Service"                [id=16452, stack(0x0000004ad0a00000,0x0000004ad0b00000) (1024K)]
Total: 15

Threads with active compile tasks:
C2 CompilerThread0  305581 8143       4       java.lang.invoke.MethodType::makeImpl (109 bytes)
Total: 1

VM state: not at safepoint (normal execution)

VM Mutex/Monitor currently owned by a thread: None

Heap address: 0x00000000e0000000, size: 512 MB, Compressed Oops mode: 32-bit

CDS archive(s) mapped at: [0x000001f99b000000-0x000001f99bba0000-0x000001f99bba0000), size 12189696, SharedBaseAddress: 0x000001f99b000000, ArchiveRelocationMode: 1.
Compressed class space mapped at: 0x000001f99c000000-0x000001f9b0000000, reserved size: 335544320
Narrow klass base: 0x000001f99b000000, Narrow klass shift: 0, Narrow klass range: 0x100000000

GC Precious Log:
 CardTable entry size: 512
 Card Set container configuration: InlinePtr #cards 5 size 8 Array Of Cards #cards 12 size 40 Howl #buckets 4 coarsen threshold 1843 Howl Bitmap #cards 512 size 80 coarsen threshold 460 Card regions per heap region 1 cards per card region 2048
 CPUs: 8 total, 8 available
 Memory: 7502M
 Large Page Support: Disabled
 NUMA Support: Disabled
 Compressed Oops: Enabled (32-bit)
 Heap Region Size: 1M
 Heap Min Capacity: 256M
 Heap Initial Capacity: 256M
 Heap Max Capacity: 512M
 Pre-touch: Disabled
 Parallel Workers: 8
 Concurrent Workers: 2
 Concurrent Refinement Workers: 8
 Periodic GC: Disabled

Heap:
 garbage-first heap   total 262144K, used 103149K [0x00000000e0000000, 0x0000000100000000)
  region size 1024K, 51 young (52224K), 3 survivors (3072K)
 Metaspace       used 55466K, committed 57216K, reserved 393216K
  class space    used 7969K, committed 8832K, reserved 327680K

Heap Regions: E=young(eden), S=young(survivor), O=old, HS=humongous(starts), HC=humongous(continues), CS=collection set, F=free, TAMS=top-at-mark-start, PB=parsable bottom
|   0|0x00000000e0000000, 0x00000000e0100000, 0x00000000e0100000|100%|HS|  |TAMS 0x00000000e0000000| PB 0x00000000e0000000| Complete 
|   1|0x00000000e0100000, 0x00000000e0200000, 0x00000000e0200000|100%|HC|  |TAMS 0x00000000e0100000| PB 0x00000000e0100000| Complete 
|   2|0x00000000e0200000, 0x00000000e0300000, 0x00000000e0300000|100%|HC|  |TAMS 0x00000000e0200000| PB 0x00000000e0200000| Complete 
|   3|0x00000000e0300000, 0x00000000e0400000, 0x00000000e0400000|100%|HC|  |TAMS 0x00000000e0300000| PB 0x00000000e0300000| Complete 
|   4|0x00000000e0400000, 0x00000000e0500000, 0x00000000e0500000|100%| O|  |TAMS 0x00000000e0400000| PB 0x00000000e0400000| Untracked 
|   5|0x00000000e0500000, 0x00000000e0600000, 0x00000000e0600000|100%| O|  |TAMS 0x00000000e0500000| PB 0x00000000e0500000| Untracked 
|   6|0x00000000e0600000, 0x00000000e0700000, 0x00000000e0700000|100%| O|  |TAMS 0x00000000e0600000| PB 0x00000000e0600000| Untracked 
|   7|0x00000000e0700000, 0x00000000e0800000, 0x00000000e0800000|100%| O|  |TAMS 0x00000000e0700000| PB 0x00000000e0700000| Untracked 
|   8|0x00000000e0800000, 0x00000000e0800000, 0x00000000e0900000|  0%| F|  |TAMS 0x00000000e0800000| PB 0x00000000e0800000| Untracked 
|   9|0x00000000e0900000, 0x00000000e0a00000, 0x00000000e0a00000|100%| O|  |TAMS 0x00000000e0900000| PB 0x00000000e0900000| Untracked 
|  10|0x00000000e0a00000, 0x00000000e0b00000, 0x00000000e0b00000|100%| O|  |TAMS 0x00000000e0a00000| PB 0x00000000e0a00000| Untracked 
|  11|0x00000000e0b00000, 0x00000000e0c00000, 0x00000000e0c00000|100%|HS|  |TAMS 0x00000000e0b00000| PB 0x00000000e0b00000| Complete 
|  12|0x00000000e0c00000, 0x00000000e0d00000, 0x00000000e0d00000|100%| O|  |TAMS 0x00000000e0c00000| PB 0x00000000e0c00000| Untracked 
|  13|0x00000000e0d00000, 0x00000000e0e00000, 0x00000000e0e00000|100%| O|  |TAMS 0x00000000e0d00000| PB 0x00000000e0d00000| Untracked 
|  14|0x00000000e0e00000, 0x00000000e0f00000, 0x00000000e0f00000|100%| O|  |TAMS 0x00000000e0e00000| PB 0x00000000e0e00000| Untracked 
|  15|0x00000000e0f00000, 0x00000000e1000000, 0x00000000e1000000|100%| O|  |TAMS 0x00000000e0f00000| PB 0x00000000e0f00000| Untracked 
|  16|0x00000000e1000000, 0x00000000e1100000, 0x00000000e1100000|100%| O|  |TAMS 0x00000000e1000000| PB 0x00000000e1000000| Untracked 
|  17|0x00000000e1100000, 0x00000000e1200000, 0x00000000e1200000|100%| O|  |TAMS 0x00000000e1100000| PB 0x00000000e1100000| Untracked 
|  18|0x00000000e1200000, 0x00000000e1300000, 0x00000000e1300000|100%| O|  |TAMS 0x00000000e1200000| PB 0x00000000e1200000| Untracked 
|  19|0x00000000e1300000, 0x00000000e1400000, 0x00000000e1400000|100%| O|  |TAMS 0x00000000e1300000| PB 0x00000000e1300000| Untracked 
|  20|0x00000000e1400000, 0x00000000e1500000, 0x00000000e1500000|100%| O|  |TAMS 0x00000000e1400000| PB 0x00000000e1400000| Untracked 
|  21|0x00000000e1500000, 0x00000000e1600000, 0x00000000e1600000|100%| O|  |TAMS 0x00000000e1500000| PB 0x00000000e1500000| Untracked 
|  22|0x00000000e1600000, 0x00000000e1700000, 0x00000000e1700000|100%| O|  |TAMS 0x00000000e1600000| PB 0x00000000e1600000| Untracked 
|  23|0x00000000e1700000, 0x00000000e1800000, 0x00000000e1800000|100%| O|  |TAMS 0x00000000e1700000| PB 0x00000000e1700000| Untracked 
|  24|0x00000000e1800000, 0x00000000e1900000, 0x00000000e1900000|100%| O|  |TAMS 0x00000000e1800000| PB 0x00000000e1800000| Untracked 
|  25|0x00000000e1900000, 0x00000000e1a00000, 0x00000000e1a00000|100%| O|  |TAMS 0x00000000e1900000| PB 0x00000000e1900000| Untracked 
|  26|0x00000000e1a00000, 0x00000000e1b00000, 0x00000000e1b00000|100%| O|  |TAMS 0x00000000e1a00000| PB 0x00000000e1a00000| Untracked 
|  27|0x00000000e1b00000, 0x00000000e1c00000, 0x00000000e1c00000|100%| O|  |TAMS 0x00000000e1b00000| PB 0x00000000e1b00000| Untracked 
|  28|0x00000000e1c00000, 0x00000000e1d00000, 0x00000000e1d00000|100%| O|  |TAMS 0x00000000e1c00000| PB 0x00000000e1c00000| Untracked 
|  29|0x00000000e1d00000, 0x00000000e1e00000, 0x00000000e1e00000|100%| O|  |TAMS 0x00000000e1d00000| PB 0x00000000e1d00000| Untracked 
|  30|0x00000000e1e00000, 0x00000000e1f00000, 0x00000000e1f00000|100%| O|  |TAMS 0x00000000e1e00000| PB 0x00000000e1e00000| Untracked 
|  31|0x00000000e1f00000, 0x00000000e2000000, 0x00000000e2000000|100%| O|  |TAMS 0x00000000e1f00000| PB 0x00000000e1f00000| Untracked 
|  32|0x00000000e2000000, 0x00000000e2100000, 0x00000000e2100000|100%| O|  |TAMS 0x00000000e2000000| PB 0x00000000e2000000| Untracked 
|  33|0x00000000e2100000, 0x00000000e2200000, 0x00000000e2200000|100%| O|  |TAMS 0x00000000e2100000| PB 0x00000000e2100000| Untracked 
|  34|0x00000000e2200000, 0x00000000e2300000, 0x00000000e2300000|100%| O|  |TAMS 0x00000000e2200000| PB 0x00000000e2200000| Untracked 
|  35|0x00000000e2300000, 0x00000000e2400000, 0x00000000e2400000|100%| O|  |TAMS 0x00000000e2300000| PB 0x00000000e2300000| Untracked 
|  36|0x00000000e2400000, 0x00000000e2500000, 0x00000000e2500000|100%| O|  |TAMS 0x00000000e2400000| PB 0x00000000e2400000| Untracked 
|  37|0x00000000e2500000, 0x00000000e2600000, 0x00000000e2600000|100%| O|  |TAMS 0x00000000e2500000| PB 0x00000000e2500000| Untracked 
|  38|0x00000000e2600000, 0x00000000e2700000, 0x00000000e2700000|100%| O|  |TAMS 0x00000000e2600000| PB 0x00000000e2600000| Untracked 
|  39|0x00000000e2700000, 0x00000000e2800000, 0x00000000e2800000|100%| O|  |TAMS 0x00000000e2700000| PB 0x00000000e2700000| Untracked 
|  40|0x00000000e2800000, 0x00000000e2900000, 0x00000000e2900000|100%| O|  |TAMS 0x00000000e2800000| PB 0x00000000e2800000| Untracked 
|  41|0x00000000e2900000, 0x00000000e2a00000, 0x00000000e2a00000|100%| O|  |TAMS 0x00000000e2900000| PB 0x00000000e2900000| Untracked 
|  42|0x00000000e2a00000, 0x00000000e2b00000, 0x00000000e2b00000|100%| O|  |TAMS 0x00000000e2a00000| PB 0x00000000e2a00000| Untracked 
|  43|0x00000000e2b00000, 0x00000000e2c00000, 0x00000000e2c00000|100%| O|  |TAMS 0x00000000e2b00000| PB 0x00000000e2b00000| Untracked 
|  44|0x00000000e2c00000, 0x00000000e2d00000, 0x00000000e2d00000|100%| O|  |TAMS 0x00000000e2c00000| PB 0x00000000e2c00000| Untracked 
|  45|0x00000000e2d00000, 0x00000000e2e00000, 0x00000000e2e00000|100%| O|  |TAMS 0x00000000e2d00000| PB 0x00000000e2d00000| Untracked 
|  46|0x00000000e2e00000, 0x00000000e2f00000, 0x00000000e2f00000|100%| O|  |TAMS 0x00000000e2e00000| PB 0x00000000e2e00000| Untracked 
|  47|0x00000000e2f00000, 0x00000000e3000000, 0x00000000e3000000|100%| O|  |TAMS 0x00000000e2f00000| PB 0x00000000e2f00000| Untracked 
|  48|0x00000000e3000000, 0x00000000e3100000, 0x00000000e3100000|100%| O|  |TAMS 0x00000000e3000000| PB 0x00000000e3000000| Untracked 
|  49|0x00000000e3100000, 0x00000000e3200000, 0x00000000e3200000|100%| O|  |TAMS 0x00000000e3100000| PB 0x00000000e3100000| Untracked 
|  50|0x00000000e3200000, 0x00000000e3300000, 0x00000000e3300000|100%| O|  |TAMS 0x00000000e3200000| PB 0x00000000e3200000| Untracked 
|  51|0x00000000e3300000, 0x00000000e3400000, 0x00000000e3400000|100%| O|  |TAMS 0x00000000e3300000| PB 0x00000000e3300000| Untracked 
|  52|0x00000000e3400000, 0x00000000e3500000, 0x00000000e3500000|100%| O|  |TAMS 0x00000000e3400000| PB 0x00000000e3400000| Untracked 
|  53|0x00000000e3500000, 0x00000000e3551c00, 0x00000000e3600000| 31%| O|  |TAMS 0x00000000e3500000| PB 0x00000000e3500000| Untracked 
|  54|0x00000000e3600000, 0x00000000e3600000, 0x00000000e3700000|  0%| F|  |TAMS 0x00000000e3600000| PB 0x00000000e3600000| Untracked 
|  55|0x00000000e3700000, 0x00000000e3700000, 0x00000000e3800000|  0%| F|  |TAMS 0x00000000e3700000| PB 0x00000000e3700000| Untracked 
|  56|0x00000000e3800000, 0x00000000e3800000, 0x00000000e3900000|  0%| F|  |TAMS 0x00000000e3800000| PB 0x00000000e3800000| Untracked 
|  57|0x00000000e3900000, 0x00000000e3900000, 0x00000000e3a00000|  0%| F|  |TAMS 0x00000000e3900000| PB 0x00000000e3900000| Untracked 
|  58|0x00000000e3a00000, 0x00000000e3a00000, 0x00000000e3b00000|  0%| F|  |TAMS 0x00000000e3a00000| PB 0x00000000e3a00000| Untracked 
|  59|0x00000000e3b00000, 0x00000000e3b00000, 0x00000000e3c00000|  0%| F|  |TAMS 0x00000000e3b00000| PB 0x00000000e3b00000| Untracked 
|  60|0x00000000e3c00000, 0x00000000e3c00000, 0x00000000e3d00000|  0%| F|  |TAMS 0x00000000e3c00000| PB 0x00000000e3c00000| Untracked 
|  61|0x00000000e3d00000, 0x00000000e3d00000, 0x00000000e3e00000|  0%| F|  |TAMS 0x00000000e3d00000| PB 0x00000000e3d00000| Untracked 
|  62|0x00000000e3e00000, 0x00000000e3e00000, 0x00000000e3f00000|  0%| F|  |TAMS 0x00000000e3e00000| PB 0x00000000e3e00000| Untracked 
|  63|0x00000000e3f00000, 0x00000000e3f00000, 0x00000000e4000000|  0%| F|  |TAMS 0x00000000e3f00000| PB 0x00000000e3f00000| Untracked 
|  64|0x00000000e4000000, 0x00000000e4000000, 0x00000000e4100000|  0%| F|  |TAMS 0x00000000e4000000| PB 0x00000000e4000000| Untracked 
|  65|0x00000000e4100000, 0x00000000e4100000, 0x00000000e4200000|  0%| F|  |TAMS 0x00000000e4100000| PB 0x00000000e4100000| Untracked 
|  66|0x00000000e4200000, 0x00000000e4200000, 0x00000000e4300000|  0%| F|  |TAMS 0x00000000e4200000| PB 0x00000000e4200000| Untracked 
|  67|0x00000000e4300000, 0x00000000e4300000, 0x00000000e4400000|  0%| F|  |TAMS 0x00000000e4300000| PB 0x00000000e4300000| Untracked 
|  68|0x00000000e4400000, 0x00000000e4400000, 0x00000000e4500000|  0%| F|  |TAMS 0x00000000e4400000| PB 0x00000000e4400000| Untracked 
|  69|0x00000000e4500000, 0x00000000e4500000, 0x00000000e4600000|  0%| F|  |TAMS 0x00000000e4500000| PB 0x00000000e4500000| Untracked 
|  70|0x00000000e4600000, 0x00000000e4600000, 0x00000000e4700000|  0%| F|  |TAMS 0x00000000e4600000| PB 0x00000000e4600000| Untracked 
|  71|0x00000000e4700000, 0x00000000e4700000, 0x00000000e4800000|  0%| F|  |TAMS 0x00000000e4700000| PB 0x00000000e4700000| Untracked 
|  72|0x00000000e4800000, 0x00000000e4800000, 0x00000000e4900000|  0%| F|  |TAMS 0x00000000e4800000| PB 0x00000000e4800000| Untracked 
|  73|0x00000000e4900000, 0x00000000e4900000, 0x00000000e4a00000|  0%| F|  |TAMS 0x00000000e4900000| PB 0x00000000e4900000| Untracked 
|  74|0x00000000e4a00000, 0x00000000e4a00000, 0x00000000e4b00000|  0%| F|  |TAMS 0x00000000e4a00000| PB 0x00000000e4a00000| Untracked 
|  75|0x00000000e4b00000, 0x00000000e4b00000, 0x00000000e4c00000|  0%| F|  |TAMS 0x00000000e4b00000| PB 0x00000000e4b00000| Untracked 
|  76|0x00000000e4c00000, 0x00000000e4c00000, 0x00000000e4d00000|  0%| F|  |TAMS 0x00000000e4c00000| PB 0x00000000e4c00000| Untracked 
|  77|0x00000000e4d00000, 0x00000000e4d00000, 0x00000000e4e00000|  0%| F|  |TAMS 0x00000000e4d00000| PB 0x00000000e4d00000| Untracked 
|  78|0x00000000e4e00000, 0x00000000e4e00000, 0x00000000e4f00000|  0%| F|  |TAMS 0x00000000e4e00000| PB 0x00000000e4e00000| Untracked 
|  79|0x00000000e4f00000, 0x00000000e4f00000, 0x00000000e5000000|  0%| F|  |TAMS 0x00000000e4f00000| PB 0x00000000e4f00000| Untracked 
|  80|0x00000000e5000000, 0x00000000e5000000, 0x00000000e5100000|  0%| F|  |TAMS 0x00000000e5000000| PB 0x00000000e5000000| Untracked 
|  81|0x00000000e5100000, 0x00000000e5100000, 0x00000000e5200000|  0%| F|  |TAMS 0x00000000e5100000| PB 0x00000000e5100000| Untracked 
|  82|0x00000000e5200000, 0x00000000e5200000, 0x00000000e5300000|  0%| F|  |TAMS 0x00000000e5200000| PB 0x00000000e5200000| Untracked 
|  83|0x00000000e5300000, 0x00000000e5300000, 0x00000000e5400000|  0%| F|  |TAMS 0x00000000e5300000| PB 0x00000000e5300000| Untracked 
|  84|0x00000000e5400000, 0x00000000e5400000, 0x00000000e5500000|  0%| F|  |TAMS 0x00000000e5400000| PB 0x00000000e5400000| Untracked 
|  85|0x00000000e5500000, 0x00000000e5500000, 0x00000000e5600000|  0%| F|  |TAMS 0x00000000e5500000| PB 0x00000000e5500000| Untracked 
|  86|0x00000000e5600000, 0x00000000e5600000, 0x00000000e5700000|  0%| F|  |TAMS 0x00000000e5600000| PB 0x00000000e5600000| Untracked 
|  87|0x00000000e5700000, 0x00000000e5700000, 0x00000000e5800000|  0%| F|  |TAMS 0x00000000e5700000| PB 0x00000000e5700000| Untracked 
|  88|0x00000000e5800000, 0x00000000e5800000, 0x00000000e5900000|  0%| F|  |TAMS 0x00000000e5800000| PB 0x00000000e5800000| Untracked 
|  89|0x00000000e5900000, 0x00000000e5900000, 0x00000000e5a00000|  0%| F|  |TAMS 0x00000000e5900000| PB 0x00000000e5900000| Untracked 
|  90|0x00000000e5a00000, 0x00000000e5a00000, 0x00000000e5b00000|  0%| F|  |TAMS 0x00000000e5a00000| PB 0x00000000e5a00000| Untracked 
|  91|0x00000000e5b00000, 0x00000000e5b00000, 0x00000000e5c00000|  0%| F|  |TAMS 0x00000000e5b00000| PB 0x00000000e5b00000| Untracked 
|  92|0x00000000e5c00000, 0x00000000e5c00000, 0x00000000e5d00000|  0%| F|  |TAMS 0x00000000e5c00000| PB 0x00000000e5c00000| Untracked 
|  93|0x00000000e5d00000, 0x00000000e5d00000, 0x00000000e5e00000|  0%| F|  |TAMS 0x00000000e5d00000| PB 0x00000000e5d00000| Untracked 
|  94|0x00000000e5e00000, 0x00000000e5e00000, 0x00000000e5f00000|  0%| F|  |TAMS 0x00000000e5e00000| PB 0x00000000e5e00000| Untracked 
|  95|0x00000000e5f00000, 0x00000000e5f00000, 0x00000000e6000000|  0%| F|  |TAMS 0x00000000e5f00000| PB 0x00000000e5f00000| Untracked 
|  96|0x00000000e6000000, 0x00000000e6000000, 0x00000000e6100000|  0%| F|  |TAMS 0x00000000e6000000| PB 0x00000000e6000000| Untracked 
|  97|0x00000000e6100000, 0x00000000e6100000, 0x00000000e6200000|  0%| F|  |TAMS 0x00000000e6100000| PB 0x00000000e6100000| Untracked 
|  98|0x00000000e6200000, 0x00000000e6200000, 0x00000000e6300000|  0%| F|  |TAMS 0x00000000e6200000| PB 0x00000000e6200000| Untracked 
|  99|0x00000000e6300000, 0x00000000e6300000, 0x00000000e6400000|  0%| F|  |TAMS 0x00000000e6300000| PB 0x00000000e6300000| Untracked 
| 100|0x00000000e6400000, 0x00000000e6400000, 0x00000000e6500000|  0%| F|  |TAMS 0x00000000e6400000| PB 0x00000000e6400000| Untracked 
| 101|0x00000000e6500000, 0x00000000e6500000, 0x00000000e6600000|  0%| F|  |TAMS 0x00000000e6500000| PB 0x00000000e6500000| Untracked 
| 102|0x00000000e6600000, 0x00000000e6600000, 0x00000000e6700000|  0%| F|  |TAMS 0x00000000e6600000| PB 0x00000000e6600000| Untracked 
| 103|0x00000000e6700000, 0x00000000e6700000, 0x00000000e6800000|  0%| F|  |TAMS 0x00000000e6700000| PB 0x00000000e6700000| Untracked 
| 104|0x00000000e6800000, 0x00000000e6800000, 0x00000000e6900000|  0%| F|  |TAMS 0x00000000e6800000| PB 0x00000000e6800000| Untracked 
| 105|0x00000000e6900000, 0x00000000e6900000, 0x00000000e6a00000|  0%| F|  |TAMS 0x00000000e6900000| PB 0x00000000e6900000| Untracked 
| 106|0x00000000e6a00000, 0x00000000e6a00000, 0x00000000e6b00000|  0%| F|  |TAMS 0x00000000e6a00000| PB 0x00000000e6a00000| Untracked 
| 107|0x00000000e6b00000, 0x00000000e6b00000, 0x00000000e6c00000|  0%| F|  |TAMS 0x00000000e6b00000| PB 0x00000000e6b00000| Untracked 
| 108|0x00000000e6c00000, 0x00000000e6c00000, 0x00000000e6d00000|  0%| F|  |TAMS 0x00000000e6c00000| PB 0x00000000e6c00000| Untracked 
| 109|0x00000000e6d00000, 0x00000000e6d00000, 0x00000000e6e00000|  0%| F|  |TAMS 0x00000000e6d00000| PB 0x00000000e6d00000| Untracked 
| 110|0x00000000e6e00000, 0x00000000e6e00000, 0x00000000e6f00000|  0%| F|  |TAMS 0x00000000e6e00000| PB 0x00000000e6e00000| Untracked 
| 111|0x00000000e6f00000, 0x00000000e6f00000, 0x00000000e7000000|  0%| F|  |TAMS 0x00000000e6f00000| PB 0x00000000e6f00000| Untracked 
| 112|0x00000000e7000000, 0x00000000e7000000, 0x00000000e7100000|  0%| F|  |TAMS 0x00000000e7000000| PB 0x00000000e7000000| Untracked 
| 113|0x00000000e7100000, 0x00000000e7100000, 0x00000000e7200000|  0%| F|  |TAMS 0x00000000e7100000| PB 0x00000000e7100000| Untracked 
| 114|0x00000000e7200000, 0x00000000e7200000, 0x00000000e7300000|  0%| F|  |TAMS 0x00000000e7200000| PB 0x00000000e7200000| Untracked 
| 115|0x00000000e7300000, 0x00000000e7300000, 0x00000000e7400000|  0%| F|  |TAMS 0x00000000e7300000| PB 0x00000000e7300000| Untracked 
| 116|0x00000000e7400000, 0x00000000e7400000, 0x00000000e7500000|  0%| F|  |TAMS 0x00000000e7400000| PB 0x00000000e7400000| Untracked 
| 117|0x00000000e7500000, 0x00000000e7500000, 0x00000000e7600000|  0%| F|  |TAMS 0x00000000e7500000| PB 0x00000000e7500000| Untracked 
| 118|0x00000000e7600000, 0x00000000e7600000, 0x00000000e7700000|  0%| F|  |TAMS 0x00000000e7600000| PB 0x00000000e7600000| Untracked 
| 119|0x00000000e7700000, 0x00000000e7700000, 0x00000000e7800000|  0%| F|  |TAMS 0x00000000e7700000| PB 0x00000000e7700000| Untracked 
| 120|0x00000000e7800000, 0x00000000e7800000, 0x00000000e7900000|  0%| F|  |TAMS 0x00000000e7800000| PB 0x00000000e7800000| Untracked 
| 121|0x00000000e7900000, 0x00000000e7900000, 0x00000000e7a00000|  0%| F|  |TAMS 0x00000000e7900000| PB 0x00000000e7900000| Untracked 
| 122|0x00000000e7a00000, 0x00000000e7a00000, 0x00000000e7b00000|  0%| F|  |TAMS 0x00000000e7a00000| PB 0x00000000e7a00000| Untracked 
| 123|0x00000000e7b00000, 0x00000000e7b00000, 0x00000000e7c00000|  0%| F|  |TAMS 0x00000000e7b00000| PB 0x00000000e7b00000| Untracked 
| 124|0x00000000e7c00000, 0x00000000e7c00000, 0x00000000e7d00000|  0%| F|  |TAMS 0x00000000e7c00000| PB 0x00000000e7c00000| Untracked 
| 125|0x00000000e7d00000, 0x00000000e7d00000, 0x00000000e7e00000|  0%| F|  |TAMS 0x00000000e7d00000| PB 0x00000000e7d00000| Untracked 
| 126|0x00000000e7e00000, 0x00000000e7e00000, 0x00000000e7f00000|  0%| F|  |TAMS 0x00000000e7e00000| PB 0x00000000e7e00000| Untracked 
| 127|0x00000000e7f00000, 0x00000000e7f00000, 0x00000000e8000000|  0%| F|  |TAMS 0x00000000e7f00000| PB 0x00000000e7f00000| Untracked 
| 128|0x00000000e8000000, 0x00000000e8000000, 0x00000000e8100000|  0%| F|  |TAMS 0x00000000e8000000| PB 0x00000000e8000000| Untracked 
| 129|0x00000000e8100000, 0x00000000e8100000, 0x00000000e8200000|  0%| F|  |TAMS 0x00000000e8100000| PB 0x00000000e8100000| Untracked 
| 130|0x00000000e8200000, 0x00000000e8200000, 0x00000000e8300000|  0%| F|  |TAMS 0x00000000e8200000| PB 0x00000000e8200000| Untracked 
| 131|0x00000000e8300000, 0x00000000e8300000, 0x00000000e8400000|  0%| F|  |TAMS 0x00000000e8300000| PB 0x00000000e8300000| Untracked 
| 132|0x00000000e8400000, 0x00000000e8400000, 0x00000000e8500000|  0%| F|  |TAMS 0x00000000e8400000| PB 0x00000000e8400000| Untracked 
| 133|0x00000000e8500000, 0x00000000e8500000, 0x00000000e8600000|  0%| F|  |TAMS 0x00000000e8500000| PB 0x00000000e8500000| Untracked 
| 134|0x00000000e8600000, 0x00000000e8600000, 0x00000000e8700000|  0%| F|  |TAMS 0x00000000e8600000| PB 0x00000000e8600000| Untracked 
| 135|0x00000000e8700000, 0x00000000e8700000, 0x00000000e8800000|  0%| F|  |TAMS 0x00000000e8700000| PB 0x00000000e8700000| Untracked 
| 136|0x00000000e8800000, 0x00000000e8800000, 0x00000000e8900000|  0%| F|  |TAMS 0x00000000e8800000| PB 0x00000000e8800000| Untracked 
| 137|0x00000000e8900000, 0x00000000e8900000, 0x00000000e8a00000|  0%| F|  |TAMS 0x00000000e8900000| PB 0x00000000e8900000| Untracked 
| 138|0x00000000e8a00000, 0x00000000e8a00000, 0x00000000e8b00000|  0%| F|  |TAMS 0x00000000e8a00000| PB 0x00000000e8a00000| Untracked 
| 139|0x00000000e8b00000, 0x00000000e8b00000, 0x00000000e8c00000|  0%| F|  |TAMS 0x00000000e8b00000| PB 0x00000000e8b00000| Untracked 
| 140|0x00000000e8c00000, 0x00000000e8c00000, 0x00000000e8d00000|  0%| F|  |TAMS 0x00000000e8c00000| PB 0x00000000e8c00000| Untracked 
| 141|0x00000000e8d00000, 0x00000000e8d00000, 0x00000000e8e00000|  0%| F|  |TAMS 0x00000000e8d00000| PB 0x00000000e8d00000| Untracked 
| 142|0x00000000e8e00000, 0x00000000e8e00000, 0x00000000e8f00000|  0%| F|  |TAMS 0x00000000e8e00000| PB 0x00000000e8e00000| Untracked 
| 143|0x00000000e8f00000, 0x00000000e8f00000, 0x00000000e9000000|  0%| F|  |TAMS 0x00000000e8f00000| PB 0x00000000e8f00000| Untracked 
| 144|0x00000000e9000000, 0x00000000e9000000, 0x00000000e9100000|  0%| F|  |TAMS 0x00000000e9000000| PB 0x00000000e9000000| Untracked 
| 145|0x00000000e9100000, 0x00000000e9100000, 0x00000000e9200000|  0%| F|  |TAMS 0x00000000e9100000| PB 0x00000000e9100000| Untracked 
| 146|0x00000000e9200000, 0x00000000e9200000, 0x00000000e9300000|  0%| F|  |TAMS 0x00000000e9200000| PB 0x00000000e9200000| Untracked 
| 147|0x00000000e9300000, 0x00000000e9300000, 0x00000000e9400000|  0%| F|  |TAMS 0x00000000e9300000| PB 0x00000000e9300000| Untracked 
| 148|0x00000000e9400000, 0x00000000e9400000, 0x00000000e9500000|  0%| F|  |TAMS 0x00000000e9400000| PB 0x00000000e9400000| Untracked 
| 149|0x00000000e9500000, 0x00000000e9500000, 0x00000000e9600000|  0%| F|  |TAMS 0x00000000e9500000| PB 0x00000000e9500000| Untracked 
| 150|0x00000000e9600000, 0x00000000e9600000, 0x00000000e9700000|  0%| F|  |TAMS 0x00000000e9600000| PB 0x00000000e9600000| Untracked 
| 151|0x00000000e9700000, 0x00000000e9700000, 0x00000000e9800000|  0%| F|  |TAMS 0x00000000e9700000| PB 0x00000000e9700000| Untracked 
| 152|0x00000000e9800000, 0x00000000e9800000, 0x00000000e9900000|  0%| F|  |TAMS 0x00000000e9800000| PB 0x00000000e9800000| Untracked 
| 153|0x00000000e9900000, 0x00000000e9900000, 0x00000000e9a00000|  0%| F|  |TAMS 0x00000000e9900000| PB 0x00000000e9900000| Untracked 
| 154|0x00000000e9a00000, 0x00000000e9a00000, 0x00000000e9b00000|  0%| F|  |TAMS 0x00000000e9a00000| PB 0x00000000e9a00000| Untracked 
| 155|0x00000000e9b00000, 0x00000000e9b00000, 0x00000000e9c00000|  0%| F|  |TAMS 0x00000000e9b00000| PB 0x00000000e9b00000| Untracked 
| 156|0x00000000e9c00000, 0x00000000e9c00000, 0x00000000e9d00000|  0%| F|  |TAMS 0x00000000e9c00000| PB 0x00000000e9c00000| Untracked 
| 157|0x00000000e9d00000, 0x00000000e9d00000, 0x00000000e9e00000|  0%| F|  |TAMS 0x00000000e9d00000| PB 0x00000000e9d00000| Untracked 
| 158|0x00000000e9e00000, 0x00000000e9e00000, 0x00000000e9f00000|  0%| F|  |TAMS 0x00000000e9e00000| PB 0x00000000e9e00000| Untracked 
| 159|0x00000000e9f00000, 0x00000000e9f00000, 0x00000000ea000000|  0%| F|  |TAMS 0x00000000e9f00000| PB 0x00000000e9f00000| Untracked 
| 160|0x00000000ea000000, 0x00000000ea000000, 0x00000000ea100000|  0%| F|  |TAMS 0x00000000ea000000| PB 0x00000000ea000000| Untracked 
| 161|0x00000000ea100000, 0x00000000ea100000, 0x00000000ea200000|  0%| F|  |TAMS 0x00000000ea100000| PB 0x00000000ea100000| Untracked 
| 162|0x00000000ea200000, 0x00000000ea200000, 0x00000000ea300000|  0%| F|  |TAMS 0x00000000ea200000| PB 0x00000000ea200000| Untracked 
| 163|0x00000000ea300000, 0x00000000ea300000, 0x00000000ea400000|  0%| F|  |TAMS 0x00000000ea300000| PB 0x00000000ea300000| Untracked 
| 164|0x00000000ea400000, 0x00000000ea400000, 0x00000000ea500000|  0%| F|  |TAMS 0x00000000ea400000| PB 0x00000000ea400000| Untracked 
| 165|0x00000000ea500000, 0x00000000ea500000, 0x00000000ea600000|  0%| F|  |TAMS 0x00000000ea500000| PB 0x00000000ea500000| Untracked 
| 166|0x00000000ea600000, 0x00000000ea600000, 0x00000000ea700000|  0%| F|  |TAMS 0x00000000ea600000| PB 0x00000000ea600000| Untracked 
| 167|0x00000000ea700000, 0x00000000ea700000, 0x00000000ea800000|  0%| F|  |TAMS 0x00000000ea700000| PB 0x00000000ea700000| Untracked 
| 168|0x00000000ea800000, 0x00000000ea800000, 0x00000000ea900000|  0%| F|  |TAMS 0x00000000ea800000| PB 0x00000000ea800000| Untracked 
| 169|0x00000000ea900000, 0x00000000ea900000, 0x00000000eaa00000|  0%| F|  |TAMS 0x00000000ea900000| PB 0x00000000ea900000| Untracked 
| 170|0x00000000eaa00000, 0x00000000eaa00000, 0x00000000eab00000|  0%| F|  |TAMS 0x00000000eaa00000| PB 0x00000000eaa00000| Untracked 
| 171|0x00000000eab00000, 0x00000000eab00000, 0x00000000eac00000|  0%| F|  |TAMS 0x00000000eab00000| PB 0x00000000eab00000| Untracked 
| 172|0x00000000eac00000, 0x00000000eac00000, 0x00000000ead00000|  0%| F|  |TAMS 0x00000000eac00000| PB 0x00000000eac00000| Untracked 
| 173|0x00000000ead00000, 0x00000000ead00000, 0x00000000eae00000|  0%| F|  |TAMS 0x00000000ead00000| PB 0x00000000ead00000| Untracked 
| 174|0x00000000eae00000, 0x00000000eae00000, 0x00000000eaf00000|  0%| F|  |TAMS 0x00000000eae00000| PB 0x00000000eae00000| Untracked 
| 175|0x00000000eaf00000, 0x00000000eaf00000, 0x00000000eb000000|  0%| F|  |TAMS 0x00000000eaf00000| PB 0x00000000eaf00000| Untracked 
| 176|0x00000000eb000000, 0x00000000eb000000, 0x00000000eb100000|  0%| F|  |TAMS 0x00000000eb000000| PB 0x00000000eb000000| Untracked 
| 177|0x00000000eb100000, 0x00000000eb100000, 0x00000000eb200000|  0%| F|  |TAMS 0x00000000eb100000| PB 0x00000000eb100000| Untracked 
| 178|0x00000000eb200000, 0x00000000eb200000, 0x00000000eb300000|  0%| F|  |TAMS 0x00000000eb200000| PB 0x00000000eb200000| Untracked 
| 179|0x00000000eb300000, 0x00000000eb300000, 0x00000000eb400000|  0%| F|  |TAMS 0x00000000eb300000| PB 0x00000000eb300000| Untracked 
| 180|0x00000000eb400000, 0x00000000eb400000, 0x00000000eb500000|  0%| F|  |TAMS 0x00000000eb400000| PB 0x00000000eb400000| Untracked 
| 181|0x00000000eb500000, 0x00000000eb500000, 0x00000000eb600000|  0%| F|  |TAMS 0x00000000eb500000| PB 0x00000000eb500000| Untracked 
| 182|0x00000000eb600000, 0x00000000eb600000, 0x00000000eb700000|  0%| F|  |TAMS 0x00000000eb600000| PB 0x00000000eb600000| Untracked 
| 183|0x00000000eb700000, 0x00000000eb700000, 0x00000000eb800000|  0%| F|  |TAMS 0x00000000eb700000| PB 0x00000000eb700000| Untracked 
| 184|0x00000000eb800000, 0x00000000eb800000, 0x00000000eb900000|  0%| F|  |TAMS 0x00000000eb800000| PB 0x00000000eb800000| Untracked 
| 185|0x00000000eb900000, 0x00000000eb900000, 0x00000000eba00000|  0%| F|  |TAMS 0x00000000eb900000| PB 0x00000000eb900000| Untracked 
| 186|0x00000000eba00000, 0x00000000eba00000, 0x00000000ebb00000|  0%| F|  |TAMS 0x00000000eba00000| PB 0x00000000eba00000| Untracked 
| 187|0x00000000ebb00000, 0x00000000ebb00000, 0x00000000ebc00000|  0%| F|  |TAMS 0x00000000ebb00000| PB 0x00000000ebb00000| Untracked 
| 188|0x00000000ebc00000, 0x00000000ebc00000, 0x00000000ebd00000|  0%| F|  |TAMS 0x00000000ebc00000| PB 0x00000000ebc00000| Untracked 
| 189|0x00000000ebd00000, 0x00000000ebd00000, 0x00000000ebe00000|  0%| F|  |TAMS 0x00000000ebd00000| PB 0x00000000ebd00000| Untracked 
| 190|0x00000000ebe00000, 0x00000000ebe00000, 0x00000000ebf00000|  0%| F|  |TAMS 0x00000000ebe00000| PB 0x00000000ebe00000| Untracked 
| 191|0x00000000ebf00000, 0x00000000ebf00000, 0x00000000ec000000|  0%| F|  |TAMS 0x00000000ebf00000| PB 0x00000000ebf00000| Untracked 
| 192|0x00000000ec000000, 0x00000000ec000000, 0x00000000ec100000|  0%| F|  |TAMS 0x00000000ec000000| PB 0x00000000ec000000| Untracked 
| 193|0x00000000ec100000, 0x00000000ec100000, 0x00000000ec200000|  0%| F|  |TAMS 0x00000000ec100000| PB 0x00000000ec100000| Untracked 
| 194|0x00000000ec200000, 0x00000000ec200000, 0x00000000ec300000|  0%| F|  |TAMS 0x00000000ec200000| PB 0x00000000ec200000| Untracked 
| 195|0x00000000ec300000, 0x00000000ec300000, 0x00000000ec400000|  0%| F|  |TAMS 0x00000000ec300000| PB 0x00000000ec300000| Untracked 
| 196|0x00000000ec400000, 0x00000000ec400000, 0x00000000ec500000|  0%| F|  |TAMS 0x00000000ec400000| PB 0x00000000ec400000| Untracked 
| 197|0x00000000ec500000, 0x00000000ec500000, 0x00000000ec600000|  0%| F|  |TAMS 0x00000000ec500000| PB 0x00000000ec500000| Untracked 
| 198|0x00000000ec600000, 0x00000000ec600000, 0x00000000ec700000|  0%| F|  |TAMS 0x00000000ec600000| PB 0x00000000ec600000| Untracked 
| 199|0x00000000ec700000, 0x00000000ec700000, 0x00000000ec800000|  0%| F|  |TAMS 0x00000000ec700000| PB 0x00000000ec700000| Untracked 
| 200|0x00000000ec800000, 0x00000000ec800000, 0x00000000ec900000|  0%| F|  |TAMS 0x00000000ec800000| PB 0x00000000ec800000| Untracked 
| 201|0x00000000ec900000, 0x00000000ec900000, 0x00000000eca00000|  0%| F|  |TAMS 0x00000000ec900000| PB 0x00000000ec900000| Untracked 
| 202|0x00000000eca00000, 0x00000000eca00000, 0x00000000ecb00000|  0%| F|  |TAMS 0x00000000eca00000| PB 0x00000000eca00000| Untracked 
| 203|0x00000000ecb00000, 0x00000000ecb00000, 0x00000000ecc00000|  0%| F|  |TAMS 0x00000000ecb00000| PB 0x00000000ecb00000| Untracked 
| 204|0x00000000ecc00000, 0x00000000ecc00000, 0x00000000ecd00000|  0%| F|  |TAMS 0x00000000ecc00000| PB 0x00000000ecc00000| Untracked 
| 205|0x00000000ecd00000, 0x00000000ecd95530, 0x00000000ece00000| 58%| E|  |TAMS 0x00000000ecd00000| PB 0x00000000ecd00000| Complete 
| 206|0x00000000ece00000, 0x00000000ecf00000, 0x00000000ecf00000|100%| E|CS|TAMS 0x00000000ece00000| PB 0x00000000ece00000| Complete 
| 207|0x00000000ecf00000, 0x00000000ed000000, 0x00000000ed000000|100%| E|CS|TAMS 0x00000000ecf00000| PB 0x00000000ecf00000| Complete 
| 208|0x00000000ed000000, 0x00000000ed100000, 0x00000000ed100000|100%| E|CS|TAMS 0x00000000ed000000| PB 0x00000000ed000000| Complete 
| 209|0x00000000ed100000, 0x00000000ed200000, 0x00000000ed200000|100%| E|CS|TAMS 0x00000000ed100000| PB 0x00000000ed100000| Complete 
| 210|0x00000000ed200000, 0x00000000ed300000, 0x00000000ed300000|100%| E|CS|TAMS 0x00000000ed200000| PB 0x00000000ed200000| Complete 
| 211|0x00000000ed300000, 0x00000000ed400000, 0x00000000ed400000|100%| E|CS|TAMS 0x00000000ed300000| PB 0x00000000ed300000| Complete 
| 212|0x00000000ed400000, 0x00000000ed500000, 0x00000000ed500000|100%| E|CS|TAMS 0x00000000ed400000| PB 0x00000000ed400000| Complete 
| 213|0x00000000ed500000, 0x00000000ed600000, 0x00000000ed600000|100%| E|CS|TAMS 0x00000000ed500000| PB 0x00000000ed500000| Complete 
| 214|0x00000000ed600000, 0x00000000ed700000, 0x00000000ed700000|100%| E|CS|TAMS 0x00000000ed600000| PB 0x00000000ed600000| Complete 
| 215|0x00000000ed700000, 0x00000000ed800000, 0x00000000ed800000|100%| E|CS|TAMS 0x00000000ed700000| PB 0x00000000ed700000| Complete 
| 216|0x00000000ed800000, 0x00000000ed900000, 0x00000000ed900000|100%| E|CS|TAMS 0x00000000ed800000| PB 0x00000000ed800000| Complete 
| 217|0x00000000ed900000, 0x00000000eda00000, 0x00000000eda00000|100%| E|CS|TAMS 0x00000000ed900000| PB 0x00000000ed900000| Complete 
| 218|0x00000000eda00000, 0x00000000edb00000, 0x00000000edb00000|100%| E|CS|TAMS 0x00000000eda00000| PB 0x00000000eda00000| Complete 
| 219|0x00000000edb00000, 0x00000000edc00000, 0x00000000edc00000|100%| E|CS|TAMS 0x00000000edb00000| PB 0x00000000edb00000| Complete 
| 220|0x00000000edc00000, 0x00000000edd00000, 0x00000000edd00000|100%| E|CS|TAMS 0x00000000edc00000| PB 0x00000000edc00000| Complete 
| 221|0x00000000edd00000, 0x00000000ede00000, 0x00000000ede00000|100%| E|CS|TAMS 0x00000000edd00000| PB 0x00000000edd00000| Complete 
| 222|0x00000000ede00000, 0x00000000edf00000, 0x00000000edf00000|100%| E|CS|TAMS 0x00000000ede00000| PB 0x00000000ede00000| Complete 
| 223|0x00000000edf00000, 0x00000000ee000000, 0x00000000ee000000|100%| E|CS|TAMS 0x00000000edf00000| PB 0x00000000edf00000| Complete 
| 224|0x00000000ee000000, 0x00000000ee100000, 0x00000000ee100000|100%| E|CS|TAMS 0x00000000ee000000| PB 0x00000000ee000000| Complete 
| 225|0x00000000ee100000, 0x00000000ee200000, 0x00000000ee200000|100%| E|CS|TAMS 0x00000000ee100000| PB 0x00000000ee100000| Complete 
| 226|0x00000000ee200000, 0x00000000ee300000, 0x00000000ee300000|100%| E|CS|TAMS 0x00000000ee200000| PB 0x00000000ee200000| Complete 
| 227|0x00000000ee300000, 0x00000000ee400000, 0x00000000ee400000|100%| E|CS|TAMS 0x00000000ee300000| PB 0x00000000ee300000| Complete 
| 228|0x00000000ee400000, 0x00000000ee500000, 0x00000000ee500000|100%| E|CS|TAMS 0x00000000ee400000| PB 0x00000000ee400000| Complete 
| 229|0x00000000ee500000, 0x00000000ee600000, 0x00000000ee600000|100%| E|CS|TAMS 0x00000000ee500000| PB 0x00000000ee500000| Complete 
| 230|0x00000000ee600000, 0x00000000ee700000, 0x00000000ee700000|100%| E|CS|TAMS 0x00000000ee600000| PB 0x00000000ee600000| Complete 
| 231|0x00000000ee700000, 0x00000000ee800000, 0x00000000ee800000|100%| E|CS|TAMS 0x00000000ee700000| PB 0x00000000ee700000| Complete 
| 232|0x00000000ee800000, 0x00000000ee900000, 0x00000000ee900000|100%| E|  |TAMS 0x00000000ee800000| PB 0x00000000ee800000| Complete 
| 233|0x00000000ee900000, 0x00000000eea00000, 0x00000000eea00000|100%| E|CS|TAMS 0x00000000ee900000| PB 0x00000000ee900000| Complete 
| 234|0x00000000eea00000, 0x00000000eeb00000, 0x00000000eeb00000|100%| E|CS|TAMS 0x00000000eea00000| PB 0x00000000eea00000| Complete 
| 235|0x00000000eeb00000, 0x00000000eec00000, 0x00000000eec00000|100%| E|CS|TAMS 0x00000000eeb00000| PB 0x00000000eeb00000| Complete 
| 236|0x00000000eec00000, 0x00000000eed00000, 0x00000000eed00000|100%| E|CS|TAMS 0x00000000eec00000| PB 0x00000000eec00000| Complete 
| 237|0x00000000eed00000, 0x00000000eee00000, 0x00000000eee00000|100%| E|CS|TAMS 0x00000000eed00000| PB 0x00000000eed00000| Complete 
| 238|0x00000000eee00000, 0x00000000eef00000, 0x00000000eef00000|100%| E|CS|TAMS 0x00000000eee00000| PB 0x00000000eee00000| Complete 
| 239|0x00000000eef00000, 0x00000000ef000000, 0x00000000ef000000|100%| E|CS|TAMS 0x00000000eef00000| PB 0x00000000eef00000| Complete 
| 240|0x00000000ef000000, 0x00000000ef100000, 0x00000000ef100000|100%| E|CS|TAMS 0x00000000ef000000| PB 0x00000000ef000000| Complete 
| 241|0x00000000ef100000, 0x00000000ef200000, 0x00000000ef200000|100%| E|CS|TAMS 0x00000000ef100000| PB 0x00000000ef100000| Complete 
| 242|0x00000000ef200000, 0x00000000ef300000, 0x00000000ef300000|100%| E|CS|TAMS 0x00000000ef200000| PB 0x00000000ef200000| Complete 
| 243|0x00000000ef300000, 0x00000000ef400000, 0x00000000ef400000|100%| E|CS|TAMS 0x00000000ef300000| PB 0x00000000ef300000| Complete 
| 244|0x00000000ef400000, 0x00000000ef500000, 0x00000000ef500000|100%| E|CS|TAMS 0x00000000ef400000| PB 0x00000000ef400000| Complete 
| 245|0x00000000ef500000, 0x00000000ef600000, 0x00000000ef600000|100%| E|CS|TAMS 0x00000000ef500000| PB 0x00000000ef500000| Complete 
| 246|0x00000000ef600000, 0x00000000ef700000, 0x00000000ef700000|100%| E|CS|TAMS 0x00000000ef600000| PB 0x00000000ef600000| Complete 
| 247|0x00000000ef700000, 0x00000000ef800000, 0x00000000ef800000|100%| E|CS|TAMS 0x00000000ef700000| PB 0x00000000ef700000| Complete 
| 248|0x00000000ef800000, 0x00000000ef900000, 0x00000000ef900000|100%| E|CS|TAMS 0x00000000ef800000| PB 0x00000000ef800000| Complete 
| 249|0x00000000ef900000, 0x00000000efa00000, 0x00000000efa00000|100%| E|CS|TAMS 0x00000000ef900000| PB 0x00000000ef900000| Complete 
| 250|0x00000000efa00000, 0x00000000efb00000, 0x00000000efb00000|100%| E|CS|TAMS 0x00000000efa00000| PB 0x00000000efa00000| Complete 
| 251|0x00000000efb00000, 0x00000000efc00000, 0x00000000efc00000|100%| E|CS|TAMS 0x00000000efb00000| PB 0x00000000efb00000| Complete 
| 252|0x00000000efc00000, 0x00000000efc69ba0, 0x00000000efd00000| 41%| S|CS|TAMS 0x00000000efc00000| PB 0x00000000efc00000| Complete 
| 253|0x00000000efd00000, 0x00000000efe00000, 0x00000000efe00000|100%| S|CS|TAMS 0x00000000efd00000| PB 0x00000000efd00000| Complete 
| 254|0x00000000efe00000, 0x00000000eff00000, 0x00000000eff00000|100%| S|CS|TAMS 0x00000000efe00000| PB 0x00000000efe00000| Complete 
| 255|0x00000000eff00000, 0x00000000f0000000, 0x00000000f0000000|100%| E|CS|TAMS 0x00000000eff00000| PB 0x00000000eff00000| Complete 

Card table byte_map: [0x000001f997b60000,0x000001f997c60000] _byte_map_base: 0x000001f997460000

Marking Bits: (CMBitMap*) 0x000001f98340b990
 Bits: [0x000001f997c60000, 0x000001f998460000)

Polling page: 0x000001f987fb0000

Metaspace:

Usage:
  Non-class:     46.39 MB used.
      Class:      7.78 MB used.
       Both:     54.17 MB used.

Virtual space:
  Non-class space:       64.00 MB reserved,      47.25 MB ( 74%) committed,  1 nodes.
      Class space:      320.00 MB reserved,       8.62 MB (  3%) committed,  1 nodes.
             Both:      384.00 MB reserved,      55.88 MB ( 15%) committed. 

Chunk freelists:
   Non-Class:  608.00 KB
       Class:  7.20 MB
        Both:  7.80 MB

MaxMetaspaceSize: 384.00 MB
CompressedClassSpaceSize: 320.00 MB
Initial GC threshold: 21.00 MB
Current GC threshold: 59.81 MB
CDS: on
 - commit_granule_bytes: 65536.
 - commit_granule_words: 8192.
 - virtual_space_node_default_size: 8388608.
 - enlarge_chunks_in_place: 1.
 - use_allocation_guard: 0.


Internal statistics:

num_allocs_failed_limit: 14.
num_arena_births: 2960.
num_arena_deaths: 0.
num_vsnodes_births: 2.
num_vsnodes_deaths: 0.
num_space_committed: 894.
num_space_uncommitted: 0.
num_chunks_returned_to_freelist: 14.
num_chunks_taken_from_freelist: 5525.
num_chunk_merges: 14.
num_chunk_splits: 3587.
num_chunks_enlarged: 2222.
num_inconsistent_stats: 0.

CodeHeap 'non-profiled nmethods': size=120000Kb used=4886Kb max_used=4886Kb free=115113Kb
 bounds [0x000001f98faa0000, 0x000001f98ff70000, 0x000001f996fd0000]
CodeHeap 'profiled nmethods': size=120000Kb used=14860Kb max_used=14860Kb free=105139Kb
 bounds [0x000001f987fd0000, 0x000001f988e60000, 0x000001f98f500000]
CodeHeap 'non-nmethods': size=5760Kb used=2608Kb max_used=2626Kb free=3151Kb
 bounds [0x000001f98f500000, 0x000001f98f7a0000, 0x000001f98faa0000]
CodeCache: size=245760Kb, used=22354Kb, max_used=22372Kb, free=223403Kb
 total_blobs=8512, nmethods=7634, adapters=782, full_count=0
Compilation: enabled, stopped_count=0, restarted_count=0

Compilation events (20 events):
Event: 303.989 Thread 0x000001f9b407b450 8168       3       org.gradle.internal.file.RandomAccessFileInputStream::<init> (10 bytes)
Event: 303.989 Thread 0x000001f9b407b450 nmethod 8168 0x000001f988e4e310 code [0x000001f988e4e4c0, 0x000001f988e4e6e0]
Event: 304.114 Thread 0x000001f9b407b450 8170       1       java.io.InputStream::available (2 bytes)
Event: 304.114 Thread 0x000001f9b407b450 nmethod 8170 0x000001f98ff64390 code [0x000001f98ff64520, 0x000001f98ff645e8]
Event: 304.123 Thread 0x000001f9b407b450 8171       1       org.gradle.internal.operations.BuildOperationDescriptor::getTotalProgress (5 bytes)
Event: 304.124 Thread 0x000001f9b407b450 nmethod 8171 0x000001f98ff64690 code [0x000001f98ff64820, 0x000001f98ff648e8]
Event: 304.124 Thread 0x000001f9b407b450 8172       1       org.gradle.internal.operations.BuildOperationCategory::isTopLevelWorkItem (5 bytes)
Event: 304.124 Thread 0x000001f9b407b450 nmethod 8172 0x000001f98ff64990 code [0x000001f98ff64b20, 0x000001f98ff64bf0]
Event: 304.130 Thread 0x000001f9b407b450 8173       1       org.gradle.internal.operations.BuildOperationDescriptor::getMetadata (5 bytes)
Event: 304.131 Thread 0x000001f9b407b450 nmethod 8173 0x000001f98ff64c90 code [0x000001f98ff64e20, 0x000001f98ff64ee8]
Event: 304.134 Thread 0x000001f9b407b450 8174       1       org.gradle.internal.operations.BuildOperationState::getDescription (5 bytes)
Event: 304.134 Thread 0x000001f9b407b450 nmethod 8174 0x000001f98ff64f90 code [0x000001f98ff65120, 0x000001f98ff651e8]
Event: 304.134 Thread 0x000001f9b407b450 8175       1       org.gradle.internal.operations.BuildOperationDescriptor::getProgressDisplayName (5 bytes)
Event: 304.134 Thread 0x000001f9b407b450 nmethod 8175 0x000001f98ff65290 code [0x000001f98ff65420, 0x000001f98ff654e8]
Event: 304.151 Thread 0x000001f9b407b450 8176       3       java.util.concurrent.atomic.AtomicBoolean::set (14 bytes)
Event: 304.151 Thread 0x000001f9b407b450 nmethod 8176 0x000001f988e4e810 code [0x000001f988e4e9a0, 0x000001f988e4eb08]
Event: 304.180 Thread 0x000001f9b407b450 8177       3       org.gradle.internal.logging.progress.DefaultProgressLoggerFactory$ProgressLoggerImpl::ensureNotNull (11 bytes)
Event: 304.181 Thread 0x000001f9b407b450 nmethod 8177 0x000001f988e4eb90 code [0x000001f988e4ed40, 0x000001f988e4ee98]
Event: 304.181 Thread 0x000001f9b407b450 8178       3       org.gradle.internal.operations.DefaultBuildOperationRunner::assertParentRunning (47 bytes)
Event: 304.670 Thread 0x000001f9b407b450 nmethod 8178 0x000001f988e4ef10 code [0x000001f988e4f1c0, 0x000001f988e50048]

GC Heap History (18 events):
Event: 7.460 GC heap before
{Heap before GC invocations=0 (full 0):
 garbage-first heap   total 262144K, used 26624K [0x00000000e0000000, 0x0000000100000000)
  region size 1024K, 23 young (23552K), 0 survivors (0K)
 Metaspace       used 1124K, committed 1280K, reserved 393216K
  class space    used 80K, committed 128K, reserved 327680K
}
Event: 7.529 GC heap after
{Heap after GC invocations=1 (full 0):
 garbage-first heap   total 262144K, used 9983K [0x00000000e0000000, 0x0000000100000000)
  region size 1024K, 3 young (3072K), 3 survivors (3072K)
 Metaspace       used 1124K, committed 1280K, reserved 393216K
  class space    used 80K, committed 128K, reserved 327680K
}
Event: 13.245 GC heap before
{Heap before GC invocations=1 (full 0):
 garbage-first heap   total 262144K, used 39679K [0x00000000e0000000, 0x0000000100000000)
  region size 1024K, 33 young (33792K), 3 survivors (3072K)
 Metaspace       used 4308K, committed 4480K, reserved 393216K
  class space    used 544K, committed 640K, reserved 327680K
}
Event: 13.256 GC heap after
{Heap after GC invocations=2 (full 0):
 garbage-first heap   total 262144K, used 12351K [0x00000000e0000000, 0x0000000100000000)
  region size 1024K, 2 young (2048K), 2 survivors (2048K)
 Metaspace       used 4308K, committed 4480K, reserved 393216K
  class space    used 544K, committed 640K, reserved 327680K
}
Event: 23.703 GC heap before
{Heap before GC invocations=2 (full 0):
 garbage-first heap   total 262144K, used 75839K [0x00000000e0000000, 0x0000000100000000)
  region size 1024K, 62 young (63488K), 2 survivors (2048K)
 Metaspace       used 10384K, committed 10688K, reserved 393216K
  class space    used 1412K, committed 1536K, reserved 327680K
}
Event: 23.712 GC heap after
{Heap after GC invocations=3 (full 0):
 garbage-first heap   total 262144K, used 20776K [0x00000000e0000000, 0x0000000100000000)
  region size 1024K, 8 young (8192K), 8 survivors (8192K)
 Metaspace       used 10384K, committed 10688K, reserved 393216K
  class space    used 1412K, committed 1536K, reserved 327680K
}
Event: 44.132 GC heap before
{Heap before GC invocations=3 (full 0):
 garbage-first heap   total 262144K, used 89384K [0x00000000e0000000, 0x0000000100000000)
  region size 1024K, 76 young (77824K), 8 survivors (8192K)
 Metaspace       used 20871K, committed 21504K, reserved 393216K
  class space    used 3069K, committed 3392K, reserved 327680K
}
Event: 44.144 GC heap after
{Heap after GC invocations=4 (full 0):
 garbage-first heap   total 262144K, used 26146K [0x00000000e0000000, 0x0000000100000000)
  region size 1024K, 14 young (14336K), 14 survivors (14336K)
 Metaspace       used 20871K, committed 21504K, reserved 393216K
  class space    used 3069K, committed 3392K, reserved 327680K
}
Event: 88.813 GC heap before
{Heap before GC invocations=5 (full 0):
 garbage-first heap   total 262144K, used 156194K [0x00000000e0000000, 0x0000000100000000)
  region size 1024K, 143 young (146432K), 14 survivors (14336K)
 Metaspace       used 34771K, committed 35968K, reserved 393216K
  class space    used 5228K, committed 5824K, reserved 327680K
}
Event: 88.839 GC heap after
{Heap after GC invocations=6 (full 0):
 garbage-first heap   total 262144K, used 34682K [0x00000000e0000000, 0x0000000100000000)
  region size 1024K, 14 young (14336K), 14 survivors (14336K)
 Metaspace       used 34771K, committed 35968K, reserved 393216K
  class space    used 5228K, committed 5824K, reserved 327680K
}
Event: 95.720 GC heap before
{Heap before GC invocations=6 (full 0):
 garbage-first heap   total 262144K, used 177018K [0x00000000e0000000, 0x0000000100000000)
  region size 1024K, 153 young (156672K), 14 survivors (14336K)
 Metaspace       used 34974K, committed 36160K, reserved 393216K
  class space    used 5246K, committed 5824K, reserved 327680K
}
Event: 95.935 GC heap after
{Heap after GC invocations=7 (full 0):
 garbage-first heap   total 262144K, used 41546K [0x00000000e0000000, 0x0000000100000000)
  region size 1024K, 16 young (16384K), 16 survivors (16384K)
 Metaspace       used 34974K, committed 36160K, reserved 393216K
  class space    used 5246K, committed 5824K, reserved 327680K
}
Event: 96.228 GC heap before
{Heap before GC invocations=7 (full 0):
 garbage-first heap   total 262144K, used 48714K [0x00000000e0000000, 0x0000000100000000)
  region size 1024K, 24 young (24576K), 16 survivors (16384K)
 Metaspace       used 35114K, committed 36288K, reserved 393216K
  class space    used 5269K, committed 5888K, reserved 327680K
}
Event: 96.446 GC heap after
{Heap after GC invocations=8 (full 0):
 garbage-first heap   total 262144K, used 41388K [0x00000000e0000000, 0x0000000100000000)
  region size 1024K, 9 young (9216K), 9 survivors (9216K)
 Metaspace       used 35114K, committed 36288K, reserved 393216K
  class space    used 5269K, committed 5888K, reserved 327680K
}
Event: 251.213 GC heap before
{Heap before GC invocations=9 (full 0):
 garbage-first heap   total 262144K, used 196012K [0x00000000e0000000, 0x0000000100000000)
  region size 1024K, 153 young (156672K), 9 survivors (9216K)
 Metaspace       used 51126K, committed 52736K, reserved 393216K
  class space    used 7309K, committed 8128K, reserved 327680K
}
Event: 251.488 GC heap after
{Heap after GC invocations=10 (full 0):
 garbage-first heap   total 262144K, used 53248K [0x00000000e0000000, 0x0000000100000000)
  region size 1024K, 20 young (20480K), 20 survivors (20480K)
 Metaspace       used 51126K, committed 52736K, reserved 393216K
  class space    used 7309K, committed 8128K, reserved 327680K
}
Event: 251.576 GC heap before
{Heap before GC invocations=10 (full 0):
 garbage-first heap   total 262144K, used 54272K [0x00000000e0000000, 0x0000000100000000)
  region size 1024K, 21 young (21504K), 20 survivors (20480K)
 Metaspace       used 51211K, committed 52800K, reserved 393216K
  class space    used 7327K, committed 8128K, reserved 327680K
}
Event: 251.600 GC heap after
{Heap after GC invocations=11 (full 0):
 garbage-first heap   total 262144K, used 56045K [0x00000000e0000000, 0x0000000100000000)
  region size 1024K, 3 young (3072K), 3 survivors (3072K)
 Metaspace       used 51211K, committed 52800K, reserved 393216K
  class space    used 7327K, committed 8128K, reserved 327680K
}

Dll operation events (20 events):
Event: 3.456 Attempting to load shared library C:\Users\NAGARAJU\.antigravity-ide\extensions\redhat.java-1.56.0-win32-x64\jre\21.0.12.1-win32-x86_64\bin\nio.dll
Event: 3.457 Loaded shared library C:\Users\NAGARAJU\.antigravity-ide\extensions\redhat.java-1.56.0-win32-x64\jre\21.0.12.1-win32-x86_64\bin\nio.dll
Event: 3.511 Attempting to load shared library C:\Users\NAGARAJU\.antigravity-ide\extensions\redhat.java-1.56.0-win32-x64\jre\21.0.12.1-win32-x86_64\bin\zip.dll
Event: 3.511 Loaded shared library C:\Users\NAGARAJU\.antigravity-ide\extensions\redhat.java-1.56.0-win32-x64\jre\21.0.12.1-win32-x86_64\bin\zip.dll
Event: 5.374 Attempting to load shared library C:\Users\NAGARAJU\.antigravity-ide\extensions\redhat.java-1.56.0-win32-x64\jre\21.0.12.1-win32-x86_64\bin\jimage.dll
Event: 5.374 Loaded shared library C:\Users\NAGARAJU\.antigravity-ide\extensions\redhat.java-1.56.0-win32-x64\jre\21.0.12.1-win32-x86_64\bin\jimage.dll
Event: 7.658 Attempting to load shared library C:\Users\NAGARAJU\.antigravity-ide\extensions\redhat.java-1.56.0-win32-x64\jre\21.0.12.1-win32-x86_64\bin\verify.dll
Event: 7.714 Loaded shared library C:\Users\NAGARAJU\.antigravity-ide\extensions\redhat.java-1.56.0-win32-x64\jre\21.0.12.1-win32-x86_64\bin\verify.dll
Event: 9.412 Attempting to load shared library C:\Users\NAGARAJU\.gradle\native\c067742578af261105cb4f569cf0c3c89f3d7b1fecec35dd04571415982c5e48\windows-amd64\native-platform.dll
Event: 9.413 Loaded shared library C:\Users\NAGARAJU\.gradle\native\c067742578af261105cb4f569cf0c3c89f3d7b1fecec35dd04571415982c5e48\windows-amd64\native-platform.dll
Event: 9.420 Attempting to load shared library C:\Users\NAGARAJU\.gradle\native\100fb08df4bc3b14c8652ba06237920a3bd2aa13389f12d3474272988ae205f9\windows-amd64\native-platform-file-events.dll
Event: 9.422 Loaded shared library C:\Users\NAGARAJU\.gradle\native\100fb08df4bc3b14c8652ba06237920a3bd2aa13389f12d3474272988ae205f9\windows-amd64\native-platform-file-events.dll
Event: 18.758 Attempting to load shared library C:\Users\NAGARAJU\.antigravity-ide\extensions\redhat.java-1.56.0-win32-x64\jre\21.0.12.1-win32-x86_64\bin\management.dll
Event: 18.763 Loaded shared library C:\Users\NAGARAJU\.antigravity-ide\extensions\redhat.java-1.56.0-win32-x64\jre\21.0.12.1-win32-x86_64\bin\management.dll
Event: 18.776 Attempting to load shared library C:\Users\NAGARAJU\.antigravity-ide\extensions\redhat.java-1.56.0-win32-x64\jre\21.0.12.1-win32-x86_64\bin\management_ext.dll
Event: 18.782 Loaded shared library C:\Users\NAGARAJU\.antigravity-ide\extensions\redhat.java-1.56.0-win32-x64\jre\21.0.12.1-win32-x86_64\bin\management_ext.dll
Event: 20.724 Attempting to load shared library C:\Users\NAGARAJU\.antigravity-ide\extensions\redhat.java-1.56.0-win32-x64\jre\21.0.12.1-win32-x86_64\bin\extnet.dll
Event: 20.726 Loaded shared library C:\Users\NAGARAJU\.antigravity-ide\extensions\redhat.java-1.56.0-win32-x64\jre\21.0.12.1-win32-x86_64\bin\extnet.dll
Event: 22.879 Attempting to load shared library C:\Users\NAGARAJU\.antigravity-ide\extensions\redhat.java-1.56.0-win32-x64\jre\21.0.12.1-win32-x86_64\bin\sunmscapi.dll
Event: 22.888 Loaded shared library C:\Users\NAGARAJU\.antigravity-ide\extensions\redhat.java-1.56.0-win32-x64\jre\21.0.12.1-win32-x86_64\bin\sunmscapi.dll

Deoptimization events (20 events):
Event: 301.791 Thread 0x000001f9b6da8230 Uncommon trap: trap_request=0xffffff54 fr.pc=0x000001f98fbff790 relative=0x0000000000005810
Event: 301.791 Thread 0x000001f9b6dab020 Uncommon trap: trap_request=0xffffff54 fr.pc=0x000001f98fbff790 relative=0x0000000000005810
Event: 301.791 Thread 0x000001f9b6daeb30 Uncommon trap: trap_request=0xffffff54 fr.pc=0x000001f98fbff790 relative=0x0000000000005810
Event: 301.791 Thread 0x000001f9b6da7ba0 Uncommon trap: reason=speculate_null_assert action=make_not_entrant pc=0x000001f98fbff790 method=jdk.internal.util.ReferencedKeyMap.existingKey(Ljdk/internal/util/ReferencedKeyMap;Ljava/lang/Object;)Ljava/lang/Object; @ 18 c2
Event: 301.791 Thread 0x000001f9b6da8230 Uncommon trap: reason=speculate_null_assert action=make_not_entrant pc=0x000001f98fbff790 method=jdk.internal.util.ReferencedKeyMap.existingKey(Ljdk/internal/util/ReferencedKeyMap;Ljava/lang/Object;)Ljava/lang/Object; @ 18 c2
Event: 301.791 Thread 0x000001f9b6daeb30 Uncommon trap: reason=speculate_null_assert action=make_not_entrant pc=0x000001f98fbff790 method=jdk.internal.util.ReferencedKeyMap.existingKey(Ljdk/internal/util/ReferencedKeyMap;Ljava/lang/Object;)Ljava/lang/Object; @ 18 c2
Event: 301.791 Thread 0x000001f9b6dab020 Uncommon trap: reason=speculate_null_assert action=make_not_entrant pc=0x000001f98fbff790 method=jdk.internal.util.ReferencedKeyMap.existingKey(Ljdk/internal/util/ReferencedKeyMap;Ljava/lang/Object;)Ljava/lang/Object; @ 18 c2
Event: 301.791 Thread 0x000001f9b6dab6b0 Uncommon trap: reason=speculate_null_assert action=make_not_entrant pc=0x000001f98fbff790 method=jdk.internal.util.ReferencedKeyMap.existingKey(Ljdk/internal/util/ReferencedKeyMap;Ljava/lang/Object;)Ljava/lang/Object; @ 18 c2
Event: 301.792 Thread 0x000001f9b6da8230 DEOPT PACKING pc=0x000001f98fbff790 sp=0x0000004ad21fca90
Event: 301.792 Thread 0x000001f9b6da7ba0 DEOPT PACKING pc=0x000001f98fbff790 sp=0x0000004ad26fcbe0
Event: 301.792 Thread 0x000001f9b6daeb30 DEOPT PACKING pc=0x000001f98fbff790 sp=0x0000004ad2dfcd10
Event: 301.792 Thread 0x000001f9b6dab020 DEOPT PACKING pc=0x000001f98fbff790 sp=0x0000004ad3cf6650
Event: 301.792 Thread 0x000001f9b6dab6b0 DEOPT PACKING pc=0x000001f98fbff790 sp=0x0000004ad36fc820
Event: 301.792 Thread 0x000001f9b6da8230 DEOPT UNPACKING pc=0x000001f98f554422 sp=0x0000004ad21fc970 mode 2
Event: 301.792 Thread 0x000001f9b6da7ba0 DEOPT UNPACKING pc=0x000001f98f554422 sp=0x0000004ad26fcac0 mode 2
Event: 301.792 Thread 0x000001f9b6dab020 DEOPT UNPACKING pc=0x000001f98f554422 sp=0x0000004ad3cf6530 mode 2
Event: 301.792 Thread 0x000001f9b6dab6b0 DEOPT UNPACKING pc=0x000001f98f554422 sp=0x0000004ad36fc700 mode 2
Event: 301.792 Thread 0x000001f9b6daeb30 DEOPT UNPACKING pc=0x000001f98f554422 sp=0x0000004ad2dfcbf0 mode 2
Event: 303.101 Thread 0x000001f9b6dab6b0 DEOPT PACKING pc=0x000001f9884efc46 sp=0x0000004ad36fd760
Event: 303.102 Thread 0x000001f9b6dab6b0 DEOPT UNPACKING pc=0x000001f98f554bc2 sp=0x0000004ad36fcce0 mode 0

Classes loaded (20 events):
Event: 131.819 Loading class java/io/ObjectStreamClass$5
Event: 131.819 Loading class java/io/ObjectStreamClass$5 done
Event: 131.946 Loading class java/net/UrlDeserializedState
Event: 131.946 Loading class java/net/UrlDeserializedState done
Event: 131.967 Loading class java/net/Proxy
Event: 131.967 Loading class java/net/Proxy done
Event: 132.030 Loading class java/util/concurrent/CompletableFuture$AsyncRun
Event: 132.031 Loading class java/util/concurrent/CompletableFuture$AsyncRun done
Event: 223.758 Loading class jdk/internal/math/FormattedFPDecimal
Event: 224.038 Loading class jdk/internal/math/FormattedFPDecimal done
Event: 230.549 Loading class sun/nio/cs/ISO_8859_1$Encoder
Event: 230.612 Loading class sun/nio/cs/ISO_8859_1$Encoder done
Event: 230.614 Loading class sun/nio/cs/Surrogate$Parser
Event: 230.628 Loading class sun/nio/cs/Surrogate$Parser done
Event: 230.629 Loading class sun/nio/cs/Surrogate
Event: 230.693 Loading class sun/nio/cs/Surrogate done
Event: 263.637 Loading class java/io/DeleteOnExitHook
Event: 263.638 Loading class java/io/DeleteOnExitHook done
Event: 263.638 Loading class java/io/DeleteOnExitHook$1
Event: 263.639 Loading class java/io/DeleteOnExitHook$1 done

Classes unloaded (0 events):
No events

Classes redefined (0 events):
No events

Internal exceptions (20 events):
Event: 255.034 Thread 0x000001f9b6dab020 Exception <a 'java/lang/NoSuchMethodError'{0x00000000ef7b0808}: 'java.lang.Object java.lang.invoke.DirectMethodHandle$Holder.newInvokeSpecial(java.lang.Object, java.lang.Object, java.lang.Object, long)'> (0x00000000ef7b0808) 
thrown [s\src\hotspot\share\interpreter\linkResolver.cpp, line 773]
Event: 255.035 Thread 0x000001f9b6dab020 Exception <a 'java/lang/NoSuchMethodError'{0x00000000ef7b5838}: 'java.lang.Object java.lang.invoke.DirectMethodHandle$Holder.invokeSpecial(java.lang.Object, java.lang.Object, java.lang.Object, java.lang.Object, long)'> (0x00000000ef7b5838) 
thrown [s\src\hotspot\share\interpreter\linkResolver.cpp, line 773]
Event: 255.036 Thread 0x000001f9b6dab020 Exception <a 'java/lang/NoSuchMethodError'{0x00000000ef7b9f58}: 'java.lang.Object java.lang.invoke.Invokers$Holder.linkToTargetMethod(java.lang.Object, java.lang.Object, long, java.lang.Object)'> (0x00000000ef7b9f58) 
thrown [s\src\hotspot\share\interpreter\linkResolver.cpp, line 773]
Event: 255.421 Thread 0x000001f9b6dab020 Exception <a 'java/lang/NoSuchMethodError'{0x00000000ef5d5df0}: 'java.lang.Object java.lang.invoke.DirectMethodHandle$Holder.newInvokeSpecial(java.lang.Object, java.lang.Object, java.lang.Object, java.lang.Object, java.lang.Object, java.lang.Object, java.lang.Object, java.lang.Object, java.lang.Object, java.lang.Object, java.lang.Object, java.lang.Object, java.lang.Object, java.lang.Object, java.lang.Object, java.lang.Object, java.lang.Object, java.lang.Object, java.lang.Object, java.lang.Object, java.lang
Event: 255.424 Thread 0x000001f9b6dab020 Exception <a 'java/lang/NoSuchMethodError'{0x00000000ef5ddea0}: 'java.lang.Object java.lang.invoke.DirectMethodHandle$Holder.invokeSpecial(java.lang.Object, java.lang.Object, java.lang.Object, java.lang.Object, java.lang.Object, java.lang.Object, java.lang.Object, java.lang.Object, java.lang.Object, java.lang.Object, java.lang.Object, java.lang.Object, java.lang.Object, java.lang.Object, java.lang.Object, java.lang.Object, java.lang.Object, java.lang.Object, java.lang.Object, java.lang.Object, java.lang.Ob
Event: 255.425 Thread 0x000001f9b6dab020 Exception <a 'java/lang/NoSuchMethodError'{0x00000000ef5e4690}: 'java.lang.Object java.lang.invoke.DelegatingMethodHandle$Holder.reinvoke_L(java.lang.Object, java.lang.Object, java.lang.Object, java.lang.Object, java.lang.Object, java.lang.Object, java.lang.Object, java.lang.Object, java.lang.Object, java.lang.Object, java.lang.Object, java.lang.Object, java.lang.Object, java.lang.Object, java.lang.Object, java.lang.Object, java.lang.Object, java.lang.Object, java.lang.Object, java.lang.Object, java.lang.O
Event: 255.791 Thread 0x000001f9b6dab020 Exception <a 'java/lang/ClassNotFoundException'{0x00000000ef158228}: groovy/lang/GString$1BeanInfo> (0x00000000ef158228) 
thrown [s\src\hotspot\share\classfile\systemDictionary.cpp, line 313]
Event: 255.843 Thread 0x000001f9b6dab020 Exception <a 'java/lang/ClassNotFoundException'{0x00000000ef168da0}: groovy/lang/GStringBeanInfo> (0x00000000ef168da0) 
thrown [s\src\hotspot\share\classfile\systemDictionary.cpp, line 313]
Event: 255.851 Thread 0x000001f9b6dab020 Exception <a 'java/lang/ClassNotFoundException'{0x00000000ef179588}: groovy/lang/GStringCustomizer> (0x00000000ef179588) 
thrown [s\src\hotspot\share\classfile\systemDictionary.cpp, line 313]
Event: 255.867 Thread 0x000001f9b6dab020 Exception <a 'java/lang/ClassNotFoundException'{0x00000000ef1960d8}: groovy/lang/GString$1Customizer> (0x00000000ef1960d8) 
thrown [s\src\hotspot\share\classfile\systemDictionary.cpp, line 313]
Event: 255.903 Thread 0x000001f9b6dab020 Exception <a 'java/lang/ClassNotFoundException'{0x00000000ef09c358}: org/codehaus/groovy/runtime/GStringImplBeanInfo> (0x00000000ef09c358) 
thrown [s\src\hotspot\share\classfile\systemDictionary.cpp, line 313]
Event: 255.909 Thread 0x000001f9b6dab020 Exception <a 'java/lang/ClassNotFoundException'{0x00000000ef0ad3c8}: org/codehaus/groovy/runtime/GStringImplCustomizer> (0x00000000ef0ad3c8) 
thrown [s\src\hotspot\share\classfile\systemDictionary.cpp, line 313]
Event: 255.982 Thread 0x000001f9b6dab020 Exception <a 'java/lang/ClassNotFoundException'{0x00000000eef15e00}: org/gradle/api/internal/artifacts/dsl/dependencies/DefaultDependencyHandler_DecoratedBeanInfo> (0x00000000eef15e00) 
thrown [s\src\hotspot\share\classfile\systemDictionary.cpp, line 313]
Event: 255.985 Thread 0x000001f9b6dab020 Exception <a 'java/lang/ClassNotFoundException'{0x00000000eef29da0}: org/gradle/api/internal/artifacts/dsl/dependencies/DefaultDependencyHandlerBeanInfo> (0x00000000eef29da0) 
thrown [s\src\hotspot\share\classfile\systemDictionary.cpp, line 313]
Event: 255.994 Thread 0x000001f9b6dab020 Exception <a 'java/lang/ClassNotFoundException'{0x00000000eef3dab0}: org/gradle/api/internal/artifacts/dsl/dependencies/DefaultDependencyHandlerCustomizer> (0x00000000eef3dab0) 
thrown [s\src\hotspot\share\classfile\systemDictionary.cpp, line 313]
Event: 256.018 Thread 0x000001f9b6dab020 Exception <a 'java/lang/ClassNotFoundException'{0x00000000eef95318}: org/gradle/api/internal/artifacts/dsl/dependencies/DefaultDependencyHandler_DecoratedCustomizer> (0x00000000eef95318) 
thrown [s\src\hotspot\share\classfile\systemDictionary.cpp, line 313]
Event: 263.040 Thread 0x000001f9b6dab020 Exception <a 'java/lang/NoSuchMethodError'{0x00000000ee533eb8}: 'java.lang.Object java.lang.invoke.DirectMethodHandle$Holder.invokeSpecial(java.lang.Object, java.lang.Object, long, java.lang.Object, java.lang.Object)'> (0x00000000ee533eb8) 
thrown [s\src\hotspot\share\interpreter\linkResolver.cpp, line 773]
Event: 267.189 Thread 0x000001f9b6dab020 Exception <a 'java/lang/NoSuchMethodError'{0x00000000ee0fbf28}: 'int java.lang.invoke.DirectMethodHandle$Holder.invokeSpecialIFC(java.lang.Object, java.lang.Object, java.lang.Object)'> (0x00000000ee0fbf28) 
thrown [s\src\hotspot\share\interpreter\linkResolver.cpp, line 773]
Event: 293.306 Thread 0x000001f9b6dab020 Exception <a 'java/lang/NoSuchMethodError'{0x00000000ed3c9f88}: 'java.lang.Object java.lang.invoke.DirectMethodHandle$Holder.invokeSpecial(java.lang.Object, java.lang.Object, java.lang.Object, java.lang.Object, java.lang.Object, long)'> (0x00000000ed3c9f88) 
thrown [s\src\hotspot\share\interpreter\linkResolver.cpp, line 773]
Event: 293.713 Thread 0x000001f9b6dab020 Exception <a 'java/lang/NoSuchMethodError'{0x00000000ed3f3268}: 'void java.lang.invoke.DirectMethodHandle$Holder.invokeStatic(java.lang.Object, java.lang.Object, java.lang.Object, int, java.lang.Object)'> (0x00000000ed3f3268) 
thrown [s\src\hotspot\share\interpreter\linkResolver.cpp, line 773]

ZGC Phase Switch (0 events):
No events

VM Operations (20 events):
Event: 294.108 Executing safepoint VM operation: Cleanup done
Event: 296.866 Executing non-safepoint VM operation: HandshakeAllThreads (Deoptimize)
Event: 296.866 Executing non-safepoint VM operation: HandshakeAllThreads (Deoptimize) done
Event: 296.866 Executing safepoint VM operation: Cleanup
Event: 296.866 Executing safepoint VM operation: Cleanup done
Event: 297.874 Executing safepoint VM operation: Cleanup
Event: 297.905 Executing safepoint VM operation: Cleanup done
Event: 298.908 Executing safepoint VM operation: Cleanup
Event: 298.924 Executing safepoint VM operation: Cleanup done
Event: 299.938 Executing safepoint VM operation: Cleanup
Event: 300.015 Executing safepoint VM operation: Cleanup done
Event: 301.006 Executing non-safepoint VM operation: HandshakeAllThreads (HandshakeForDeflation)
Event: 301.030 Executing non-safepoint VM operation: HandshakeAllThreads (HandshakeForDeflation) done
Event: 301.031 Executing non-safepoint VM operation: RendezvousGCThreads
Event: 301.031 Executing non-safepoint VM operation: RendezvousGCThreads done
Event: 302.043 Executing safepoint VM operation: Cleanup
Event: 302.384 Executing safepoint VM operation: Cleanup done
Event: 303.389 Executing safepoint VM operation: Cleanup
Event: 303.419 Executing safepoint VM operation: Cleanup done
Event: 304.422 Executing safepoint VM operation: Cleanup

Memory protections (0 events):
No events

Nmethod flushes (20 events):
Event: 97.653 Thread 0x000001f99af00360 flushing  nmethod 0x000001f98817eb10
Event: 97.653 Thread 0x000001f99af00360 flushing  nmethod 0x000001f98817f490
Event: 97.653 Thread 0x000001f99af00360 flushing  nmethod 0x000001f988181510
Event: 97.653 Thread 0x000001f99af00360 flushing  nmethod 0x000001f988186990
Event: 97.653 Thread 0x000001f99af00360 flushing  nmethod 0x000001f988188110
Event: 97.653 Thread 0x000001f99af00360 flushing  nmethod 0x000001f988189b90
Event: 97.653 Thread 0x000001f99af00360 flushing  nmethod 0x000001f9881f6010
Event: 97.653 Thread 0x000001f99af00360 flushing  nmethod 0x000001f9881f6e90
Event: 97.653 Thread 0x000001f99af00360 flushing  nmethod 0x000001f9881f9590
Event: 97.653 Thread 0x000001f99af00360 flushing  nmethod 0x000001f9881f9f90
Event: 97.653 Thread 0x000001f99af00360 flushing  nmethod 0x000001f9881fdc90
Event: 97.671 Thread 0x000001f99af00360 flushing  nmethod 0x000001f988200090
Event: 97.671 Thread 0x000001f99af00360 flushing  nmethod 0x000001f988202110
Event: 97.671 Thread 0x000001f99af00360 flushing  nmethod 0x000001f988205090
Event: 97.671 Thread 0x000001f99af00360 flushing  nmethod 0x000001f9882b2690
Event: 97.671 Thread 0x000001f99af00360 flushing  nmethod 0x000001f9882b4190
Event: 97.671 Thread 0x000001f99af00360 flushing  nmethod 0x000001f9882b8710
Event: 97.671 Thread 0x000001f99af00360 flushing  nmethod 0x000001f9882c6010
Event: 97.671 Thread 0x000001f99af00360 flushing  nmethod 0x000001f9882c6910
Event: 97.671 Thread 0x000001f99af00360 flushing  nmethod 0x000001f9883eae10

Events (20 events):
Event: 233.092 Thread 0x000001f9b6dab020 Thread added: 0x000001f9b6daca60
Event: 235.247 Thread 0x000001f9b6dab020 Thread added: 0x000001f9b6dad0f0
Event: 239.198 Thread 0x000001f9b6dab020 Thread added: 0x000001f9b6dade10
Event: 282.707 Thread 0x000001f9b612a2e0 Thread exited: 0x000001f9b612a2e0
Event: 282.712 Thread 0x000001f9b6128210 Thread exited: 0x000001f9b6128210
Event: 282.745 Thread 0x000001f9b612d0d0 Thread exited: 0x000001f9b612d0d0
Event: 282.859 Thread 0x000001f9b4a940e0 Thread exited: 0x000001f9b4a940e0
Event: 282.865 Thread 0x000001f9b6128f30 Thread exited: 0x000001f9b6128f30
Event: 283.597 Thread 0x000001f9b6dabd40 Thread exited: 0x000001f9b6dabd40
Event: 283.636 Thread 0x000001f9b6da8230 Thread exited: 0x000001f9b6da8230
Event: 283.666 Thread 0x000001f9b6da7ba0 Thread exited: 0x000001f9b6da7ba0
Event: 283.688 Thread 0x000001f9b6dab6b0 Thread exited: 0x000001f9b6dab6b0
Event: 283.697 Thread 0x000001f9b6da88c0 Thread exited: 0x000001f9b6da88c0
Event: 301.397 Thread 0x000001f9b6dab020 Thread added: 0x000001f9b6da88c0
Event: 301.399 Thread 0x000001f9b6dab020 Thread added: 0x000001f9b6da8230
Event: 301.419 Thread 0x000001f9b6dab020 Thread added: 0x000001f9b6da7ba0
Event: 301.421 Thread 0x000001f9b6dab020 Thread added: 0x000001f9b6daeb30
Event: 301.427 Thread 0x000001f9b6dab020 Thread added: 0x000001f9b6dab6b0
Event: 301.433 Thread 0x000001f9b6dab020 Thread added: 0x000001f9b6dabd40
Event: 301.433 Thread 0x000001f9b6dab020 Thread added: 0x000001f9b6128210


Dynamic libraries:
0x00007ff6aa6f0000 - 0x00007ff6aa6fe000 	C:\Users\NAGARAJU\.antigravity-ide\extensions\redhat.java-1.56.0-win32-x64\jre\21.0.12.1-win32-x86_64\bin\java.exe
0x00007ff8fb240000 - 0x00007ff8fb4a6000 	C:\WINDOWS\SYSTEM32\ntdll.dll
0x00007ff8fa310000 - 0x00007ff8fa3d9000 	C:\WINDOWS\System32\KERNEL32.DLL
0x00007ff8f8530000 - 0x00007ff8f892f000 	C:\WINDOWS\System32\KERNELBASE.dll
0x00007ff8f8e10000 - 0x00007ff8f8f5c000 	C:\WINDOWS\System32\ucrtbase.dll
0x00007ff8e9d90000 - 0x00007ff8e9da8000 	C:\Users\NAGARAJU\.antigravity-ide\extensions\redhat.java-1.56.0-win32-x64\jre\21.0.12.1-win32-x86_64\bin\jli.dll
0x00007ff8f9240000 - 0x00007ff8f9406000 	C:\WINDOWS\System32\USER32.dll
0x00007ff8f8450000 - 0x00007ff8f8477000 	C:\WINDOWS\System32\win32u.dll
0x00007ff8f3200000 - 0x00007ff8f321e000 	C:\Users\NAGARAJU\.antigravity-ide\extensions\redhat.java-1.56.0-win32-x64\jre\21.0.12.1-win32-x86_64\bin\VCRUNTIME140.dll
0x00007ff8fa2e0000 - 0x00007ff8fa30b000 	C:\WINDOWS\System32\GDI32.dll
0x00007ff8f8ad0000 - 0x00007ff8f8bf9000 	C:\WINDOWS\System32\gdi32full.dll
0x00007ff8f8480000 - 0x00007ff8f8523000 	C:\WINDOWS\System32\msvcp_win.dll
0x00007ff8e1270000 - 0x00007ff8e1501000 	C:\WINDOWS\WinSxS\amd64_microsoft.windows.common-controls_6595b64144ccf1df_6.0.26100.8972_none_3e0da176e32f9d4b\COMCTL32.dll
0x00007ff8fa7b0000 - 0x00007ff8fa859000 	C:\WINDOWS\System32\msvcrt.dll
0x00007ff8fb0f0000 - 0x00007ff8fb122000 	C:\WINDOWS\System32\IMM32.DLL
0x00007ff8f31a0000 - 0x00007ff8f31ac000 	C:\Users\NAGARAJU\.antigravity-ide\extensions\redhat.java-1.56.0-win32-x64\jre\21.0.12.1-win32-x86_64\bin\vcruntime140_1.dll
0x00007ff8db580000 - 0x00007ff8db60d000 	C:\Users\NAGARAJU\.antigravity-ide\extensions\redhat.java-1.56.0-win32-x64\jre\21.0.12.1-win32-x86_64\bin\msvcp140.dll
0x00007ff809720000 - 0x00007ff80a4c2000 	C:\Users\NAGARAJU\.antigravity-ide\extensions\redhat.java-1.56.0-win32-x64\jre\21.0.12.1-win32-x86_64\bin\server\jvm.dll
0x00007ff8fb130000 - 0x00007ff8fb1ec000 	C:\WINDOWS\System32\ADVAPI32.dll
0x00007ff8fb040000 - 0x00007ff8fb0ea000 	C:\WINDOWS\System32\sechost.dll
0x00007ff8f8f70000 - 0x00007ff8f9088000 	C:\WINDOWS\System32\RPCRT4.dll
0x00007ff8fa250000 - 0x00007ff8fa2d2000 	C:\WINDOWS\System32\WS2_32.dll
0x00007ff8f82b0000 - 0x00007ff8f830e000 	C:\WINDOWS\SYSTEM32\POWRPROF.dll
0x00007ff8f1dc0000 - 0x00007ff8f1df6000 	C:\WINDOWS\SYSTEM32\WINMM.dll
0x00007ff8f1e00000 - 0x00007ff8f1e0b000 	C:\WINDOWS\SYSTEM32\VERSION.dll
0x00007ff8f8290000 - 0x00007ff8f82a5000 	C:\WINDOWS\SYSTEM32\UMPDC.dll
0x00007ff8f7140000 - 0x00007ff8f715b000 	C:\WINDOWS\SYSTEM32\kernel.appcore.dll
0x00007ff8dcb50000 - 0x00007ff8dcb5a000 	C:\Users\NAGARAJU\.antigravity-ide\extensions\redhat.java-1.56.0-win32-x64\jre\21.0.12.1-win32-x86_64\bin\jimage.dll
0x00007ff8ec240000 - 0x00007ff8ec482000 	C:\WINDOWS\SYSTEM32\DBGHELP.DLL
0x00007ff8f9ec0000 - 0x00007ff8fa245000 	C:\WINDOWS\System32\combase.dll
0x00007ff8fa9f0000 - 0x00007ff8faac9000 	C:\WINDOWS\System32\OLEAUT32.dll
0x00007ff8dc630000 - 0x00007ff8dc66b000 	C:\WINDOWS\SYSTEM32\dbgcore.DLL
0x00007ff8f8cc0000 - 0x00007ff8f8d6c000 	C:\WINDOWS\System32\bcryptPrimitives.dll
0x00007ff8dcb40000 - 0x00007ff8dcb4f000 	C:\Users\NAGARAJU\.antigravity-ide\extensions\redhat.java-1.56.0-win32-x64\jre\21.0.12.1-win32-x86_64\bin\instrument.dll
0x00007ff8dcb00000 - 0x00007ff8dcb20000 	C:\Users\NAGARAJU\.antigravity-ide\extensions\redhat.java-1.56.0-win32-x64\jre\21.0.12.1-win32-x86_64\bin\java.dll
0x00007ff8f9730000 - 0x00007ff8f9eb8000 	C:\WINDOWS\System32\SHELL32.dll
0x00007ff8f5f20000 - 0x00007ff8f67bb000 	C:\WINDOWS\SYSTEM32\windows.storage.dll
0x00007ff8f95d0000 - 0x00007ff8f96c9000 	C:\WINDOWS\System32\SHCORE.dll
0x00007ff8fa690000 - 0x00007ff8fa6f6000 	C:\WINDOWS\System32\shlwapi.dll
0x00007ff8f8370000 - 0x00007ff8f8399000 	C:\WINDOWS\SYSTEM32\profapi.dll
0x00007ff8db620000 - 0x00007ff8db638000 	C:\Users\NAGARAJU\.antigravity-ide\extensions\redhat.java-1.56.0-win32-x64\jre\21.0.12.1-win32-x86_64\bin\zip.dll
0x00007ff8dc0f0000 - 0x00007ff8dc100000 	C:\Users\NAGARAJU\.antigravity-ide\extensions\redhat.java-1.56.0-win32-x64\jre\21.0.12.1-win32-x86_64\bin\net.dll
0x00007ff8ee090000 - 0x00007ff8ee1b8000 	C:\WINDOWS\SYSTEM32\WINHTTP.dll
0x00007ff8f76f0000 - 0x00007ff8f775c000 	C:\WINDOWS\system32\mswsock.dll
0x00007ff8dcb20000 - 0x00007ff8dcb36000 	C:\Users\NAGARAJU\.antigravity-ide\extensions\redhat.java-1.56.0-win32-x64\jre\21.0.12.1-win32-x86_64\bin\nio.dll
0x00007ff8dc120000 - 0x00007ff8dc130000 	C:\Users\NAGARAJU\.antigravity-ide\extensions\redhat.java-1.56.0-win32-x64\jre\21.0.12.1-win32-x86_64\bin\verify.dll
0x00007ff8db4a0000 - 0x00007ff8db4c7000 	C:\Users\NAGARAJU\.gradle\native\c067742578af261105cb4f569cf0c3c89f3d7b1fecec35dd04571415982c5e48\windows-amd64\native-platform.dll
0x00007ff871a60000 - 0x00007ff871ba4000 	C:\Users\NAGARAJU\.gradle\native\100fb08df4bc3b14c8652ba06237920a3bd2aa13389f12d3474272988ae205f9\windows-amd64\native-platform-file-events.dll
0x00007ff8f3230000 - 0x00007ff8f323a000 	C:\Users\NAGARAJU\.antigravity-ide\extensions\redhat.java-1.56.0-win32-x64\jre\21.0.12.1-win32-x86_64\bin\management.dll
0x00007ff8dc0b0000 - 0x00007ff8dc0bc000 	C:\Users\NAGARAJU\.antigravity-ide\extensions\redhat.java-1.56.0-win32-x64\jre\21.0.12.1-win32-x86_64\bin\management_ext.dll
0x00007ff8fa3e0000 - 0x00007ff8fa3e8000 	C:\WINDOWS\System32\PSAPI.DLL
0x00007ff8f79e0000 - 0x00007ff8f79fb000 	C:\WINDOWS\SYSTEM32\CRYPTSP.dll
0x00007ff8f70a0000 - 0x00007ff8f70d9000 	C:\WINDOWS\system32\rsaenh.dll
0x00007ff8f77a0000 - 0x00007ff8f77d2000 	C:\WINDOWS\SYSTEM32\USERENV.dll
0x00007ff8f8340000 - 0x00007ff8f836a000 	C:\WINDOWS\SYSTEM32\bcrypt.dll
0x00007ff8f7a00000 - 0x00007ff8f7a0c000 	C:\WINDOWS\SYSTEM32\CRYPTBASE.dll
0x00007ff8f6af0000 - 0x00007ff8f6b23000 	C:\WINDOWS\SYSTEM32\IPHLPAPI.DLL
0x00007ff8f9090000 - 0x00007ff8f909a000 	C:\WINDOWS\System32\NSI.dll
0x00007ff8dc100000 - 0x00007ff8dc109000 	C:\Users\NAGARAJU\.antigravity-ide\extensions\redhat.java-1.56.0-win32-x64\jre\21.0.12.1-win32-x86_64\bin\extnet.dll
0x00007ff8dc110000 - 0x00007ff8dc11e000 	C:\Users\NAGARAJU\.antigravity-ide\extensions\redhat.java-1.56.0-win32-x64\jre\21.0.12.1-win32-x86_64\bin\sunmscapi.dll
0x00007ff8f8940000 - 0x00007ff8f8abe000 	C:\WINDOWS\System32\CRYPT32.dll
0x00007ff8f7c20000 - 0x00007ff8f7c50000 	C:\WINDOWS\SYSTEM32\ncrypt.dll
0x00007ff8f7bd0000 - 0x00007ff8f7c0f000 	C:\WINDOWS\SYSTEM32\NTASN1.dll
0x00007ff8c7b30000 - 0x00007ff8c7b38000 	C:\WINDOWS\system32\wshunix.dll

JVMTI agents:
C:\Users\NAGARAJU\.gradle\wrapper\dists\gradle-8.9-bin\90cnw93cvbtalezasaz0blq0a\gradle-8.9\lib\agents\gradle-instrumentation-agent-8.9.jar path:C:\Users\NAGARAJU\.antigravity-ide\extensions\redhat.java-1.56.0-win32-x64\jre\21.0.12.1-win32-x86_64\bin\instrument.dll, loaded, initialized, instrumentlib options:none

dbghelp: loaded successfully - version: 4.0.5 - missing functions: none
symbol engine: initialized successfully - sym options: 0x614 - pdb path: .;C:\Users\NAGARAJU\.antigravity-ide\extensions\redhat.java-1.56.0-win32-x64\jre\21.0.12.1-win32-x86_64\bin;C:\WINDOWS\SYSTEM32;C:\WINDOWS\WinSxS\amd64_microsoft.windows.common-controls_6595b64144ccf1df_6.0.26100.8972_none_3e0da176e32f9d4b;C:\Users\NAGARAJU\.antigravity-ide\extensions\redhat.java-1.56.0-win32-x64\jre\21.0.12.1-win32-x86_64\bin\server;C:\Users\NAGARAJU\.gradle\native\c067742578af261105cb4f569cf0c3c89f3d7b1fecec35dd04571415982c5e48\windows-amd64;C:\Users\NAGARAJU\.gradle\native\100fb08df4bc3b14c8652ba06237920a3bd2aa13389f12d3474272988ae205f9\windows-amd64

VM Arguments:
jvm_args: --add-opens=java.base/java.util=ALL-UNNAMED --add-opens=java.base/java.lang=ALL-UNNAMED --add-opens=java.base/java.lang.invoke=ALL-UNNAMED --add-opens=java.prefs/java.util.prefs=ALL-UNNAMED --add-exports=jdk.compiler/com.sun.tools.javac.api=ALL-UNNAMED --add-exports=jdk.compiler/com.sun.tools.javac.util=ALL-UNNAMED --add-opens=java.base/java.nio.charset=ALL-UNNAMED --add-opens=java.base/java.net=ALL-UNNAMED --add-opens=java.base/java.util.concurrent.atomic=ALL-UNNAMED -XX:MaxMetaspaceSize=384m -XX:+HeapDumpOnOutOfMemoryError -Xms256m -Xmx512m -Dfile.encoding=utf8 -Duser.country=IN -Duser.language=en -Duser.variant -javaagent:C:\Users\NAGARAJU\.gradle\wrapper\dists\gradle-8.9-bin\90cnw93cvbtalezasaz0blq0a\gradle-8.9\lib\agents\gradle-instrumentation-agent-8.9.jar 
java_command: org.gradle.launcher.daemon.bootstrap.GradleDaemon 8.9
java_class_path (initial): C:\Users\NAGARAJU\.gradle\wrapper\dists\gradle-8.9-bin\90cnw93cvbtalezasaz0blq0a\gradle-8.9\lib\gradle-daemon-main-8.9.jar
Launcher Type: SUN_STANDARD

[Global flags]
     intx CICompilerCount                          = 4                                         {product} {ergonomic}
   size_t CompressedClassSpaceSize                 = 335544320                                 {product} {ergonomic}
     uint ConcGCThreads                            = 2                                         {product} {ergonomic}
     uint G1ConcRefinementThreads                  = 8                                         {product} {ergonomic}
   size_t G1HeapRegionSize                         = 1048576                                   {product} {ergonomic}
    uintx GCDrainStackTargetSize                   = 64                                        {product} {ergonomic}
     bool HeapDumpOnOutOfMemoryError               = true                                   {manageable} {command line}
   size_t InitialHeapSize                          = 268435456                                 {product} {command line}
   size_t MarkStackSize                            = 4194304                                   {product} {ergonomic}
   size_t MaxHeapSize                              = 536870912                                 {product} {command line}
   size_t MaxMetaspaceSize                         = 402653184                                 {product} {command line}
   size_t MaxNewSize                               = 321912832                                 {product} {ergonomic}
   size_t MinHeapDeltaBytes                        = 1048576                                   {product} {ergonomic}
   size_t MinHeapSize                              = 268435456                                 {product} {command line}
    uintx NonNMethodCodeHeapSize                   = 5839372                                {pd product} {ergonomic}
    uintx NonProfiledCodeHeapSize                  = 122909434                              {pd product} {ergonomic}
    uintx ProfiledCodeHeapSize                     = 122909434                              {pd product} {ergonomic}
    uintx ReservedCodeCacheSize                    = 251658240                              {pd product} {ergonomic}
     bool SegmentedCodeCache                       = true                                      {product} {ergonomic}
   size_t SoftMaxHeapSize                          = 536870912                              {manageable} {ergonomic}
     bool UseCompressedOops                        = true                           {product lp64_product} {ergonomic}
     bool UseG1GC                                  = true                                      {product} {ergonomic}
     bool UseLargePagesIndividualAllocation        = false                                  {pd product} {ergonomic}

Logging:
Log output configuration:
 #0: stdout all=warning uptime,level,tags foldmultilines=false
 #1: stderr all=off uptime,level,tags foldmultilines=false

Release file:
JAVA_VERSION="21.0.12.1" 
MODULES="java.base java.compiler java.datatransfer java.xml java.prefs java.desktop java.instrument java.logging java.management java.security.sasl java.naming java.rmi java.management.rmi java.net.http java.scripting java.security.jgss java.transaction.xa java.sql java.sql.rowset java.xml.crypto java.se java.smartcardio jdk.accessibility jdk.internal.jvmstat jdk.attach jdk.charsets jdk.internal.opt jdk.zipfs jdk.compiler jdk.crypto.ec jdk.crypto.cryptoki jdk.crypto.mscapi jdk.dynalink jdk.internal.ed jdk.editpad jdk.hotspot.agent jdk.httpserver jdk.internal.le jdk.internal.vm.ci jdk.internal.vm.compiler jdk.internal.vm.compiler.management jdk.jartool jdk.javadoc jdk.jcmd jdk.management jdk.management.agent jdk.jconsole jdk.jdeps jdk.jdwp.agent jdk.jdi jdk.jfr jdk.jshell jdk.jsobject jdk.jstatd jdk.localedata jdk.management.jfr jdk.naming.dns jdk.naming.rmi jdk.net jdk.nio.mapmode jdk.random jdk.sctp jdk.security.auth jdk.security.jgss jdk.unsupported jdk.unsupported.desktop jdk.xml.dom" 

Environment Variables:
JAVA_HOME=C:\Program Files\Eclipse Adoptium\jdk-21.0.11.10-hotspot
PATH=C:\Program Files\Eclipse Adoptium\jdk-21.0.11.10-hotspot\bin;C:\Program Files\Eclipse Adoptium\jdk-11.0.26.4-hotspot\bin;C:\Program Files\Eclipse Adoptium\jdk-17.0.14.7-hotspot\bin;C:\Program Files\Java\jdk-17\bin;C:\Program Files\nodejs;E:\Android\Sdk\platform-tools;E:\Android\Sdk\emulator;E:\Android\Sdk\cmdline-tools\latest\bin;C:\Users\NAGARAJU\AppData\Local\Android\Sdk\platform-tools;C:\Users\NAGARAJU\AppData\Local\Android\Sdk\emulator;C:\Users\NAGARAJU\AppData\Local\Android\Sdk\cmdline-tools\latest\bin;C:\Program Files\Eclipse Adoptium\jdk-21.0.11.10-hotspot\bin;C:\Program Files\Eclipse Adoptium\jdk-11.0.26.4-hotspot\bin;C:\Program Files\Eclipse Adoptium\jdk-17.0.14.7-hotspot\bin;C:\Program Files\Java\jdk-17\bin;C:\Program Files\nodejs;E:\Android\Sdk\platform-tools;E:\Android\Sdk\emulator;E:\Android\Sdk\cmdline-tools\latest\bin;C:\Users\NAGARAJU\AppData\Local\Android\Sdk\platform-tools;C:\Users\NAGARAJU\AppData\Local\Android\Sdk\emulator;C:\Users\NAGARAJU\AppData\Local\Android\Sdk\cmdline-tools\latest\bin;C:\Program Files\Eclipse Adoptium\jdk-21.0.11.10-hotspot\bin;C:\Program Files\Eclipse Adoptium\jdk-11.0.26.4-hotspot\bin;C:\Program Files\Eclipse Adoptium\jdk-17.0.14.7-hotspot\bin;C:\Program Files\Java\jdk-17\bin;C:\Program Files\nodejs;E:\Android\Sdk\platform-tools;E:\Android\Sdk\emulator;E:\Android\Sdk\cmdline-tools\latest\bin;C:\Users\NAGARAJU\AppData\Local\Android\Sdk\platform-tools;C:\Users\NAGARAJU\AppData\Local\Android\Sdk\emulator;C:\Users\NAGARAJU\AppData\Local\Android\Sdk\cmdline-tools\latest\bin;C:\WINDOWS\System32;C:\ProgramData\chocolatey\bin;C:\Program Files\nodejs\;C:\Program Files\Git\cmd;C:\Windows\System32;C:\Windows\System32\WindowsPowerShell\v1.0;C:\Windows\System32\OpenSSH;C:\Windows\System32\WindowsPowerShell\v1.0\;C:\Users\NAGARAJU\Downloads\stripe_1.30.0_windows_x86_64;C:\WINDOWS\system32;C:\WINDOWS;C:\WINDOWS\System32\Wbem;C:\WINDOWS\System32\WindowsPowerShell\v1.0\;C:\WINDOWS\System32\OpenSSH\;C:\ProgramData\chocolatey\bin;C:\Program Files\nodejs\;C:\Program Files\Git\cmd;C:\Windows\System32;C:\Windows\System32\WindowsPowerShell\v1.0;C:\Windows\System32\OpenSSH;C:\Windows\System32\WindowsPowerShell\v1.0\;C:\Users\NAGARAJU\Downloads\stripe_1.30.0_windows_x86_64;C:\WINDOWS\system32;C:\WINDOWS;C:\WINDOWS\System32\Wbem;C:\WINDOWS\System32\WindowsPowerShell\v1.0\;C:\WINDOWS\System32\OpenSSH\;C:\ProgramData\chocolatey\bin;C:\Program Files\nodejs\;C:\Program Files\Git\cmd;C:\Windows\System32;C:\Windows\System32\WindowsPowerShell\v1.0;C:\Windows\System32\OpenSSH;C:\Windows\System32\WindowsPowerShell\v1.0\;C:\Users\NAGARAJU\Downloads\stripe_1.30.0_windows_x86_64;C:\WINDOWS\system32;C:\WINDOWS;C:\WINDOWS\System32\Wbem;C:\WINDOWS\System32\WindowsPowerShell\v1.0\;C:\WINDOWS\System32\OpenSSH\;C:\Program Files\Eclipse Adoptium\jdk-21.0.11.10-hotspot\bin;C:\Program Files\Eclipse Adoptium\jdk-11.0.26.4-hotspot\bin;C:\Program Files\Eclipse Adoptium\jdk-17.0.14.7-hotspot\bin;C:\Program Files\Java\jdk-17\bin;C:\Program Files\nodejs;E:\Android\Sdk\platform-tools;E:\Android\Sdk\emulator;E:\Android\Sdk\cmdline-tools\latest\bin;C:\Users\NAGARAJU\AppData\Local\Android\Sdk\platform-tools;C:\Users\NAGARAJU\AppData\Local\Android\Sdk\emulator;C:\Users\NAGARAJU\AppData\Local\Android\Sdk\cmdline-tools\latest\bin;C:\Program Files\Eclipse Adoptium\jdk-21.0.11.10-hotspot\bin;C:\Program Files\Eclipse Adoptium\jdk-11.0.26.4-hotspot\bin;C:\Program Files\Eclipse Adoptium\jdk-17.0.14.7-hotspot\bin;C:\Program Files\Java\jdk-17\bin;C:\Program Files\nodejs;E:\Android\Sdk\platform-tools;E:\Android\Sdk\emulator;E:\Android\Sdk\cmdline-tools\latest\bin;C:\Users\NAGARAJU\AppData\Local\Android\Sdk\platform-tools;C:\Users\NAGARAJU\AppData\Local\Android\Sdk\emulator;C:\Users\NAGARAJU\AppData\Local\Android\Sdk\cmdline-tools\latest\bin;C:\Program Files\Eclipse Adoptium\jdk-21.0.11.10-hotspot\bin;C:\Program Files\Eclipse Adoptium\jdk-11.0.26.4-hotspot\bin;C:\Program Files\Eclipse Adoptium\jdk-17.0.14.7-hotspot\bin;C:\Program Files\Java\jdk-17\bin;C:\Program Files\nodejs;E:\Android\Sdk\platform-tools;E:\Android\Sdk\emulator;E:\Android\Sdk\cmdline-tools\latest\bin;C:\Users\NAGARAJU\AppData\Local\Android\Sdk\platform-tools;C:\Users\NAGARAJU\AppData\Local\Android\Sdk\emulator;C:\Users\NAGARAJU\AppData\Local\Android\Sdk\cmdline-tools\latest\bin;C:\WINDOWS\System32;C:\ProgramData\chocolatey\bin;C:\Program Files\nodejs\;C:\Program Files\Git\cmd;C:\Windows\System32;C:\Windows\System32\WindowsPowerShell\v1.0;C:\Windows\System32\OpenSSH;C:\Windows\System32\WindowsPowerShell\v1.0\;C:\Users\NAGARAJU\Downloads\stripe_1.30.0_windows_x86_64;C:\WINDOWS\system32;C:\WINDOWS;C:\WINDOWS\System32\Wbem;C:\WINDOWS\System32\WindowsPowerShell\v1.0\;C:\WINDOWS\System32\OpenSSH\;C:\ProgramData\chocolatey\bin;C:\Program Files\nodejs\;C:\Program Files\Git\cmd;C:\Windows\System32;C:\Windows\System32\WindowsPowerShell\v1.0;C:\Windows\System32\OpenSSH;C:\Windows\System32\WindowsPowerShell\v1.0\;C:\Users\NAGARAJU\Downloads\stripe_1.30.0_windows_x86_64;C:\WINDOWS\system32;C:\WINDOWS;C:\WINDOWS\System32\Wbem;C:\WINDOWS\System32\WindowsPowerShell\v1.0\;C:\WINDOWS\System32\OpenSSH\;C:\ProgramData\chocolatey\bin;C:\Program Files\nodejs\;C:\Program Files\Git\cmd;C:\Windows\System32;C:\Windows\System32\WindowsPowerShell\v1.0;C:\Windows\System32\OpenSSH;C:\Windows\System32\WindowsPowerShell\v1.0\;C:\Users\NAGARAJU\Downloads\stripe_1.30.0_windows_x86_64;C:\WINDOWS\system32;C:\WINDOWS;C:\WINDOWS\System32\Wbem;C:\WINDOWS\System32\WindowsPowerShell\v1.0\;C:\WINDOWS\System32\OpenSSH\;C:\Users\NAGARAJU\AppData\Local\Android\Sdk\platform-tools;C:\Users\NAGARAJU\AppData\Local\Android\Sdk\cmdline-tools\latest\bin;C:\Users\NAGARAJU\AppData\Roaming\npm;C:\Users\NAGARAJU\AppData\Local\Programs\Microsoft VS Code\bin;C:\Users\NAGARAJU\AppData\Local\Programs\Antigravity IDE\bin;C:\Users\NAGARAJU\AppData\Local\Microsoft\WindowsApps;C:\Users\NAGARAJU\AppData\Local\Kingsoft\WPS Office\12.1.0.27458\clitool
USERNAME=NAGARAJU
OS=Windows_NT
PROCESSOR_IDENTIFIER=AMD64 Family 23 Model 104 Stepping 1, AuthenticAMD
TMP=C:\Users\NAGARAJU\AppData\Local\Temp
TEMP=C:\Users\NAGARAJU\AppData\Local\Temp




Periodic native trim disabled

---------------  S Y S T E M  ---------------

OS:
 Windows 11 , 64 bit Build 26100 (10.0.26100.9168)
OS uptime: 0 days 0:41 hours

CPU: total 8 (initial active 8) (8 cores per cpu, 2 threads per core) family 23 model 104 stepping 1 microcode 0x8608109, cx8, cmov, fxsr, ht, mmx, 3dnowpref, sse, sse2, sse3, ssse3, sse4a, sse4.1, sse4.2, popcnt, lzcnt, tsc, tscinvbit, avx, avx2, aes, clmul, bmi1, bmi2, adx, sha, fma, vzeroupper, clflush, clflushopt, rdtscp, rdpid, f16c
Processor Information for the first 8 processors :
  Max Mhz: 2600, Current Mhz: 2600, Mhz Limit: 2600

Memory: 4k page, system-wide physical 7502M (147M free)
TotalPageFile size 40270M (AvailPageFile size 3M)
current process WorkingSet (physical memory assigned to process): 109M, peak: 290M
current process commit charge ("private bytes"): 484M, peak: 486M

vm_info: OpenJDK 64-Bit Server VM (21.0.12.1+1-LTS) for windows-amd64 JRE (21.0.12.1+1-LTS), built on 2026-08-18T00:00:00Z by "admin" with MS VC++ 17.12 (VS2022)

END.
