#
# There is insufficient memory for the Java Runtime Environment to continue.
# Native memory allocation (mmap) failed to map 530579456 bytes for G1 virtual space
# Possible reasons:
#   The system is out of physical RAM or swap space
#   The process is running with CompressedOops enabled, and the Java Heap may be blocking the growth of the native heap
# Possible solutions:
#   Reduce memory load on the system
#   Increase physical memory or swap space
#   Check if swap backing store is full
#   Decrease Java heap size (-Xmx/-Xms)
#   Decrease number of Java threads
#   Decrease Java thread stack sizes (-Xss)
#   Set larger code cache with -XX:ReservedCodeCacheSize=
#   JVM is running with Zero Based Compressed Oops mode in which the Java heap is
#     placed in the first 32GB address space. The Java Heap base address is the
#     maximum limit for the native heap growth. Please use -XX:HeapBaseMinAddress
#     to set the Java Heap base and to place the Java Heap above 32GB virtual address.
# This output file may be truncated or incomplete.
#
#  Out of Memory Error (os_windows.cpp:3548), pid=7888, tid=11056
#
# JRE version: Java(TM) SE Runtime Environment (17.0.12+8) (build 17.0.12+8-LTS-286)
# Java VM: Java HotSpot(TM) 64-Bit Server VM (17.0.12+8-LTS-286, mixed mode, sharing, tiered, compressed oops, compressed class ptrs, g1 gc, windows-amd64)
# No core dump will be written. Minidumps are not enabled by default on client versions of Windows
#

---------------  S U M M A R Y ------------

Command Line: --add-opens=java.base/java.lang=ALL-UNNAMED --add-opens=java.base/java.lang.invoke=ALL-UNNAMED --add-opens=java.base/java.util=ALL-UNNAMED --add-opens=java.prefs/java.util.prefs=ALL-UNNAMED --add-exports=jdk.compiler/com.sun.tools.javac.api=ALL-UNNAMED --add-exports=jdk.compiler/com.sun.tools.javac.util=ALL-UNNAMED --add-opens=java.base/java.util=ALL-UNNAMED --add-opens=java.prefs/java.util.prefs=ALL-UNNAMED --add-opens=java.base/java.nio.charset=ALL-UNNAMED --add-opens=java.base/java.net=ALL-UNNAMED --add-opens=java.base/java.util.concurrent.atomic=ALL-UNNAMED --add-opens=java.xml/javax.xml.namespace=ALL-UNNAMED -Xmx4096m -Dfile.encoding=UTF-8 -Duser.country=IN -Duser.language=en -Duser.variant -javaagent:C:\Users\NAGARAJU\.gradle\wrapper\dists\gradle-8.14.1-bin\baw1sv0jfoi8rxs14qo3h49cs\gradle-8.14.1\lib\agents\gradle-instrumentation-agent-8.14.1.jar org.gradle.launcher.daemon.bootstrap.GradleDaemon 8.14.1

Host: AMD Ryzen 3 5300U with Radeon Graphics         , 8 cores, 7G,  Windows 11 , 64 bit Build 22621 (10.0.22621.5415)
Time: Mon Dec  1 21:08:02 2025 India Standard Time elapsed time: 12661.327969 seconds (0d 3h 31m 1s)

---------------  T H R E A D  ---------------

Current thread (0x000002405cd8c960):  VMThread "VM Thread" [stack: 0x000000a66ab00000,0x000000a66ac00000] [id=11056]

Stack: [0x000000a66ab00000,0x000000a66ac00000]
Native frames: (J=compiled Java code, j=interpreted, Vv=VM code, C=native code)
V  [jvm.dll+0x67a04a]
V  [jvm.dll+0x7da4ed]
V  [jvm.dll+0x7dbe33]
V  [jvm.dll+0x7dc4a3]
V  [jvm.dll+0x24508f]
V  [jvm.dll+0x677089]
V  [jvm.dll+0x66bd32]
V  [jvm.dll+0x301fa6]
V  [jvm.dll+0x309546]
V  [jvm.dll+0x359d2e]
V  [jvm.dll+0x359f5f]
V  [jvm.dll+0x2d9078]
V  [jvm.dll+0x2d74ad]
V  [jvm.dll+0x2d6afc]
V  [jvm.dll+0x31a65b]
V  [jvm.dll+0x7e0d9b]
V  [jvm.dll+0x7e1ad4]
V  [jvm.dll+0x7e1fed]
V  [jvm.dll+0x7e23c4]
V  [jvm.dll+0x7e2490]
V  [jvm.dll+0x78abea]
V  [jvm.dll+0x678f35]
C  [ucrtbase.dll+0x29333]
C  [KERNEL32.DLL+0x1259d]
C  [ntdll.dll+0x5af78]

VM_Operation (0x000000a66bff6a20): G1CollectForAllocation, mode: safepoint, requested by thread 0x00000240adeb0a70


---------------  P R O C E S S  ---------------

Threads class SMR info:
_java_thread_list=0x00000240b31d5c40, length=154, elements={
0x0000024039fb2670, 0x000002405cd91480, 0x000002405cd92210, 0x000002405cdc0f50,
0x000002405cdc2930, 0x000002405cdc5310, 0x000002405cdc5be0, 0x000002405cdd0320,
0x000002405cdd9100, 0x000002405cddca30, 0x00000240a20ceac0, 0x00000240a223de80,
0x00000240a35f5b80, 0x00000240a39a6c60, 0x00000240a3740ea0, 0x00000240a393ea50,
0x00000240a393ef60, 0x00000240a393c6e0, 0x00000240a4d44370, 0x00000240a4d44880,
0x00000240a4d42a20, 0x00000240a4d457b0, 0x00000240a4d44d90, 0x00000240a4d452a0,
0x00000240a4d45cc0, 0x00000240a4d43440, 0x00000240a388c510, 0x00000240a388a1a0,
0x00000240a3885fd0, 0x00000240a4492b10, 0x00000240a6d35270, 0x00000240a393bcc0,
0x00000240af41cc10, 0x00000240a6d35c90, 0x00000240a393c1d0, 0x00000240af41feb0,
0x00000240a4491be0, 0x00000240adeb2de0, 0x00000240adeb1490, 0x00000240adeb32f0,
0x00000240adeb19a0, 0x00000240adeb0a70, 0x00000240b287c3d0, 0x00000240b287aa80,
0x00000240b2878c20, 0x00000240b287a570, 0x00000240b287af90, 0x00000240b287b9b0,
0x00000240b2879640, 0x00000240b287a060, 0x00000240b1b56170, 0x00000240b1b51fa0,
0x00000240b1b57ac0, 0x00000240ad036550, 0x00000240ad036a60, 0x00000240ad035110,
0x00000240ad035620, 0x00000240ad036040, 0x00000240ad035b30, 0x00000240af7c1780,
0x00000240af7c0d60, 0x00000240af939960, 0x00000240ad032a50, 0x00000240ad032030,
0x00000240ad033470, 0x00000240ad0343a0, 0x00000240ad033e90, 0x00000240ad033980,
0x00000240ad031100, 0x00000240ad031610, 0x00000240adeb0f80, 0x00000240ad032540,
0x00000240ad0348b0, 0x00000240ad031b20, 0x00000240adeb3800, 0x00000240b1726550,
0x00000240af7bfe30, 0x00000240af7c0340, 0x00000240af7c1270, 0x00000240b1725110,
0x00000240b1b51070, 0x00000240b1b589f0, 0x00000240b1b51580, 0x00000240b1b58f00,
0x00000240b1b51a90, 0x00000240b1b59410, 0x00000240b287b4a0, 0x00000240b1ef6eb0,
0x00000240b1ef8800, 0x00000240b1ef9c40, 0x00000240b1ef73c0, 0x00000240b1ef7de0,
0x00000240b1efa150, 0x00000240b1ef8d10, 0x00000240b18dbe00, 0x00000240b18db8f0,
0x00000240b18da4b0, 0x00000240b18da9c0, 0x00000240b18daed0, 0x00000240b2a8be80,
0x00000240b2a8d7d0, 0x00000240b1724c00, 0x00000240af938520, 0x00000240af938a30,
0x00000240af938f40, 0x00000240af939450, 0x00000240af5e3b90, 0x00000240af5e40a0,
0x00000240af5e3680, 0x00000240af5e1820, 0x00000240af5e1d30, 0x00000240af5e45b0,
0x00000240af5e4ac0, 0x00000240af5e4fd0, 0x00000240af5e2240, 0x00000240af5e2750,
0x00000240b1b59920, 0x00000240b1b54310, 0x00000240af7c21a0, 0x00000240af7bef00,
0x00000240af7bf410, 0x00000240b1726040, 0x00000240b1725620, 0x00000240af5e3170,
0x00000240af5e2c60, 0x00000240afbf4420, 0x00000240afbf4930, 0x00000240afbf6790,
0x00000240afbf6280, 0x00000240afbf4e40, 0x00000240b1725b30, 0x00000240b1c2f900,
0x00000240af7bf920, 0x00000240af7c1c90, 0x00000240af7c0850, 0x00000240af7be9f0,
0x00000240a79b2b40, 0x00000240a79b3050, 0x00000240a79b2630, 0x00000240a79b2120,
0x00000240a79b3560, 0x00000240a79b1c10, 0x00000240a76e6a00, 0x00000240a76e3760,
0x00000240a76e50b0, 0x00000240a76e4ba0, 0x00000240a76e3c70, 0x00000240afbf5350,
0x00000240afbf3a00, 0x00000240afbf2fe0, 0x00000240afbf34f0, 0x00000240b1b524b0,
0x00000240adeb0050, 0x00000240adeb23c0
}

Java Threads: ( => current thread )
  0x0000024039fb2670 JavaThread "main" [_thread_blocked, id=10380, stack(0x000000a66a500000,0x000000a66a600000)]
  0x000002405cd91480 JavaThread "Reference Handler" daemon [_thread_blocked, id=10288, stack(0x000000a66ac00000,0x000000a66ad00000)]
  0x000002405cd92210 JavaThread "Finalizer" daemon [_thread_blocked, id=9852, stack(0x000000a66ad00000,0x000000a66ae00000)]
  0x000002405cdc0f50 JavaThread "Signal Dispatcher" daemon [_thread_blocked, id=12240, stack(0x000000a66ae00000,0x000000a66af00000)]
  0x000002405cdc2930 JavaThread "Attach Listener" daemon [_thread_blocked, id=11808, stack(0x000000a66af00000,0x000000a66b000000)]
  0x000002405cdc5310 JavaThread "Service Thread" daemon [_thread_blocked, id=12292, stack(0x000000a66b000000,0x000000a66b100000)]
  0x000002405cdc5be0 JavaThread "Monitor Deflation Thread" daemon [_thread_blocked, id=9420, stack(0x000000a66b100000,0x000000a66b200000)]
  0x000002405cdd0320 JavaThread "C2 CompilerThread0" daemon [_thread_blocked, id=8528, stack(0x000000a66b200000,0x000000a66b300000)]
  0x000002405cdd9100 JavaThread "C1 CompilerThread0" daemon [_thread_blocked, id=3144, stack(0x000000a66b300000,0x000000a66b400000)]
  0x000002405cddca30 JavaThread "Sweeper thread" daemon [_thread_blocked, id=17216, stack(0x000000a66b400000,0x000000a66b500000)]
  0x00000240a20ceac0 JavaThread "Common-Cleaner" daemon [_thread_blocked, id=8948, stack(0x000000a66b500000,0x000000a66b600000)]
  0x00000240a223de80 JavaThread "Notification Thread" daemon [_thread_blocked, id=3132, stack(0x000000a66b600000,0x000000a66b700000)]
  0x00000240a35f5b80 JavaThread "Daemon health stats" [_thread_blocked, id=8556, stack(0x000000a66bc00000,0x000000a66bd00000)]
  0x00000240a39a6c60 JavaThread "Incoming local TCP Connector on port 54540" [_thread_in_native, id=17056, stack(0x000000a66bd00000,0x000000a66be00000)]
  0x00000240a3740ea0 JavaThread "Daemon periodic checks" [_thread_blocked, id=13948, stack(0x000000a66be00000,0x000000a66bf00000)]
  0x00000240a393ea50 JavaThread "Cache worker for journal cache (C:\Users\NAGARAJU\.gradle\caches\journal-1)" [_thread_blocked, id=16580, stack(0x000000a66c600000,0x000000a66c700000)]
  0x00000240a393ef60 JavaThread "File lock request listener" [_thread_in_native, id=14544, stack(0x000000a66c700000,0x000000a66c800000)]
  0x00000240a393c6e0 JavaThread "Cache worker for file hash cache (C:\Users\NAGARAJU\.gradle\caches\8.14.1\fileHashes)" [_thread_blocked, id=1384, stack(0x000000a66c800000,0x000000a66c900000)]
  0x00000240a4d44370 JavaThread "File watcher server" daemon [_thread_blocked, id=7784, stack(0x000000a66d000000,0x000000a66d100000)]
  0x00000240a4d44880 JavaThread "File watcher consumer" daemon [_thread_blocked, id=9492, stack(0x000000a66d100000,0x000000a66d200000)]
  0x00000240a4d42a20 JavaThread "jar transforms" [_thread_blocked, id=1432, stack(0x000000a66d200000,0x000000a66d300000)]
  0x00000240a4d457b0 JavaThread "jar transforms Thread 2" [_thread_blocked, id=16752, stack(0x000000a66d300000,0x000000a66d400000)]
  0x00000240a4d44d90 JavaThread "jar transforms Thread 3" [_thread_blocked, id=14116, stack(0x000000a66d400000,0x000000a66d500000)]
  0x00000240a4d452a0 JavaThread "jar transforms Thread 4" [_thread_blocked, id=13032, stack(0x000000a66d500000,0x000000a66d600000)]
  0x00000240a4d45cc0 JavaThread "jar transforms Thread 5" [_thread_blocked, id=4488, stack(0x000000a66d600000,0x000000a66d700000)]
  0x00000240a4d43440 JavaThread "Cache worker for file content cache (C:\Users\NAGARAJU\.gradle\caches\8.14.1\fileContent)" [_thread_blocked, id=18244, stack(0x000000a66d800000,0x000000a66d900000)]
  0x00000240a388c510 JavaThread "jar transforms Thread 6" [_thread_blocked, id=17724, stack(0x000000a66d900000,0x000000a66da00000)]
  0x00000240a388a1a0 JavaThread "jar transforms Thread 7" [_thread_blocked, id=6804, stack(0x000000a66da00000,0x000000a66db00000)]
  0x00000240a3885fd0 JavaThread "jar transforms Thread 8" [_thread_blocked, id=7828, stack(0x000000a66db00000,0x000000a66dc00000)]
  0x00000240a4492b10 JavaThread "Memory manager" [_thread_blocked, id=19504, stack(0x000000a66fd00000,0x000000a66fe00000)]
  0x00000240a6d35270 JavaThread "pool-3-thread-1" [_thread_blocked, id=2820, stack(0x000000a66fe00000,0x000000a66ff00000)]
  0x00000240a393bcc0 JavaThread "pool-6-thread-1" [_thread_blocked, id=4740, stack(0x000000a66c300000,0x000000a66c400000)]
  0x00000240af41cc10 JavaThread "pool-9-thread-1" [_thread_blocked, id=21924, stack(0x000000a66f400000,0x000000a66f500000)]
  0x00000240a6d35c90 JavaThread "pool-13-thread-1" [_thread_blocked, id=11332, stack(0x000000a674e00000,0x000000a674f00000)]
  0x00000240a393c1d0 JavaThread "pool-16-thread-1" [_thread_blocked, id=21336, stack(0x000000a674800000,0x000000a674900000)]
  0x00000240af41feb0 JavaThread "pool-20-thread-1" [_thread_blocked, id=23400, stack(0x000000a674c00000,0x000000a674d00000)]
  0x00000240a4491be0 JavaThread "pool-23-thread-1" [_thread_blocked, id=18396, stack(0x000000a674d00000,0x000000a674e00000)]
  0x00000240adeb2de0 JavaThread "pool-26-thread-1" [_thread_blocked, id=20012, stack(0x000000a675100000,0x000000a675200000)]
  0x00000240adeb1490 JavaThread "Daemon Thread 6" [_thread_blocked, id=25176, stack(0x000000a66a200000,0x000000a66a300000)]
  0x00000240adeb32f0 JavaThread "Handler for socket connection from /127.0.0.1:54540 to /127.0.0.1:56886" [_thread_in_native, id=28528, stack(0x000000a66a300000,0x000000a66a400000)]
  0x00000240adeb19a0 JavaThread "Cancel handler" [_thread_blocked, id=9180, stack(0x000000a66a400000,0x000000a66a500000)]
  0x00000240adeb0a70 JavaThread "Daemon worker Thread 6" [_thread_blocked, id=27192, stack(0x000000a66bf00000,0x000000a66c000000)]
  0x00000240b287c3d0 JavaThread "Asynchronous log dispatcher for DefaultDaemonConnection: socket connection from /127.0.0.1:54540 to /127.0.0.1:56886" [_thread_blocked, id=24392, stack(0x000000a66c000000,0x000000a66c100000)]
  0x00000240b287aa80 JavaThread "Stdin handler" [_thread_blocked, id=24384, stack(0x000000a66c100000,0x000000a66c200000)]
  0x00000240b2878c20 JavaThread "Daemon client event forwarder" [_thread_blocked, id=23436, stack(0x000000a66c200000,0x000000a66c300000)]
  0x00000240b287a570 JavaThread "Cache worker for file hash cache (C:\zynnative\DocApp-CLI\android\.gradle\8.14.1\fileHashes)" [_thread_blocked, id=21596, stack(0x000000a66c400000,0x000000a66c500000)]
  0x00000240b287af90 JavaThread "Cache worker for Build Output Cleanup Cache (C:\zynnative\DocApp-CLI\android\.gradle\buildOutputCleanup)" [_thread_blocked, id=26084, stack(0x000000a66c500000,0x000000a66c600000)]
  0x00000240b287b9b0 JavaThread "Cache worker for checksums cache (C:\zynnative\DocApp-CLI\android\.gradle\8.14.1\checksums)" [_thread_blocked, id=3468, stack(0x000000a66cc00000,0x000000a66cd00000)]
  0x00000240b2879640 JavaThread "Cache worker for cache directory md-supplier (C:\Users\NAGARAJU\.gradle\caches\8.14.1\md-supplier)" [_thread_blocked, id=10476, stack(0x000000a66cd00000,0x000000a66ce00000)]
  0x00000240b287a060 JavaThread "Cache worker for cache directory md-rule (C:\Users\NAGARAJU\.gradle\caches\8.14.1\md-rule)" [_thread_blocked, id=7840, stack(0x000000a66ce00000,0x000000a66cf00000)]
  0x00000240b1b56170 JavaThread "Cache worker for Build Output Cleanup Cache (C:\zynnative\DocApp-CLI\node_modules\@react-native\gradle-plugin\.gradle\buildOutputCleanup)" [_thread_blocked, id=23124, stack(0x000000a66d700000,0x000000a66d800000)]
  0x00000240b1b51fa0 JavaThread "Unconstrained build operations" [_thread_blocked, id=14868, stack(0x000000a66dc00000,0x000000a66dd00000)]
  0x00000240b1b57ac0 JavaThread "Unconstrained build operations Thread 2" [_thread_blocked, id=15388, stack(0x000000a66dd00000,0x000000a66de00000)]
  0x00000240ad036550 JavaThread "Unconstrained build operations Thread 3" [_thread_blocked, id=22728, stack(0x000000a66de00000,0x000000a66df00000)]
  0x00000240ad036a60 JavaThread "Unconstrained build operations Thread 4" [_thread_blocked, id=5504, stack(0x000000a66df00000,0x000000a66e000000)]
  0x00000240ad035110 JavaThread "Unconstrained build operations Thread 5" [_thread_blocked, id=25184, stack(0x000000a66e000000,0x000000a66e100000)]
  0x00000240ad035620 JavaThread "Unconstrained build operations Thread 6" [_thread_blocked, id=18756, stack(0x000000a66e100000,0x000000a66e200000)]
  0x00000240ad036040 JavaThread "Unconstrained build operations Thread 7" [_thread_blocked, id=21168, stack(0x000000a66e200000,0x000000a66e300000)]
  0x00000240ad035b30 JavaThread "Unconstrained build operations Thread 8" [_thread_blocked, id=24164, stack(0x000000a66e300000,0x000000a66e400000)]
  0x00000240af7c1780 JavaThread "Unconstrained build operations Thread 9" [_thread_blocked, id=25932, stack(0x000000a66e400000,0x000000a66e500000)]
  0x00000240af7c0d60 JavaThread "Unconstrained build operations Thread 10" [_thread_blocked, id=704, stack(0x000000a66e500000,0x000000a66e600000)]
  0x00000240af939960 JavaThread "Unconstrained build operations Thread 11" [_thread_blocked, id=20768, stack(0x000000a66e600000,0x000000a66e700000)]
  0x00000240ad032a50 JavaThread "Unconstrained build operations Thread 12" [_thread_blocked, id=19400, stack(0x000000a66e700000,0x000000a66e800000)]
  0x00000240ad032030 JavaThread "Unconstrained build operations Thread 13" [_thread_blocked, id=11276, stack(0x000000a66e800000,0x000000a66e900000)]
  0x00000240ad033470 JavaThread "Unconstrained build operations Thread 14" [_thread_blocked, id=23148, stack(0x000000a66e900000,0x000000a66ea00000)]
  0x00000240ad0343a0 JavaThread "Unconstrained build operations Thread 15" [_thread_blocked, id=24556, stack(0x000000a66ea00000,0x000000a66eb00000)]
  0x00000240ad033e90 JavaThread "Unconstrained build operations Thread 16" [_thread_blocked, id=4588, stack(0x000000a66eb00000,0x000000a66ec00000)]
  0x00000240ad033980 JavaThread "Unconstrained build operations Thread 17" [_thread_blocked, id=26272, stack(0x000000a66ec00000,0x000000a66ed00000)]
  0x00000240ad031100 JavaThread "Unconstrained build operations Thread 18" [_thread_blocked, id=1704, stack(0x000000a66ed00000,0x000000a66ee00000)]
  0x00000240ad031610 JavaThread "build event listener" [_thread_blocked, id=26676, stack(0x000000a66ee00000,0x000000a66ef00000)]
  0x00000240adeb0f80 JavaThread "ForkJoinPool.commonPool-worker-35" daemon [_thread_blocked, id=2296, stack(0x000000a66ef00000,0x000000a66f000000)]
  0x00000240ad032540 JavaThread "ForkJoinPool.commonPool-worker-36" daemon [_thread_blocked, id=28056, stack(0x000000a66f000000,0x000000a66f100000)]
  0x00000240ad0348b0 JavaThread "ForkJoinPool.commonPool-worker-37" daemon [_thread_blocked, id=21200, stack(0x000000a66f100000,0x000000a66f200000)]
  0x00000240ad031b20 JavaThread "ForkJoinPool.commonPool-worker-38" daemon [_thread_blocked, id=8384, stack(0x000000a66f200000,0x000000a66f300000)]
  0x00000240adeb3800 JavaThread "ForkJoinPool.commonPool-worker-39" daemon [_thread_blocked, id=13800, stack(0x000000a66f300000,0x000000a66f400000)]
  0x00000240b1726550 JavaThread "ForkJoinPool.commonPool-worker-40" daemon [_thread_blocked, id=25576, stack(0x000000a66f500000,0x000000a66f600000)]
  0x00000240af7bfe30 JavaThread "ForkJoinPool.commonPool-worker-41" daemon [_thread_blocked, id=20388, stack(0x000000a66f600000,0x000000a66f700000)]
  0x00000240af7c0340 JavaThread "included builds" [_thread_blocked, id=18352, stack(0x000000a66f700000,0x000000a66f800000)]
  0x00000240af7c1270 JavaThread "included builds Thread 2" [_thread_blocked, id=22428, stack(0x000000a66f800000,0x000000a66f900000)]
  0x00000240b1725110 JavaThread "Execution worker" [_thread_blocked, id=23028, stack(0x000000a66f900000,0x000000a66fa00000)]
  0x00000240b1b51070 JavaThread "Execution worker Thread 2" [_thread_blocked, id=25692, stack(0x000000a66fa00000,0x000000a66fb00000)]
  0x00000240b1b589f0 JavaThread "Execution worker Thread 3" [_thread_blocked, id=9484, stack(0x000000a66fb00000,0x000000a66fc00000)]
  0x00000240b1b51580 JavaThread "Execution worker Thread 4" [_thread_blocked, id=21032, stack(0x000000a66fc00000,0x000000a66fd00000)]
  0x00000240b1b58f00 JavaThread "Execution worker Thread 5" [_thread_blocked, id=9792, stack(0x000000a66ff00000,0x000000a670000000)]
  0x00000240b1b51a90 JavaThread "Execution worker Thread 6" [_thread_blocked, id=17296, stack(0x000000a670000000,0x000000a670100000)]
  0x00000240b1b59410 JavaThread "Execution worker Thread 7" [_thread_blocked, id=22288, stack(0x000000a670100000,0x000000a670200000)]
  0x00000240b287b4a0 JavaThread "Cache worker for execution history cache (C:\zynnative\DocApp-CLI\node_modules\@react-native\gradle-plugin\.gradle\8.14.1\executionHistory)" [_thread_blocked, id=10312, stack(0x000000a670200000,0x000000a670300000)]
  0x00000240b1ef6eb0 JavaThread "Unconstrained build operations Thread 19" [_thread_blocked, id=26072, stack(0x000000a670300000,0x000000a670400000)]
  0x00000240b1ef8800 JavaThread "Unconstrained build operations Thread 20" [_thread_blocked, id=24156, stack(0x000000a670400000,0x000000a670500000)]
  0x00000240b1ef9c40 JavaThread "Unconstrained build operations Thread 21" [_thread_blocked, id=6416, stack(0x000000a670500000,0x000000a670600000)]
  0x00000240b1ef73c0 JavaThread "Unconstrained build operations Thread 22" [_thread_blocked, id=14680, stack(0x000000a670600000,0x000000a670700000)]
  0x00000240b1ef7de0 JavaThread "Unconstrained build operations Thread 23" [_thread_blocked, id=26836, stack(0x000000a670700000,0x000000a670800000)]
  0x00000240b1efa150 JavaThread "Unconstrained build operations Thread 24" [_thread_blocked, id=14428, stack(0x000000a670800000,0x000000a670900000)]
  0x00000240b1ef8d10 JavaThread "Unconstrained build operations Thread 25" [_thread_blocked, id=23008, stack(0x000000a670900000,0x000000a670a00000)]
  0x00000240b18dbe00 JavaThread "Unconstrained build operations Thread 26" [_thread_blocked, id=25496, stack(0x000000a670a00000,0x000000a670b00000)]
  0x00000240b18db8f0 JavaThread "Unconstrained build operations Thread 27" [_thread_blocked, id=13848, stack(0x000000a670b00000,0x000000a670c00000)]
  0x00000240b18da4b0 JavaThread "Unconstrained build operations Thread 28" [_thread_blocked, id=24132, stack(0x000000a670c00000,0x000000a670d00000)]
  0x00000240b18da9c0 JavaThread "Unconstrained build operations Thread 29" [_thread_blocked, id=24184, stack(0x000000a670d00000,0x000000a670e00000)]
  0x00000240b18daed0 JavaThread "Unconstrained build operations Thread 30" [_thread_blocked, id=28048, stack(0x000000a670e00000,0x000000a670f00000)]
  0x00000240b2a8be80 JavaThread "Unconstrained build operations Thread 31" [_thread_blocked, id=20140, stack(0x000000a670f00000,0x000000a671000000)]
  0x00000240b2a8d7d0 JavaThread "Unconstrained build operations Thread 32" [_thread_blocked, id=20084, stack(0x000000a671000000,0x000000a671100000)]
  0x00000240b1724c00 JavaThread "Unconstrained build operations Thread 33" [_thread_blocked, id=3964, stack(0x000000a671200000,0x000000a671300000)]
  0x00000240af938520 JavaThread "Unconstrained build operations Thread 34" [_thread_blocked, id=26252, stack(0x000000a671300000,0x000000a671400000)]
  0x00000240af938a30 JavaThread "Unconstrained build operations Thread 35" [_thread_blocked, id=8740, stack(0x000000a671400000,0x000000a671500000)]
  0x00000240af938f40 JavaThread "Unconstrained build operations Thread 36" [_thread_blocked, id=23840, stack(0x000000a671500000,0x000000a671600000)]
  0x00000240af939450 JavaThread "Unconstrained build operations Thread 37" [_thread_blocked, id=15768, stack(0x000000a671600000,0x000000a671700000)]
  0x00000240af5e3b90 JavaThread "Unconstrained build operations Thread 38" [_thread_blocked, id=24608, stack(0x000000a671700000,0x000000a671800000)]
  0x00000240af5e40a0 JavaThread "Unconstrained build operations Thread 39" [_thread_blocked, id=26136, stack(0x000000a671800000,0x000000a671900000)]
  0x00000240af5e3680 JavaThread "Unconstrained build operations Thread 40" [_thread_blocked, id=24304, stack(0x000000a671900000,0x000000a671a00000)]
  0x00000240af5e1820 JavaThread "Unconstrained build operations Thread 41" [_thread_blocked, id=23200, stack(0x000000a671a00000,0x000000a671b00000)]
  0x00000240af5e1d30 JavaThread "Unconstrained build operations Thread 42" [_thread_blocked, id=28116, stack(0x000000a671b00000,0x000000a671c00000)]
  0x00000240af5e45b0 JavaThread "Unconstrained build operations Thread 43" [_thread_blocked, id=26096, stack(0x000000a671c00000,0x000000a671d00000)]
  0x00000240af5e4ac0 JavaThread "Unconstrained build operations Thread 44" [_thread_blocked, id=26276, stack(0x000000a671d00000,0x000000a671e00000)]
  0x00000240af5e4fd0 JavaThread "Unconstrained build operations Thread 45" [_thread_blocked, id=25676, stack(0x000000a671e00000,0x000000a671f00000)]
  0x00000240af5e2240 JavaThread "Unconstrained build operations Thread 46" [_thread_blocked, id=24840, stack(0x000000a671f00000,0x000000a672000000)]
  0x00000240af5e2750 JavaThread "Unconstrained build operations Thread 47" [_thread_blocked, id=13996, stack(0x000000a672000000,0x000000a672100000)]
  0x00000240b1b59920 JavaThread "Unconstrained build operations Thread 48" [_thread_blocked, id=6684, stack(0x000000a671100000,0x000000a671200000)]
  0x00000240b1b54310 JavaThread "Unconstrained build operations Thread 49" [_thread_blocked, id=20716, stack(0x000000a672100000,0x000000a672200000)]
  0x00000240af7c21a0 JavaThread "Unconstrained build operations Thread 50" [_thread_blocked, id=28476, stack(0x000000a672200000,0x000000a672300000)]
  0x00000240af7bef00 JavaThread "Unconstrained build operations Thread 51" [_thread_blocked, id=25720, stack(0x000000a672300000,0x000000a672400000)]
  0x00000240af7bf410 JavaThread "Unconstrained build operations Thread 52" [_thread_blocked, id=26872, stack(0x000000a672400000,0x000000a672500000)]
  0x00000240b1726040 JavaThread "Unconstrained build operations Thread 53" [_thread_blocked, id=20664, stack(0x000000a672500000,0x000000a672600000)]
  0x00000240b1725620 JavaThread "Unconstrained build operations Thread 54" [_thread_blocked, id=8508, stack(0x000000a672600000,0x000000a672700000)]
  0x00000240af5e3170 JavaThread "Unconstrained build operations Thread 55" [_thread_blocked, id=4032, stack(0x000000a672700000,0x000000a672800000)]
  0x00000240af5e2c60 JavaThread "Unconstrained build operations Thread 56" [_thread_blocked, id=23972, stack(0x000000a672800000,0x000000a672900000)]
  0x00000240afbf4420 JavaThread "Unconstrained build operations Thread 57" [_thread_blocked, id=14124, stack(0x000000a672900000,0x000000a672a00000)]
  0x00000240afbf4930 JavaThread "Unconstrained build operations Thread 58" [_thread_blocked, id=25372, stack(0x000000a672a00000,0x000000a672b00000)]
  0x00000240afbf6790 JavaThread "Unconstrained build operations Thread 59" [_thread_blocked, id=14896, stack(0x000000a672b00000,0x000000a672c00000)]
  0x00000240afbf6280 JavaThread "Unconstrained build operations Thread 60" [_thread_blocked, id=18924, stack(0x000000a672c00000,0x000000a672d00000)]
  0x00000240afbf4e40 JavaThread "Unconstrained build operations Thread 61" [_thread_blocked, id=23380, stack(0x000000a672d00000,0x000000a672e00000)]
  0x00000240b1725b30 JavaThread "Unconstrained build operations Thread 62" [_thread_blocked, id=8424, stack(0x000000a672e00000,0x000000a672f00000)]
  0x00000240b1c2f900 JavaThread "Unconstrained build operations Thread 63" [_thread_blocked, id=20080, stack(0x000000a672f00000,0x000000a673000000)]
  0x00000240af7bf920 JavaThread "Unconstrained build operations Thread 64" [_thread_blocked, id=21104, stack(0x000000a673000000,0x000000a673100000)]
  0x00000240af7c1c90 JavaThread "Unconstrained build operations Thread 65" [_thread_blocked, id=9176, stack(0x000000a673100000,0x000000a673200000)]
  0x00000240af7c0850 JavaThread "Unconstrained build operations Thread 66" [_thread_blocked, id=22692, stack(0x000000a673200000,0x000000a673300000)]
  0x00000240af7be9f0 JavaThread "Unconstrained build operations Thread 67" [_thread_blocked, id=25760, stack(0x000000a673300000,0x000000a673400000)]
  0x00000240a79b2b40 JavaThread "Unconstrained build operations Thread 68" [_thread_blocked, id=27244, stack(0x000000a673400000,0x000000a673500000)]
  0x00000240a79b3050 JavaThread "build event listener" [_thread_blocked, id=19356, stack(0x000000a673500000,0x000000a673600000)]
  0x00000240a79b2630 JavaThread "Problems report writer" [_thread_blocked, id=8952, stack(0x000000a673600000,0x000000a673700000)]
  0x00000240a79b2120 JavaThread "Unconstrained build operations Thread 69" [_thread_blocked, id=27452, stack(0x000000a673700000,0x000000a673800000)]
  0x00000240a79b3560 JavaThread "Unconstrained build operations Thread 70" [_thread_blocked, id=2756, stack(0x000000a673800000,0x000000a673900000)]
  0x00000240a79b1c10 JavaThread "Unconstrained build operations Thread 71" [_thread_blocked, id=21688, stack(0x000000a673900000,0x000000a673a00000)]
  0x00000240a76e6a00 JavaThread "Unconstrained build operations Thread 72" [_thread_blocked, id=19920, stack(0x000000a673a00000,0x000000a673b00000)]
  0x00000240a76e3760 JavaThread "Unconstrained build operations Thread 73" [_thread_blocked, id=27616, stack(0x000000a673b00000,0x000000a673c00000)]
  0x00000240a76e50b0 JavaThread "Unconstrained build operations Thread 74" [_thread_blocked, id=27196, stack(0x000000a673c00000,0x000000a673d00000)]
  0x00000240a76e4ba0 JavaThread "Unconstrained build operations Thread 75" [_thread_blocked, id=22980, stack(0x000000a673d00000,0x000000a673e00000)]
  0x00000240a76e3c70 JavaThread "Unconstrained build operations Thread 76" [_thread_blocked, id=5664, stack(0x000000a673e00000,0x000000a673f00000)]
  0x00000240afbf5350 JavaThread "Unconstrained build operations Thread 77" [_thread_blocked, id=23516, stack(0x000000a673f00000,0x000000a674000000)]
  0x00000240afbf3a00 JavaThread "Unconstrained build operations Thread 78" [_thread_blocked, id=23896, stack(0x000000a674000000,0x000000a674100000)]
  0x00000240afbf2fe0 JavaThread "Unconstrained build operations Thread 79" [_thread_blocked, id=22820, stack(0x000000a674100000,0x000000a674200000)]
  0x00000240afbf34f0 JavaThread "Unconstrained build operations Thread 80" [_thread_blocked, id=22220, stack(0x000000a674600000,0x000000a674700000)]
  0x00000240b1b524b0 JavaThread "Exec process Thread 19" [_thread_blocked, id=11616, stack(0x000000a674700000,0x000000a674800000)]
  0x00000240adeb0050 JavaThread "Exec process Thread 20" [_thread_blocked, id=22364, stack(0x000000a674b00000,0x000000a674c00000)]
  0x00000240adeb23c0 JavaThread "Exec process Thread 21" [_thread_blocked, id=22300, stack(0x000000a675000000,0x000000a675100000)]

Other Threads:
=>0x000002405cd8c960 VMThread "VM Thread" [stack: 0x000000a66ab00000,0x000000a66ac00000] [id=11056]
  0x0000024039fb3400 WatcherThread [stack: 0x000000a66b700000,0x000000a66b800000] [id=3156]
  0x000002403a0225e0 GCTaskThread "GC Thread#0" [stack: 0x000000a66a600000,0x000000a66a700000] [id=9428]
  0x00000240a23a0c60 GCTaskThread "GC Thread#1" [stack: 0x000000a66b800000,0x000000a66b900000] [id=4452]
  0x00000240a237d460 GCTaskThread "GC Thread#2" [stack: 0x000000a66b900000,0x000000a66ba00000] [id=3192]
  0x00000240a2a74810 GCTaskThread "GC Thread#3" [stack: 0x000000a66ba00000,0x000000a66bb00000] [id=2208]
  0x00000240a2d24780 GCTaskThread "GC Thread#4" [stack: 0x000000a66bb00000,0x000000a66bc00000] [id=10720]
  0x00000240a4523ea0 GCTaskThread "GC Thread#5" [stack: 0x000000a66c900000,0x000000a66ca00000] [id=18228]
  0x00000240a3bcece0 GCTaskThread "GC Thread#6" [stack: 0x000000a66ca00000,0x000000a66cb00000] [id=6784]
  0x00000240a4698020 GCTaskThread "GC Thread#7" [stack: 0x000000a66cb00000,0x000000a66cc00000] [id=9860]
  0x000002403a033440 ConcurrentGCThread "G1 Main Marker" [stack: 0x000000a66a700000,0x000000a66a800000] [id=9500]
  0x000002403a033d60 ConcurrentGCThread "G1 Conc#0" [stack: 0x000000a66a800000,0x000000a66a900000] [id=11844]
  0x00000240a47eab70 ConcurrentGCThread "G1 Conc#1" [stack: 0x000000a66cf00000,0x000000a66d000000] [id=1716]
  0x000002403a06ec00 ConcurrentGCThread "G1 Refine#0" [stack: 0x000000a66a900000,0x000000a66aa00000] [id=11668]
  0x00000240ae0a23a0 ConcurrentGCThread "G1 Refine#1" [stack: 0x000000a674900000,0x000000a674a00000] [id=1952]
  0x00000240ae0a3540 ConcurrentGCThread "G1 Refine#2" [stack: 0x000000a674a00000,0x000000a674b00000] [id=16140]
  0x00000240b1ca59d0 ConcurrentGCThread "G1 Refine#3" [stack: 0x000000a674200000,0x000000a674300000] [id=23268]
  0x00000240b1ca5fb0 ConcurrentGCThread "G1 Refine#4" [stack: 0x000000a674300000,0x000000a674400000] [id=24548]
  0x00000240b1ca6e60 ConcurrentGCThread "G1 Refine#5" [stack: 0x000000a674400000,0x000000a674500000] [id=11532]
  0x00000240b1ca3f60 ConcurrentGCThread "G1 Refine#6" [stack: 0x000000a674500000,0x000000a674600000] [id=24236]
  0x00000240a43bfc90 ConcurrentGCThread "G1 Refine#7" [stack: 0x000000a674f00000,0x000000a675000000] [id=24460]
  0x000002405cc42b10 ConcurrentGCThread "G1 Service" [stack: 0x000000a66aa00000,0x000000a66ab00000] [id=9812]

Threads with active compile tasks:

VM state: at safepoint (normal execution)

VM Mutex/Monitor currently owned by a thread:  ([mutex/lock_event])
[0x0000024039fad820] Threads_lock - owner thread: 0x000002405cd8c960
[0x0000024039fad4c0] Heap_lock - owner thread: 0x00000240adeb0a70

Heap address: 0x0000000700000000, size: 4096 MB, Compressed Oops mode: Zero based, Oop shift amount: 3

CDS archive(s) mapped at: [0x000002405d000000-0x000002405dbd0000-0x000002405dbd0000), size 12386304, SharedBaseAddress: 0x000002405d000000, ArchiveRelocationMode: 1.
Compressed class space mapped at: 0x000002405e000000-0x000002409e000000, reserved size: 1073741824
Narrow klass base: 0x000002405d000000, Narrow klass shift: 0, Narrow klass range: 0x100000000

GC Precious Log:
 CPUs: 8 total, 8 available
 Memory: 7502M
 Large Page Support: Disabled
 NUMA Support: Disabled
 Compressed Oops: Enabled (Zero based)
 Heap Region Size: 2M
 Heap Min Capacity: 8M
 Heap Initial Capacity: 118M
 Heap Max Capacity: 4G
 Pre-touch: Disabled
 Parallel Workers: 8
 Concurrent Workers: 2
 Concurrent Refinement Workers: 8
 Periodic GC: Disabled

Heap:
 garbage-first heap   total 1495040K, used 419840K [0x0000000700000000, 0x0000000800000000)
  region size 2048K, 5 young (10240K), 5 survivors (10240K)
 Metaspace       used 155700K, committed 158592K, reserved 1245184K
  class space    used 20329K, committed 21696K, reserved 1048576K

Heap Regions: E=young(eden), S=young(survivor), O=old, HS=humongous(starts), HC=humongous(continues), CS=collection set, F=free, OA=open archive, CA=closed archive, TAMS=top-at-mark-start (previous, next)
|   0|0x0000000700000000, 0x0000000700200000, 0x0000000700200000|100%|HS|  |TAMS 0x0000000700200000, 0x0000000700000000| Complete 
|   1|0x0000000700200000, 0x0000000700400000, 0x0000000700400000|100%|HC|  |TAMS 0x0000000700400000, 0x0000000700200000| Complete 
|   2|0x0000000700400000, 0x0000000700600000, 0x0000000700600000|100%| O|  |TAMS 0x0000000700600000, 0x0000000700400000| Untracked 
|   3|0x0000000700600000, 0x0000000700800000, 0x0000000700800000|100%| O|  |TAMS 0x0000000700800000, 0x0000000700600000| Untracked 
|   4|0x0000000700800000, 0x0000000700a00000, 0x0000000700a00000|100%| O|  |TAMS 0x0000000700a00000, 0x0000000700800000| Untracked 
|   5|0x0000000700a00000, 0x0000000700c00000, 0x0000000700c00000|100%| O|  |TAMS 0x0000000700c00000, 0x0000000700a00000| Untracked 
|   6|0x0000000700c00000, 0x0000000700e00000, 0x0000000700e00000|100%| O|  |TAMS 0x0000000700e00000, 0x0000000700c00000| Untracked 
|   7|0x0000000700e00000, 0x0000000701000000, 0x0000000701000000|100%| O|  |TAMS 0x0000000701000000, 0x0000000700e00000| Untracked 
|   8|0x0000000701000000, 0x0000000701200000, 0x0000000701200000|100%| O|  |TAMS 0x0000000701200000, 0x0000000701000000| Untracked 
|   9|0x0000000701200000, 0x0000000701400000, 0x0000000701400000|100%| O|  |TAMS 0x0000000701400000, 0x0000000701200000| Untracked 
|  10|0x0000000701400000, 0x0000000701600000, 0x0000000701600000|100%| O|  |TAMS 0x0000000701600000, 0x0000000701400000| Untracked 
|  11|0x0000000701600000, 0x0000000701800000, 0x0000000701800000|100%| O|  |TAMS 0x0000000701800000, 0x0000000701600000| Untracked 
|  12|0x0000000701800000, 0x0000000701a00000, 0x0000000701a00000|100%| O|  |TAMS 0x0000000701a00000, 0x0000000701800000| Untracked 
|  13|0x0000000701a00000, 0x0000000701c00000, 0x0000000701c00000|100%| O|  |TAMS 0x0000000701c00000, 0x0000000701a00000| Untracked 
|  14|0x0000000701c00000, 0x0000000701e00000, 0x0000000701e00000|100%| O|  |TAMS 0x0000000701e00000, 0x0000000701c00000| Untracked 
|  15|0x0000000701e00000, 0x0000000702000000, 0x0000000702000000|100%| O|  |TAMS 0x0000000702000000, 0x0000000701e00000| Untracked 
|  16|0x0000000702000000, 0x0000000702200000, 0x0000000702200000|100%| O|  |TAMS 0x0000000702200000, 0x0000000702000000| Untracked 
|  17|0x0000000702200000, 0x0000000702400000, 0x0000000702400000|100%| O|  |TAMS 0x0000000702400000, 0x0000000702200000| Untracked 
|  18|0x0000000702400000, 0x0000000702600000, 0x0000000702600000|100%| O|  |TAMS 0x0000000702600000, 0x0000000702400000| Untracked 
|  19|0x0000000702600000, 0x0000000702800000, 0x0000000702800000|100%| O|  |TAMS 0x0000000702800000, 0x0000000702600000| Untracked 
|  20|0x0000000702800000, 0x0000000702a00000, 0x0000000702a00000|100%| O|  |TAMS 0x0000000702a00000, 0x0000000702800000| Untracked 
|  21|0x0000000702a00000, 0x0000000702c00000, 0x0000000702c00000|100%| O|  |TAMS 0x0000000702c00000, 0x0000000702a00000| Untracked 
|  22|0x0000000702c00000, 0x0000000702e00000, 0x0000000702e00000|100%| O|  |TAMS 0x0000000702e00000, 0x0000000702c00000| Untracked 
|  23|0x0000000702e00000, 0x0000000703000000, 0x0000000703000000|100%| O|  |TAMS 0x0000000703000000, 0x0000000702e00000| Untracked 
|  24|0x0000000703000000, 0x0000000703000000, 0x0000000703200000|  0%| F|  |TAMS 0x0000000703000000, 0x0000000703000000| Untracked 
|  25|0x0000000703200000, 0x0000000703400000, 0x0000000703400000|100%| O|  |TAMS 0x0000000703400000, 0x0000000703200000| Untracked 
|  26|0x0000000703400000, 0x0000000703600000, 0x0000000703600000|100%| O|  |TAMS 0x0000000703600000, 0x0000000703400000| Untracked 
|  27|0x0000000703600000, 0x0000000703800000, 0x0000000703800000|100%|HS|  |TAMS 0x0000000703800000, 0x0000000703600000| Complete 
|  28|0x0000000703800000, 0x0000000703a00000, 0x0000000703a00000|100%|HC|  |TAMS 0x0000000703a00000, 0x0000000703800000| Complete 
|  29|0x0000000703a00000, 0x0000000703c00000, 0x0000000703c00000|100%|HS|  |TAMS 0x0000000703c00000, 0x0000000703a00000| Complete 
|  30|0x0000000703c00000, 0x0000000703e00000, 0x0000000703e00000|100%|HC|  |TAMS 0x0000000703e00000, 0x0000000703c00000| Complete 
|  31|0x0000000703e00000, 0x0000000704000000, 0x0000000704000000|100%| O|  |TAMS 0x0000000704000000, 0x0000000703e00000| Untracked 
|  32|0x0000000704000000, 0x0000000704200000, 0x0000000704200000|100%| O|  |TAMS 0x0000000704200000, 0x0000000704000000| Untracked 
|  33|0x0000000704200000, 0x0000000704400000, 0x0000000704400000|100%| O|  |TAMS 0x0000000704400000, 0x0000000704200000| Untracked 
|  34|0x0000000704400000, 0x0000000704600000, 0x0000000704600000|100%| O|  |TAMS 0x0000000704600000, 0x0000000704400000| Untracked 
|  35|0x0000000704600000, 0x0000000704800000, 0x0000000704800000|100%| O|  |TAMS 0x0000000704800000, 0x0000000704600000| Untracked 
|  36|0x0000000704800000, 0x0000000704a00000, 0x0000000704a00000|100%| O|  |TAMS 0x0000000704a00000, 0x0000000704800000| Untracked 
|  37|0x0000000704a00000, 0x0000000704c00000, 0x0000000704c00000|100%| O|  |TAMS 0x0000000704c00000, 0x0000000704a00000| Untracked 
|  38|0x0000000704c00000, 0x0000000704e00000, 0x0000000704e00000|100%| O|  |TAMS 0x0000000704e00000, 0x0000000704c00000| Untracked 
|  39|0x0000000704e00000, 0x0000000705000000, 0x0000000705000000|100%| O|  |TAMS 0x0000000705000000, 0x0000000704e00000| Untracked 
|  40|0x0000000705000000, 0x0000000705200000, 0x0000000705200000|100%| O|  |TAMS 0x0000000705200000, 0x0000000705000000| Untracked 
|  41|0x0000000705200000, 0x0000000705400000, 0x0000000705400000|100%| O|  |TAMS 0x0000000705400000, 0x0000000705200000| Untracked 
|  42|0x0000000705400000, 0x0000000705600000, 0x0000000705600000|100%| O|  |TAMS 0x0000000705600000, 0x0000000705400000| Untracked 
|  43|0x0000000705600000, 0x0000000705800000, 0x0000000705800000|100%| O|  |TAMS 0x0000000705800000, 0x0000000705600000| Untracked 
|  44|0x0000000705800000, 0x0000000705a00000, 0x0000000705a00000|100%| O|  |TAMS 0x0000000705a00000, 0x0000000705800000| Untracked 
|  45|0x0000000705a00000, 0x0000000705c00000, 0x0000000705c00000|100%| O|  |TAMS 0x0000000705c00000, 0x0000000705a00000| Untracked 
|  46|0x0000000705c00000, 0x0000000705e00000, 0x0000000705e00000|100%| O|  |TAMS 0x0000000705e00000, 0x0000000705c00000| Untracked 
|  47|0x0000000705e00000, 0x0000000706000000, 0x0000000706000000|100%| O|  |TAMS 0x0000000706000000, 0x0000000705e00000| Untracked 
|  48|0x0000000706000000, 0x0000000706200000, 0x0000000706200000|100%| O|  |TAMS 0x0000000706200000, 0x0000000706000000| Untracked 
|  49|0x0000000706200000, 0x0000000706400000, 0x0000000706400000|100%| O|  |TAMS 0x0000000706400000, 0x0000000706200000| Untracked 
|  50|0x0000000706400000, 0x0000000706600000, 0x0000000706600000|100%| O|  |TAMS 0x0000000706600000, 0x0000000706400000| Untracked 
|  51|0x0000000706600000, 0x0000000706800000, 0x0000000706800000|100%|HS|  |TAMS 0x0000000706800000, 0x0000000706600000| Complete 
|  52|0x0000000706800000, 0x0000000706a00000, 0x0000000706a00000|100%|HC|  |TAMS 0x0000000706a00000, 0x0000000706800000| Complete 
|  53|0x0000000706a00000, 0x0000000706c00000, 0x0000000706c00000|100%| O|  |TAMS 0x0000000706c00000, 0x0000000706a00000| Untracked 
|  54|0x0000000706c00000, 0x0000000706e00000, 0x0000000706e00000|100%| O|  |TAMS 0x0000000706e00000, 0x0000000706c00000| Untracked 
|  55|0x0000000706e00000, 0x0000000707000000, 0x0000000707000000|100%| O|  |TAMS 0x0000000707000000, 0x0000000706e00000| Untracked 
|  56|0x0000000707000000, 0x0000000707200000, 0x0000000707200000|100%| O|  |TAMS 0x0000000707200000, 0x0000000707000000| Untracked 
|  57|0x0000000707200000, 0x0000000707400000, 0x0000000707400000|100%| O|  |TAMS 0x0000000707400000, 0x0000000707200000| Untracked 
|  58|0x0000000707400000, 0x0000000707600000, 0x0000000707600000|100%| O|  |TAMS 0x0000000707600000, 0x0000000707400000| Untracked 
|  59|0x0000000707600000, 0x0000000707800000, 0x0000000707800000|100%| O|  |TAMS 0x0000000707800000, 0x0000000707600000| Untracked 
|  60|0x0000000707800000, 0x0000000707a00000, 0x0000000707a00000|100%| O|  |TAMS 0x0000000707a00000, 0x0000000707800000| Untracked 
|  61|0x0000000707a00000, 0x0000000707c00000, 0x0000000707c00000|100%| O|  |TAMS 0x0000000707c00000, 0x0000000707a00000| Untracked 
|  62|0x0000000707c00000, 0x0000000707e00000, 0x0000000707e00000|100%| O|  |TAMS 0x0000000707e00000, 0x0000000707c00000| Untracked 
|  63|0x0000000707e00000, 0x0000000708000000, 0x0000000708000000|100%| O|  |TAMS 0x0000000708000000, 0x0000000707e00000| Untracked 
|  64|0x0000000708000000, 0x0000000708200000, 0x0000000708200000|100%|HS|  |TAMS 0x0000000708200000, 0x0000000708000000| Complete 
|  65|0x0000000708200000, 0x0000000708400000, 0x0000000708400000|100%|HS|  |TAMS 0x0000000708400000, 0x0000000708200000| Complete 
|  66|0x0000000708400000, 0x0000000708600000, 0x0000000708600000|100%|HC|  |TAMS 0x0000000708600000, 0x0000000708400000| Complete 
|  67|0x0000000708600000, 0x0000000708800000, 0x0000000708800000|100%| O|  |TAMS 0x0000000708800000, 0x0000000708600000| Untracked 
|  68|0x0000000708800000, 0x0000000708a00000, 0x0000000708a00000|100%| O|  |TAMS 0x0000000708a00000, 0x0000000708800000| Untracked 
|  69|0x0000000708a00000, 0x0000000708c00000, 0x0000000708c00000|100%| O|  |TAMS 0x0000000708c00000, 0x0000000708a00000| Untracked 
|  70|0x0000000708c00000, 0x0000000708e00000, 0x0000000708e00000|100%| O|  |TAMS 0x0000000708e00000, 0x0000000708c00000| Complete 
|  71|0x0000000708e00000, 0x0000000709000000, 0x0000000709000000|100%| O|  |TAMS 0x0000000709000000, 0x0000000708e00000| Untracked 
|  72|0x0000000709000000, 0x0000000709200000, 0x0000000709200000|100%| O|  |TAMS 0x0000000709200000, 0x0000000709000000| Untracked 
|  73|0x0000000709200000, 0x0000000709400000, 0x0000000709400000|100%| O|  |TAMS 0x0000000709400000, 0x0000000709200000| Untracked 
|  74|0x0000000709400000, 0x0000000709600000, 0x0000000709600000|100%| O|  |TAMS 0x0000000709600000, 0x0000000709400000| Complete 
|  75|0x0000000709600000, 0x0000000709800000, 0x0000000709800000|100%| O|  |TAMS 0x0000000709800000, 0x0000000709600000| Untracked 
|  76|0x0000000709800000, 0x0000000709a00000, 0x0000000709a00000|100%| O|  |TAMS 0x0000000709a00000, 0x0000000709800000| Untracked 
|  77|0x0000000709a00000, 0x0000000709c00000, 0x0000000709c00000|100%| O|  |TAMS 0x0000000709c00000, 0x0000000709a00000| Untracked 
|  78|0x0000000709c00000, 0x0000000709e00000, 0x0000000709e00000|100%| O|  |TAMS 0x0000000709e00000, 0x0000000709c00000| Untracked 
|  79|0x0000000709e00000, 0x000000070a000000, 0x000000070a000000|100%| O|  |TAMS 0x000000070a000000, 0x0000000709e00000| Untracked 
|  80|0x000000070a000000, 0x000000070a200000, 0x000000070a200000|100%| O|  |TAMS 0x000000070a200000, 0x000000070a000000| Untracked 
|  81|0x000000070a200000, 0x000000070a400000, 0x000000070a400000|100%| O|  |TAMS 0x000000070a400000, 0x000000070a200000| Untracked 
|  82|0x000000070a400000, 0x000000070a600000, 0x000000070a600000|100%| O|  |TAMS 0x000000070a600000, 0x000000070a400000| Untracked 
|  83|0x000000070a600000, 0x000000070a800000, 0x000000070a800000|100%| O|  |TAMS 0x000000070a800000, 0x000000070a600000| Untracked 
|  84|0x000000070a800000, 0x000000070aa00000, 0x000000070aa00000|100%|HS|  |TAMS 0x000000070aa00000, 0x000000070a800000| Complete 
|  85|0x000000070aa00000, 0x000000070ac00000, 0x000000070ac00000|100%| O|  |TAMS 0x000000070ac00000, 0x000000070aa00000| Complete 
|  86|0x000000070ac00000, 0x000000070ae00000, 0x000000070ae00000|100%| O|  |TAMS 0x000000070ae00000, 0x000000070ac00000| Untracked 
|  87|0x000000070ae00000, 0x000000070b000000, 0x000000070b000000|100%| O|  |TAMS 0x000000070b000000, 0x000000070ae00000| Untracked 
|  88|0x000000070b000000, 0x000000070b200000, 0x000000070b200000|100%| O|  |TAMS 0x000000070b000000, 0x000000070b000000| Untracked 
|  89|0x000000070b200000, 0x000000070b400000, 0x000000070b400000|100%| O|  |TAMS 0x000000070b400000, 0x000000070b200000| Untracked 
|  90|0x000000070b400000, 0x000000070b600000, 0x000000070b600000|100%| O|  |TAMS 0x000000070b400000, 0x000000070b400000| Untracked 
|  91|0x000000070b600000, 0x000000070b600000, 0x000000070b800000|  0%| F|  |TAMS 0x000000070b600000, 0x000000070b600000| Untracked 
|  92|0x000000070b800000, 0x000000070ba00000, 0x000000070ba00000|100%| O|  |TAMS 0x000000070ba00000, 0x000000070b800000| Untracked 
|  93|0x000000070ba00000, 0x000000070bc00000, 0x000000070bc00000|100%| O|  |TAMS 0x000000070bc00000, 0x000000070ba00000| Untracked 
|  94|0x000000070bc00000, 0x000000070be00000, 0x000000070be00000|100%| O|  |TAMS 0x000000070be00000, 0x000000070bc00000| Untracked 
|  95|0x000000070be00000, 0x000000070c000000, 0x000000070c000000|100%| O|  |TAMS 0x000000070c000000, 0x000000070be00000| Untracked 
|  96|0x000000070c000000, 0x000000070c200000, 0x000000070c200000|100%| O|  |TAMS 0x000000070c200000, 0x000000070c000000| Untracked 
|  97|0x000000070c200000, 0x000000070c400000, 0x000000070c400000|100%| O|  |TAMS 0x000000070c400000, 0x000000070c200000| Complete 
|  98|0x000000070c400000, 0x000000070c400000, 0x000000070c600000|  0%| F|  |TAMS 0x000000070c400000, 0x000000070c400000| Untracked 
|  99|0x000000070c600000, 0x000000070c800000, 0x000000070c800000|100%| O|  |TAMS 0x000000070c800000, 0x000000070c600000| Untracked 
| 100|0x000000070c800000, 0x000000070ca00000, 0x000000070ca00000|100%| O|  |TAMS 0x000000070ca00000, 0x000000070c800000| Untracked 
| 101|0x000000070ca00000, 0x000000070cc00000, 0x000000070cc00000|100%| O|  |TAMS 0x000000070cc00000, 0x000000070ca00000| Untracked 
| 102|0x000000070cc00000, 0x000000070ce00000, 0x000000070ce00000|100%| O|  |TAMS 0x000000070ce00000, 0x000000070cc00000| Untracked 
| 103|0x000000070ce00000, 0x000000070d000000, 0x000000070d000000|100%| O|  |TAMS 0x000000070d000000, 0x000000070ce00000| Untracked 
| 104|0x000000070d000000, 0x000000070d200000, 0x000000070d200000|100%| O|  |TAMS 0x000000070d000000, 0x000000070d000000| Untracked 
| 105|0x000000070d200000, 0x000000070d400000, 0x000000070d400000|100%| O|  |TAMS 0x000000070d400000, 0x000000070d200000| Untracked 
| 106|0x000000070d400000, 0x000000070d600000, 0x000000070d600000|100%| O|  |TAMS 0x000000070d600000, 0x000000070d400000| Untracked 
| 107|0x000000070d600000, 0x000000070d800000, 0x000000070d800000|100%| O|  |TAMS 0x000000070d600000, 0x000000070d600000| Untracked 
| 108|0x000000070d800000, 0x000000070da00000, 0x000000070da00000|100%| O|  |TAMS 0x000000070da00000, 0x000000070d800000| Untracked 
| 109|0x000000070da00000, 0x000000070dc00000, 0x000000070dc00000|100%| O|  |TAMS 0x000000070dc00000, 0x000000070da00000| Untracked 
| 110|0x000000070dc00000, 0x000000070de00000, 0x000000070de00000|100%| O|  |TAMS 0x000000070dc00000, 0x000000070dc00000| Untracked 
| 111|0x000000070de00000, 0x000000070e000000, 0x000000070e000000|100%| O|  |TAMS 0x000000070e000000, 0x000000070de00000| Untracked 
| 112|0x000000070e000000, 0x000000070e200000, 0x000000070e200000|100%| O|  |TAMS 0x000000070e000000, 0x000000070e000000| Untracked 
| 113|0x000000070e200000, 0x000000070e400000, 0x000000070e400000|100%| O|  |TAMS 0x000000070e400000, 0x000000070e200000| Untracked 
| 114|0x000000070e400000, 0x000000070e600000, 0x000000070e600000|100%| O|  |TAMS 0x000000070e400000, 0x000000070e400000| Untracked 
| 115|0x000000070e600000, 0x000000070e800000, 0x000000070e800000|100%| O|  |TAMS 0x000000070e600000, 0x000000070e600000| Untracked 
| 116|0x000000070e800000, 0x000000070ea00000, 0x000000070ea00000|100%| O|  |TAMS 0x000000070e800000, 0x000000070e800000| Untracked 
| 117|0x000000070ea00000, 0x000000070ec00000, 0x000000070ec00000|100%| O|  |TAMS 0x000000070ea00000, 0x000000070ea00000| Untracked 
| 118|0x000000070ec00000, 0x000000070ee00000, 0x000000070ee00000|100%| O|  |TAMS 0x000000070ee00000, 0x000000070ec00000| Untracked 
| 119|0x000000070ee00000, 0x000000070ee00000, 0x000000070f000000|  0%| F|  |TAMS 0x000000070ee00000, 0x000000070ee00000| Untracked 
| 120|0x000000070f000000, 0x000000070f200000, 0x000000070f200000|100%| O|  |TAMS 0x000000070f200000, 0x000000070f000000| Untracked 
| 121|0x000000070f200000, 0x000000070f400000, 0x000000070f400000|100%| O|  |TAMS 0x000000070f200000, 0x000000070f200000| Untracked 
| 122|0x000000070f400000, 0x000000070f600000, 0x000000070f600000|100%| O|  |TAMS 0x000000070f400000, 0x000000070f400000| Untracked 
| 123|0x000000070f600000, 0x000000070f800000, 0x000000070f800000|100%| O|  |TAMS 0x000000070f800000, 0x000000070f600000| Untracked 
| 124|0x000000070f800000, 0x000000070fa00000, 0x000000070fa00000|100%| O|  |TAMS 0x000000070fa00000, 0x000000070f800000| Untracked 
| 125|0x000000070fa00000, 0x000000070fc00000, 0x000000070fc00000|100%| O|  |TAMS 0x000000070fa00000, 0x000000070fa00000| Untracked 
| 126|0x000000070fc00000, 0x000000070fe00000, 0x000000070fe00000|100%| O|  |TAMS 0x000000070fe00000, 0x000000070fc00000| Untracked 
| 127|0x000000070fe00000, 0x0000000710000000, 0x0000000710000000|100%| O|  |TAMS 0x0000000710000000, 0x000000070fe00000| Untracked 
| 128|0x0000000710000000, 0x0000000710200000, 0x0000000710200000|100%| O|  |TAMS 0x0000000710000000, 0x0000000710000000| Untracked 
| 129|0x0000000710200000, 0x0000000710400000, 0x0000000710400000|100%| O|  |TAMS 0x0000000710400000, 0x0000000710200000| Untracked 
| 130|0x0000000710400000, 0x0000000710600000, 0x0000000710600000|100%| O|  |TAMS 0x0000000710600000, 0x0000000710400000| Untracked 
| 131|0x0000000710600000, 0x0000000710800000, 0x0000000710800000|100%| O|  |TAMS 0x0000000710600000, 0x0000000710600000| Untracked 
| 132|0x0000000710800000, 0x0000000710a00000, 0x0000000710a00000|100%| O|  |TAMS 0x0000000710a00000, 0x0000000710800000| Untracked 
| 133|0x0000000710a00000, 0x0000000710c00000, 0x0000000710c00000|100%| O|  |TAMS 0x0000000710c00000, 0x0000000710a00000| Untracked 
| 134|0x0000000710c00000, 0x0000000710e00000, 0x0000000710e00000|100%| O|  |TAMS 0x0000000710e00000, 0x0000000710c00000| Untracked 
| 135|0x0000000710e00000, 0x0000000711000000, 0x0000000711000000|100%| O|  |TAMS 0x0000000711000000, 0x0000000710e00000| Untracked 
| 136|0x0000000711000000, 0x0000000711200000, 0x0000000711200000|100%| O|  |TAMS 0x0000000711200000, 0x0000000711000000| Untracked 
| 137|0x0000000711200000, 0x0000000711400000, 0x0000000711400000|100%| O|  |TAMS 0x0000000711400000, 0x0000000711200000| Untracked 
| 138|0x0000000711400000, 0x0000000711600000, 0x0000000711600000|100%| O|  |TAMS 0x0000000711600000, 0x0000000711400000| Untracked 
| 139|0x0000000711600000, 0x0000000711800000, 0x0000000711800000|100%| O|  |TAMS 0x0000000711600000, 0x0000000711600000| Untracked 
| 140|0x0000000711800000, 0x0000000711a00000, 0x0000000711a00000|100%| O|  |TAMS 0x0000000711a00000, 0x0000000711800000| Untracked 
| 141|0x0000000711a00000, 0x0000000711c00000, 0x0000000711c00000|100%| O|  |TAMS 0x0000000711c00000, 0x0000000711a00000| Untracked 
| 142|0x0000000711c00000, 0x0000000711e00000, 0x0000000711e00000|100%| O|  |TAMS 0x0000000711c00000, 0x0000000711c00000| Untracked 
| 143|0x0000000711e00000, 0x0000000712000000, 0x0000000712000000|100%| O|  |TAMS 0x0000000712000000, 0x0000000711e00000| Untracked 
| 144|0x0000000712000000, 0x0000000712200000, 0x0000000712200000|100%| O|  |TAMS 0x0000000712200000, 0x0000000712000000| Untracked 
| 145|0x0000000712200000, 0x0000000712400000, 0x0000000712400000|100%| O|  |TAMS 0x0000000712400000, 0x0000000712200000| Untracked 
| 146|0x0000000712400000, 0x0000000712600000, 0x0000000712600000|100%| O|  |TAMS 0x0000000712600000, 0x0000000712400000| Untracked 
| 147|0x0000000712600000, 0x0000000712800000, 0x0000000712800000|100%| O|  |TAMS 0x0000000712800000, 0x0000000712600000| Untracked 
| 148|0x0000000712800000, 0x0000000712a00000, 0x0000000712a00000|100%| O|  |TAMS 0x0000000712a00000, 0x0000000712800000| Untracked 
| 149|0x0000000712a00000, 0x0000000712c00000, 0x0000000712c00000|100%| O|  |TAMS 0x0000000712c00000, 0x0000000712a00000| Untracked 
| 150|0x0000000712c00000, 0x0000000712e00000, 0x0000000712e00000|100%| O|  |TAMS 0x0000000712c00000, 0x0000000712c00000| Untracked 
| 151|0x0000000712e00000, 0x0000000713000000, 0x0000000713000000|100%| O|  |TAMS 0x0000000713000000, 0x0000000712e00000| Untracked 
| 152|0x0000000713000000, 0x0000000713200000, 0x0000000713200000|100%| O|  |TAMS 0x0000000713200000, 0x0000000713000000| Untracked 
| 153|0x0000000713200000, 0x0000000713400000, 0x0000000713400000|100%| O|  |TAMS 0x0000000713400000, 0x0000000713200000| Untracked 
| 154|0x0000000713400000, 0x0000000713600000, 0x0000000713600000|100%| O|  |TAMS 0x0000000713600000, 0x0000000713400000| Untracked 
| 155|0x0000000713600000, 0x0000000713800000, 0x0000000713800000|100%| O|  |TAMS 0x0000000713800000, 0x0000000713600000| Untracked 
| 156|0x0000000713800000, 0x0000000713a00000, 0x0000000713a00000|100%| O|  |TAMS 0x0000000713800000, 0x0000000713800000| Untracked 
| 157|0x0000000713a00000, 0x0000000713c00000, 0x0000000713c00000|100%| O|  |TAMS 0x0000000713a00000, 0x0000000713a00000| Untracked 
| 158|0x0000000713c00000, 0x0000000713e00000, 0x0000000713e00000|100%| O|  |TAMS 0x0000000713e00000, 0x0000000713c00000| Untracked 
| 159|0x0000000713e00000, 0x0000000714000000, 0x0000000714000000|100%| O|  |TAMS 0x0000000714000000, 0x0000000713e00000| Untracked 
| 160|0x0000000714000000, 0x0000000714200000, 0x0000000714200000|100%| O|  |TAMS 0x0000000714200000, 0x0000000714000000| Untracked 
| 161|0x0000000714200000, 0x0000000714400000, 0x0000000714400000|100%| O|  |TAMS 0x0000000714400000, 0x0000000714200000| Untracked 
| 162|0x0000000714400000, 0x0000000714600000, 0x0000000714600000|100%| O|  |TAMS 0x0000000714400000, 0x0000000714400000| Untracked 
| 163|0x0000000714600000, 0x0000000714600000, 0x0000000714800000|  0%| F|  |TAMS 0x0000000714600000, 0x0000000714600000| Untracked 
| 164|0x0000000714800000, 0x0000000714800000, 0x0000000714a00000|  0%| F|  |TAMS 0x0000000714800000, 0x0000000714800000| Untracked 
| 165|0x0000000714a00000, 0x0000000714a00000, 0x0000000714c00000|  0%| F|  |TAMS 0x0000000714a00000, 0x0000000714a00000| Untracked 
| 166|0x0000000714c00000, 0x0000000714c00000, 0x0000000714e00000|  0%| F|  |TAMS 0x0000000714c00000, 0x0000000714c00000| Untracked 
| 167|0x0000000714e00000, 0x0000000715000000, 0x0000000715000000|100%| O|  |TAMS 0x0000000714e00000, 0x0000000714e00000| Untracked 
| 168|0x0000000715000000, 0x0000000715000000, 0x0000000715200000|  0%| F|  |TAMS 0x0000000715000000, 0x0000000715000000| Untracked 
| 169|0x0000000715200000, 0x0000000715200000, 0x0000000715400000|  0%| F|  |TAMS 0x0000000715200000, 0x0000000715200000| Untracked 
| 170|0x0000000715400000, 0x0000000715400000, 0x0000000715600000|  0%| F|  |TAMS 0x0000000715400000, 0x0000000715400000| Untracked 
| 171|0x0000000715600000, 0x0000000715800000, 0x0000000715800000|100%| O|  |TAMS 0x0000000715800000, 0x0000000715600000| Untracked 
| 172|0x0000000715800000, 0x0000000715800000, 0x0000000715a00000|  0%| F|  |TAMS 0x0000000715800000, 0x0000000715800000| Untracked 
| 173|0x0000000715a00000, 0x0000000715c00000, 0x0000000715c00000|100%| O|  |TAMS 0x0000000715a00000, 0x0000000715a00000| Untracked 
| 174|0x0000000715c00000, 0x0000000715e00000, 0x0000000715e00000|100%| O|  |TAMS 0x0000000715e00000, 0x0000000715c00000| Untracked 
| 175|0x0000000715e00000, 0x0000000716000000, 0x0000000716000000|100%| O|  |TAMS 0x0000000715e00000, 0x0000000715e00000| Untracked 
| 176|0x0000000716000000, 0x0000000716000000, 0x0000000716200000|  0%| F|  |TAMS 0x0000000716000000, 0x0000000716000000| Untracked 
| 177|0x0000000716200000, 0x0000000716200000, 0x0000000716400000|  0%| F|  |TAMS 0x0000000716200000, 0x0000000716200000| Untracked 
| 178|0x0000000716400000, 0x0000000716600000, 0x0000000716600000|100%| O|  |TAMS 0x0000000716400000, 0x0000000716400000| Untracked 
| 179|0x0000000716600000, 0x0000000716800000, 0x0000000716800000|100%| O|  |TAMS 0x0000000716800000, 0x0000000716600000| Untracked 
| 180|0x0000000716800000, 0x0000000716800000, 0x0000000716a00000|  0%| F|  |TAMS 0x0000000716800000, 0x0000000716800000| Untracked 
| 181|0x0000000716a00000, 0x0000000716a00000, 0x0000000716c00000|  0%| F|  |TAMS 0x0000000716a00000, 0x0000000716a00000| Untracked 
| 182|0x0000000716c00000, 0x0000000716e00000, 0x0000000716e00000|100%| O|  |TAMS 0x0000000716e00000, 0x0000000716c00000| Untracked 
| 183|0x0000000716e00000, 0x0000000717000000, 0x0000000717000000|100%| O|  |TAMS 0x0000000717000000, 0x0000000716e00000| Untracked 
| 184|0x0000000717000000, 0x0000000717200000, 0x0000000717200000|100%| O|  |TAMS 0x0000000717200000, 0x0000000717000000| Untracked 
| 185|0x0000000717200000, 0x0000000717400000, 0x0000000717400000|100%| O|  |TAMS 0x0000000717400000, 0x0000000717200000| Untracked 
| 186|0x0000000717400000, 0x0000000717600000, 0x0000000717600000|100%| O|  |TAMS 0x0000000717600000, 0x0000000717400000| Untracked 
| 187|0x0000000717600000, 0x0000000717800000, 0x0000000717800000|100%| O|  |TAMS 0x0000000717800000, 0x0000000717600000| Untracked 
| 188|0x0000000717800000, 0x0000000717a00000, 0x0000000717a00000|100%| O|  |TAMS 0x0000000717a00000, 0x0000000717800000| Untracked 
| 189|0x0000000717a00000, 0x0000000717c00000, 0x0000000717c00000|100%| O|  |TAMS 0x0000000717c00000, 0x0000000717a00000| Untracked 
| 190|0x0000000717c00000, 0x0000000717e00000, 0x0000000717e00000|100%| O|  |TAMS 0x0000000717e00000, 0x0000000717c00000| Untracked 
| 191|0x0000000717e00000, 0x0000000718000000, 0x0000000718000000|100%| O|  |TAMS 0x0000000718000000, 0x0000000717e00000| Untracked 
| 192|0x0000000718000000, 0x0000000718200000, 0x0000000718200000|100%| O|  |TAMS 0x0000000718200000, 0x0000000718000000| Untracked 
| 193|0x0000000718200000, 0x0000000718400000, 0x0000000718400000|100%| O|  |TAMS 0x0000000718400000, 0x0000000718200000| Untracked 
| 194|0x0000000718400000, 0x0000000718600000, 0x0000000718600000|100%| O|  |TAMS 0x0000000718600000, 0x0000000718400000| Untracked 
| 195|0x0000000718600000, 0x0000000718800000, 0x0000000718800000|100%| O|  |TAMS 0x0000000718800000, 0x0000000718600000| Untracked 
| 196|0x0000000718800000, 0x0000000718800000, 0x0000000718a00000|  0%| F|  |TAMS 0x0000000718800000, 0x0000000718800000| Untracked 
| 197|0x0000000718a00000, 0x0000000718c00000, 0x0000000718c00000|100%| O|  |TAMS 0x0000000718c00000, 0x0000000718a00000| Untracked 
| 198|0x0000000718c00000, 0x0000000718e00000, 0x0000000718e00000|100%| O|  |TAMS 0x0000000718e00000, 0x0000000718c00000| Untracked 
| 199|0x0000000718e00000, 0x0000000719000000, 0x0000000719000000|100%| O|  |TAMS 0x0000000719000000, 0x0000000718e00000| Untracked 
| 200|0x0000000719000000, 0x0000000719000000, 0x0000000719200000|  0%| F|  |TAMS 0x0000000719000000, 0x0000000719000000| Untracked 
| 201|0x0000000719200000, 0x0000000719400000, 0x0000000719400000|100%| O|  |TAMS 0x0000000719400000, 0x0000000719200000| Untracked 
| 202|0x0000000719400000, 0x0000000719600000, 0x0000000719600000|100%| O|  |TAMS 0x0000000719600000, 0x0000000719400000| Untracked 
| 203|0x0000000719600000, 0x0000000719800000, 0x0000000719800000|100%| O|  |TAMS 0x0000000719800000, 0x0000000719600000| Untracked 
| 204|0x0000000719800000, 0x0000000719800000, 0x0000000719a00000|  0%| F|  |TAMS 0x0000000719800000, 0x0000000719800000| Untracked 
| 205|0x0000000719a00000, 0x0000000719c00000, 0x0000000719c00000|100%| O|  |TAMS 0x0000000719c00000, 0x0000000719a00000| Untracked 
| 206|0x0000000719c00000, 0x0000000719c00000, 0x0000000719e00000|  0%| F|  |TAMS 0x0000000719c00000, 0x0000000719c00000| Untracked 
| 207|0x0000000719e00000, 0x0000000719e00000, 0x000000071a000000|  0%| F|  |TAMS 0x0000000719e00000, 0x0000000719e00000| Untracked 
| 208|0x000000071a000000, 0x000000071a200000, 0x000000071a200000|100%| O|  |TAMS 0x000000071a200000, 0x000000071a000000| Untracked 
| 209|0x000000071a200000, 0x000000071a200000, 0x000000071a400000|  0%| F|  |TAMS 0x000000071a200000, 0x000000071a200000| Untracked 
| 210|0x000000071a400000, 0x000000071a400000, 0x000000071a600000|  0%| F|  |TAMS 0x000000071a400000, 0x000000071a400000| Untracked 
| 211|0x000000071a600000, 0x000000071a600000, 0x000000071a800000|  0%| F|  |TAMS 0x000000071a600000, 0x000000071a600000| Untracked 
| 212|0x000000071a800000, 0x000000071a800000, 0x000000071aa00000|  0%| F|  |TAMS 0x000000071a800000, 0x000000071a800000| Untracked 
| 213|0x000000071aa00000, 0x000000071aa00000, 0x000000071ac00000|  0%| F|  |TAMS 0x000000071aa00000, 0x000000071aa00000| Untracked 
| 214|0x000000071ac00000, 0x000000071ac00000, 0x000000071ae00000|  0%| F|  |TAMS 0x000000071ac00000, 0x000000071ac00000| Untracked 
| 215|0x000000071ae00000, 0x000000071ae00000, 0x000000071b000000|  0%| F|  |TAMS 0x000000071ae00000, 0x000000071ae00000| Untracked 
| 216|0x000000071b000000, 0x000000071b000000, 0x000000071b200000|  0%| F|  |TAMS 0x000000071b000000, 0x000000071b000000| Untracked 
| 217|0x000000071b200000, 0x000000071b200000, 0x000000071b400000|  0%| F|  |TAMS 0x000000071b200000, 0x000000071b200000| Untracked 
| 218|0x000000071b400000, 0x000000071b400000, 0x000000071b600000|  0%| F|  |TAMS 0x000000071b400000, 0x000000071b400000| Untracked 
| 219|0x000000071b600000, 0x000000071b800000, 0x000000071b800000|100%| O|  |TAMS 0x000000071b800000, 0x000000071b600000| Untracked 
| 220|0x000000071b800000, 0x000000071b800000, 0x000000071ba00000|  0%| F|  |TAMS 0x000000071b800000, 0x000000071b800000| Untracked 
| 221|0x000000071ba00000, 0x000000071ba00000, 0x000000071bc00000|  0%| F|  |TAMS 0x000000071ba00000, 0x000000071ba00000| Untracked 
| 222|0x000000071bc00000, 0x000000071bc00000, 0x000000071be00000|  0%| F|  |TAMS 0x000000071bc00000, 0x000000071bc00000| Untracked 
| 223|0x000000071be00000, 0x000000071be00000, 0x000000071c000000|  0%| F|  |TAMS 0x000000071be00000, 0x000000071be00000| Untracked 
| 224|0x000000071c000000, 0x000000071c000000, 0x000000071c200000|  0%| F|  |TAMS 0x000000071c000000, 0x000000071c000000| Untracked 
| 225|0x000000071c200000, 0x000000071c400000, 0x000000071c400000|100%| O|  |TAMS 0x000000071c400000, 0x000000071c200000| Untracked 
| 226|0x000000071c400000, 0x000000071c400000, 0x000000071c600000|  0%| F|  |TAMS 0x000000071c400000, 0x000000071c400000| Untracked 
| 227|0x000000071c600000, 0x000000071c600000, 0x000000071c800000|  0%| F|  |TAMS 0x000000071c600000, 0x000000071c600000| Untracked 
| 228|0x000000071c800000, 0x000000071c800000, 0x000000071ca00000|  0%| F|  |TAMS 0x000000071c800000, 0x000000071c800000| Untracked 
| 229|0x000000071ca00000, 0x000000071ca00000, 0x000000071cc00000|  0%| F|  |TAMS 0x000000071ca00000, 0x000000071ca00000| Untracked 
| 230|0x000000071cc00000, 0x000000071cc00000, 0x000000071ce00000|  0%| F|  |TAMS 0x000000071cc00000, 0x000000071cc00000| Untracked 
| 231|0x000000071ce00000, 0x000000071ce00000, 0x000000071d000000|  0%| F|  |TAMS 0x000000071ce00000, 0x000000071ce00000| Untracked 
| 232|0x000000071d000000, 0x000000071d000000, 0x000000071d200000|  0%| F|  |TAMS 0x000000071d000000, 0x000000071d000000| Untracked 
| 233|0x000000071d200000, 0x000000071d200000, 0x000000071d400000|  0%| F|  |TAMS 0x000000071d200000, 0x000000071d200000| Untracked 
| 234|0x000000071d400000, 0x000000071d400000, 0x000000071d600000|  0%| F|  |TAMS 0x000000071d400000, 0x000000071d400000| Untracked 
| 235|0x000000071d600000, 0x000000071d600000, 0x000000071d800000|  0%| F|  |TAMS 0x000000071d600000, 0x000000071d600000| Untracked 
| 236|0x000000071d800000, 0x000000071da00000, 0x000000071da00000|100%| O|  |TAMS 0x000000071da00000, 0x000000071d800000| Untracked 
| 237|0x000000071da00000, 0x000000071dc00000, 0x000000071dc00000|100%| O|  |TAMS 0x000000071dc00000, 0x000000071da00000| Untracked 
| 238|0x000000071dc00000, 0x000000071de00000, 0x000000071de00000|100%| O|  |TAMS 0x000000071de00000, 0x000000071dc00000| Untracked 
| 239|0x000000071de00000, 0x000000071de00000, 0x000000071e000000|  0%| F|  |TAMS 0x000000071de00000, 0x000000071de00000| Untracked 
| 240|0x000000071e000000, 0x000000071e200000, 0x000000071e200000|100%| O|  |TAMS 0x000000071e200000, 0x000000071e000000| Untracked 
| 241|0x000000071e200000, 0x000000071e400000, 0x000000071e400000|100%| O|  |TAMS 0x000000071e400000, 0x000000071e200000| Untracked 
| 242|0x000000071e400000, 0x000000071e600000, 0x000000071e600000|100%| O|  |TAMS 0x000000071e600000, 0x000000071e400000| Untracked 
| 243|0x000000071e600000, 0x000000071e800000, 0x000000071e800000|100%| O|  |TAMS 0x000000071e800000, 0x000000071e600000| Untracked 
| 244|0x000000071e800000, 0x000000071ea00000, 0x000000071ea00000|100%| O|  |TAMS 0x000000071ea00000, 0x000000071e800000| Untracked 
| 245|0x000000071ea00000, 0x000000071ec00000, 0x000000071ec00000|100%| O|  |TAMS 0x000000071ec00000, 0x000000071ea00000| Untracked 
| 246|0x000000071ec00000, 0x000000071ee00000, 0x000000071ee00000|100%| O|  |TAMS 0x000000071ee00000, 0x000000071ec00000| Untracked 
| 247|0x000000071ee00000, 0x000000071ee00000, 0x000000071f000000|  0%| F|  |TAMS 0x000000071ee00000, 0x000000071ee00000| Untracked 
| 248|0x000000071f000000, 0x000000071f000000, 0x000000071f200000|  0%| F|  |TAMS 0x000000071f000000, 0x000000071f000000| Untracked 
| 249|0x000000071f200000, 0x000000071f200000, 0x000000071f400000|  0%| F|  |TAMS 0x000000071f200000, 0x000000071f200000| Untracked 
| 250|0x000000071f400000, 0x000000071f400000, 0x000000071f600000|  0%| F|  |TAMS 0x000000071f400000, 0x000000071f400000| Untracked 
| 251|0x000000071f600000, 0x000000071f600000, 0x000000071f800000|  0%| F|  |TAMS 0x000000071f600000, 0x000000071f600000| Untracked 
| 252|0x000000071f800000, 0x000000071f800000, 0x000000071fa00000|  0%| F|  |TAMS 0x000000071f800000, 0x000000071f800000| Untracked 
| 253|0x000000071fa00000, 0x000000071fa00000, 0x000000071fc00000|  0%| F|  |TAMS 0x000000071fa00000, 0x000000071fa00000| Untracked 
| 254|0x000000071fc00000, 0x000000071fc00000, 0x000000071fe00000|  0%| F|  |TAMS 0x000000071fc00000, 0x000000071fc00000| Untracked 
| 255|0x000000071fe00000, 0x000000071fe00000, 0x0000000720000000|  0%| F|  |TAMS 0x000000071fe00000, 0x000000071fe00000| Untracked 
| 256|0x0000000720000000, 0x0000000720000000, 0x0000000720200000|  0%| F|  |TAMS 0x0000000720000000, 0x0000000720000000| Untracked 
| 257|0x0000000720200000, 0x0000000720200000, 0x0000000720400000|  0%| F|  |TAMS 0x0000000720200000, 0x0000000720200000| Untracked 
| 258|0x0000000720400000, 0x0000000720400000, 0x0000000720600000|  0%| F|  |TAMS 0x0000000720400000, 0x0000000720400000| Untracked 
| 259|0x0000000720600000, 0x0000000720600000, 0x0000000720800000|  0%| F|  |TAMS 0x0000000720600000, 0x0000000720600000| Untracked 
| 260|0x0000000720800000, 0x0000000720800000, 0x0000000720a00000|  0%| F|  |TAMS 0x0000000720800000, 0x0000000720800000| Untracked 
| 261|0x0000000720a00000, 0x0000000720a00000, 0x0000000720c00000|  0%| F|  |TAMS 0x0000000720a00000, 0x0000000720a00000| Untracked 
| 262|0x0000000720c00000, 0x0000000720c00000, 0x0000000720e00000|  0%| F|  |TAMS 0x0000000720c00000, 0x0000000720c00000| Untracked 
| 263|0x0000000720e00000, 0x0000000720e00000, 0x0000000721000000|  0%| F|  |TAMS 0x0000000720e00000, 0x0000000720e00000| Untracked 
| 264|0x0000000721000000, 0x0000000721000000, 0x0000000721200000|  0%| F|  |TAMS 0x0000000721000000, 0x0000000721000000| Untracked 
| 265|0x0000000721200000, 0x0000000721200000, 0x0000000721400000|  0%| F|  |TAMS 0x0000000721200000, 0x0000000721200000| Untracked 
| 266|0x0000000721400000, 0x0000000721400000, 0x0000000721600000|  0%| F|  |TAMS 0x0000000721400000, 0x0000000721400000| Untracked 
| 267|0x0000000721600000, 0x0000000721600000, 0x0000000721800000|  0%| F|  |TAMS 0x0000000721600000, 0x0000000721600000| Untracked 
| 268|0x0000000721800000, 0x0000000721800000, 0x0000000721a00000|  0%| F|  |TAMS 0x0000000721800000, 0x0000000721800000| Untracked 
| 269|0x0000000721a00000, 0x0000000721a00000, 0x0000000721c00000|  0%| F|  |TAMS 0x0000000721a00000, 0x0000000721a00000| Untracked 
| 270|0x0000000721c00000, 0x0000000721c00000, 0x0000000721e00000|  0%| F|  |TAMS 0x0000000721c00000, 0x0000000721c00000| Untracked 
| 271|0x0000000721e00000, 0x0000000721e00000, 0x0000000722000000|  0%| F|  |TAMS 0x0000000721e00000, 0x0000000721e00000| Untracked 
| 272|0x0000000722000000, 0x0000000722000000, 0x0000000722200000|  0%| F|  |TAMS 0x0000000722000000, 0x0000000722000000| Untracked 
| 273|0x0000000722200000, 0x0000000722200000, 0x0000000722400000|  0%| F|  |TAMS 0x0000000722200000, 0x0000000722200000| Untracked 
| 274|0x0000000722400000, 0x0000000722400000, 0x0000000722600000|  0%| F|  |TAMS 0x0000000722400000, 0x0000000722400000| Untracked 
| 275|0x0000000722600000, 0x0000000722600000, 0x0000000722800000|  0%| F|  |TAMS 0x0000000722600000, 0x0000000722600000| Untracked 
| 276|0x0000000722800000, 0x0000000722800000, 0x0000000722a00000|  0%| F|  |TAMS 0x0000000722800000, 0x0000000722800000| Untracked 
| 277|0x0000000722a00000, 0x0000000722a00000, 0x0000000722c00000|  0%| F|  |TAMS 0x0000000722a00000, 0x0000000722a00000| Untracked 
| 278|0x0000000722c00000, 0x0000000722c00000, 0x0000000722e00000|  0%| F|  |TAMS 0x0000000722c00000, 0x0000000722c00000| Untracked 
| 279|0x0000000722e00000, 0x0000000722e00000, 0x0000000723000000|  0%| F|  |TAMS 0x0000000722e00000, 0x0000000722e00000| Untracked 
| 280|0x0000000723000000, 0x0000000723000000, 0x0000000723200000|  0%| F|  |TAMS 0x0000000723000000, 0x0000000723000000| Untracked 
| 281|0x0000000723200000, 0x0000000723200000, 0x0000000723400000|  0%| F|  |TAMS 0x0000000723200000, 0x0000000723200000| Untracked 
| 282|0x0000000723400000, 0x0000000723400000, 0x0000000723600000|  0%| F|  |TAMS 0x0000000723400000, 0x0000000723400000| Untracked 
| 283|0x0000000723600000, 0x0000000723600000, 0x0000000723800000|  0%| F|  |TAMS 0x0000000723600000, 0x0000000723600000| Untracked 
| 284|0x0000000723800000, 0x0000000723800000, 0x0000000723a00000|  0%| F|  |TAMS 0x0000000723800000, 0x0000000723800000| Untracked 
| 285|0x0000000723a00000, 0x0000000723a00000, 0x0000000723c00000|  0%| F|  |TAMS 0x0000000723a00000, 0x0000000723a00000| Untracked 
| 286|0x0000000723c00000, 0x0000000723c00000, 0x0000000723e00000|  0%| F|  |TAMS 0x0000000723c00000, 0x0000000723c00000| Untracked 
| 287|0x0000000723e00000, 0x0000000723e00000, 0x0000000724000000|  0%| F|  |TAMS 0x0000000723e00000, 0x0000000723e00000| Untracked 
| 288|0x0000000724000000, 0x0000000724000000, 0x0000000724200000|  0%| F|  |TAMS 0x0000000724000000, 0x0000000724000000| Untracked 
| 289|0x0000000724200000, 0x0000000724200000, 0x0000000724400000|  0%| F|  |TAMS 0x0000000724200000, 0x0000000724200000| Untracked 
| 290|0x0000000724400000, 0x0000000724400000, 0x0000000724600000|  0%| F|  |TAMS 0x0000000724400000, 0x0000000724400000| Untracked 
| 291|0x0000000724600000, 0x0000000724600000, 0x0000000724800000|  0%| F|  |TAMS 0x0000000724600000, 0x0000000724600000| Untracked 
| 292|0x0000000724800000, 0x0000000724800000, 0x0000000724a00000|  0%| F|  |TAMS 0x0000000724800000, 0x0000000724800000| Untracked 
| 293|0x0000000724a00000, 0x0000000724a00000, 0x0000000724c00000|  0%| F|  |TAMS 0x0000000724a00000, 0x0000000724a00000| Untracked 
| 294|0x0000000724c00000, 0x0000000724c00000, 0x0000000724e00000|  0%| F|  |TAMS 0x0000000724c00000, 0x0000000724c00000| Untracked 
| 295|0x0000000724e00000, 0x0000000724e00000, 0x0000000725000000|  0%| F|  |TAMS 0x0000000724e00000, 0x0000000724e00000| Untracked 
| 296|0x0000000725000000, 0x0000000725000000, 0x0000000725200000|  0%| F|  |TAMS 0x0000000725000000, 0x0000000725000000| Untracked 
| 297|0x0000000725200000, 0x0000000725200000, 0x0000000725400000|  0%| F|  |TAMS 0x0000000725200000, 0x0000000725200000| Untracked 
| 298|0x0000000725400000, 0x0000000725400000, 0x0000000725600000|  0%| F|  |TAMS 0x0000000725400000, 0x0000000725400000| Untracked 
| 299|0x0000000725600000, 0x0000000725600000, 0x0000000725800000|  0%| F|  |TAMS 0x0000000725600000, 0x0000000725600000| Untracked 
| 300|0x0000000725800000, 0x0000000725800000, 0x0000000725a00000|  0%| F|  |TAMS 0x0000000725800000, 0x0000000725800000| Untracked 
| 301|0x0000000725a00000, 0x0000000725a00000, 0x0000000725c00000|  0%| F|  |TAMS 0x0000000725a00000, 0x0000000725a00000| Untracked 
| 302|0x0000000725c00000, 0x0000000725c00000, 0x0000000725e00000|  0%| F|  |TAMS 0x0000000725c00000, 0x0000000725c00000| Untracked 
| 303|0x0000000725e00000, 0x0000000725e00000, 0x0000000726000000|  0%| F|  |TAMS 0x0000000725e00000, 0x0000000725e00000| Untracked 
| 304|0x0000000726000000, 0x0000000726000000, 0x0000000726200000|  0%| F|  |TAMS 0x0000000726000000, 0x0000000726000000| Untracked 
| 305|0x0000000726200000, 0x0000000726200000, 0x0000000726400000|  0%| F|  |TAMS 0x0000000726200000, 0x0000000726200000| Untracked 
| 306|0x0000000726400000, 0x0000000726400000, 0x0000000726600000|  0%| F|  |TAMS 0x0000000726400000, 0x0000000726400000| Untracked 
| 307|0x0000000726600000, 0x0000000726600000, 0x0000000726800000|  0%| F|  |TAMS 0x0000000726600000, 0x0000000726600000| Untracked 
| 308|0x0000000726800000, 0x0000000726800000, 0x0000000726a00000|  0%| F|  |TAMS 0x0000000726800000, 0x0000000726800000| Untracked 
| 309|0x0000000726a00000, 0x0000000726a00000, 0x0000000726c00000|  0%| F|  |TAMS 0x0000000726a00000, 0x0000000726a00000| Untracked 
| 310|0x0000000726c00000, 0x0000000726c00000, 0x0000000726e00000|  0%| F|  |TAMS 0x0000000726c00000, 0x0000000726c00000| Untracked 
| 311|0x0000000726e00000, 0x0000000726e00000, 0x0000000727000000|  0%| F|  |TAMS 0x0000000726e00000, 0x0000000726e00000| Untracked 
| 312|0x0000000727000000, 0x0000000727000000, 0x0000000727200000|  0%| F|  |TAMS 0x0000000727000000, 0x0000000727000000| Untracked 
| 313|0x0000000727200000, 0x0000000727200000, 0x0000000727400000|  0%| F|  |TAMS 0x0000000727200000, 0x0000000727200000| Untracked 
| 314|0x0000000727400000, 0x0000000727400000, 0x0000000727600000|  0%| F|  |TAMS 0x0000000727400000, 0x0000000727400000| Untracked 
| 315|0x0000000727600000, 0x0000000727600000, 0x0000000727800000|  0%| F|  |TAMS 0x0000000727600000, 0x0000000727600000| Untracked 
| 316|0x0000000727800000, 0x0000000727800000, 0x0000000727a00000|  0%| F|  |TAMS 0x0000000727800000, 0x0000000727800000| Untracked 
| 317|0x0000000727a00000, 0x0000000727a00000, 0x0000000727c00000|  0%| F|  |TAMS 0x0000000727a00000, 0x0000000727a00000| Untracked 
| 318|0x0000000727c00000, 0x0000000727c00000, 0x0000000727e00000|  0%| F|  |TAMS 0x0000000727c00000, 0x0000000727c00000| Untracked 
| 319|0x0000000727e00000, 0x0000000727e00000, 0x0000000728000000|  0%| F|  |TAMS 0x0000000727e00000, 0x0000000727e00000| Untracked 
| 320|0x0000000728000000, 0x0000000728000000, 0x0000000728200000|  0%| F|  |TAMS 0x0000000728000000, 0x0000000728000000| Untracked 
| 321|0x0000000728200000, 0x0000000728200000, 0x0000000728400000|  0%| F|  |TAMS 0x0000000728200000, 0x0000000728200000| Untracked 
| 322|0x0000000728400000, 0x0000000728400000, 0x0000000728600000|  0%| F|  |TAMS 0x0000000728400000, 0x0000000728400000| Untracked 
| 323|0x0000000728600000, 0x0000000728600000, 0x0000000728800000|  0%| F|  |TAMS 0x0000000728600000, 0x0000000728600000| Untracked 
| 324|0x0000000728800000, 0x0000000728800000, 0x0000000728a00000|  0%| F|  |TAMS 0x0000000728800000, 0x0000000728800000| Untracked 
| 325|0x0000000728a00000, 0x0000000728a00000, 0x0000000728c00000|  0%| F|  |TAMS 0x0000000728a00000, 0x0000000728a00000| Untracked 
| 326|0x0000000728c00000, 0x0000000728c00000, 0x0000000728e00000|  0%| F|  |TAMS 0x0000000728c00000, 0x0000000728c00000| Untracked 
| 327|0x0000000728e00000, 0x0000000728e00000, 0x0000000729000000|  0%| F|  |TAMS 0x0000000728e00000, 0x0000000728e00000| Untracked 
| 328|0x0000000729000000, 0x0000000729000000, 0x0000000729200000|  0%| F|  |TAMS 0x0000000729000000, 0x0000000729000000| Untracked 
| 329|0x0000000729200000, 0x0000000729200000, 0x0000000729400000|  0%| F|  |TAMS 0x0000000729200000, 0x0000000729200000| Untracked 
| 330|0x0000000729400000, 0x0000000729400000, 0x0000000729600000|  0%| F|  |TAMS 0x0000000729400000, 0x0000000729400000| Untracked 
| 331|0x0000000729600000, 0x0000000729600000, 0x0000000729800000|  0%| F|  |TAMS 0x0000000729600000, 0x0000000729600000| Untracked 
| 332|0x0000000729800000, 0x0000000729800000, 0x0000000729a00000|  0%| F|  |TAMS 0x0000000729800000, 0x0000000729800000| Untracked 
| 333|0x0000000729a00000, 0x0000000729a00000, 0x0000000729c00000|  0%| F|  |TAMS 0x0000000729a00000, 0x0000000729a00000| Untracked 
| 334|0x0000000729c00000, 0x0000000729c00000, 0x0000000729e00000|  0%| F|  |TAMS 0x0000000729c00000, 0x0000000729c00000| Untracked 
| 335|0x0000000729e00000, 0x0000000729e00000, 0x000000072a000000|  0%| F|  |TAMS 0x0000000729e00000, 0x0000000729e00000| Untracked 
| 336|0x000000072a000000, 0x000000072a000000, 0x000000072a200000|  0%| F|  |TAMS 0x000000072a000000, 0x000000072a000000| Untracked 
| 337|0x000000072a200000, 0x000000072a200000, 0x000000072a400000|  0%| F|  |TAMS 0x000000072a200000, 0x000000072a200000| Untracked 
| 338|0x000000072a400000, 0x000000072a400000, 0x000000072a600000|  0%| F|  |TAMS 0x000000072a400000, 0x000000072a400000| Untracked 
| 339|0x000000072a600000, 0x000000072a600000, 0x000000072a800000|  0%| F|  |TAMS 0x000000072a600000, 0x000000072a600000| Untracked 
| 340|0x000000072a800000, 0x000000072a800000, 0x000000072aa00000|  0%| F|  |TAMS 0x000000072a800000, 0x000000072a800000| Untracked 
| 341|0x000000072aa00000, 0x000000072aa00000, 0x000000072ac00000|  0%| F|  |TAMS 0x000000072aa00000, 0x000000072aa00000| Untracked 
| 342|0x000000072ac00000, 0x000000072ac00000, 0x000000072ae00000|  0%| F|  |TAMS 0x000000072ac00000, 0x000000072ac00000| Untracked 
| 343|0x000000072ae00000, 0x000000072ae00000, 0x000000072b000000|  0%| F|  |TAMS 0x000000072ae00000, 0x000000072ae00000| Untracked 
| 344|0x000000072b000000, 0x000000072b000000, 0x000000072b200000|  0%| F|  |TAMS 0x000000072b000000, 0x000000072b000000| Untracked 
| 345|0x000000072b200000, 0x000000072b200000, 0x000000072b400000|  0%| F|  |TAMS 0x000000072b200000, 0x000000072b200000| Untracked 
| 346|0x000000072b400000, 0x000000072b400000, 0x000000072b600000|  0%| F|  |TAMS 0x000000072b400000, 0x000000072b400000| Untracked 
| 347|0x000000072b600000, 0x000000072b600000, 0x000000072b800000|  0%| F|  |TAMS 0x000000072b600000, 0x000000072b600000| Untracked 
| 348|0x000000072b800000, 0x000000072b800000, 0x000000072ba00000|  0%| F|  |TAMS 0x000000072b800000, 0x000000072b800000| Untracked 
| 349|0x000000072ba00000, 0x000000072ba00000, 0x000000072bc00000|  0%| F|  |TAMS 0x000000072ba00000, 0x000000072ba00000| Untracked 
| 350|0x000000072bc00000, 0x000000072bc00000, 0x000000072be00000|  0%| F|  |TAMS 0x000000072bc00000, 0x000000072bc00000| Untracked 
| 351|0x000000072be00000, 0x000000072be00000, 0x000000072c000000|  0%| F|  |TAMS 0x000000072be00000, 0x000000072be00000| Untracked 
| 352|0x000000072c000000, 0x000000072c000000, 0x000000072c200000|  0%| F|  |TAMS 0x000000072c000000, 0x000000072c000000| Untracked 
| 353|0x000000072c200000, 0x000000072c200000, 0x000000072c400000|  0%| F|  |TAMS 0x000000072c200000, 0x000000072c200000| Untracked 
| 354|0x000000072c400000, 0x000000072c400000, 0x000000072c600000|  0%| F|  |TAMS 0x000000072c400000, 0x000000072c400000| Untracked 
| 355|0x000000072c600000, 0x000000072c600000, 0x000000072c800000|  0%| F|  |TAMS 0x000000072c600000, 0x000000072c600000| Untracked 
| 356|0x000000072c800000, 0x000000072c800000, 0x000000072ca00000|  0%| F|  |TAMS 0x000000072c800000, 0x000000072c800000| Untracked 
| 357|0x000000072ca00000, 0x000000072ca00000, 0x000000072cc00000|  0%| F|  |TAMS 0x000000072ca00000, 0x000000072ca00000| Untracked 
| 358|0x000000072cc00000, 0x000000072cc00000, 0x000000072ce00000|  0%| F|  |TAMS 0x000000072cc00000, 0x000000072cc00000| Untracked 
| 359|0x000000072ce00000, 0x000000072ce00000, 0x000000072d000000|  0%| F|  |TAMS 0x000000072ce00000, 0x000000072ce00000| Untracked 
| 360|0x000000072d000000, 0x000000072d000000, 0x000000072d200000|  0%| F|  |TAMS 0x000000072d000000, 0x000000072d000000| Untracked 
| 361|0x000000072d200000, 0x000000072d200000, 0x000000072d400000|  0%| F|  |TAMS 0x000000072d200000, 0x000000072d200000| Untracked 
| 362|0x000000072d400000, 0x000000072d400000, 0x000000072d600000|  0%| F|  |TAMS 0x000000072d400000, 0x000000072d400000| Untracked 
| 363|0x000000072d600000, 0x000000072d600000, 0x000000072d800000|  0%| F|  |TAMS 0x000000072d600000, 0x000000072d600000| Untracked 
| 364|0x000000072d800000, 0x000000072d800000, 0x000000072da00000|  0%| F|  |TAMS 0x000000072d800000, 0x000000072d800000| Untracked 
| 365|0x000000072da00000, 0x000000072da00000, 0x000000072dc00000|  0%| F|  |TAMS 0x000000072da00000, 0x000000072da00000| Untracked 
| 366|0x000000072dc00000, 0x000000072dc00000, 0x000000072de00000|  0%| F|  |TAMS 0x000000072dc00000, 0x000000072dc00000| Untracked 
| 367|0x000000072de00000, 0x000000072de00000, 0x000000072e000000|  0%| F|  |TAMS 0x000000072de00000, 0x000000072de00000| Untracked 
| 368|0x000000072e000000, 0x000000072e000000, 0x000000072e200000|  0%| F|  |TAMS 0x000000072e000000, 0x000000072e000000| Untracked 
| 369|0x000000072e200000, 0x000000072e200000, 0x000000072e400000|  0%| F|  |TAMS 0x000000072e200000, 0x000000072e200000| Untracked 
| 370|0x000000072e400000, 0x000000072e400000, 0x000000072e600000|  0%| F|  |TAMS 0x000000072e400000, 0x000000072e400000| Untracked 
| 371|0x000000072e600000, 0x000000072e600000, 0x000000072e800000|  0%| F|  |TAMS 0x000000072e600000, 0x000000072e600000| Untracked 
| 372|0x000000072e800000, 0x000000072e800000, 0x000000072ea00000|  0%| F|  |TAMS 0x000000072e800000, 0x000000072e800000| Untracked 
| 373|0x000000072ea00000, 0x000000072ea00000, 0x000000072ec00000|  0%| F|  |TAMS 0x000000072ea00000, 0x000000072ea00000| Untracked 
| 374|0x000000072ec00000, 0x000000072ec00000, 0x000000072ee00000|  0%| F|  |TAMS 0x000000072ec00000, 0x000000072ec00000| Untracked 
| 375|0x000000072ee00000, 0x000000072ee00000, 0x000000072f000000|  0%| F|  |TAMS 0x000000072ee00000, 0x000000072ee00000| Untracked 
| 376|0x000000072f000000, 0x000000072f000000, 0x000000072f200000|  0%| F|  |TAMS 0x000000072f000000, 0x000000072f000000| Untracked 
| 377|0x000000072f200000, 0x000000072f200000, 0x000000072f400000|  0%| F|  |TAMS 0x000000072f200000, 0x000000072f200000| Untracked 
| 378|0x000000072f400000, 0x000000072f400000, 0x000000072f600000|  0%| F|  |TAMS 0x000000072f400000, 0x000000072f400000| Untracked 
| 379|0x000000072f600000, 0x000000072f600000, 0x000000072f800000|  0%| F|  |TAMS 0x000000072f600000, 0x000000072f600000| Untracked 
| 380|0x000000072f800000, 0x000000072f800000, 0x000000072fa00000|  0%| F|  |TAMS 0x000000072f800000, 0x000000072f800000| Untracked 
| 381|0x000000072fa00000, 0x000000072fa00000, 0x000000072fc00000|  0%| F|  |TAMS 0x000000072fa00000, 0x000000072fa00000| Untracked 
| 382|0x000000072fc00000, 0x000000072fc00000, 0x000000072fe00000|  0%| F|  |TAMS 0x000000072fc00000, 0x000000072fc00000| Untracked 
| 383|0x000000072fe00000, 0x000000072fe00000, 0x0000000730000000|  0%| F|  |TAMS 0x000000072fe00000, 0x000000072fe00000| Untracked 
| 384|0x0000000730000000, 0x0000000730000000, 0x0000000730200000|  0%| F|  |TAMS 0x0000000730000000, 0x0000000730000000| Untracked 
| 385|0x0000000730200000, 0x0000000730200000, 0x0000000730400000|  0%| F|  |TAMS 0x0000000730200000, 0x0000000730200000| Untracked 
| 386|0x0000000730400000, 0x0000000730400000, 0x0000000730600000|  0%| F|  |TAMS 0x0000000730400000, 0x0000000730400000| Untracked 
| 387|0x0000000730600000, 0x0000000730600000, 0x0000000730800000|  0%| F|  |TAMS 0x0000000730600000, 0x0000000730600000| Untracked 
| 388|0x0000000730800000, 0x0000000730800000, 0x0000000730a00000|  0%| F|  |TAMS 0x0000000730800000, 0x0000000730800000| Untracked 
| 389|0x0000000730a00000, 0x0000000730a00000, 0x0000000730c00000|  0%| F|  |TAMS 0x0000000730a00000, 0x0000000730a00000| Untracked 
| 390|0x0000000730c00000, 0x0000000730c00000, 0x0000000730e00000|  0%| F|  |TAMS 0x0000000730c00000, 0x0000000730c00000| Untracked 
| 391|0x0000000730e00000, 0x0000000730e00000, 0x0000000731000000|  0%| F|  |TAMS 0x0000000730e00000, 0x0000000730e00000| Untracked 
| 392|0x0000000731000000, 0x0000000731000000, 0x0000000731200000|  0%| F|  |TAMS 0x0000000731000000, 0x0000000731000000| Untracked 
| 393|0x0000000731200000, 0x0000000731200000, 0x0000000731400000|  0%| F|  |TAMS 0x0000000731200000, 0x0000000731200000| Untracked 
| 394|0x0000000731400000, 0x0000000731400000, 0x0000000731600000|  0%| F|  |TAMS 0x0000000731400000, 0x0000000731400000| Untracked 
| 395|0x0000000731600000, 0x0000000731600000, 0x0000000731800000|  0%| F|  |TAMS 0x0000000731600000, 0x0000000731600000| Untracked 
| 396|0x0000000731800000, 0x0000000731800000, 0x0000000731a00000|  0%| F|  |TAMS 0x0000000731800000, 0x0000000731800000| Untracked 
| 397|0x0000000731a00000, 0x0000000731a00000, 0x0000000731c00000|  0%| F|  |TAMS 0x0000000731a00000, 0x0000000731a00000| Untracked 
| 398|0x0000000731c00000, 0x0000000731c00000, 0x0000000731e00000|  0%| F|  |TAMS 0x0000000731c00000, 0x0000000731c00000| Untracked 
| 399|0x0000000731e00000, 0x0000000731e00000, 0x0000000732000000|  0%| F|  |TAMS 0x0000000731e00000, 0x0000000731e00000| Untracked 
| 400|0x0000000732000000, 0x0000000732000000, 0x0000000732200000|  0%| F|  |TAMS 0x0000000732000000, 0x0000000732000000| Untracked 
| 401|0x0000000732200000, 0x0000000732200000, 0x0000000732400000|  0%| F|  |TAMS 0x0000000732200000, 0x0000000732200000| Untracked 
| 402|0x0000000732400000, 0x0000000732400000, 0x0000000732600000|  0%| F|  |TAMS 0x0000000732400000, 0x0000000732400000| Untracked 
| 403|0x0000000732600000, 0x0000000732600000, 0x0000000732800000|  0%| F|  |TAMS 0x0000000732600000, 0x0000000732600000| Untracked 
| 404|0x0000000732800000, 0x0000000732800000, 0x0000000732a00000|  0%| F|  |TAMS 0x0000000732800000, 0x0000000732800000| Untracked 
| 405|0x0000000732a00000, 0x0000000732a00000, 0x0000000732c00000|  0%| F|  |TAMS 0x0000000732a00000, 0x0000000732a00000| Untracked 
| 406|0x0000000732c00000, 0x0000000732c00000, 0x0000000732e00000|  0%| F|  |TAMS 0x0000000732c00000, 0x0000000732c00000| Untracked 
| 407|0x0000000732e00000, 0x0000000732e00000, 0x0000000733000000|  0%| F|  |TAMS 0x0000000732e00000, 0x0000000732e00000| Untracked 
| 408|0x0000000733000000, 0x0000000733000000, 0x0000000733200000|  0%| F|  |TAMS 0x0000000733000000, 0x0000000733000000| Untracked 
| 409|0x0000000733200000, 0x0000000733200000, 0x0000000733400000|  0%| F|  |TAMS 0x0000000733200000, 0x0000000733200000| Untracked 
| 410|0x0000000733400000, 0x0000000733400000, 0x0000000733600000|  0%| F|  |TAMS 0x0000000733400000, 0x0000000733400000| Untracked 
| 411|0x0000000733600000, 0x0000000733600000, 0x0000000733800000|  0%| F|  |TAMS 0x0000000733600000, 0x0000000733600000| Untracked 
| 412|0x0000000733800000, 0x0000000733800000, 0x0000000733a00000|  0%| F|  |TAMS 0x0000000733800000, 0x0000000733800000| Untracked 
| 413|0x0000000733a00000, 0x0000000733a00000, 0x0000000733c00000|  0%| F|  |TAMS 0x0000000733a00000, 0x0000000733a00000| Untracked 
| 414|0x0000000733c00000, 0x0000000733c00000, 0x0000000733e00000|  0%| F|  |TAMS 0x0000000733c00000, 0x0000000733c00000| Untracked 
| 415|0x0000000733e00000, 0x0000000733e00000, 0x0000000734000000|  0%| F|  |TAMS 0x0000000733e00000, 0x0000000733e00000| Untracked 
| 416|0x0000000734000000, 0x0000000734000000, 0x0000000734200000|  0%| F|  |TAMS 0x0000000734000000, 0x0000000734000000| Untracked 
| 417|0x0000000734200000, 0x0000000734200000, 0x0000000734400000|  0%| F|  |TAMS 0x0000000734200000, 0x0000000734200000| Untracked 
| 418|0x0000000734400000, 0x0000000734400000, 0x0000000734600000|  0%| F|  |TAMS 0x0000000734400000, 0x0000000734400000| Untracked 
| 419|0x0000000734600000, 0x0000000734600000, 0x0000000734800000|  0%| F|  |TAMS 0x0000000734600000, 0x0000000734600000| Untracked 
| 420|0x0000000734800000, 0x0000000734800000, 0x0000000734a00000|  0%| F|  |TAMS 0x0000000734800000, 0x0000000734800000| Untracked 
| 421|0x0000000734a00000, 0x0000000734a00000, 0x0000000734c00000|  0%| F|  |TAMS 0x0000000734a00000, 0x0000000734a00000| Untracked 
| 422|0x0000000734c00000, 0x0000000734c00000, 0x0000000734e00000|  0%| F|  |TAMS 0x0000000734c00000, 0x0000000734c00000| Untracked 
| 423|0x0000000734e00000, 0x0000000734e00000, 0x0000000735000000|  0%| F|  |TAMS 0x0000000734e00000, 0x0000000734e00000| Untracked 
| 424|0x0000000735000000, 0x0000000735000000, 0x0000000735200000|  0%| F|  |TAMS 0x0000000735000000, 0x0000000735000000| Untracked 
| 425|0x0000000735200000, 0x0000000735200000, 0x0000000735400000|  0%| F|  |TAMS 0x0000000735200000, 0x0000000735200000| Untracked 
| 426|0x0000000735400000, 0x0000000735400000, 0x0000000735600000|  0%| F|  |TAMS 0x0000000735400000, 0x0000000735400000| Untracked 
| 427|0x0000000735600000, 0x0000000735600000, 0x0000000735800000|  0%| F|  |TAMS 0x0000000735600000, 0x0000000735600000| Untracked 
| 428|0x0000000735800000, 0x0000000735800000, 0x0000000735a00000|  0%| F|  |TAMS 0x0000000735800000, 0x0000000735800000| Untracked 
| 429|0x0000000735a00000, 0x0000000735a00000, 0x0000000735c00000|  0%| F|  |TAMS 0x0000000735a00000, 0x0000000735a00000| Untracked 
| 430|0x0000000735c00000, 0x0000000735c00000, 0x0000000735e00000|  0%| F|  |TAMS 0x0000000735c00000, 0x0000000735c00000| Untracked 
| 431|0x0000000735e00000, 0x0000000735e00000, 0x0000000736000000|  0%| F|  |TAMS 0x0000000735e00000, 0x0000000735e00000| Untracked 
| 432|0x0000000736000000, 0x0000000736000000, 0x0000000736200000|  0%| F|  |TAMS 0x0000000736000000, 0x0000000736000000| Untracked 
| 433|0x0000000736200000, 0x0000000736200000, 0x0000000736400000|  0%| F|  |TAMS 0x0000000736200000, 0x0000000736200000| Untracked 
| 434|0x0000000736400000, 0x0000000736400000, 0x0000000736600000|  0%| F|  |TAMS 0x0000000736400000, 0x0000000736400000| Untracked 
| 435|0x0000000736600000, 0x0000000736600000, 0x0000000736800000|  0%| F|  |TAMS 0x0000000736600000, 0x0000000736600000| Untracked 
| 436|0x0000000736800000, 0x0000000736800000, 0x0000000736a00000|  0%| F|  |TAMS 0x0000000736800000, 0x0000000736800000| Untracked 
| 437|0x0000000736a00000, 0x0000000736a00000, 0x0000000736c00000|  0%| F|  |TAMS 0x0000000736a00000, 0x0000000736a00000| Untracked 
| 438|0x0000000736c00000, 0x0000000736c00000, 0x0000000736e00000|  0%| F|  |TAMS 0x0000000736c00000, 0x0000000736c00000| Untracked 
| 439|0x0000000736e00000, 0x0000000736e00000, 0x0000000737000000|  0%| F|  |TAMS 0x0000000736e00000, 0x0000000736e00000| Untracked 
| 440|0x0000000737000000, 0x0000000737000000, 0x0000000737200000|  0%| F|  |TAMS 0x0000000737000000, 0x0000000737000000| Untracked 
| 441|0x0000000737200000, 0x0000000737200000, 0x0000000737400000|  0%| F|  |TAMS 0x0000000737200000, 0x0000000737200000| Untracked 
| 442|0x0000000737400000, 0x0000000737400000, 0x0000000737600000|  0%| F|  |TAMS 0x0000000737400000, 0x0000000737400000| Untracked 
| 443|0x0000000737600000, 0x0000000737600000, 0x0000000737800000|  0%| F|  |TAMS 0x0000000737600000, 0x0000000737600000| Untracked 
| 444|0x0000000737800000, 0x0000000737800000, 0x0000000737a00000|  0%| F|  |TAMS 0x0000000737800000, 0x0000000737800000| Untracked 
| 445|0x0000000737a00000, 0x0000000737a00000, 0x0000000737c00000|  0%| F|  |TAMS 0x0000000737a00000, 0x0000000737a00000| Untracked 
| 446|0x0000000737c00000, 0x0000000737c00000, 0x0000000737e00000|  0%| F|  |TAMS 0x0000000737c00000, 0x0000000737c00000| Untracked 
| 447|0x0000000737e00000, 0x0000000737e00000, 0x0000000738000000|  0%| F|  |TAMS 0x0000000737e00000, 0x0000000737e00000| Untracked 
| 448|0x0000000738000000, 0x0000000738000000, 0x0000000738200000|  0%| F|  |TAMS 0x0000000738000000, 0x0000000738000000| Untracked 
| 449|0x0000000738200000, 0x0000000738200000, 0x0000000738400000|  0%| F|  |TAMS 0x0000000738200000, 0x0000000738200000| Untracked 
| 450|0x0000000738400000, 0x0000000738400000, 0x0000000738600000|  0%| F|  |TAMS 0x0000000738400000, 0x0000000738400000| Untracked 
| 451|0x0000000738600000, 0x0000000738600000, 0x0000000738800000|  0%| F|  |TAMS 0x0000000738600000, 0x0000000738600000| Untracked 
| 452|0x0000000738800000, 0x0000000738800000, 0x0000000738a00000|  0%| F|  |TAMS 0x0000000738800000, 0x0000000738800000| Untracked 
| 453|0x0000000738a00000, 0x0000000738a00000, 0x0000000738c00000|  0%| F|  |TAMS 0x0000000738a00000, 0x0000000738a00000| Untracked 
| 454|0x0000000738c00000, 0x0000000738c00000, 0x0000000738e00000|  0%| F|  |TAMS 0x0000000738c00000, 0x0000000738c00000| Untracked 
| 455|0x0000000738e00000, 0x0000000738e00000, 0x0000000739000000|  0%| F|  |TAMS 0x0000000738e00000, 0x0000000738e00000| Untracked 
| 456|0x0000000739000000, 0x0000000739000000, 0x0000000739200000|  0%| F|  |TAMS 0x0000000739000000, 0x0000000739000000| Untracked 
| 457|0x0000000739200000, 0x0000000739200000, 0x0000000739400000|  0%| F|  |TAMS 0x0000000739200000, 0x0000000739200000| Untracked 
| 458|0x0000000739400000, 0x0000000739400000, 0x0000000739600000|  0%| F|  |TAMS 0x0000000739400000, 0x0000000739400000| Untracked 
| 459|0x0000000739600000, 0x0000000739600000, 0x0000000739800000|  0%| F|  |TAMS 0x0000000739600000, 0x0000000739600000| Untracked 
| 460|0x0000000739800000, 0x0000000739800000, 0x0000000739a00000|  0%| F|  |TAMS 0x0000000739800000, 0x0000000739800000| Untracked 
| 461|0x0000000739a00000, 0x0000000739a00000, 0x0000000739c00000|  0%| F|  |TAMS 0x0000000739a00000, 0x0000000739a00000| Untracked 
| 462|0x0000000739c00000, 0x0000000739c00000, 0x0000000739e00000|  0%| F|  |TAMS 0x0000000739c00000, 0x0000000739c00000| Untracked 
| 463|0x0000000739e00000, 0x0000000739e00000, 0x000000073a000000|  0%| F|  |TAMS 0x0000000739e00000, 0x0000000739e00000| Untracked 
| 464|0x000000073a000000, 0x000000073a000000, 0x000000073a200000|  0%| F|  |TAMS 0x000000073a000000, 0x000000073a000000| Untracked 
| 465|0x000000073a200000, 0x000000073a200000, 0x000000073a400000|  0%| F|  |TAMS 0x000000073a200000, 0x000000073a200000| Untracked 
| 466|0x000000073a400000, 0x000000073a400000, 0x000000073a600000|  0%| F|  |TAMS 0x000000073a400000, 0x000000073a400000| Untracked 
| 467|0x000000073a600000, 0x000000073a600000, 0x000000073a800000|  0%| F|  |TAMS 0x000000073a600000, 0x000000073a600000| Untracked 
| 468|0x000000073a800000, 0x000000073a800000, 0x000000073aa00000|  0%| F|  |TAMS 0x000000073a800000, 0x000000073a800000| Untracked 
| 469|0x000000073aa00000, 0x000000073aa00000, 0x000000073ac00000|  0%| F|  |TAMS 0x000000073aa00000, 0x000000073aa00000| Untracked 
| 470|0x000000073ac00000, 0x000000073ac00000, 0x000000073ae00000|  0%| F|  |TAMS 0x000000073ac00000, 0x000000073ac00000| Untracked 
| 471|0x000000073ae00000, 0x000000073ae00000, 0x000000073b000000|  0%| F|  |TAMS 0x000000073ae00000, 0x000000073ae00000| Untracked 
| 472|0x000000073b000000, 0x000000073b000000, 0x000000073b200000|  0%| F|  |TAMS 0x000000073b000000, 0x000000073b000000| Untracked 
| 473|0x000000073b200000, 0x000000073b200000, 0x000000073b400000|  0%| F|  |TAMS 0x000000073b200000, 0x000000073b200000| Untracked 
| 474|0x000000073b400000, 0x000000073b400000, 0x000000073b600000|  0%| F|  |TAMS 0x000000073b400000, 0x000000073b400000| Untracked 
| 475|0x000000073b600000, 0x000000073b600000, 0x000000073b800000|  0%| F|  |TAMS 0x000000073b600000, 0x000000073b600000| Untracked 
| 476|0x000000073b800000, 0x000000073b800000, 0x000000073ba00000|  0%| F|  |TAMS 0x000000073b800000, 0x000000073b800000| Untracked 
| 477|0x000000073ba00000, 0x000000073ba00000, 0x000000073bc00000|  0%| F|  |TAMS 0x000000073ba00000, 0x000000073ba00000| Untracked 
| 478|0x000000073bc00000, 0x000000073bc00000, 0x000000073be00000|  0%| F|  |TAMS 0x000000073bc00000, 0x000000073bc00000| Untracked 
| 479|0x000000073be00000, 0x000000073be00000, 0x000000073c000000|  0%| F|  |TAMS 0x000000073be00000, 0x000000073be00000| Untracked 
| 480|0x000000073c000000, 0x000000073c000000, 0x000000073c200000|  0%| F|  |TAMS 0x000000073c000000, 0x000000073c000000| Untracked 
| 481|0x000000073c200000, 0x000000073c200000, 0x000000073c400000|  0%| F|  |TAMS 0x000000073c200000, 0x000000073c200000| Untracked 
| 482|0x000000073c400000, 0x000000073c400000, 0x000000073c600000|  0%| F|  |TAMS 0x000000073c400000, 0x000000073c400000| Untracked 
| 483|0x000000073c600000, 0x000000073c600000, 0x000000073c800000|  0%| F|  |TAMS 0x000000073c600000, 0x000000073c600000| Untracked 
| 484|0x000000073c800000, 0x000000073c800000, 0x000000073ca00000|  0%| F|  |TAMS 0x000000073c800000, 0x000000073c800000| Untracked 
| 485|0x000000073ca00000, 0x000000073ca00000, 0x000000073cc00000|  0%| F|  |TAMS 0x000000073ca00000, 0x000000073ca00000| Untracked 
| 486|0x000000073cc00000, 0x000000073cc00000, 0x000000073ce00000|  0%| F|  |TAMS 0x000000073cc00000, 0x000000073cc00000| Untracked 
| 487|0x000000073ce00000, 0x000000073ce00000, 0x000000073d000000|  0%| F|  |TAMS 0x000000073ce00000, 0x000000073ce00000| Untracked 
| 488|0x000000073d000000, 0x000000073d000000, 0x000000073d200000|  0%| F|  |TAMS 0x000000073d000000, 0x000000073d000000| Untracked 
| 489|0x000000073d200000, 0x000000073d200000, 0x000000073d400000|  0%| F|  |TAMS 0x000000073d200000, 0x000000073d200000| Untracked 
| 490|0x000000073d400000, 0x000000073d400000, 0x000000073d600000|  0%| F|  |TAMS 0x000000073d400000, 0x000000073d400000| Untracked 
| 491|0x000000073d600000, 0x000000073d600000, 0x000000073d800000|  0%| F|  |TAMS 0x000000073d600000, 0x000000073d600000| Untracked 
| 492|0x000000073d800000, 0x000000073d800000, 0x000000073da00000|  0%| F|  |TAMS 0x000000073d800000, 0x000000073d800000| Untracked 
| 493|0x000000073da00000, 0x000000073da00000, 0x000000073dc00000|  0%| F|  |TAMS 0x000000073da00000, 0x000000073da00000| Untracked 
| 494|0x000000073dc00000, 0x000000073dc00000, 0x000000073de00000|  0%| F|  |TAMS 0x000000073dc00000, 0x000000073dc00000| Untracked 
| 495|0x000000073de00000, 0x000000073de00000, 0x000000073e000000|  0%| F|  |TAMS 0x000000073de00000, 0x000000073de00000| Untracked 
| 496|0x000000073e000000, 0x000000073e000000, 0x000000073e200000|  0%| F|  |TAMS 0x000000073e000000, 0x000000073e000000| Untracked 
| 497|0x000000073e200000, 0x000000073e200000, 0x000000073e400000|  0%| F|  |TAMS 0x000000073e200000, 0x000000073e200000| Untracked 
| 498|0x000000073e400000, 0x000000073e400000, 0x000000073e600000|  0%| F|  |TAMS 0x000000073e400000, 0x000000073e400000| Untracked 
| 499|0x000000073e600000, 0x000000073e600000, 0x000000073e800000|  0%| F|  |TAMS 0x000000073e600000, 0x000000073e600000| Untracked 
| 500|0x000000073e800000, 0x000000073e800000, 0x000000073ea00000|  0%| F|  |TAMS 0x000000073e800000, 0x000000073e800000| Untracked 
| 501|0x000000073ea00000, 0x000000073ea00000, 0x000000073ec00000|  0%| F|  |TAMS 0x000000073ea00000, 0x000000073ea00000| Untracked 
| 502|0x000000073ec00000, 0x000000073ec00000, 0x000000073ee00000|  0%| F|  |TAMS 0x000000073ec00000, 0x000000073ec00000| Untracked 
| 503|0x000000073ee00000, 0x000000073ee00000, 0x000000073f000000|  0%| F|  |TAMS 0x000000073ee00000, 0x000000073ee00000| Untracked 
| 504|0x000000073f000000, 0x000000073f000000, 0x000000073f200000|  0%| F|  |TAMS 0x000000073f000000, 0x000000073f000000| Untracked 
| 505|0x000000073f200000, 0x000000073f200000, 0x000000073f400000|  0%| F|  |TAMS 0x000000073f200000, 0x000000073f200000| Untracked 
| 506|0x000000073f400000, 0x000000073f400000, 0x000000073f600000|  0%| F|  |TAMS 0x000000073f400000, 0x000000073f400000| Untracked 
| 507|0x000000073f600000, 0x000000073f600000, 0x000000073f800000|  0%| F|  |TAMS 0x000000073f600000, 0x000000073f600000| Untracked 
| 508|0x000000073f800000, 0x000000073f800000, 0x000000073fa00000|  0%| F|  |TAMS 0x000000073f800000, 0x000000073f800000| Untracked 
| 509|0x000000073fa00000, 0x000000073fa00000, 0x000000073fc00000|  0%| F|  |TAMS 0x000000073fa00000, 0x000000073fa00000| Untracked 
| 510|0x000000073fc00000, 0x000000073fc00000, 0x000000073fe00000|  0%| F|  |TAMS 0x000000073fc00000, 0x000000073fc00000| Untracked 
| 511|0x000000073fe00000, 0x000000073fe00000, 0x0000000740000000|  0%| F|  |TAMS 0x000000073fe00000, 0x000000073fe00000| Untracked 
| 512|0x0000000740000000, 0x0000000740000000, 0x0000000740200000|  0%| F|  |TAMS 0x0000000740000000, 0x0000000740000000| Untracked 
| 513|0x0000000740200000, 0x0000000740200000, 0x0000000740400000|  0%| F|  |TAMS 0x0000000740200000, 0x0000000740200000| Untracked 
| 514|0x0000000740400000, 0x0000000740400000, 0x0000000740600000|  0%| F|  |TAMS 0x0000000740400000, 0x0000000740400000| Untracked 
| 515|0x0000000740600000, 0x0000000740600000, 0x0000000740800000|  0%| F|  |TAMS 0x0000000740600000, 0x0000000740600000| Untracked 
| 516|0x0000000740800000, 0x0000000740800000, 0x0000000740a00000|  0%| F|  |TAMS 0x0000000740800000, 0x0000000740800000| Untracked 
| 517|0x0000000740a00000, 0x0000000740a00000, 0x0000000740c00000|  0%| F|  |TAMS 0x0000000740a00000, 0x0000000740a00000| Untracked 
| 518|0x0000000740c00000, 0x0000000740c00000, 0x0000000740e00000|  0%| F|  |TAMS 0x0000000740c00000, 0x0000000740c00000| Untracked 
| 519|0x0000000740e00000, 0x0000000740e00000, 0x0000000741000000|  0%| F|  |TAMS 0x0000000740e00000, 0x0000000740e00000| Untracked 
| 520|0x0000000741000000, 0x0000000741000000, 0x0000000741200000|  0%| F|  |TAMS 0x0000000741000000, 0x0000000741000000| Untracked 
| 521|0x0000000741200000, 0x0000000741200000, 0x0000000741400000|  0%| F|  |TAMS 0x0000000741200000, 0x0000000741200000| Untracked 
| 522|0x0000000741400000, 0x0000000741400000, 0x0000000741600000|  0%| F|  |TAMS 0x0000000741400000, 0x0000000741400000| Untracked 
| 523|0x0000000741600000, 0x0000000741600000, 0x0000000741800000|  0%| F|  |TAMS 0x0000000741600000, 0x0000000741600000| Untracked 
| 524|0x0000000741800000, 0x0000000741800000, 0x0000000741a00000|  0%| F|  |TAMS 0x0000000741800000, 0x0000000741800000| Untracked 
| 525|0x0000000741a00000, 0x0000000741a00000, 0x0000000741c00000|  0%| F|  |TAMS 0x0000000741a00000, 0x0000000741a00000| Untracked 
| 526|0x0000000741c00000, 0x0000000741c00000, 0x0000000741e00000|  0%| F|  |TAMS 0x0000000741c00000, 0x0000000741c00000| Untracked 
| 527|0x0000000741e00000, 0x0000000741e00000, 0x0000000742000000|  0%| F|  |TAMS 0x0000000741e00000, 0x0000000741e00000| Untracked 
| 528|0x0000000742000000, 0x0000000742000000, 0x0000000742200000|  0%| F|  |TAMS 0x0000000742000000, 0x0000000742000000| Untracked 
| 529|0x0000000742200000, 0x0000000742200000, 0x0000000742400000|  0%| F|  |TAMS 0x0000000742200000, 0x0000000742200000| Untracked 
| 530|0x0000000742400000, 0x0000000742400000, 0x0000000742600000|  0%| F|  |TAMS 0x0000000742400000, 0x0000000742400000| Untracked 
| 531|0x0000000742600000, 0x0000000742600000, 0x0000000742800000|  0%| F|  |TAMS 0x0000000742600000, 0x0000000742600000| Untracked 
| 532|0x0000000742800000, 0x0000000742800000, 0x0000000742a00000|  0%| F|  |TAMS 0x0000000742800000, 0x0000000742800000| Untracked 
| 533|0x0000000742a00000, 0x0000000742a00000, 0x0000000742c00000|  0%| F|  |TAMS 0x0000000742a00000, 0x0000000742a00000| Untracked 
| 534|0x0000000742c00000, 0x0000000742c00000, 0x0000000742e00000|  0%| F|  |TAMS 0x0000000742c00000, 0x0000000742c00000| Untracked 
| 535|0x0000000742e00000, 0x0000000742e00000, 0x0000000743000000|  0%| F|  |TAMS 0x0000000742e00000, 0x0000000742e00000| Untracked 
| 536|0x0000000743000000, 0x0000000743000000, 0x0000000743200000|  0%| F|  |TAMS 0x0000000743000000, 0x0000000743000000| Untracked 
| 537|0x0000000743200000, 0x0000000743200000, 0x0000000743400000|  0%| F|  |TAMS 0x0000000743200000, 0x0000000743200000| Untracked 
| 538|0x0000000743400000, 0x0000000743400000, 0x0000000743600000|  0%| F|  |TAMS 0x0000000743400000, 0x0000000743400000| Untracked 
| 539|0x0000000743600000, 0x0000000743600000, 0x0000000743800000|  0%| F|  |TAMS 0x0000000743600000, 0x0000000743600000| Untracked 
| 540|0x0000000743800000, 0x0000000743800000, 0x0000000743a00000|  0%| F|  |TAMS 0x0000000743800000, 0x0000000743800000| Untracked 
| 541|0x0000000743a00000, 0x0000000743a00000, 0x0000000743c00000|  0%| F|  |TAMS 0x0000000743a00000, 0x0000000743a00000| Untracked 
| 542|0x0000000743c00000, 0x0000000743c00000, 0x0000000743e00000|  0%| F|  |TAMS 0x0000000743c00000, 0x0000000743c00000| Untracked 
| 543|0x0000000743e00000, 0x0000000743e00000, 0x0000000744000000|  0%| F|  |TAMS 0x0000000743e00000, 0x0000000743e00000| Untracked 
| 544|0x0000000744000000, 0x0000000744000000, 0x0000000744200000|  0%| F|  |TAMS 0x0000000744000000, 0x0000000744000000| Untracked 
| 545|0x0000000744200000, 0x0000000744200000, 0x0000000744400000|  0%| F|  |TAMS 0x0000000744200000, 0x0000000744200000| Untracked 
| 546|0x0000000744400000, 0x0000000744400000, 0x0000000744600000|  0%| F|  |TAMS 0x0000000744400000, 0x0000000744400000| Untracked 
| 547|0x0000000744600000, 0x0000000744600000, 0x0000000744800000|  0%| F|  |TAMS 0x0000000744600000, 0x0000000744600000| Untracked 
| 548|0x0000000744800000, 0x0000000744800000, 0x0000000744a00000|  0%| F|  |TAMS 0x0000000744800000, 0x0000000744800000| Untracked 
| 549|0x0000000744a00000, 0x0000000744a00000, 0x0000000744c00000|  0%| F|  |TAMS 0x0000000744a00000, 0x0000000744a00000| Untracked 
| 550|0x0000000744c00000, 0x0000000744c00000, 0x0000000744e00000|  0%| F|  |TAMS 0x0000000744c00000, 0x0000000744c00000| Untracked 
| 551|0x0000000744e00000, 0x0000000744e00000, 0x0000000745000000|  0%| F|  |TAMS 0x0000000744e00000, 0x0000000744e00000| Untracked 
| 552|0x0000000745000000, 0x0000000745000000, 0x0000000745200000|  0%| F|  |TAMS 0x0000000745000000, 0x0000000745000000| Untracked 
| 553|0x0000000745200000, 0x0000000745200000, 0x0000000745400000|  0%| F|  |TAMS 0x0000000745200000, 0x0000000745200000| Untracked 
| 554|0x0000000745400000, 0x0000000745400000, 0x0000000745600000|  0%| F|  |TAMS 0x0000000745400000, 0x0000000745400000| Untracked 
| 555|0x0000000745600000, 0x0000000745600000, 0x0000000745800000|  0%| F|  |TAMS 0x0000000745600000, 0x0000000745600000| Untracked 
| 556|0x0000000745800000, 0x0000000745800000, 0x0000000745a00000|  0%| F|  |TAMS 0x0000000745800000, 0x0000000745800000| Untracked 
| 557|0x0000000745a00000, 0x0000000745a00000, 0x0000000745c00000|  0%| F|  |TAMS 0x0000000745a00000, 0x0000000745a00000| Untracked 
| 558|0x0000000745c00000, 0x0000000745c00000, 0x0000000745e00000|  0%| F|  |TAMS 0x0000000745c00000, 0x0000000745c00000| Untracked 
| 559|0x0000000745e00000, 0x0000000745e00000, 0x0000000746000000|  0%| F|  |TAMS 0x0000000745e00000, 0x0000000745e00000| Untracked 
| 560|0x0000000746000000, 0x0000000746000000, 0x0000000746200000|  0%| F|  |TAMS 0x0000000746000000, 0x0000000746000000| Untracked 
| 561|0x0000000746200000, 0x0000000746200000, 0x0000000746400000|  0%| F|  |TAMS 0x0000000746200000, 0x0000000746200000| Untracked 
| 562|0x0000000746400000, 0x0000000746400000, 0x0000000746600000|  0%| F|  |TAMS 0x0000000746400000, 0x0000000746400000| Untracked 
| 563|0x0000000746600000, 0x0000000746600000, 0x0000000746800000|  0%| F|  |TAMS 0x0000000746600000, 0x0000000746600000| Untracked 
| 564|0x0000000746800000, 0x0000000746800000, 0x0000000746a00000|  0%| F|  |TAMS 0x0000000746800000, 0x0000000746800000| Untracked 
| 565|0x0000000746a00000, 0x0000000746a00000, 0x0000000746c00000|  0%| F|  |TAMS 0x0000000746a00000, 0x0000000746a00000| Untracked 
| 566|0x0000000746c00000, 0x0000000746c00000, 0x0000000746e00000|  0%| F|  |TAMS 0x0000000746c00000, 0x0000000746c00000| Untracked 
| 567|0x0000000746e00000, 0x0000000746e00000, 0x0000000747000000|  0%| F|  |TAMS 0x0000000746e00000, 0x0000000746e00000| Untracked 
| 568|0x0000000747000000, 0x0000000747000000, 0x0000000747200000|  0%| F|  |TAMS 0x0000000747000000, 0x0000000747000000| Untracked 
| 569|0x0000000747200000, 0x0000000747200000, 0x0000000747400000|  0%| F|  |TAMS 0x0000000747200000, 0x0000000747200000| Untracked 
| 570|0x0000000747400000, 0x0000000747400000, 0x0000000747600000|  0%| F|  |TAMS 0x0000000747400000, 0x0000000747400000| Untracked 
| 571|0x0000000747600000, 0x0000000747600000, 0x0000000747800000|  0%| F|  |TAMS 0x0000000747600000, 0x0000000747600000| Untracked 
| 572|0x0000000747800000, 0x0000000747800000, 0x0000000747a00000|  0%| F|  |TAMS 0x0000000747800000, 0x0000000747800000| Untracked 
| 573|0x0000000747a00000, 0x0000000747a00000, 0x0000000747c00000|  0%| F|  |TAMS 0x0000000747a00000, 0x0000000747a00000| Untracked 
| 574|0x0000000747c00000, 0x0000000747c00000, 0x0000000747e00000|  0%| F|  |TAMS 0x0000000747c00000, 0x0000000747c00000| Untracked 
| 575|0x0000000747e00000, 0x0000000747e00000, 0x0000000748000000|  0%| F|  |TAMS 0x0000000747e00000, 0x0000000747e00000| Untracked 
| 576|0x0000000748000000, 0x0000000748000000, 0x0000000748200000|  0%| F|  |TAMS 0x0000000748000000, 0x0000000748000000| Untracked 
| 577|0x0000000748200000, 0x0000000748200000, 0x0000000748400000|  0%| F|  |TAMS 0x0000000748200000, 0x0000000748200000| Untracked 
| 578|0x0000000748400000, 0x0000000748400000, 0x0000000748600000|  0%| F|  |TAMS 0x0000000748400000, 0x0000000748400000| Untracked 
| 579|0x0000000748600000, 0x0000000748600000, 0x0000000748800000|  0%| F|  |TAMS 0x0000000748600000, 0x0000000748600000| Untracked 
| 580|0x0000000748800000, 0x0000000748800000, 0x0000000748a00000|  0%| F|  |TAMS 0x0000000748800000, 0x0000000748800000| Untracked 
| 581|0x0000000748a00000, 0x0000000748a00000, 0x0000000748c00000|  0%| F|  |TAMS 0x0000000748a00000, 0x0000000748a00000| Untracked 
| 582|0x0000000748c00000, 0x0000000748c00000, 0x0000000748e00000|  0%| F|  |TAMS 0x0000000748c00000, 0x0000000748c00000| Untracked 
| 583|0x0000000748e00000, 0x0000000748e00000, 0x0000000749000000|  0%| F|  |TAMS 0x0000000748e00000, 0x0000000748e00000| Untracked 
| 584|0x0000000749000000, 0x0000000749000000, 0x0000000749200000|  0%| F|  |TAMS 0x0000000749000000, 0x0000000749000000| Untracked 
| 585|0x0000000749200000, 0x0000000749200000, 0x0000000749400000|  0%| F|  |TAMS 0x0000000749200000, 0x0000000749200000| Untracked 
| 586|0x0000000749400000, 0x0000000749400000, 0x0000000749600000|  0%| F|  |TAMS 0x0000000749400000, 0x0000000749400000| Untracked 
| 587|0x0000000749600000, 0x0000000749600000, 0x0000000749800000|  0%| F|  |TAMS 0x0000000749600000, 0x0000000749600000| Untracked 
| 588|0x0000000749800000, 0x0000000749800000, 0x0000000749a00000|  0%| F|  |TAMS 0x0000000749800000, 0x0000000749800000| Untracked 
| 589|0x0000000749a00000, 0x0000000749a00000, 0x0000000749c00000|  0%| F|  |TAMS 0x0000000749a00000, 0x0000000749a00000| Untracked 
| 590|0x0000000749c00000, 0x0000000749c00000, 0x0000000749e00000|  0%| F|  |TAMS 0x0000000749c00000, 0x0000000749c00000| Untracked 
| 591|0x0000000749e00000, 0x0000000749e00000, 0x000000074a000000|  0%| F|  |TAMS 0x0000000749e00000, 0x0000000749e00000| Untracked 
| 592|0x000000074a000000, 0x000000074a000000, 0x000000074a200000|  0%| F|  |TAMS 0x000000074a000000, 0x000000074a000000| Untracked 
| 593|0x000000074a200000, 0x000000074a200000, 0x000000074a400000|  0%| F|  |TAMS 0x000000074a200000, 0x000000074a200000| Untracked 
| 594|0x000000074a400000, 0x000000074a400000, 0x000000074a600000|  0%| F|  |TAMS 0x000000074a400000, 0x000000074a400000| Untracked 
| 595|0x000000074a600000, 0x000000074a600000, 0x000000074a800000|  0%| F|  |TAMS 0x000000074a600000, 0x000000074a600000| Untracked 
| 596|0x000000074a800000, 0x000000074a800000, 0x000000074aa00000|  0%| F|  |TAMS 0x000000074a800000, 0x000000074a800000| Untracked 
| 597|0x000000074aa00000, 0x000000074aa00000, 0x000000074ac00000|  0%| F|  |TAMS 0x000000074aa00000, 0x000000074aa00000| Untracked 
| 598|0x000000074ac00000, 0x000000074ac00000, 0x000000074ae00000|  0%| F|  |TAMS 0x000000074ac00000, 0x000000074ac00000| Untracked 
| 599|0x000000074ae00000, 0x000000074ae00000, 0x000000074b000000|  0%| F|  |TAMS 0x000000074ae00000, 0x000000074ae00000| Untracked 
| 600|0x000000074b000000, 0x000000074b000000, 0x000000074b200000|  0%| F|  |TAMS 0x000000074b000000, 0x000000074b000000| Untracked 
| 601|0x000000074b200000, 0x000000074b200000, 0x000000074b400000|  0%| F|  |TAMS 0x000000074b200000, 0x000000074b200000| Untracked 
| 602|0x000000074b400000, 0x000000074b400000, 0x000000074b600000|  0%| F|  |TAMS 0x000000074b400000, 0x000000074b400000| Untracked 
| 603|0x000000074b600000, 0x000000074b600000, 0x000000074b800000|  0%| F|  |TAMS 0x000000074b600000, 0x000000074b600000| Untracked 
| 604|0x000000074b800000, 0x000000074b800000, 0x000000074ba00000|  0%| F|  |TAMS 0x000000074b800000, 0x000000074b800000| Untracked 
| 605|0x000000074ba00000, 0x000000074ba00000, 0x000000074bc00000|  0%| F|  |TAMS 0x000000074ba00000, 0x000000074ba00000| Untracked 
| 606|0x000000074bc00000, 0x000000074bc00000, 0x000000074be00000|  0%| F|  |TAMS 0x000000074bc00000, 0x000000074bc00000| Untracked 
| 607|0x000000074be00000, 0x000000074be00000, 0x000000074c000000|  0%| F|  |TAMS 0x000000074be00000, 0x000000074be00000| Untracked 
| 608|0x000000074c000000, 0x000000074c000000, 0x000000074c200000|  0%| F|  |TAMS 0x000000074c000000, 0x000000074c000000| Untracked 
| 609|0x000000074c200000, 0x000000074c200000, 0x000000074c400000|  0%| F|  |TAMS 0x000000074c200000, 0x000000074c200000| Untracked 
| 610|0x000000074c400000, 0x000000074c400000, 0x000000074c600000|  0%| F|  |TAMS 0x000000074c400000, 0x000000074c400000| Untracked 
| 611|0x000000074c600000, 0x000000074c600000, 0x000000074c800000|  0%| F|  |TAMS 0x000000074c600000, 0x000000074c600000| Untracked 
| 612|0x000000074c800000, 0x000000074c800000, 0x000000074ca00000|  0%| F|  |TAMS 0x000000074c800000, 0x000000074c800000| Untracked 
| 613|0x000000074ca00000, 0x000000074ca00000, 0x000000074cc00000|  0%| F|  |TAMS 0x000000074ca00000, 0x000000074ca00000| Untracked 
| 614|0x000000074cc00000, 0x000000074cc00000, 0x000000074ce00000|  0%| F|  |TAMS 0x000000074cc00000, 0x000000074cc00000| Untracked 
| 615|0x000000074ce00000, 0x000000074ce00000, 0x000000074d000000|  0%| F|  |TAMS 0x000000074ce00000, 0x000000074ce00000| Untracked 
| 616|0x000000074d000000, 0x000000074d000000, 0x000000074d200000|  0%| F|  |TAMS 0x000000074d000000, 0x000000074d000000| Untracked 
| 617|0x000000074d200000, 0x000000074d200000, 0x000000074d400000|  0%| F|  |TAMS 0x000000074d200000, 0x000000074d200000| Untracked 
| 618|0x000000074d400000, 0x000000074d400000, 0x000000074d600000|  0%| F|  |TAMS 0x000000074d400000, 0x000000074d400000| Untracked 
| 619|0x000000074d600000, 0x000000074d600000, 0x000000074d800000|  0%| F|  |TAMS 0x000000074d600000, 0x000000074d600000| Untracked 
| 620|0x000000074d800000, 0x000000074d800000, 0x000000074da00000|  0%| F|  |TAMS 0x000000074d800000, 0x000000074d800000| Untracked 
| 621|0x000000074da00000, 0x000000074da00000, 0x000000074dc00000|  0%| F|  |TAMS 0x000000074da00000, 0x000000074da00000| Untracked 
| 622|0x000000074dc00000, 0x000000074dc00000, 0x000000074de00000|  0%| F|  |TAMS 0x000000074dc00000, 0x000000074dc00000| Untracked 
| 623|0x000000074de00000, 0x000000074de00000, 0x000000074e000000|  0%| F|  |TAMS 0x000000074de00000, 0x000000074de00000| Untracked 
| 624|0x000000074e000000, 0x000000074e000000, 0x000000074e200000|  0%| F|  |TAMS 0x000000074e000000, 0x000000074e000000| Untracked 
| 625|0x000000074e200000, 0x000000074e200000, 0x000000074e400000|  0%| F|  |TAMS 0x000000074e200000, 0x000000074e200000| Untracked 
| 626|0x000000074e400000, 0x000000074e400000, 0x000000074e600000|  0%| F|  |TAMS 0x000000074e400000, 0x000000074e400000| Untracked 
| 627|0x000000074e600000, 0x000000074e600000, 0x000000074e800000|  0%| F|  |TAMS 0x000000074e600000, 0x000000074e600000| Untracked 
| 628|0x000000074e800000, 0x000000074e800000, 0x000000074ea00000|  0%| F|  |TAMS 0x000000074e800000, 0x000000074e800000| Untracked 
| 629|0x000000074ea00000, 0x000000074ea00000, 0x000000074ec00000|  0%| F|  |TAMS 0x000000074ea00000, 0x000000074ea00000| Untracked 
| 630|0x000000074ec00000, 0x000000074ec00000, 0x000000074ee00000|  0%| F|  |TAMS 0x000000074ec00000, 0x000000074ec00000| Untracked 
| 631|0x000000074ee00000, 0x000000074ee00000, 0x000000074f000000|  0%| F|  |TAMS 0x000000074ee00000, 0x000000074ee00000| Untracked 
| 632|0x000000074f000000, 0x000000074f000000, 0x000000074f200000|  0%| F|  |TAMS 0x000000074f000000, 0x000000074f000000| Untracked 
| 633|0x000000074f200000, 0x000000074f200000, 0x000000074f400000|  0%| F|  |TAMS 0x000000074f200000, 0x000000074f200000| Untracked 
| 634|0x000000074f400000, 0x000000074f400000, 0x000000074f600000|  0%| F|  |TAMS 0x000000074f400000, 0x000000074f400000| Untracked 
| 635|0x000000074f600000, 0x000000074f600000, 0x000000074f800000|  0%| F|  |TAMS 0x000000074f600000, 0x000000074f600000| Untracked 
| 636|0x000000074f800000, 0x000000074f800000, 0x000000074fa00000|  0%| F|  |TAMS 0x000000074f800000, 0x000000074f800000| Untracked 
| 637|0x000000074fa00000, 0x000000074fa00000, 0x000000074fc00000|  0%| F|  |TAMS 0x000000074fa00000, 0x000000074fa00000| Untracked 
| 638|0x000000074fc00000, 0x000000074fc00000, 0x000000074fe00000|  0%| F|  |TAMS 0x000000074fc00000, 0x000000074fc00000| Untracked 
| 639|0x000000074fe00000, 0x000000074fe00000, 0x0000000750000000|  0%| F|  |TAMS 0x000000074fe00000, 0x000000074fe00000| Untracked 
| 640|0x0000000750000000, 0x0000000750000000, 0x0000000750200000|  0%| F|  |TAMS 0x0000000750000000, 0x0000000750000000| Untracked 
| 641|0x0000000750200000, 0x0000000750200000, 0x0000000750400000|  0%| F|  |TAMS 0x0000000750200000, 0x0000000750200000| Untracked 
| 642|0x0000000750400000, 0x0000000750400000, 0x0000000750600000|  0%| F|  |TAMS 0x0000000750400000, 0x0000000750400000| Untracked 
| 643|0x0000000750600000, 0x0000000750600000, 0x0000000750800000|  0%| F|  |TAMS 0x0000000750600000, 0x0000000750600000| Untracked 
| 644|0x0000000750800000, 0x0000000750800000, 0x0000000750a00000|  0%| F|  |TAMS 0x0000000750800000, 0x0000000750800000| Untracked 
| 645|0x0000000750a00000, 0x0000000750a00000, 0x0000000750c00000|  0%| F|  |TAMS 0x0000000750a00000, 0x0000000750a00000| Untracked 
| 646|0x0000000750c00000, 0x0000000750c00000, 0x0000000750e00000|  0%| F|  |TAMS 0x0000000750c00000, 0x0000000750c00000| Untracked 
| 647|0x0000000750e00000, 0x0000000750e00000, 0x0000000751000000|  0%| F|  |TAMS 0x0000000750e00000, 0x0000000750e00000| Untracked 
| 648|0x0000000751000000, 0x0000000751000000, 0x0000000751200000|  0%| F|  |TAMS 0x0000000751000000, 0x0000000751000000| Untracked 
| 649|0x0000000751200000, 0x0000000751200000, 0x0000000751400000|  0%| F|  |TAMS 0x0000000751200000, 0x0000000751200000| Untracked 
| 650|0x0000000751400000, 0x0000000751400000, 0x0000000751600000|  0%| F|  |TAMS 0x0000000751400000, 0x0000000751400000| Untracked 
| 651|0x0000000751600000, 0x0000000751600000, 0x0000000751800000|  0%| F|  |TAMS 0x0000000751600000, 0x0000000751600000| Untracked 
| 652|0x0000000751800000, 0x0000000751800000, 0x0000000751a00000|  0%| F|  |TAMS 0x0000000751800000, 0x0000000751800000| Untracked 
| 653|0x0000000751a00000, 0x0000000751a00000, 0x0000000751c00000|  0%| F|  |TAMS 0x0000000751a00000, 0x0000000751a00000| Untracked 
| 654|0x0000000751c00000, 0x0000000751c00000, 0x0000000751e00000|  0%| F|  |TAMS 0x0000000751c00000, 0x0000000751c00000| Untracked 
| 655|0x0000000751e00000, 0x0000000751e00000, 0x0000000752000000|  0%| F|  |TAMS 0x0000000751e00000, 0x0000000751e00000| Untracked 
| 656|0x0000000752000000, 0x0000000752000000, 0x0000000752200000|  0%| F|  |TAMS 0x0000000752000000, 0x0000000752000000| Untracked 
| 657|0x0000000752200000, 0x0000000752200000, 0x0000000752400000|  0%| F|  |TAMS 0x0000000752200000, 0x0000000752200000| Untracked 
| 658|0x0000000752400000, 0x0000000752400000, 0x0000000752600000|  0%| F|  |TAMS 0x0000000752400000, 0x0000000752400000| Untracked 
| 659|0x0000000752600000, 0x0000000752600000, 0x0000000752800000|  0%| F|  |TAMS 0x0000000752600000, 0x0000000752600000| Untracked 
| 660|0x0000000752800000, 0x0000000752800000, 0x0000000752a00000|  0%| F|  |TAMS 0x0000000752800000, 0x0000000752800000| Untracked 
| 661|0x0000000752a00000, 0x0000000752a00000, 0x0000000752c00000|  0%| F|  |TAMS 0x0000000752a00000, 0x0000000752a00000| Untracked 
| 662|0x0000000752c00000, 0x0000000752c00000, 0x0000000752e00000|  0%| F|  |TAMS 0x0000000752c00000, 0x0000000752c00000| Untracked 
| 663|0x0000000752e00000, 0x0000000752e00000, 0x0000000753000000|  0%| F|  |TAMS 0x0000000752e00000, 0x0000000752e00000| Untracked 
| 664|0x0000000753000000, 0x0000000753000000, 0x0000000753200000|  0%| F|  |TAMS 0x0000000753000000, 0x0000000753000000| Untracked 
| 665|0x0000000753200000, 0x0000000753200000, 0x0000000753400000|  0%| F|  |TAMS 0x0000000753200000, 0x0000000753200000| Untracked 
| 666|0x0000000753400000, 0x0000000753400000, 0x0000000753600000|  0%| F|  |TAMS 0x0000000753400000, 0x0000000753400000| Untracked 
| 667|0x0000000753600000, 0x0000000753600000, 0x0000000753800000|  0%| F|  |TAMS 0x0000000753600000, 0x0000000753600000| Untracked 
| 668|0x0000000753800000, 0x0000000753800000, 0x0000000753a00000|  0%| F|  |TAMS 0x0000000753800000, 0x0000000753800000| Untracked 
| 669|0x0000000753a00000, 0x0000000753a00000, 0x0000000753c00000|  0%| F|  |TAMS 0x0000000753a00000, 0x0000000753a00000| Untracked 
| 670|0x0000000753c00000, 0x0000000753c00000, 0x0000000753e00000|  0%| F|  |TAMS 0x0000000753c00000, 0x0000000753c00000| Untracked 
| 671|0x0000000753e00000, 0x0000000753e00000, 0x0000000754000000|  0%| F|  |TAMS 0x0000000753e00000, 0x0000000753e00000| Untracked 
| 672|0x0000000754000000, 0x0000000754000000, 0x0000000754200000|  0%| F|  |TAMS 0x0000000754000000, 0x0000000754000000| Untracked 
| 673|0x0000000754200000, 0x0000000754200000, 0x0000000754400000|  0%| F|  |TAMS 0x0000000754200000, 0x0000000754200000| Untracked 
| 674|0x0000000754400000, 0x0000000754400000, 0x0000000754600000|  0%| F|  |TAMS 0x0000000754400000, 0x0000000754400000| Untracked 
| 675|0x0000000754600000, 0x0000000754600000, 0x0000000754800000|  0%| F|  |TAMS 0x0000000754600000, 0x0000000754600000| Untracked 
| 676|0x0000000754800000, 0x0000000754800000, 0x0000000754a00000|  0%| F|  |TAMS 0x0000000754800000, 0x0000000754800000| Untracked 
| 677|0x0000000754a00000, 0x0000000754a00000, 0x0000000754c00000|  0%| F|  |TAMS 0x0000000754a00000, 0x0000000754a00000| Untracked 
| 678|0x0000000754c00000, 0x0000000754c00000, 0x0000000754e00000|  0%| F|  |TAMS 0x0000000754c00000, 0x0000000754c00000| Untracked 
| 679|0x0000000754e00000, 0x0000000754e00000, 0x0000000755000000|  0%| F|  |TAMS 0x0000000754e00000, 0x0000000754e00000| Untracked 
| 680|0x0000000755000000, 0x0000000755000000, 0x0000000755200000|  0%| F|  |TAMS 0x0000000755000000, 0x0000000755000000| Untracked 
| 681|0x0000000755200000, 0x0000000755200000, 0x0000000755400000|  0%| F|  |TAMS 0x0000000755200000, 0x0000000755200000| Untracked 
| 682|0x0000000755400000, 0x0000000755400000, 0x0000000755600000|  0%| F|  |TAMS 0x0000000755400000, 0x0000000755400000| Untracked 
| 683|0x0000000755600000, 0x0000000755600000, 0x0000000755800000|  0%| F|  |TAMS 0x0000000755600000, 0x0000000755600000| Untracked 
| 684|0x0000000755800000, 0x0000000755800000, 0x0000000755a00000|  0%| F|  |TAMS 0x0000000755800000, 0x0000000755800000| Untracked 
| 685|0x0000000755a00000, 0x0000000755a00000, 0x0000000755c00000|  0%| F|  |TAMS 0x0000000755a00000, 0x0000000755a00000| Untracked 
| 686|0x0000000755c00000, 0x0000000755c00000, 0x0000000755e00000|  0%| F|  |TAMS 0x0000000755c00000, 0x0000000755c00000| Untracked 
| 687|0x0000000755e00000, 0x0000000755e00000, 0x0000000756000000|  0%| F|  |TAMS 0x0000000755e00000, 0x0000000755e00000| Untracked 
| 688|0x0000000756000000, 0x0000000756000000, 0x0000000756200000|  0%| F|  |TAMS 0x0000000756000000, 0x0000000756000000| Untracked 
| 689|0x0000000756200000, 0x0000000756400000, 0x0000000756400000|100%| S|CS|TAMS 0x0000000756200000, 0x0000000756200000| Complete 
| 690|0x0000000756400000, 0x0000000756600000, 0x0000000756600000|100%| S|CS|TAMS 0x0000000756400000, 0x0000000756400000| Complete 
| 691|0x0000000756600000, 0x0000000756800000, 0x0000000756800000|100%| S|CS|TAMS 0x0000000756600000, 0x0000000756600000| Complete 
| 692|0x0000000756800000, 0x0000000756a00000, 0x0000000756a00000|100%| S|CS|TAMS 0x0000000756800000, 0x0000000756800000| Complete 
| 693|0x0000000756a00000, 0x0000000756c00000, 0x0000000756c00000|100%| S|CS|TAMS 0x0000000756a00000, 0x0000000756a00000| Complete 
| 694|0x0000000756c00000, 0x0000000756c00000, 0x0000000756e00000|  0%| F|  |TAMS 0x0000000756c00000, 0x0000000756c00000| Untracked 
| 695|0x0000000756e00000, 0x0000000756e00000, 0x0000000757000000|  0%| F|  |TAMS 0x0000000756e00000, 0x0000000756e00000| Untracked 
| 696|0x0000000757000000, 0x0000000757000000, 0x0000000757200000|  0%| F|  |TAMS 0x0000000757000000, 0x0000000757000000| Untracked 
| 697|0x0000000757200000, 0x0000000757200000, 0x0000000757400000|  0%| F|  |TAMS 0x0000000757200000, 0x0000000757200000| Untracked 
| 698|0x0000000757400000, 0x0000000757400000, 0x0000000757600000|  0%| F|  |TAMS 0x0000000757400000, 0x0000000757400000| Untracked 
| 699|0x0000000757600000, 0x0000000757600000, 0x0000000757800000|  0%| F|  |TAMS 0x0000000757600000, 0x0000000757600000| Untracked 
| 700|0x0000000757800000, 0x0000000757800000, 0x0000000757a00000|  0%| F|  |TAMS 0x0000000757800000, 0x0000000757800000| Untracked 
| 701|0x0000000757a00000, 0x0000000757a00000, 0x0000000757c00000|  0%| F|  |TAMS 0x0000000757a00000, 0x0000000757a00000| Untracked 
| 702|0x0000000757c00000, 0x0000000757c00000, 0x0000000757e00000|  0%| F|  |TAMS 0x0000000757c00000, 0x0000000757c00000| Untracked 
| 703|0x0000000757e00000, 0x0000000757e00000, 0x0000000758000000|  0%| F|  |TAMS 0x0000000757e00000, 0x0000000757e00000| Untracked 
| 704|0x0000000758000000, 0x0000000758000000, 0x0000000758200000|  0%| F|  |TAMS 0x0000000758000000, 0x0000000758000000| Untracked 
| 705|0x0000000758200000, 0x0000000758200000, 0x0000000758400000|  0%| F|  |TAMS 0x0000000758200000, 0x0000000758200000| Untracked 
| 706|0x0000000758400000, 0x0000000758400000, 0x0000000758600000|  0%| F|  |TAMS 0x0000000758400000, 0x0000000758400000| Untracked 
| 707|0x0000000758600000, 0x0000000758600000, 0x0000000758800000|  0%| F|  |TAMS 0x0000000758600000, 0x0000000758600000| Untracked 
| 708|0x0000000758800000, 0x0000000758800000, 0x0000000758a00000|  0%| F|  |TAMS 0x0000000758800000, 0x0000000758800000| Untracked 
| 709|0x0000000758a00000, 0x0000000758a00000, 0x0000000758c00000|  0%| F|  |TAMS 0x0000000758a00000, 0x0000000758a00000| Untracked 
| 710|0x0000000758c00000, 0x0000000758c00000, 0x0000000758e00000|  0%| F|  |TAMS 0x0000000758c00000, 0x0000000758c00000| Untracked 
| 711|0x0000000758e00000, 0x0000000758e00000, 0x0000000759000000|  0%| F|  |TAMS 0x0000000758e00000, 0x0000000758e00000| Untracked 
| 712|0x0000000759000000, 0x0000000759000000, 0x0000000759200000|  0%| F|  |TAMS 0x0000000759000000, 0x0000000759000000| Untracked 
| 713|0x0000000759200000, 0x0000000759200000, 0x0000000759400000|  0%| F|  |TAMS 0x0000000759200000, 0x0000000759200000| Untracked 
| 967|0x0000000778e00000, 0x0000000778e00000, 0x0000000779000000|  0%| F|  |TAMS 0x0000000778e00000, 0x0000000778e00000| Untracked 
| 968|0x0000000779000000, 0x0000000779000000, 0x0000000779200000|  0%| F|  |TAMS 0x0000000779000000, 0x0000000779000000| Untracked 
| 969|0x0000000779200000, 0x0000000779200000, 0x0000000779400000|  0%| F|  |TAMS 0x0000000779200000, 0x0000000779200000| Untracked 
| 970|0x0000000779400000, 0x0000000779400000, 0x0000000779600000|  0%| F|  |TAMS 0x0000000779400000, 0x0000000779400000| Untracked 
| 971|0x0000000779600000, 0x0000000779600000, 0x0000000779800000|  0%| F|  |TAMS 0x0000000779600000, 0x0000000779600000| Untracked 
| 972|0x0000000779800000, 0x0000000779800000, 0x0000000779a00000|  0%| F|  |TAMS 0x0000000779800000, 0x0000000779800000| Untracked 
|1039|0x0000000781e00000, 0x0000000781e00000, 0x0000000782000000|  0%| F|  |TAMS 0x0000000781e00000, 0x0000000781e00000| Untracked 
|1040|0x0000000782000000, 0x0000000782000000, 0x0000000782200000|  0%| F|  |TAMS 0x0000000782000000, 0x0000000782000000| Untracked 
|1041|0x0000000782200000, 0x0000000782200000, 0x0000000782400000|  0%| F|  |TAMS 0x0000000782200000, 0x0000000782200000| Untracked 
|1042|0x0000000782400000, 0x0000000782400000, 0x0000000782600000|  0%| F|  |TAMS 0x0000000782400000, 0x0000000782400000| Untracked 
|1043|0x0000000782600000, 0x0000000782600000, 0x0000000782800000|  0%| F|  |TAMS 0x0000000782600000, 0x0000000782600000| Untracked 
|1044|0x0000000782800000, 0x0000000782800000, 0x0000000782a00000|  0%| F|  |TAMS 0x0000000782800000, 0x0000000782800000| Untracked 
|1045|0x0000000782a00000, 0x0000000782a00000, 0x0000000782c00000|  0%| F|  |TAMS 0x0000000782a00000, 0x0000000782a00000| Untracked 
|1046|0x0000000782c00000, 0x0000000782c00000, 0x0000000782e00000|  0%| F|  |TAMS 0x0000000782c00000, 0x0000000782c00000| Untracked 
|1047|0x0000000782e00000, 0x0000000782e00000, 0x0000000783000000|  0%| F|  |TAMS 0x0000000782e00000, 0x0000000782e00000| Untracked 
|1048|0x0000000783000000, 0x0000000783000000, 0x0000000783200000|  0%| F|  |TAMS 0x0000000783000000, 0x0000000783000000| Untracked 

Card table byte_map: [0x0000024051390000,0x0000024051b90000] _byte_map_base: 0x000002404db90000

Marking Bits (Prev, Next): (CMBitMap*) 0x000002403a022b10, (CMBitMap*) 0x000002403a022b50
 Prev Bits: [0x0000024052390000, 0x0000024056390000)
 Next Bits: [0x0000024056390000, 0x000002405a390000)

Polling page: 0x0000024037ef0000

Metaspace:

Usage:
  Non-class:    132.20 MB used.
      Class:     19.85 MB used.
       Both:    152.05 MB used.

Virtual space:
  Non-class space:      192.00 MB reserved,     133.69 MB ( 70%) committed,  3 nodes.
      Class space:        1.00 GB reserved,      21.19 MB (  2%) committed,  1 nodes.
             Both:        1.19 GB reserved,     154.88 MB ( 13%) committed. 

Chunk freelists:
   Non-Class:  10.32 MB
       Class:  10.83 MB
        Both:  21.15 MB

MaxMetaspaceSize: unlimited
CompressedClassSpaceSize: 1.00 GB
Initial GC threshold: 21.00 MB
Current GC threshold: 257.50 MB
CDS: on
MetaspaceReclaimPolicy: balanced
 - commit_granule_bytes: 65536.
 - commit_granule_words: 8192.
 - virtual_space_node_default_size: 8388608.
 - enlarge_chunks_in_place: 1.
 - new_chunks_are_fully_committed: 0.
 - uncommit_free_chunks: 1.
 - use_allocation_guard: 0.
 - handle_deallocations: 1.


Internal statistics:

num_allocs_failed_limit: 6.
num_arena_births: 5194.
num_arena_deaths: 760.
num_vsnodes_births: 4.
num_vsnodes_deaths: 0.
num_space_committed: 2476.
num_space_uncommitted: 0.
num_chunks_returned_to_freelist: 1090.
num_chunks_taken_from_freelist: 13797.
num_chunk_merges: 344.
num_chunk_splits: 7862.
num_chunks_enlarged: 3796.
num_inconsistent_stats: 0.

CodeHeap 'non-profiled nmethods': size=120000Kb used=30808Kb max_used=30808Kb free=89191Kb
 bounds [0x0000024049330000, 0x000002404b150000, 0x0000024050860000]
CodeHeap 'profiled nmethods': size=120000Kb used=63054Kb max_used=63369Kb free=56945Kb
 bounds [0x0000024041860000, 0x0000024045660000, 0x0000024048d90000]
CodeHeap 'non-nmethods': size=5760Kb used=2530Kb max_used=2596Kb free=3229Kb
 bounds [0x0000024048d90000, 0x0000024049030000, 0x0000024049330000]
 total_blobs=31971 nmethods=30893 adapters=988
 compilation: enabled
              stopped_count=0, restarted_count=0
 full_count=0

Compilation events (20 events):
Event: 12660.830 Thread 0x000002405cdd9100 39124       3       com.android.build.gradle.internal.utils.DesugarLibUtils::getDesugarLibConfigFromTransform (48 bytes)
Event: 12660.835 Thread 0x000002405cdd9100 nmethod 39124 0x0000024042b37610 code [0x0000024042b37860, 0x0000024042b38058]
Event: 12660.835 Thread 0x000002405cdd9100 39125       3       org.gradle.internal.service.scopes.ProjectScopeServices::createLoggingManager (10 bytes)
Event: 12660.837 Thread 0x000002405cdd9100 nmethod 39125 0x0000024044ea2b10 code [0x0000024044ea2cc0, 0x0000024044ea2f28]
Event: 12660.838 Thread 0x000002405cdd9100 39126   !   3       jdk.internal.reflect.GeneratedConstructorAccessor185::newInstance (93 bytes)
Event: 12660.839 Thread 0x000002405cdd9100 nmethod 39126 0x00000240430b8290 code [0x00000240430b84e0, 0x00000240430b90c8]
Event: 12660.851 Thread 0x000002405cdd9100 39127   !   3       jdk.internal.reflect.GeneratedMethodAccessor107::invoke (61 bytes)
Event: 12660.852 Thread 0x000002405cdd9100 nmethod 39127 0x0000024043736110 code [0x0000024043736360, 0x0000024043736e08]
Event: 12660.904 Thread 0x000002405cdd9100 39128       3       org.gradle.api.internal.initialization.transform.registration.InstrumentationTransformRegisterer$$Lambda$769/0x000002405e611518::<init> (38 bytes)
Event: 12660.906 Thread 0x000002405cdd9100 nmethod 39128 0x000002404342fe10 code [0x000002404342ffc0, 0x0000024043430338]
Event: 12660.906 Thread 0x000002405cdd9100 39129       3       org.gradle.api.internal.initialization.transform.registration.InstrumentationTransformRegisterer$$Lambda$769/0x000002405e611518::execute (32 bytes)
Event: 12660.908 Thread 0x000002405cdd9100 nmethod 39129 0x00000240439cab90 code [0x00000240439cad40, 0x00000240439cafe8]
Event: 12660.908 Thread 0x000002405cdd9100 39130       3       org.gradle.api.internal.initialization.transform.registration.InstrumentationTransformRegisterer::lambda$registerInstrumentingTransform$8 (59 bytes)
Event: 12660.914 Thread 0x000002405cdd9100 nmethod 39130 0x00000240426db790 code [0x00000240426dba20, 0x00000240426dcb88]
Event: 12660.914 Thread 0x000002405cdd9100 39131       3       java.lang.invoke.LambdaForm$MH/0x000002405e616400::linkToTargetMethod (14 bytes)
Event: 12660.914 Thread 0x000002405cdd9100 nmethod 39131 0x000002404372ba90 code [0x000002404372bc40, 0x000002404372c098]
Event: 12660.914 Thread 0x000002405cdd9100 39132       3       java.lang.invoke.LambdaForm$DMH/0x000002405e615c00::newInvokeSpecial (30 bytes)
Event: 12660.915 Thread 0x000002405cdd9100 nmethod 39132 0x00000240430a7f90 code [0x00000240430a8180, 0x00000240430a8928]
Event: 12660.915 Thread 0x000002405cdd9100 39133       3       org.gradle.api.internal.initialization.transform.registration.InstrumentationTransformRegisterer$$Lambda$771/0x000002405e611fd0::<init> (26 bytes)
Event: 12660.916 Thread 0x000002405cdd9100 nmethod 39133 0x00000240426db290 code [0x00000240426db440, 0x00000240426db6d8]

GC Heap History (20 events):
Event: 7181.512 GC heap after
{Heap after GC invocations=178 (full 0):
 garbage-first heap   total 1740800K, used 492023K [0x0000000700000000, 0x0000000800000000)
  region size 2048K, 7 young (14336K), 7 survivors (14336K)
 Metaspace       used 152382K, committed 155328K, reserved 1245184K
  class space    used 19993K, committed 21440K, reserved 1048576K
}
Event: 8117.948 GC heap before
{Heap before GC invocations=179 (full 0):
 garbage-first heap   total 1495040K, used 813559K [0x0000000700000000, 0x0000000800000000)
  region size 2048K, 187 young (382976K), 7 survivors (14336K)
 Metaspace       used 152614K, committed 155584K, reserved 1245184K
  class space    used 19997K, committed 21440K, reserved 1048576K
}
Event: 8118.279 GC heap after
{Heap after GC invocations=180 (full 0):
 garbage-first heap   total 1495040K, used 499350K [0x0000000700000000, 0x0000000800000000)
  region size 2048K, 24 young (49152K), 24 survivors (49152K)
 Metaspace       used 152614K, committed 155584K, reserved 1245184K
  class space    used 19997K, committed 21440K, reserved 1048576K
}
Event: 8118.719 GC heap before
{Heap before GC invocations=180 (full 0):
 garbage-first heap   total 1495040K, used 521878K [0x0000000700000000, 0x0000000800000000)
  region size 2048K, 36 young (73728K), 24 survivors (49152K)
 Metaspace       used 152618K, committed 155584K, reserved 1245184K
  class space    used 19997K, committed 21440K, reserved 1048576K
}
Event: 8118.947 GC heap after
{Heap after GC invocations=181 (full 0):
 garbage-first heap   total 1495040K, used 469713K [0x0000000700000000, 0x0000000800000000)
  region size 2048K, 4 young (8192K), 4 survivors (8192K)
 Metaspace       used 152618K, committed 155584K, reserved 1245184K
  class space    used 19997K, committed 21440K, reserved 1048576K
}
Event: 8120.525 GC heap before
{Heap before GC invocations=181 (full 0):
 garbage-first heap   total 1495040K, used 535249K [0x0000000700000000, 0x0000000800000000)
  region size 2048K, 36 young (73728K), 4 survivors (8192K)
 Metaspace       used 152646K, committed 155584K, reserved 1245184K
  class space    used 19999K, committed 21440K, reserved 1048576K
}
Event: 8120.678 GC heap after
{Heap after GC invocations=182 (full 0):
 garbage-first heap   total 2148352K, used 465692K [0x0000000700000000, 0x0000000800000000)
  region size 2048K, 5 young (10240K), 5 survivors (10240K)
 Metaspace       used 152646K, committed 155584K, reserved 1245184K
  class space    used 19999K, committed 21440K, reserved 1048576K
}
Event: 8121.554 GC heap before
{Heap before GC invocations=182 (full 0):
 garbage-first heap   total 2148352K, used 561948K [0x0000000700000000, 0x0000000800000000)
  region size 2048K, 52 young (106496K), 5 survivors (10240K)
 Metaspace       used 152666K, committed 155584K, reserved 1245184K
  class space    used 20000K, committed 21440K, reserved 1048576K
}
Event: 8121.665 GC heap after
{Heap after GC invocations=183 (full 0):
 garbage-first heap   total 2148352K, used 475136K [0x0000000700000000, 0x0000000800000000)
  region size 2048K, 7 young (14336K), 7 survivors (14336K)
 Metaspace       used 152666K, committed 155584K, reserved 1245184K
  class space    used 20000K, committed 21440K, reserved 1048576K
}
Event: 8122.196 GC heap before
{Heap before GC invocations=183 (full 0):
 garbage-first heap   total 2148352K, used 567296K [0x0000000700000000, 0x0000000800000000)
  region size 2048K, 52 young (106496K), 7 survivors (14336K)
 Metaspace       used 152682K, committed 155648K, reserved 1245184K
  class space    used 20001K, committed 21440K, reserved 1048576K
}
Event: 8122.255 GC heap after
{Heap after GC invocations=184 (full 0):
 garbage-first heap   total 2148352K, used 478795K [0x0000000700000000, 0x0000000800000000)
  region size 2048K, 5 young (10240K), 5 survivors (10240K)
 Metaspace       used 152682K, committed 155648K, reserved 1245184K
  class space    used 20001K, committed 21440K, reserved 1048576K
}
Event: 8125.157 GC heap before
{Heap before GC invocations=184 (full 0):
 garbage-first heap   total 2148352K, used 573003K [0x0000000700000000, 0x0000000800000000)
  region size 2048K, 52 young (106496K), 5 survivors (10240K)
 Metaspace       used 154147K, committed 156992K, reserved 1245184K
  class space    used 20164K, committed 21504K, reserved 1048576K
}
Event: 8125.189 GC heap after
{Heap after GC invocations=185 (full 0):
 garbage-first heap   total 2148352K, used 481779K [0x0000000700000000, 0x0000000800000000)
  region size 2048K, 3 young (6144K), 3 survivors (6144K)
 Metaspace       used 154147K, committed 156992K, reserved 1245184K
  class space    used 20164K, committed 21504K, reserved 1048576K
}
Event: 8130.767 GC heap before
{Heap before GC invocations=185 (full 0):
 garbage-first heap   total 2148352K, used 631283K [0x0000000700000000, 0x0000000800000000)
  region size 2048K, 76 young (155648K), 3 survivors (6144K)
 Metaspace       used 154865K, committed 157760K, reserved 1245184K
  class space    used 20249K, committed 21632K, reserved 1048576K
}
Event: 8130.787 GC heap after
{Heap after GC invocations=186 (full 0):
 garbage-first heap   total 2148352K, used 488121K [0x0000000700000000, 0x0000000800000000)
  region size 2048K, 6 young (12288K), 6 survivors (12288K)
 Metaspace       used 154865K, committed 157760K, reserved 1245184K
  class space    used 20249K, committed 21632K, reserved 1048576K
}
Event: 12656.699 GC heap before
{Heap before GC invocations=187 (full 0):
 garbage-first heap   total 1495040K, used 1153721K [0x0000000700000000, 0x0000000800000000)
  region size 2048K, 206 young (421888K), 6 survivors (12288K)
 Metaspace       used 155634K, committed 158528K, reserved 1245184K
  class space    used 20329K, committed 21696K, reserved 1048576K
}
Event: 12657.241 GC heap after
{Heap after GC invocations=188 (full 0):
 garbage-first heap   total 1495040K, used 445651K [0x0000000700000000, 0x0000000800000000)
  region size 2048K, 15 young (30720K), 15 survivors (30720K)
 Metaspace       used 155634K, committed 158528K, reserved 1245184K
  class space    used 20329K, committed 21696K, reserved 1048576K
}
Event: 12658.734 GC heap before
{Heap before GC invocations=188 (full 0):
 garbage-first heap   total 1495040K, used 486611K [0x0000000700000000, 0x0000000800000000)
  region size 2048K, 36 young (73728K), 15 survivors (30720K)
 Metaspace       used 155656K, committed 158592K, reserved 1245184K
  class space    used 20329K, committed 21696K, reserved 1048576K
}
Event: 12659.286 GC heap after
{Heap after GC invocations=189 (full 0):
 garbage-first heap   total 1495040K, used 413052K [0x0000000700000000, 0x0000000800000000)
  region size 2048K, 5 young (10240K), 5 survivors (10240K)
 Metaspace       used 155656K, committed 158592K, reserved 1245184K
  class space    used 20329K, committed 21696K, reserved 1048576K
}
Event: 12661.120 GC heap before
{Heap before GC invocations=189 (full 0):
 garbage-first heap   total 1495040K, used 476540K [0x0000000700000000, 0x0000000800000000)
  region size 2048K, 36 young (73728K), 5 survivors (10240K)
 Metaspace       used 155700K, committed 158592K, reserved 1245184K
  class space    used 20329K, committed 21696K, reserved 1048576K
}

Deoptimization events (20 events):
Event: 12655.561 Thread 0x00000240adeb0a70 Uncommon trap: trap_request=0xffffffbe fr.pc=0x000002404af2f39c relative=0x000000000000593c
Event: 12655.561 Thread 0x00000240adeb0a70 Uncommon trap: reason=profile_predicate action=maybe_recompile pc=0x000002404af2f39c method=org.jetbrains.kotlin.gradle.plugin.mpp.HierarchyAttributeContainer.keySet()Ljava/util/Set; @ 96 c2
Event: 12655.561 Thread 0x00000240adeb0a70 DEOPT PACKING pc=0x000002404af2f39c sp=0x000000a66bff5e20
Event: 12655.562 Thread 0x00000240adeb0a70 DEOPT UNPACKING pc=0x0000024048de23a3 sp=0x000000a66bff5e58 mode 2
Event: 12655.562 Thread 0x00000240adeb0a70 Uncommon trap: trap_request=0xffffffbe fr.pc=0x000002404af2f39c relative=0x000000000000593c
Event: 12655.562 Thread 0x00000240adeb0a70 Uncommon trap: reason=profile_predicate action=maybe_recompile pc=0x000002404af2f39c method=org.jetbrains.kotlin.gradle.plugin.mpp.HierarchyAttributeContainer.keySet()Ljava/util/Set; @ 96 c2
Event: 12655.562 Thread 0x00000240adeb0a70 DEOPT PACKING pc=0x000002404af2f39c sp=0x000000a66bff5e20
Event: 12655.562 Thread 0x00000240adeb0a70 DEOPT UNPACKING pc=0x0000024048de23a3 sp=0x000000a66bff5e58 mode 2
Event: 12655.562 Thread 0x00000240adeb0a70 Uncommon trap: trap_request=0xffffffbe fr.pc=0x000002404af2f39c relative=0x000000000000593c
Event: 12655.562 Thread 0x00000240adeb0a70 Uncommon trap: reason=profile_predicate action=maybe_recompile pc=0x000002404af2f39c method=org.jetbrains.kotlin.gradle.plugin.mpp.HierarchyAttributeContainer.keySet()Ljava/util/Set; @ 96 c2
Event: 12655.562 Thread 0x00000240adeb0a70 DEOPT PACKING pc=0x000002404af2f39c sp=0x000000a66bff5e20
Event: 12655.562 Thread 0x00000240adeb0a70 DEOPT UNPACKING pc=0x0000024048de23a3 sp=0x000000a66bff5e58 mode 2
Event: 12655.562 Thread 0x00000240adeb0a70 Uncommon trap: trap_request=0xffffffbe fr.pc=0x000002404af2f39c relative=0x000000000000593c
Event: 12655.562 Thread 0x00000240adeb0a70 Uncommon trap: reason=profile_predicate action=maybe_recompile pc=0x000002404af2f39c method=org.jetbrains.kotlin.gradle.plugin.mpp.HierarchyAttributeContainer.keySet()Ljava/util/Set; @ 96 c2
Event: 12655.562 Thread 0x00000240adeb0a70 DEOPT PACKING pc=0x000002404af2f39c sp=0x000000a66bff5e20
Event: 12655.563 Thread 0x00000240adeb0a70 DEOPT UNPACKING pc=0x0000024048de23a3 sp=0x000000a66bff5e58 mode 2
Event: 12656.284 Thread 0x00000240adeb0a70 Uncommon trap: trap_request=0xffffff45 fr.pc=0x000002404aff7454 relative=0x00000000000000b4
Event: 12656.284 Thread 0x00000240adeb0a70 Uncommon trap: reason=unstable_if action=reinterpret pc=0x000002404aff7454 method=com.sun.org.apache.xerces.internal.dom.AttrImpl.getValue()Ljava/lang/String; @ 15 c2
Event: 12656.284 Thread 0x00000240adeb0a70 DEOPT PACKING pc=0x000002404aff7454 sp=0x000000a66bff9720
Event: 12656.285 Thread 0x00000240adeb0a70 DEOPT UNPACKING pc=0x0000024048de23a3 sp=0x000000a66bff96a0 mode 2

Classes unloaded (20 events):
Event: 4835.705 Thread 0x000002405cd8c960 Unloading class 0x000002405e182000 'jdk/internal/reflect/GeneratedSerializationConstructorAccessor8'
Event: 4835.705 Thread 0x000002405cd8c960 Unloading class 0x000002405e181c00 'jdk/internal/reflect/GeneratedSerializationConstructorAccessor7'
Event: 4835.705 Thread 0x000002405cd8c960 Unloading class 0x000002405e181800 'jdk/internal/reflect/GeneratedSerializationConstructorAccessor6'
Event: 4835.705 Thread 0x000002405cd8c960 Unloading class 0x000002405e181400 'jdk/internal/reflect/GeneratedSerializationConstructorAccessor5'
Event: 4835.705 Thread 0x000002405cd8c960 Unloading class 0x000002405e181000 'jdk/internal/reflect/GeneratedSerializationConstructorAccessor4'
Event: 4835.705 Thread 0x000002405cd8c960 Unloading class 0x000002405e180c00 'jdk/internal/reflect/GeneratedSerializationConstructorAccessor3'
Event: 4835.706 Thread 0x000002405cd8c960 Unloading class 0x000002405e114800 'java/lang/invoke/LambdaForm$DMH+0x000002405e114800'
Event: 4835.706 Thread 0x000002405cd8c960 Unloading class 0x000002405e114000 'java/lang/invoke/LambdaForm$DMH+0x000002405e114000'
Event: 4835.706 Thread 0x000002405cd8c960 Unloading class 0x000002405e0e2000 'java/lang/invoke/LambdaForm$MH+0x000002405e0e2000'
Event: 4835.706 Thread 0x000002405cd8c960 Unloading class 0x000002405e0e1800 'java/lang/invoke/LambdaForm$MH+0x000002405e0e1800'
Event: 4835.706 Thread 0x000002405cd8c960 Unloading class 0x000002405e0e1400 'java/lang/invoke/LambdaForm$MH+0x000002405e0e1400'
Event: 4835.706 Thread 0x000002405cd8c960 Unloading class 0x000002405e0e1000 'java/lang/invoke/LambdaForm$MH+0x000002405e0e1000'
Event: 4835.706 Thread 0x000002405cd8c960 Unloading class 0x000002405e0e0c00 'java/lang/invoke/LambdaForm$MH+0x000002405e0e0c00'
Event: 4835.706 Thread 0x000002405cd8c960 Unloading class 0x000002405e0e0400 'java/lang/invoke/LambdaForm$MH+0x000002405e0e0400'
Event: 4835.706 Thread 0x000002405cd8c960 Unloading class 0x000002405e03c400 'java/lang/invoke/LambdaForm$DMH+0x000002405e03c400'
Event: 4835.706 Thread 0x000002405cd8c960 Unloading class 0x000002405e036800 'java/lang/invoke/LambdaForm$MH+0x000002405e036800'
Event: 4835.706 Thread 0x000002405cd8c960 Unloading class 0x000002405e036400 'java/lang/invoke/LambdaForm$MH+0x000002405e036400'
Event: 4835.706 Thread 0x000002405cd8c960 Unloading class 0x000002405e034000 'java/lang/invoke/LambdaForm$MH+0x000002405e034000'
Event: 5754.920 Thread 0x000002405cd8c960 Unloading class 0x000002405f4ae800 'jdk/internal/reflect/GeneratedSerializationConstructorAccessor244'
Event: 5754.920 Thread 0x000002405cd8c960 Unloading class 0x000002405f421400 'jdk/internal/reflect/GeneratedSerializationConstructorAccessor219'

Classes redefined (0 events):
No events

Internal exceptions (20 events):
Event: 12647.714 Thread 0x00000240adeb0a70 Exception <a 'sun/nio/fs/WindowsException'{0x00000007494d23f8}> (0x00000007494d23f8) 
thrown [s\open\src\hotspot\share\prims\jni.cpp, line 516]
Event: 12647.715 Thread 0x00000240adeb0a70 Exception <a 'sun/nio/fs/WindowsException'{0x00000007494d2680}> (0x00000007494d2680) 
thrown [s\open\src\hotspot\share\prims\jni.cpp, line 516]
Event: 12647.717 Thread 0x00000240adeb0a70 Exception <a 'sun/nio/fs/WindowsException'{0x00000007494d56a8}> (0x00000007494d56a8) 
thrown [s\open\src\hotspot\share\prims\jni.cpp, line 516]
Event: 12647.717 Thread 0x00000240adeb0a70 Exception <a 'sun/nio/fs/WindowsException'{0x00000007494d5a28}> (0x00000007494d5a28) 
thrown [s\open\src\hotspot\share\prims\jni.cpp, line 516]
Event: 12647.717 Thread 0x00000240adeb0a70 Exception <a 'sun/nio/fs/WindowsException'{0x00000007494d95f0}> (0x00000007494d95f0) 
thrown [s\open\src\hotspot\share\prims\jni.cpp, line 516]
Event: 12647.718 Thread 0x00000240adeb0a70 Exception <a 'sun/nio/fs/WindowsException'{0x00000007494d9970}> (0x00000007494d9970) 
thrown [s\open\src\hotspot\share\prims\jni.cpp, line 516]
Event: 12651.496 Thread 0x00000240b1725110 Exception <a 'sun/nio/fs/WindowsException'{0x000000074746d870}> (0x000000074746d870) 
thrown [s\open\src\hotspot\share\prims\jni.cpp, line 516]
Event: 12651.500 Thread 0x00000240b1725110 Exception <a 'sun/nio/fs/WindowsException'{0x000000074746f7e0}> (0x000000074746f7e0) 
thrown [s\open\src\hotspot\share\prims\jni.cpp, line 516]
Event: 12651.502 Thread 0x00000240b1725110 Exception <a 'sun/nio/fs/WindowsException'{0x00000007474716b0}> (0x00000007474716b0) 
thrown [s\open\src\hotspot\share\prims\jni.cpp, line 516]
Event: 12651.503 Thread 0x00000240b1725110 Exception <a 'sun/nio/fs/WindowsException'{0x0000000747473268}> (0x0000000747473268) 
thrown [s\open\src\hotspot\share\prims\jni.cpp, line 516]
Event: 12651.512 Thread 0x00000240b1725110 Exception <a 'sun/nio/fs/WindowsException'{0x000000074747c3f8}> (0x000000074747c3f8) 
thrown [s\open\src\hotspot\share\prims\jni.cpp, line 516]
Event: 12651.659 Thread 0x00000240b1725110 Exception <a 'sun/nio/fs/WindowsException'{0x00000007472d1378}> (0x00000007472d1378) 
thrown [s\open\src\hotspot\share\prims\jni.cpp, line 516]
Event: 12651.660 Thread 0x00000240b1725110 Exception <a 'sun/nio/fs/WindowsException'{0x00000007472d3370}> (0x00000007472d3370) 
thrown [s\open\src\hotspot\share\prims\jni.cpp, line 516]
Event: 12651.660 Thread 0x00000240b1725110 Exception <a 'sun/nio/fs/WindowsException'{0x00000007472d52d8}> (0x00000007472d52d8) 
thrown [s\open\src\hotspot\share\prims\jni.cpp, line 516]
Event: 12651.661 Thread 0x00000240b1725110 Exception <a 'sun/nio/fs/WindowsException'{0x00000007472d6f08}> (0x00000007472d6f08) 
thrown [s\open\src\hotspot\share\prims\jni.cpp, line 516]
Event: 12653.678 Thread 0x00000240af7c0340 Exception <a 'sun/nio/fs/WindowsException'{0x0000000745acba80}> (0x0000000745acba80) 
thrown [s\open\src\hotspot\share\prims\jni.cpp, line 516]
Event: 12653.679 Thread 0x00000240af7c0340 Exception <a 'sun/nio/fs/WindowsException'{0x0000000745acde40}> (0x0000000745acde40) 
thrown [s\open\src\hotspot\share\prims\jni.cpp, line 516]
Event: 12653.681 Thread 0x00000240af7c0340 Exception <a 'sun/nio/fs/WindowsException'{0x0000000745ad0140}> (0x0000000745ad0140) 
thrown [s\open\src\hotspot\share\prims\jni.cpp, line 516]
Event: 12653.682 Thread 0x00000240af7c0340 Exception <a 'sun/nio/fs/WindowsException'{0x0000000745ad20c8}> (0x0000000745ad20c8) 
thrown [s\open\src\hotspot\share\prims\jni.cpp, line 516]
Event: 12654.441 Thread 0x00000240adeb0a70 Exception <a 'sun/nio/fs/WindowsException'{0x0000000744b0ad38}> (0x0000000744b0ad38) 
thrown [s\open\src\hotspot\share\prims\jni.cpp, line 516]

VM Operations (20 events):
Event: 12651.885 Executing VM operation: HandshakeAllThreads done
Event: 12652.894 Executing VM operation: Cleanup
Event: 12652.896 Executing VM operation: Cleanup done
Event: 12653.903 Executing VM operation: Cleanup
Event: 12653.904 Executing VM operation: Cleanup done
Event: 12654.910 Executing VM operation: Cleanup
Event: 12654.910 Executing VM operation: Cleanup done
Event: 12655.919 Executing VM operation: Cleanup
Event: 12655.920 Executing VM operation: Cleanup done
Event: 12656.698 Executing VM operation: G1CollectForAllocation
Event: 12657.242 Executing VM operation: G1CollectForAllocation done
Event: 12658.247 Executing VM operation: Cleanup
Event: 12658.263 Executing VM operation: Cleanup done
Event: 12658.498 Executing VM operation: HandshakeAllThreads
Event: 12658.499 Executing VM operation: HandshakeAllThreads done
Event: 12658.734 Executing VM operation: G1CollectForAllocation
Event: 12659.287 Executing VM operation: G1CollectForAllocation done
Event: 12660.292 Executing VM operation: Cleanup
Event: 12660.293 Executing VM operation: Cleanup done
Event: 12661.120 Executing VM operation: G1CollectForAllocation

Events (20 events):
Event: 12654.370 Thread 0x000002405cddca30 flushing nmethod 0x00000240453ff490
Event: 12654.370 Thread 0x000002405cddca30 flushing nmethod 0x0000024045411b90
Event: 12654.380 Thread 0x000002405cddca30 flushing nmethod 0x0000024045430e10
Event: 12654.620 Thread 0x00000240a79b3050 Thread added: 0x00000240a79b3050
Event: 12654.830 Thread 0x00000240a79b2630 Thread added: 0x00000240a79b2630
Event: 12655.818 Thread 0x00000240a79b2120 Thread added: 0x00000240a79b2120
Event: 12655.818 Thread 0x00000240a79b3560 Thread added: 0x00000240a79b3560
Event: 12655.819 Thread 0x00000240a79b1c10 Thread added: 0x00000240a79b1c10
Event: 12655.819 Thread 0x00000240a76e6a00 Thread added: 0x00000240a76e6a00
Event: 12655.819 Thread 0x00000240a76e3760 Thread added: 0x00000240a76e3760
Event: 12655.819 Thread 0x00000240a76e50b0 Thread added: 0x00000240a76e50b0
Event: 12655.820 Thread 0x00000240a76e4ba0 Thread added: 0x00000240a76e4ba0
Event: 12655.892 Thread 0x00000240a76e3c70 Thread added: 0x00000240a76e3c70
Event: 12655.893 Thread 0x00000240afbf5350 Thread added: 0x00000240afbf5350
Event: 12655.895 Thread 0x00000240afbf3a00 Thread added: 0x00000240afbf3a00
Event: 12655.897 Thread 0x00000240afbf2fe0 Thread added: 0x00000240afbf2fe0
Event: 12655.897 Thread 0x00000240afbf34f0 Thread added: 0x00000240afbf34f0
Event: 12660.399 Thread 0x00000240b1b524b0 Thread added: 0x00000240b1b524b0
Event: 12660.451 Thread 0x00000240adeb0050 Thread added: 0x00000240adeb0050
Event: 12660.452 Thread 0x00000240adeb23c0 Thread added: 0x00000240adeb23c0


Dynamic libraries:
0x00007ff7e4d60000 - 0x00007ff7e4d70000 	C:\Program Files\Java\jdk-17\bin\java.exe
0x00007fffa3af0000 - 0x00007fffa3d07000 	C:\WINDOWS\SYSTEM32\ntdll.dll
0x00007fffa3690000 - 0x00007fffa3754000 	C:\WINDOWS\System32\KERNEL32.DLL
0x00007fffa0ef0000 - 0x00007fffa12c0000 	C:\WINDOWS\System32\KERNELBASE.dll
0x00007fffa1460000 - 0x00007fffa1571000 	C:\WINDOWS\System32\ucrtbase.dll
0x00007fff3ae20000 - 0x00007fff3ae3b000 	C:\Program Files\Java\jdk-17\bin\VCRUNTIME140.dll
0x00007fff38de0000 - 0x00007fff38df9000 	C:\Program Files\Java\jdk-17\bin\jli.dll
0x00007fffa18a0000 - 0x00007fffa1951000 	C:\WINDOWS\System32\ADVAPI32.dll
0x00007fffa3810000 - 0x00007fffa38b7000 	C:\WINDOWS\System32\msvcrt.dll
0x00007fffa2f70000 - 0x00007fffa3018000 	C:\WINDOWS\System32\sechost.dll
0x00007fffa1430000 - 0x00007fffa1458000 	C:\WINDOWS\System32\bcrypt.dll
0x00007fffa1780000 - 0x00007fffa1898000 	C:\WINDOWS\System32\RPCRT4.dll
0x00007fffa3130000 - 0x00007fffa32e1000 	C:\WINDOWS\System32\USER32.dll
0x00007fffa0ec0000 - 0x00007fffa0ee6000 	C:\WINDOWS\System32\win32u.dll
0x00007fff880c0000 - 0x00007fff8835c000 	C:\WINDOWS\WinSxS\amd64_microsoft.windows.common-controls_6595b64144ccf1df_6.0.22621.5840_none_2710ea077384a4fe\COMCTL32.dll
0x00007fffa1f80000 - 0x00007fffa1fa9000 	C:\WINDOWS\System32\GDI32.dll
0x00007fffa0c70000 - 0x00007fffa0d93000 	C:\WINDOWS\System32\gdi32full.dll
0x00007fffa0da0000 - 0x00007fffa0e3a000 	C:\WINDOWS\System32\msvcp_win.dll
0x00007fff9e7f0000 - 0x00007fff9e7fa000 	C:\WINDOWS\SYSTEM32\VERSION.dll
0x00007fffa3090000 - 0x00007fffa30c1000 	C:\WINDOWS\System32\IMM32.DLL
0x00007fff5d1b0000 - 0x00007fff5d1bc000 	C:\Program Files\Java\jdk-17\bin\vcruntime140_1.dll
0x00007fff5d120000 - 0x00007fff5d1ae000 	C:\Program Files\Java\jdk-17\bin\msvcp140.dll
0x00007fff1b9f0000 - 0x00007fff1c5d0000 	C:\Program Files\Java\jdk-17\bin\server\jvm.dll
0x00007fffa38d0000 - 0x00007fffa38d8000 	C:\WINDOWS\System32\PSAPI.DLL
0x00007fff7fcb0000 - 0x00007fff7fcb9000 	C:\WINDOWS\SYSTEM32\WSOCK32.dll
0x00007fff9c160000 - 0x00007fff9c194000 	C:\WINDOWS\SYSTEM32\WINMM.dll
0x00007fffa2ef0000 - 0x00007fffa2f61000 	C:\WINDOWS\System32\WS2_32.dll
0x00007fff9fbc0000 - 0x00007fff9fbd8000 	C:\WINDOWS\SYSTEM32\kernel.appcore.dll
0x00007fff5d110000 - 0x00007fff5d11a000 	C:\Program Files\Java\jdk-17\bin\jimage.dll
0x00007fff992a0000 - 0x00007fff994d3000 	C:\WINDOWS\SYSTEM32\DBGHELP.DLL
0x00007fffa32f0000 - 0x00007fffa3681000 	C:\WINDOWS\System32\combase.dll
0x00007fffa2230000 - 0x00007fffa2308000 	C:\WINDOWS\System32\OLEAUT32.dll
0x00007fff80fc0000 - 0x00007fff80ff2000 	C:\WINDOWS\SYSTEM32\dbgcore.DLL
0x00007fffa0bf0000 - 0x00007fffa0c6b000 	C:\WINDOWS\System32\bcryptPrimitives.dll
0x00007fff9d200000 - 0x00007fff9d20e000 	C:\Program Files\Java\jdk-17\bin\instrument.dll
0x00007fff5d0e0000 - 0x00007fff5d105000 	C:\Program Files\Java\jdk-17\bin\java.dll
0x00007fff1b910000 - 0x00007fff1b9e7000 	C:\Program Files\Java\jdk-17\bin\jsvml.dll
0x00007fffa2420000 - 0x00007fffa2cc1000 	C:\WINDOWS\System32\SHELL32.dll
0x00007fffa1640000 - 0x00007fffa177f000 	C:\WINDOWS\System32\wintypes.dll
0x00007fff9eac0000 - 0x00007fff9f3da000 	C:\WINDOWS\SYSTEM32\windows.storage.dll
0x00007fffa2120000 - 0x00007fffa222a000 	C:\WINDOWS\System32\SHCORE.dll
0x00007fffa1960000 - 0x00007fffa19c9000 	C:\WINDOWS\System32\shlwapi.dll
0x00007fffa0b20000 - 0x00007fffa0b45000 	C:\WINDOWS\SYSTEM32\profapi.dll
0x00007fff5d080000 - 0x00007fff5d098000 	C:\Program Files\Java\jdk-17\bin\zip.dll
0x00007fff5d0c0000 - 0x00007fff5d0d9000 	C:\Program Files\Java\jdk-17\bin\net.dll
0x00007fff9d310000 - 0x00007fff9d43c000 	C:\WINDOWS\SYSTEM32\WINHTTP.dll
0x00007fffa00a0000 - 0x00007fffa0109000 	C:\WINDOWS\system32\mswsock.dll
0x00007fff5d0a0000 - 0x00007fff5d0b6000 	C:\Program Files\Java\jdk-17\bin\nio.dll
0x00007fff5d070000 - 0x00007fff5d080000 	C:\Program Files\Java\jdk-17\bin\verify.dll
0x00007fff59fe0000 - 0x00007fff5a007000 	C:\Users\NAGARAJU\.gradle\native\1def1411415f61bf3af743bc5b6707747c0891f09f0c88961ee8f79bc544acac\windows-amd64\native-platform.dll
0x00007fff57030000 - 0x00007fff570a8000 	C:\Users\NAGARAJU\.gradle\native\0.2.7\x86_64-windows-gnu\gradle-fileevents.dll
0x00007fff87080000 - 0x00007fff8708a000 	C:\Program Files\Java\jdk-17\bin\management.dll
0x00007fff87070000 - 0x00007fff8707b000 	C:\Program Files\Java\jdk-17\bin\management_ext.dll
0x00007fff9f640000 - 0x00007fff9f66d000 	C:\WINDOWS\SYSTEM32\IPHLPAPI.DLL
0x00007fffa2310000 - 0x00007fffa2319000 	C:\WINDOWS\System32\NSI.dll
0x00007fff9c3a0000 - 0x00007fff9c3b9000 	C:\WINDOWS\SYSTEM32\dhcpcsvc6.DLL
0x00007fff9c140000 - 0x00007fff9c15f000 	C:\WINDOWS\SYSTEM32\dhcpcsvc.DLL
0x00007fff9f6b0000 - 0x00007fff9f7a8000 	C:\WINDOWS\SYSTEM32\DNSAPI.dll
0x00007fffa02f0000 - 0x00007fffa030b000 	C:\WINDOWS\SYSTEM32\CRYPTSP.dll
0x00007fff9fb20000 - 0x00007fff9fb57000 	C:\WINDOWS\system32\rsaenh.dll
0x00007fffa0190000 - 0x00007fffa01b8000 	C:\WINDOWS\SYSTEM32\USERENV.dll
0x00007fffa0310000 - 0x00007fffa031c000 	C:\WINDOWS\SYSTEM32\CRYPTBASE.dll
0x00007fff87bf0000 - 0x00007fff87bfe000 	C:\Program Files\Java\jdk-17\bin\sunmscapi.dll
0x00007fffa12c0000 - 0x00007fffa1428000 	C:\WINDOWS\System32\CRYPT32.dll
0x00007fffa0520000 - 0x00007fffa054d000 	C:\WINDOWS\SYSTEM32\ncrypt.dll
0x00007fffa04e0000 - 0x00007fffa0517000 	C:\WINDOWS\SYSTEM32\NTASN1.dll
0x00007fff58050000 - 0x00007fff58058000 	C:\WINDOWS\system32\wshunix.dll
0x00007fff9be80000 - 0x00007fff9bf17000 	C:\WINDOWS\system32\apphelp.dll

dbghelp: loaded successfully - version: 4.0.5 - missing functions: none
symbol engine: initialized successfully - sym options: 0x614 - pdb path: .;C:\Program Files\Java\jdk-17\bin;C:\WINDOWS\SYSTEM32;C:\WINDOWS\WinSxS\amd64_microsoft.windows.common-controls_6595b64144ccf1df_6.0.22621.5840_none_2710ea077384a4fe;C:\Program Files\Java\jdk-17\bin\server;C:\Users\NAGARAJU\.gradle\native\1def1411415f61bf3af743bc5b6707747c0891f09f0c88961ee8f79bc544acac\windows-amd64;C:\Users\NAGARAJU\.gradle\native\0.2.7\x86_64-windows-gnu

VM Arguments:
jvm_args: --add-opens=java.base/java.lang=ALL-UNNAMED --add-opens=java.base/java.lang.invoke=ALL-UNNAMED --add-opens=java.base/java.util=ALL-UNNAMED --add-opens=java.prefs/java.util.prefs=ALL-UNNAMED --add-exports=jdk.compiler/com.sun.tools.javac.api=ALL-UNNAMED --add-exports=jdk.compiler/com.sun.tools.javac.util=ALL-UNNAMED --add-opens=java.base/java.util=ALL-UNNAMED --add-opens=java.prefs/java.util.prefs=ALL-UNNAMED --add-opens=java.base/java.nio.charset=ALL-UNNAMED --add-opens=java.base/java.net=ALL-UNNAMED --add-opens=java.base/java.util.concurrent.atomic=ALL-UNNAMED --add-opens=java.xml/javax.xml.namespace=ALL-UNNAMED -Xmx4096m -Dfile.encoding=UTF-8 -Duser.country=IN -Duser.language=en -Duser.variant -javaagent:C:\Users\NAGARAJU\.gradle\wrapper\dists\gradle-8.14.1-bin\baw1sv0jfoi8rxs14qo3h49cs\gradle-8.14.1\lib\agents\gradle-instrumentation-agent-8.14.1.jar 
java_command: org.gradle.launcher.daemon.bootstrap.GradleDaemon 8.14.1
java_class_path (initial): C:\Users\NAGARAJU\.gradle\wrapper\dists\gradle-8.14.1-bin\baw1sv0jfoi8rxs14qo3h49cs\gradle-8.14.1\lib\gradle-daemon-main-8.14.1.jar
Launcher Type: SUN_STANDARD

[Global flags]
     intx CICompilerCount                          = 4                                         {product} {ergonomic}
     uint ConcGCThreads                            = 2                                         {product} {ergonomic}
     uint G1ConcRefinementThreads                  = 8                                         {product} {ergonomic}
   size_t G1HeapRegionSize                         = 2097152                                   {product} {ergonomic}
    uintx GCDrainStackTargetSize                   = 64                                        {product} {ergonomic}
   size_t InitialHeapSize                          = 123731968                                 {product} {ergonomic}
   size_t MarkStackSize                            = 4194304                                   {product} {ergonomic}
   size_t MaxHeapSize                              = 4294967296                                {product} {command line}
   size_t MaxNewSize                               = 2575302656                                {product} {ergonomic}
   size_t MinHeapDeltaBytes                        = 2097152                                   {product} {ergonomic}
   size_t MinHeapSize                              = 8388608                                   {product} {ergonomic}
    uintx NonNMethodCodeHeapSize                   = 5839372                                {pd product} {ergonomic}
    uintx NonProfiledCodeHeapSize                  = 122909434                              {pd product} {ergonomic}
    uintx ProfiledCodeHeapSize                     = 122909434                              {pd product} {ergonomic}
    uintx ReservedCodeCacheSize                    = 251658240                              {pd product} {ergonomic}
     bool SegmentedCodeCache                       = true                                      {product} {ergonomic}
   size_t SoftMaxHeapSize                          = 4294967296                             {manageable} {ergonomic}
     bool UseCompressedClassPointers               = true                           {product lp64_product} {ergonomic}
     bool UseCompressedOops                        = true                           {product lp64_product} {ergonomic}
     bool UseG1GC                                  = true                                      {product} {ergonomic}
     bool UseLargePagesIndividualAllocation        = false                                  {pd product} {ergonomic}

Logging:
Log output configuration:
 #0: stdout all=warning uptime,level,tags
 #1: stderr all=off uptime,level,tags

Environment Variables:
JAVA_HOME=C:\Program Files\Java\jdk-17
PATH=C:\Program Files\Eclipse Adoptium\jdk-11.0.26.4-hotspot\bin;C:\Program Files\Eclipse Adoptium\jdk-17.0.14.7-hotspot\bin;C:\Program Files\Java\jdk-17\bin;C:\Program Files\nodejs;E:\Android\Sdk\platform-tools;E:\Android\Sdk\emulator;E:\Android\Sdk\cmdline-tools\latest\bin;E:\Android\Sdk\platform-tools;E:\Android\Sdk\emulator;E:\Android\Sdk\cmdline-tools\latest\bin;C:\Users\NAGARAJU\AppData\Local\Android\Sdk\platform-tools;C:\Users\NAGARAJU\AppData\Local\Android\Sdk\emulator;C:\Users\NAGARAJU\AppData\Local\Android\Sdk\cmdline-tools\latest\bin;C:\Users\NAGARAJU\AppData\Local\Android\Sdk\platform-tools;C:\Users\NAGARAJU\AppData\Local\Android\Sdk\platform-tools;C:\Users\NAGARAJU\AppData\Local\Android\Sdk\platform-tools;C:\Users\NAGARAJU\AppData\Local\Android\Sdk\emulator;C:\Users\NAGARAJU\AppData\Local\Android\Sdk\cmdline-tools\latest\bin;C:\Users\NAGARAJU\AppData\Local\Android\Sdk\platform-tools;C:\Users\NAGARAJU\AppData\Local\Android\Sdk\emulator;C:\Users\NAGARAJU\AppData\Local\Android\Sdk\cmdline-tools\latest\bin;C:\Users\NAGARAJU\AppData\Local\Android\Sdk\platform-tools;C:\Users\NAGARAJU\AppData\Local\Android\Sdk\emulator;C:\Users\NAGARAJU\AppData\Local\Android\Sdk\cmdline-tools\latest\bin;C:\Program Files\Eclipse Adoptium\jdk-11.0.26.4-hotspot\bin;C:\Program Files\Eclipse Adoptium\jdk-17.0.14.7-hotspot\bin;C:\Program Files\Java\jdk-17\bin;C:\Program Files\nodejs;E:\Android\Sdk\platform-tools;E:\Android\Sdk\emulator;E:\Android\Sdk\cmdline-tools\latest\bin;E:\Android\Sdk\platform-tools;E:\Android\Sdk\emulator;E:\Android\Sdk\cmdline-tools\latest\bin;C:\Users\NAGARAJU\AppData\Local\Android\Sdk\platform-tools;C:\Users\NAGARAJU\AppData\Local\Android\Sdk\emulator;C:\Users\NAGARAJU\AppData\Local\Android\Sdk\cmdline-tools\latest\bin;C:\Users\NAGARAJU\AppData\Local\Android\Sdk\platform-tools;C:\Users\NAGARAJU\AppData\Local\Android\Sdk\platform-tools;C:\Users\NAGARAJU\AppData\Local\Android\Sdk\platform-tools;C:\Users\NAGARAJU\AppData\Local\Android\Sdk\emulator;C:\Users\NAGARA
USERNAME=NAGARAJU
OS=Windows_NT
PROCESSOR_IDENTIFIER=AMD64 Family 23 Model 104 Stepping 1, AuthenticAMD



---------------  S Y S T E M  ---------------

OS:
 Windows 11 , 64 bit Build 22621 (10.0.22621.5415)
OS uptime: 0 days 3:34 hours

CPU: total 8 (initial active 8) (8 cores per cpu, 2 threads per core) family 23 model 104 stepping 1 microcode 0x0, cx8, cmov, fxsr, ht, mmx, 3dnowpref, sse, sse2, sse3, ssse3, sse4a, sse4.1, sse4.2, popcnt, lzcnt, tsc, tscinvbit, avx, avx2, aes, clmul, bmi1, bmi2, adx, sha, fma, vzeroupper, clflush, clflushopt

Memory: 4k page, system-wide physical 7502M (360M free)
TotalPageFile size 23404M (AvailPageFile size 275M)
current process WorkingSet (physical memory assigned to process): 464M, peak: 1127M
current process commit charge ("private bytes"): 2059M, peak: 2725M

vm_info: Java HotSpot(TM) 64-Bit Server VM (17.0.12+8-LTS-286) for windows-amd64 JRE (17.0.12+8-LTS-286), built on Jun  5 2024 06:46:59 by "mach5one" with MS VC++ 17.6 (VS2022)

END.
