#
# There is insufficient memory for the Java Runtime Environment to continue.
# Native memory allocation (malloc) failed to allocate 917296 bytes for Chunk::new
# Possible reasons:
#   The system is out of physical RAM or swap space
#   The process is running with CompressedOops enabled, and the Java Heap may be blocking the growth of the native heap
# Possible solutions:
#   Reduce memory load on the system
#   Increase physical memory or swap space
#   Check if swap backing store is full
#   Decrease Java heap size (-Xmx/-Xms)
#   Decrease number of Java threads
#   Decrease Java thread stack sizes (-Xss)
#   Set larger code cache with -XX:ReservedCodeCacheSize=
#   JVM is running with Zero Based Compressed Oops mode in which the Java heap is
#     placed in the first 32GB address space. The Java Heap base address is the
#     maximum limit for the native heap growth. Please use -XX:HeapBaseMinAddress
#     to set the Java Heap base and to place the Java Heap above 32GB virtual address.
# This output file may be truncated or incomplete.
#
#  Out of Memory Error (arena.cpp:189), pid=26304, tid=24308
#
# JRE version: Java(TM) SE Runtime Environment (17.0.12+8) (build 17.0.12+8-LTS-286)
# Java VM: Java HotSpot(TM) 64-Bit Server VM (17.0.12+8-LTS-286, mixed mode, sharing, tiered, compressed oops, compressed class ptrs, g1 gc, windows-amd64)
# No core dump will be written. Minidumps are not enabled by default on client versions of Windows
#

---------------  S U M M A R Y ------------

Command Line: --add-opens=java.base/java.lang=ALL-UNNAMED --add-opens=java.base/java.lang.invoke=ALL-UNNAMED --add-opens=java.base/java.util=ALL-UNNAMED --add-opens=java.prefs/java.util.prefs=ALL-UNNAMED --add-exports=jdk.compiler/com.sun.tools.javac.api=ALL-UNNAMED --add-exports=jdk.compiler/com.sun.tools.javac.util=ALL-UNNAMED --add-opens=java.base/java.util=ALL-UNNAMED --add-opens=java.prefs/java.util.prefs=ALL-UNNAMED --add-opens=java.base/java.nio.charset=ALL-UNNAMED --add-opens=java.base/java.net=ALL-UNNAMED --add-opens=java.base/java.util.concurrent.atomic=ALL-UNNAMED --add-opens=java.xml/javax.xml.namespace=ALL-UNNAMED -Xmx4096m -Dfile.encoding=UTF-8 -Duser.country=IN -Duser.language=en -Duser.variant -javaagent:C:\Users\NAGARAJU\.gradle\wrapper\dists\gradle-8.14.1-bin\baw1sv0jfoi8rxs14qo3h49cs\gradle-8.14.1\lib\agents\gradle-instrumentation-agent-8.14.1.jar org.gradle.launcher.daemon.bootstrap.GradleDaemon 8.14.1

Host: AMD Ryzen 3 5300U with Radeon Graphics         , 8 cores, 7G,  Windows 11 , 64 bit Build 22621 (10.0.22621.5415)
Time: Mon Dec  1 21:36:36 2025 India Standard Time elapsed time: 265.483021 seconds (0d 0h 4m 25s)

---------------  T H R E A D  ---------------

Current thread (0x000002d8a325a5a0):  JavaThread "C2 CompilerThread1" daemon [_thread_in_native, id=24308, stack(0x000000ed8f200000,0x000000ed8f300000)]


Current CompileTask:
C2: 265483 28856   !   4       org.gradle.internal.event.DefaultListenerManager::getBroadcasterInternal (177 bytes)

Stack: [0x000000ed8f200000,0x000000ed8f300000]
Native frames: (J=compiled Java code, j=interpreted, Vv=VM code, C=native code)
V  [jvm.dll+0x67a04a]
V  [jvm.dll+0x7da4ed]
V  [jvm.dll+0x7dbe33]
V  [jvm.dll+0x7dc4a3]
V  [jvm.dll+0x24508f]
V  [jvm.dll+0xab773]
V  [jvm.dll+0xabd3c]
V  [jvm.dll+0x361b9f]
V  [jvm.dll+0x32c431]
V  [jvm.dll+0x32b8ca]
V  [jvm.dll+0x21683f]
V  [jvm.dll+0x215c6f]
V  [jvm.dll+0x1a2960]
V  [jvm.dll+0x22610b]
V  [jvm.dll+0x2242ab]
V  [jvm.dll+0x79075c]
V  [jvm.dll+0x78abea]
V  [jvm.dll+0x678f35]
C  [ucrtbase.dll+0x29333]
C  [KERNEL32.DLL+0x1259d]
C  [ntdll.dll+0x5af78]


---------------  P R O C E S S  ---------------

Threads class SMR info:
_java_thread_list=0x000002d8ae90d710, length=146, elements={
0x000002d8364b41a0, 0x000002d859290c80, 0x000002d859291a10, 0x000002d8592bee40,
0x000002d8592bf910, 0x000002d8592c03e0, 0x000002d8592c2dc0, 0x000002d8592c6230,
0x000002d8592d08a0, 0x000002d8592f6db0, 0x000002d85927bd70, 0x000002d859570f70,
0x000002d8a0083470, 0x000002d89fc52450, 0x000002d89f42f890, 0x000002d8a08500b0,
0x000002d8a0851f10, 0x000002d8a0850ad0, 0x000002d8a0852930, 0x000002d8a2d8e800,
0x000002d8a2d8fc40, 0x000002d8a2d924c0, 0x000002d8597911f0, 0x000002d85978bbe0,
0x000002d8597902c0, 0x000002d8597907d0, 0x000002d859790ce0, 0x000002d859791c10,
0x000002d8a0e36090, 0x000002d8a0e30060, 0x000002d8a0e30570, 0x000002d8a0e323d0,
0x000002d8a0e30a80, 0x000002d8a0e33d20, 0x000002d8a0e35b80, 0x000002d8a256a110,
0x000002d8a2d8f220, 0x000002d8a2d8ceb0, 0x000002d8a2d93900, 0x000002d8a2d93e10,
0x000002d8a2d90150, 0x000002d8a2d91aa0, 0x000002d8a2d94320, 0x000002d8a2d8f730,
0x000002d8a2d94830, 0x000002d8a2d8d3c0, 0x000002d8a2d8d8d0, 0x000002d8a2d90660,
0x000002d8a2d8dde0, 0x000002d8a2d8e2f0, 0x000002d8a2d90b70, 0x000002d8a2d91080,
0x000002d8a2d91590, 0x000002d8a0af3e00, 0x000002d8a0af7fd0, 0x000002d8a0af6680,
0x000002d8a0af1580, 0x000002d8a0af29c0, 0x000002d8a0af5240, 0x000002d8a0af5750,
0x000002d8a0af38f0, 0x000002d8a0af6b90, 0x000002d8a0af1fa0, 0x000002d8a0af2ed0,
0x000002d8a0af1a90, 0x000002d8a0af24b0, 0x000002d8a0af4310, 0x000002d8a0af70a0,
0x000002d8a0af75b0, 0x000002d8a0af4820, 0x000002d8a0af4d30, 0x000002d8a0af5c60,
0x000002d8a0af6170, 0x000002d859791700, 0x000002d859792120, 0x000002d85978da40,
0x000002d85978b1c0, 0x000002d85978e970, 0x000002d859792630, 0x000002d85978b6d0,
0x000002d85978fdb0, 0x000002d85978f390, 0x000002d85978c0f0, 0x000002d85978c600,
0x000002d85978d020, 0x000002d85978df50, 0x000002d85978d530, 0x000002d85978e460,
0x000002d8ae97e290, 0x000002d8ae97fbe0, 0x000002d8ae97ba10, 0x000002d8ae97c940,
0x000002d8ae97ce50, 0x000002d8ae97d360, 0x000002d8ae97e7a0, 0x000002d8ae97d870,
0x000002d8ae97ecb0, 0x000002d8ae980600, 0x000002d8ae981020, 0x000002d8a0e35160,
0x000002d8a0e328e0, 0x000002d8a0e314a0, 0x000002d8a0e34c50, 0x000002d8a0e319b0,
0x000002d8a0e35670, 0x000002d8a0e33810, 0x000002d8a0e31ec0, 0x000002d8a0e379e0,
0x000002d8a0e32df0, 0x000002d8a0e33300, 0x000002d8a0852e40, 0x000002d8a0850fe0,
0x000002d8a08514f0, 0x000002d8a0851a00, 0x000002d8a0853350, 0x000002d8a08505c0,
0x000002d8a0853860, 0x000002d8a2566e70, 0x000002d8a256cea0, 0x000002d8a2567380,
0x000002d8a256ba60, 0x000002d8a2692f20, 0x000002d8a2694870, 0x000002d8a2694360,
0x000002d8a2693940, 0x000002d8a2693430, 0x000002d8a2694d80, 0x000002d8a2692500,
0x000002d8a2695290, 0x000002d8a26957a0, 0x000002d8a2691ff0, 0x000002d8a325a5a0,
0x000002d8ae9ad520, 0x000002d8a2693e50, 0x000002d8a2692a10, 0x000002d8a1079c80,
0x000002d8a107a190, 0x000002d8a107b5d0, 0x000002d8a107a6a0, 0x000002d8a107abb0,
0x000002d8a107b0c0, 0x000002d8a107bae0, 0x000002d8a107cf20, 0x000002d8a107d430,
0x000002d8a107bff0, 0x000002d8ae903510
}

Java Threads: ( => current thread )
  0x000002d8364b41a0 JavaThread "main" [_thread_blocked, id=1572, stack(0x000000ed8a400000,0x000000ed8a500000)]
  0x000002d859290c80 JavaThread "Reference Handler" daemon [_thread_blocked, id=308, stack(0x000000ed8ab00000,0x000000ed8ac00000)]
  0x000002d859291a10 JavaThread "Finalizer" daemon [_thread_blocked, id=21284, stack(0x000000ed8ac00000,0x000000ed8ad00000)]
  0x000002d8592bee40 JavaThread "Signal Dispatcher" daemon [_thread_blocked, id=24320, stack(0x000000ed8ad00000,0x000000ed8ae00000)]
  0x000002d8592bf910 JavaThread "Attach Listener" daemon [_thread_blocked, id=18756, stack(0x000000ed8ae00000,0x000000ed8af00000)]
  0x000002d8592c03e0 JavaThread "Service Thread" daemon [_thread_blocked, id=14896, stack(0x000000ed8af00000,0x000000ed8b000000)]
  0x000002d8592c2dc0 JavaThread "Monitor Deflation Thread" daemon [_thread_blocked, id=25840, stack(0x000000ed8b000000,0x000000ed8b100000)]
  0x000002d8592c6230 JavaThread "C2 CompilerThread0" daemon [_thread_in_native, id=27148, stack(0x000000ed8b100000,0x000000ed8b200000)]
  0x000002d8592d08a0 JavaThread "C1 CompilerThread0" daemon [_thread_blocked, id=25044, stack(0x000000ed8b200000,0x000000ed8b300000)]
  0x000002d8592f6db0 JavaThread "Sweeper thread" daemon [_thread_blocked, id=9212, stack(0x000000ed8b300000,0x000000ed8b400000)]
  0x000002d85927bd70 JavaThread "Common-Cleaner" daemon [_thread_blocked, id=27688, stack(0x000000ed8b400000,0x000000ed8b500000)]
  0x000002d859570f70 JavaThread "Notification Thread" daemon [_thread_blocked, id=8372, stack(0x000000ed8b500000,0x000000ed8b600000)]
  0x000002d8a0083470 JavaThread "Daemon health stats" [_thread_blocked, id=24208, stack(0x000000ed8bd00000,0x000000ed8be00000)]
  0x000002d89fc52450 JavaThread "Incoming local TCP Connector on port 51645" [_thread_in_native, id=25400, stack(0x000000ed8bc00000,0x000000ed8bd00000)]
  0x000002d89f42f890 JavaThread "Daemon periodic checks" [_thread_blocked, id=16776, stack(0x000000ed8be00000,0x000000ed8bf00000)]
  0x000002d8a08500b0 JavaThread "Cache worker for journal cache (C:\Users\NAGARAJU\.gradle\caches\journal-1)" [_thread_blocked, id=27236, stack(0x000000ed8c300000,0x000000ed8c400000)]
  0x000002d8a0851f10 JavaThread "File lock request listener" [_thread_in_native, id=4648, stack(0x000000ed8c700000,0x000000ed8c800000)]
  0x000002d8a0850ad0 JavaThread "Cache worker for file hash cache (C:\Users\NAGARAJU\.gradle\caches\8.14.1\fileHashes)" [_thread_blocked, id=5504, stack(0x000000ed8c800000,0x000000ed8c900000)]
  0x000002d8a0852930 JavaThread "File watcher server" daemon [_thread_in_Java, id=9280, stack(0x000000ed8cf00000,0x000000ed8d000000)]
  0x000002d8a2d8e800 JavaThread "File watcher consumer" daemon [_thread_blocked, id=2096, stack(0x000000ed8d000000,0x000000ed8d100000)]
  0x000002d8a2d8fc40 JavaThread "jar transforms" [_thread_blocked, id=12176, stack(0x000000ed8d100000,0x000000ed8d200000)]
  0x000002d8a2d924c0 JavaThread "Cache worker for file content cache (C:\Users\NAGARAJU\.gradle\caches\8.14.1\fileContent)" [_thread_blocked, id=22048, stack(0x000000ed8d300000,0x000000ed8d400000)]
  0x000002d8597911f0 JavaThread "Memory manager" [_thread_blocked, id=16768, stack(0x000000ed8cb00000,0x000000ed8cc00000)]
  0x000002d85978bbe0 JavaThread "ForkJoinPool.commonPool-worker-1" daemon [_thread_blocked, id=23356, stack(0x000000ed8f300000,0x000000ed8f400000)]
  0x000002d8597902c0 JavaThread "ForkJoinPool.commonPool-worker-4" daemon [_thread_blocked, id=28488, stack(0x000000ed8f600000,0x000000ed8f700000)]
  0x000002d8597907d0 JavaThread "ForkJoinPool.commonPool-worker-5" daemon [_thread_blocked, id=22472, stack(0x000000ed8f700000,0x000000ed8f800000)]
  0x000002d859790ce0 JavaThread "ForkJoinPool.commonPool-worker-6" daemon [_thread_blocked, id=25676, stack(0x000000ed8f800000,0x000000ed8f900000)]
  0x000002d859791c10 JavaThread "ForkJoinPool.commonPool-worker-7" daemon [_thread_blocked, id=26560, stack(0x000000ed8f900000,0x000000ed8fa00000)]
  0x000002d8a0e36090 JavaThread "jar transforms Thread 2" [_thread_blocked, id=12888, stack(0x000000ed93900000,0x000000ed93a00000)]
  0x000002d8a0e30060 JavaThread "jar transforms Thread 3" [_thread_blocked, id=22328, stack(0x000000ed93a00000,0x000000ed93b00000)]
  0x000002d8a0e30570 JavaThread "jar transforms Thread 4" [_thread_blocked, id=24292, stack(0x000000ed93e00000,0x000000ed93f00000)]
  0x000002d8a0e323d0 JavaThread "jar transforms Thread 5" [_thread_blocked, id=8804, stack(0x000000ed93f00000,0x000000ed94000000)]
  0x000002d8a0e30a80 JavaThread "jar transforms Thread 6" [_thread_blocked, id=23404, stack(0x000000ed94000000,0x000000ed94100000)]
  0x000002d8a0e33d20 JavaThread "jar transforms Thread 7" [_thread_blocked, id=26344, stack(0x000000ed94400000,0x000000ed94500000)]
  0x000002d8a0e35b80 JavaThread "jar transforms Thread 8" [_thread_blocked, id=3088, stack(0x000000ed94500000,0x000000ed94600000)]
  0x000002d8a256a110 JavaThread "pool-3-thread-1" [_thread_blocked, id=24108, stack(0x000000ed94c00000,0x000000ed94d00000)]
  0x000002d8a2d8f220 JavaThread "Daemon Thread 2" [_thread_blocked, id=26276, stack(0x000000ed8a100000,0x000000ed8a200000)]
  0x000002d8a2d8ceb0 JavaThread "Handler for socket connection from /127.0.0.1:51645 to /127.0.0.1:65255" [_thread_in_native, id=22952, stack(0x000000ed8a200000,0x000000ed8a300000)]
  0x000002d8a2d93900 JavaThread "Cancel handler" [_thread_blocked, id=18464, stack(0x000000ed8a300000,0x000000ed8a400000)]
  0x000002d8a2d93e10 JavaThread "Daemon worker Thread 2" [_thread_blocked, id=10292, stack(0x000000ed8bf00000,0x000000ed8c000000)]
  0x000002d8a2d90150 JavaThread "Asynchronous log dispatcher for DefaultDaemonConnection: socket connection from /127.0.0.1:51645 to /127.0.0.1:65255" [_thread_blocked, id=19920, stack(0x000000ed8c000000,0x000000ed8c100000)]
  0x000002d8a2d91aa0 JavaThread "Stdin handler" [_thread_blocked, id=27568, stack(0x000000ed8c100000,0x000000ed8c200000)]
  0x000002d8a2d94320 JavaThread "Daemon client event forwarder" [_thread_blocked, id=9888, stack(0x000000ed8c200000,0x000000ed8c300000)]
  0x000002d8a2d8f730 JavaThread "Cache worker for file hash cache (C:\zynnative\DocApp-CLI\android\.gradle\8.14.1\fileHashes)" [_thread_blocked, id=3912, stack(0x000000ed8c400000,0x000000ed8c500000)]
  0x000002d8a2d94830 JavaThread "Cache worker for Build Output Cleanup Cache (C:\zynnative\DocApp-CLI\android\.gradle\buildOutputCleanup)" [_thread_blocked, id=27020, stack(0x000000ed8c500000,0x000000ed8c600000)]
  0x000002d8a2d8d3c0 JavaThread "Cache worker for checksums cache (C:\zynnative\DocApp-CLI\android\.gradle\8.14.1\checksums)" [_thread_blocked, id=25800, stack(0x000000ed8cc00000,0x000000ed8cd00000)]
  0x000002d8a2d8d8d0 JavaThread "Cache worker for cache directory md-supplier (C:\Users\NAGARAJU\.gradle\caches\8.14.1\md-supplier)" [_thread_blocked, id=16048, stack(0x000000ed8cd00000,0x000000ed8ce00000)]
  0x000002d8a2d90660 JavaThread "Cache worker for cache directory md-rule (C:\Users\NAGARAJU\.gradle\caches\8.14.1\md-rule)" [_thread_blocked, id=7836, stack(0x000000ed8d200000,0x000000ed8d300000)]
  0x000002d8a2d8dde0 JavaThread "Cache worker for Build Output Cleanup Cache (C:\zynnative\DocApp-CLI\node_modules\@react-native\gradle-plugin\.gradle\buildOutputCleanup)" [_thread_blocked, id=6056, stack(0x000000ed8c600000,0x000000ed8c700000)]
  0x000002d8a2d8e2f0 JavaThread "Unconstrained build operations" [_thread_blocked, id=28408, stack(0x000000ed8d400000,0x000000ed8d500000)]
  0x000002d8a2d90b70 JavaThread "Unconstrained build operations Thread 2" [_thread_blocked, id=26232, stack(0x000000ed8d500000,0x000000ed8d600000)]
  0x000002d8a2d91080 JavaThread "Unconstrained build operations Thread 3" [_thread_blocked, id=25720, stack(0x000000ed8d600000,0x000000ed8d700000)]
  0x000002d8a2d91590 JavaThread "Unconstrained build operations Thread 4" [_thread_blocked, id=5732, stack(0x000000ed8d700000,0x000000ed8d800000)]
  0x000002d8a0af3e00 JavaThread "Unconstrained build operations Thread 5" [_thread_blocked, id=12212, stack(0x000000ed8d900000,0x000000ed8da00000)]
  0x000002d8a0af7fd0 JavaThread "Unconstrained build operations Thread 6" [_thread_blocked, id=27116, stack(0x000000ed8da00000,0x000000ed8db00000)]
  0x000002d8a0af6680 JavaThread "Unconstrained build operations Thread 7" [_thread_blocked, id=10876, stack(0x000000ed8db00000,0x000000ed8dc00000)]
  0x000002d8a0af1580 JavaThread "Unconstrained build operations Thread 8" [_thread_blocked, id=704, stack(0x000000ed8dc00000,0x000000ed8dd00000)]
  0x000002d8a0af29c0 JavaThread "Unconstrained build operations Thread 9" [_thread_blocked, id=9864, stack(0x000000ed8dd00000,0x000000ed8de00000)]
  0x000002d8a0af5240 JavaThread "Unconstrained build operations Thread 10" [_thread_blocked, id=22376, stack(0x000000ed8de00000,0x000000ed8df00000)]
  0x000002d8a0af5750 JavaThread "Unconstrained build operations Thread 11" [_thread_blocked, id=23564, stack(0x000000ed8df00000,0x000000ed8e000000)]
  0x000002d8a0af38f0 JavaThread "Unconstrained build operations Thread 12" [_thread_blocked, id=20052, stack(0x000000ed8e000000,0x000000ed8e100000)]
  0x000002d8a0af6b90 JavaThread "Unconstrained build operations Thread 13" [_thread_blocked, id=22836, stack(0x000000ed8e100000,0x000000ed8e200000)]
  0x000002d8a0af1fa0 JavaThread "Unconstrained build operations Thread 14" [_thread_blocked, id=20364, stack(0x000000ed8e200000,0x000000ed8e300000)]
  0x000002d8a0af2ed0 JavaThread "Unconstrained build operations Thread 15" [_thread_blocked, id=23052, stack(0x000000ed8e300000,0x000000ed8e400000)]
  0x000002d8a0af1a90 JavaThread "Unconstrained build operations Thread 16" [_thread_blocked, id=25548, stack(0x000000ed8e400000,0x000000ed8e500000)]
  0x000002d8a0af24b0 JavaThread "Unconstrained build operations Thread 17" [_thread_blocked, id=15904, stack(0x000000ed8e500000,0x000000ed8e600000)]
  0x000002d8a0af4310 JavaThread "Unconstrained build operations Thread 18" [_thread_blocked, id=1992, stack(0x000000ed8e600000,0x000000ed8e700000)]
  0x000002d8a0af70a0 JavaThread "build event listener" [_thread_blocked, id=11044, stack(0x000000ed8e700000,0x000000ed8e800000)]
  0x000002d8a0af75b0 JavaThread "ForkJoinPool.commonPool-worker-8" daemon [_thread_blocked, id=14764, stack(0x000000ed8e800000,0x000000ed8e900000)]
  0x000002d8a0af4820 JavaThread "ForkJoinPool.commonPool-worker-9" daemon [_thread_blocked, id=6536, stack(0x000000ed8e900000,0x000000ed8ea00000)]
  0x000002d8a0af4d30 JavaThread "included builds" [_thread_blocked, id=6136, stack(0x000000ed8d800000,0x000000ed8d900000)]
  0x000002d8a0af5c60 JavaThread "Execution worker" [_thread_blocked, id=4964, stack(0x000000ed8ea00000,0x000000ed8eb00000)]
  0x000002d8a0af6170 JavaThread "Execution worker Thread 2" [_thread_blocked, id=26252, stack(0x000000ed8eb00000,0x000000ed8ec00000)]
  0x000002d859791700 JavaThread "Execution worker Thread 3" [_thread_blocked, id=3644, stack(0x000000ed8ec00000,0x000000ed8ed00000)]
  0x000002d859792120 JavaThread "Execution worker Thread 4" [_thread_blocked, id=24452, stack(0x000000ed8ed00000,0x000000ed8ee00000)]
  0x000002d85978da40 JavaThread "Execution worker Thread 5" [_thread_blocked, id=20108, stack(0x000000ed8ee00000,0x000000ed8ef00000)]
  0x000002d85978b1c0 JavaThread "Execution worker Thread 6" [_thread_blocked, id=22832, stack(0x000000ed8ef00000,0x000000ed8f000000)]
  0x000002d85978e970 JavaThread "Execution worker Thread 7" [_thread_blocked, id=27736, stack(0x000000ed8f000000,0x000000ed8f100000)]
  0x000002d859792630 JavaThread "Cache worker for execution history cache (C:\zynnative\DocApp-CLI\node_modules\@react-native\gradle-plugin\.gradle\8.14.1\executionHistory)" [_thread_blocked, id=26392, stack(0x000000ed8f100000,0x000000ed8f200000)]
  0x000002d85978b6d0 JavaThread "Unconstrained build operations Thread 19" [_thread_blocked, id=26268, stack(0x000000ed8f400000,0x000000ed8f500000)]
  0x000002d85978fdb0 JavaThread "Unconstrained build operations Thread 20" [_thread_blocked, id=4704, stack(0x000000ed8f500000,0x000000ed8f600000)]
  0x000002d85978f390 JavaThread "Unconstrained build operations Thread 21" [_thread_blocked, id=27996, stack(0x000000ed8fc00000,0x000000ed8fd00000)]
  0x000002d85978c0f0 JavaThread "Unconstrained build operations Thread 22" [_thread_blocked, id=25196, stack(0x000000ed8fd00000,0x000000ed8fe00000)]
  0x000002d85978c600 JavaThread "Unconstrained build operations Thread 23" [_thread_blocked, id=23096, stack(0x000000ed8fe00000,0x000000ed8ff00000)]
  0x000002d85978d020 JavaThread "Unconstrained build operations Thread 24" [_thread_blocked, id=13748, stack(0x000000ed8ff00000,0x000000ed90000000)]
  0x000002d85978df50 JavaThread "Unconstrained build operations Thread 25" [_thread_blocked, id=27428, stack(0x000000ed90000000,0x000000ed90100000)]
  0x000002d85978d530 JavaThread "Unconstrained build operations Thread 26" [_thread_blocked, id=26184, stack(0x000000ed90100000,0x000000ed90200000)]
  0x000002d85978e460 JavaThread "Unconstrained build operations Thread 27" [_thread_blocked, id=3984, stack(0x000000ed90200000,0x000000ed90300000)]
  0x000002d8ae97e290 JavaThread "Unconstrained build operations Thread 28" [_thread_blocked, id=26296, stack(0x000000ed90300000,0x000000ed90400000)]
  0x000002d8ae97fbe0 JavaThread "Unconstrained build operations Thread 29" [_thread_blocked, id=14268, stack(0x000000ed90400000,0x000000ed90500000)]
  0x000002d8ae97ba10 JavaThread "Unconstrained build operations Thread 30" [_thread_blocked, id=10296, stack(0x000000ed90500000,0x000000ed90600000)]
  0x000002d8ae97c940 JavaThread "Unconstrained build operations Thread 31" [_thread_blocked, id=7568, stack(0x000000ed90600000,0x000000ed90700000)]
  0x000002d8ae97ce50 JavaThread "Unconstrained build operations Thread 32" [_thread_blocked, id=17964, stack(0x000000ed90700000,0x000000ed90800000)]
  0x000002d8ae97d360 JavaThread "Unconstrained build operations Thread 33" [_thread_blocked, id=13448, stack(0x000000ed90800000,0x000000ed90900000)]
  0x000002d8ae97e7a0 JavaThread "Unconstrained build operations Thread 34" [_thread_blocked, id=16444, stack(0x000000ed90900000,0x000000ed90a00000)]
  0x000002d8ae97d870 JavaThread "Unconstrained build operations Thread 35" [_thread_blocked, id=25500, stack(0x000000ed90a00000,0x000000ed90b00000)]
  0x000002d8ae97ecb0 JavaThread "Unconstrained build operations Thread 36" [_thread_blocked, id=20308, stack(0x000000ed90b00000,0x000000ed90c00000)]
  0x000002d8ae980600 JavaThread "Unconstrained build operations Thread 37" [_thread_blocked, id=6032, stack(0x000000ed90c00000,0x000000ed90d00000)]
  0x000002d8ae981020 JavaThread "Unconstrained build operations Thread 38" [_thread_blocked, id=27404, stack(0x000000ed90d00000,0x000000ed90e00000)]
  0x000002d8a0e35160 JavaThread "Unconstrained build operations Thread 39" [_thread_blocked, id=9836, stack(0x000000ed90e00000,0x000000ed90f00000)]
  0x000002d8a0e328e0 JavaThread "Unconstrained build operations Thread 40" [_thread_blocked, id=4456, stack(0x000000ed90f00000,0x000000ed91000000)]
  0x000002d8a0e314a0 JavaThread "Unconstrained build operations Thread 41" [_thread_blocked, id=16064, stack(0x000000ed91000000,0x000000ed91100000)]
  0x000002d8a0e34c50 JavaThread "Unconstrained build operations Thread 42" [_thread_blocked, id=27704, stack(0x000000ed91100000,0x000000ed91200000)]
  0x000002d8a0e319b0 JavaThread "Unconstrained build operations Thread 43" [_thread_blocked, id=22364, stack(0x000000ed91200000,0x000000ed91300000)]
  0x000002d8a0e35670 JavaThread "Unconstrained build operations Thread 44" [_thread_blocked, id=25188, stack(0x000000ed91300000,0x000000ed91400000)]
  0x000002d8a0e33810 JavaThread "Unconstrained build operations Thread 45" [_thread_blocked, id=24516, stack(0x000000ed91400000,0x000000ed91500000)]
  0x000002d8a0e31ec0 JavaThread "Unconstrained build operations Thread 46" [_thread_blocked, id=25728, stack(0x000000ed91500000,0x000000ed91600000)]
  0x000002d8a0e379e0 JavaThread "Unconstrained build operations Thread 47" [_thread_blocked, id=4580, stack(0x000000ed91600000,0x000000ed91700000)]
  0x000002d8a0e32df0 JavaThread "Unconstrained build operations Thread 48" [_thread_blocked, id=20764, stack(0x000000ed91700000,0x000000ed91800000)]
  0x000002d8a0e33300 JavaThread "Unconstrained build operations Thread 49" [_thread_blocked, id=21104, stack(0x000000ed91800000,0x000000ed91900000)]
  0x000002d8a0852e40 JavaThread "Unconstrained build operations Thread 50" [_thread_blocked, id=25732, stack(0x000000ed91900000,0x000000ed91a00000)]
  0x000002d8a0850fe0 JavaThread "Unconstrained build operations Thread 51" [_thread_blocked, id=20880, stack(0x000000ed91a00000,0x000000ed91b00000)]
  0x000002d8a08514f0 JavaThread "Unconstrained build operations Thread 52" [_thread_blocked, id=20860, stack(0x000000ed91b00000,0x000000ed91c00000)]
  0x000002d8a0851a00 JavaThread "Unconstrained build operations Thread 53" [_thread_blocked, id=22880, stack(0x000000ed91c00000,0x000000ed91d00000)]
  0x000002d8a0853350 JavaThread "Unconstrained build operations Thread 54" [_thread_blocked, id=3160, stack(0x000000ed91d00000,0x000000ed91e00000)]
  0x000002d8a08505c0 JavaThread "Unconstrained build operations Thread 55" [_thread_blocked, id=27672, stack(0x000000ed91e00000,0x000000ed91f00000)]
  0x000002d8a0853860 JavaThread "Unconstrained build operations Thread 56" [_thread_blocked, id=27028, stack(0x000000ed91f00000,0x000000ed92000000)]
  0x000002d8a2566e70 JavaThread "Unconstrained build operations Thread 57" [_thread_blocked, id=28068, stack(0x000000ed92000000,0x000000ed92100000)]
  0x000002d8a256cea0 JavaThread "Unconstrained build operations Thread 58" [_thread_blocked, id=4280, stack(0x000000ed92100000,0x000000ed92200000)]
  0x000002d8a2567380 JavaThread "Unconstrained build operations Thread 59" [_thread_blocked, id=4724, stack(0x000000ed92200000,0x000000ed92300000)]
  0x000002d8a256ba60 JavaThread "Unconstrained build operations Thread 60" [_thread_blocked, id=25024, stack(0x000000ed92300000,0x000000ed92400000)]
  0x000002d8a2692f20 JavaThread "Unconstrained build operations Thread 61" [_thread_blocked, id=24792, stack(0x000000ed92400000,0x000000ed92500000)]
  0x000002d8a2694870 JavaThread "Unconstrained build operations Thread 62" [_thread_blocked, id=18332, stack(0x000000ed92500000,0x000000ed92600000)]
  0x000002d8a2694360 JavaThread "Unconstrained build operations Thread 63" [_thread_blocked, id=6712, stack(0x000000ed92600000,0x000000ed92700000)]
  0x000002d8a2693940 JavaThread "Unconstrained build operations Thread 64" [_thread_blocked, id=19344, stack(0x000000ed92700000,0x000000ed92800000)]
  0x000002d8a2693430 JavaThread "Unconstrained build operations Thread 65" [_thread_blocked, id=25996, stack(0x000000ed92800000,0x000000ed92900000)]
  0x000002d8a2694d80 JavaThread "Unconstrained build operations Thread 66" [_thread_blocked, id=26540, stack(0x000000ed92900000,0x000000ed92a00000)]
  0x000002d8a2692500 JavaThread "Unconstrained build operations Thread 67" [_thread_blocked, id=9208, stack(0x000000ed92a00000,0x000000ed92b00000)]
  0x000002d8a2695290 JavaThread "Unconstrained build operations Thread 68" [_thread_blocked, id=23916, stack(0x000000ed92b00000,0x000000ed92c00000)]
  0x000002d8a26957a0 JavaThread "build event listener" [_thread_blocked, id=26924, stack(0x000000ed92c00000,0x000000ed92d00000)]
  0x000002d8a2691ff0 JavaThread "Problems report writer" [_thread_blocked, id=24752, stack(0x000000ed92d00000,0x000000ed92e00000)]
=>0x000002d8a325a5a0 JavaThread "C2 CompilerThread1" daemon [_thread_in_native, id=24308, stack(0x000000ed8f200000,0x000000ed8f300000)]
  0x000002d8ae9ad520 JavaThread "C2 CompilerThread2" daemon [_thread_in_native, id=16332, stack(0x000000ed92e00000,0x000000ed92f00000)]
  0x000002d8a2693e50 JavaThread "Unconstrained build operations Thread 69" [_thread_blocked, id=26292, stack(0x000000ed92f00000,0x000000ed93000000)]
  0x000002d8a2692a10 JavaThread "Unconstrained build operations Thread 70" [_thread_blocked, id=22356, stack(0x000000ed93000000,0x000000ed93100000)]
  0x000002d8a1079c80 JavaThread "Unconstrained build operations Thread 71" [_thread_blocked, id=25820, stack(0x000000ed93100000,0x000000ed93200000)]
  0x000002d8a107a190 JavaThread "Unconstrained build operations Thread 72" [_thread_blocked, id=24728, stack(0x000000ed93200000,0x000000ed93300000)]
  0x000002d8a107b5d0 JavaThread "Unconstrained build operations Thread 73" [_thread_blocked, id=10568, stack(0x000000ed93300000,0x000000ed93400000)]
  0x000002d8a107a6a0 JavaThread "Unconstrained build operations Thread 74" [_thread_blocked, id=6792, stack(0x000000ed93400000,0x000000ed93500000)]
  0x000002d8a107abb0 JavaThread "Unconstrained build operations Thread 75" [_thread_blocked, id=2784, stack(0x000000ed93500000,0x000000ed93600000)]
  0x000002d8a107b0c0 JavaThread "Unconstrained build operations Thread 76" [_thread_blocked, id=21008, stack(0x000000ed93600000,0x000000ed93700000)]
  0x000002d8a107bae0 JavaThread "Unconstrained build operations Thread 77" [_thread_blocked, id=26484, stack(0x000000ed93700000,0x000000ed93800000)]
  0x000002d8a107cf20 JavaThread "Unconstrained build operations Thread 78" [_thread_blocked, id=13640, stack(0x000000ed93800000,0x000000ed93900000)]
  0x000002d8a107d430 JavaThread "Unconstrained build operations Thread 79" [_thread_blocked, id=4208, stack(0x000000ed93b00000,0x000000ed93c00000)]
  0x000002d8a107bff0 JavaThread "Unconstrained build operations Thread 80" [_thread_blocked, id=25708, stack(0x000000ed93c00000,0x000000ed93d00000)]
  0x000002d8ae903510 JavaThread "Exec process Thread 4" [_thread_in_Java, id=11744, stack(0x000000ed93d00000,0x000000ed93e00000)]

Other Threads:
  0x000002d85928c960 VMThread "VM Thread" [stack: 0x000000ed8aa00000,0x000000ed8ab00000] [id=27144]
  0x000002d83653a5e0 WatcherThread [stack: 0x000000ed8b600000,0x000000ed8b700000] [id=23672]
  0x000002d83651fce0 GCTaskThread "GC Thread#0" [stack: 0x000000ed8a500000,0x000000ed8a600000] [id=22196]
  0x000002d85967af00 GCTaskThread "GC Thread#1" [stack: 0x000000ed8b800000,0x000000ed8b900000] [id=23556]
  0x000002d859813720 GCTaskThread "GC Thread#2" [stack: 0x000000ed8b900000,0x000000ed8ba00000] [id=2816]
  0x000002d89f83e230 GCTaskThread "GC Thread#3" [stack: 0x000000ed8ba00000,0x000000ed8bb00000] [id=18072]
  0x000002d89f763780 GCTaskThread "GC Thread#4" [stack: 0x000000ed8bb00000,0x000000ed8bc00000] [id=6272]
  0x000002d89fcaac50 GCTaskThread "GC Thread#5" [stack: 0x000000ed8b700000,0x000000ed8b800000] [id=7784]
  0x000002d8a0d9d030 GCTaskThread "GC Thread#6" [stack: 0x000000ed8c900000,0x000000ed8ca00000] [id=26424]
  0x000002d8a0d9d870 GCTaskThread "GC Thread#7" [stack: 0x000000ed8ca00000,0x000000ed8cb00000] [id=18692]
  0x000002d836531350 ConcurrentGCThread "G1 Main Marker" [stack: 0x000000ed8a600000,0x000000ed8a700000] [id=22092]
  0x000002d836533420 ConcurrentGCThread "G1 Conc#0" [stack: 0x000000ed8a700000,0x000000ed8a800000] [id=14544]
  0x000002d8a0d9cd70 ConcurrentGCThread "G1 Conc#1" [stack: 0x000000ed8ce00000,0x000000ed8cf00000] [id=14012]
  0x000002d83656e2e0 ConcurrentGCThread "G1 Refine#0" [stack: 0x000000ed8a800000,0x000000ed8a900000] [id=20228]
  0x000002d8a0eb05e0 ConcurrentGCThread "G1 Refine#1" [stack: 0x000000ed94b00000,0x000000ed94c00000] [id=8300]
  0x000002d8a1209140 ConcurrentGCThread "G1 Refine#2" [stack: 0x000000ed94f00000,0x000000ed95000000] [id=16860]
  0x000002d8a1564090 ConcurrentGCThread "G1 Refine#3" [stack: 0x000000ed8fa00000,0x000000ed8fb00000] [id=24748]
  0x000002d8a314f340 ConcurrentGCThread "G1 Refine#4" [stack: 0x000000ed8fb00000,0x000000ed8fc00000] [id=12408]
  0x000002d83656ec20 ConcurrentGCThread "G1 Service" [stack: 0x000000ed8a900000,0x000000ed8aa00000] [id=3196]

Threads with active compile tasks:
C2 CompilerThread0   265669 28867       4       org.gradle.api.internal.DefaultDomainObjectCollection::configureEach (127 bytes)
C2 CompilerThread1   265669 28856   !   4       org.gradle.internal.event.DefaultListenerManager::getBroadcasterInternal (177 bytes)
C2 CompilerThread2   265669 28854       4       org.gradle.api.internal.plugins.DefaultArtifactPublicationSet$DefaultArtifactProvider$$Lambda$1245/0x000002d85b88b128::execute (16 bytes)

VM state: not at safepoint (normal execution)

VM Mutex/Monitor currently owned by a thread: None

Heap address: 0x0000000700000000, size: 4096 MB, Compressed Oops mode: Zero based, Oop shift amount: 3

CDS archive(s) mapped at: [0x000002d85a000000-0x000002d85abd0000-0x000002d85abd0000), size 12386304, SharedBaseAddress: 0x000002d85a000000, ArchiveRelocationMode: 1.
Compressed class space mapped at: 0x000002d85b000000-0x000002d89b000000, reserved size: 1073741824
Narrow klass base: 0x000002d85a000000, Narrow klass shift: 0, Narrow klass range: 0x100000000

GC Precious Log:
 CPUs: 8 total, 8 available
 Memory: 7502M
 Large Page Support: Disabled
 NUMA Support: Disabled
 Compressed Oops: Enabled (Zero based)
 Heap Region Size: 2M
 Heap Min Capacity: 8M
 Heap Initial Capacity: 118M
 Heap Max Capacity: 4G
 Pre-touch: Disabled
 Parallel Workers: 8
 Concurrent Workers: 2
 Concurrent Refinement Workers: 8
 Periodic GC: Disabled

Heap:
 garbage-first heap   total 1568768K, used 440149K [0x0000000700000000, 0x0000000800000000)
  region size 2048K, 30 young (61440K), 24 survivors (49152K)
 Metaspace       used 144266K, committed 146688K, reserved 1179648K
  class space    used 19052K, committed 20160K, reserved 1048576K

Heap Regions: E=young(eden), S=young(survivor), O=old, HS=humongous(starts), HC=humongous(continues), CS=collection set, F=free, OA=open archive, CA=closed archive, TAMS=top-at-mark-start (previous, next)
|   0|0x0000000700000000, 0x0000000700200000, 0x0000000700200000|100%|HS|  |TAMS 0x0000000700200000, 0x0000000700200000| Complete 
|   1|0x0000000700200000, 0x0000000700400000, 0x0000000700400000|100%|HC|  |TAMS 0x0000000700400000, 0x0000000700400000| Complete 
|   2|0x0000000700400000, 0x0000000700600000, 0x0000000700600000|100%| O|  |TAMS 0x0000000700600000, 0x0000000700600000| Untracked 
|   3|0x0000000700600000, 0x0000000700800000, 0x0000000700800000|100%| O|  |TAMS 0x0000000700800000, 0x0000000700800000| Untracked 
|   4|0x0000000700800000, 0x0000000700a00000, 0x0000000700a00000|100%| O|  |TAMS 0x0000000700a00000, 0x0000000700a00000| Untracked 
|   5|0x0000000700a00000, 0x0000000700c00000, 0x0000000700c00000|100%| O|  |TAMS 0x0000000700c00000, 0x0000000700c00000| Untracked 
|   6|0x0000000700c00000, 0x0000000700e00000, 0x0000000700e00000|100%| O|  |TAMS 0x0000000700e00000, 0x0000000700e00000| Untracked 
|   7|0x0000000700e00000, 0x0000000701000000, 0x0000000701000000|100%| O|  |TAMS 0x0000000701000000, 0x0000000701000000| Untracked 
|   8|0x0000000701000000, 0x0000000701200000, 0x0000000701200000|100%| O|  |TAMS 0x0000000701200000, 0x0000000701200000| Untracked 
|   9|0x0000000701200000, 0x0000000701400000, 0x0000000701400000|100%| O|  |TAMS 0x0000000701400000, 0x0000000701400000| Untracked 
|  10|0x0000000701400000, 0x0000000701600000, 0x0000000701600000|100%| O|  |TAMS 0x0000000701600000, 0x0000000701600000| Untracked 
|  11|0x0000000701600000, 0x0000000701800000, 0x0000000701800000|100%| O|  |TAMS 0x0000000701800000, 0x0000000701800000| Untracked 
|  12|0x0000000701800000, 0x0000000701a00000, 0x0000000701a00000|100%| O|  |TAMS 0x0000000701a00000, 0x0000000701a00000| Untracked 
|  13|0x0000000701a00000, 0x0000000701c00000, 0x0000000701c00000|100%| O|  |TAMS 0x0000000701c00000, 0x0000000701c00000| Untracked 
|  14|0x0000000701c00000, 0x0000000701e00000, 0x0000000701e00000|100%| O|  |TAMS 0x0000000701e00000, 0x0000000701e00000| Untracked 
|  15|0x0000000701e00000, 0x0000000702000000, 0x0000000702000000|100%| O|  |TAMS 0x0000000702000000, 0x0000000702000000| Untracked 
|  16|0x0000000702000000, 0x0000000702200000, 0x0000000702200000|100%| O|  |TAMS 0x0000000702200000, 0x0000000702200000| Untracked 
|  17|0x0000000702200000, 0x0000000702400000, 0x0000000702400000|100%| O|  |TAMS 0x0000000702400000, 0x0000000702400000| Untracked 
|  18|0x0000000702400000, 0x0000000702600000, 0x0000000702600000|100%| O|  |TAMS 0x0000000702600000, 0x0000000702600000| Untracked 
|  19|0x0000000702600000, 0x0000000702800000, 0x0000000702800000|100%| O|  |TAMS 0x0000000702800000, 0x0000000702800000| Untracked 
|  20|0x0000000702800000, 0x0000000702a00000, 0x0000000702a00000|100%|HS|  |TAMS 0x0000000702a00000, 0x0000000702a00000| Complete 
|  21|0x0000000702a00000, 0x0000000702c00000, 0x0000000702c00000|100%|HC|  |TAMS 0x0000000702c00000, 0x0000000702c00000| Complete 
|  22|0x0000000702c00000, 0x0000000702e00000, 0x0000000702e00000|100%| O|  |TAMS 0x0000000702e00000, 0x0000000702e00000| Untracked 
|  23|0x0000000702e00000, 0x0000000703000000, 0x0000000703000000|100%| O|  |TAMS 0x0000000703000000, 0x0000000703000000| Untracked 
|  24|0x0000000703000000, 0x0000000703200000, 0x0000000703200000|100%|HS|  |TAMS 0x0000000703200000, 0x0000000703200000| Complete 
|  25|0x0000000703200000, 0x0000000703400000, 0x0000000703400000|100%|HC|  |TAMS 0x0000000703400000, 0x0000000703400000| Complete 
|  26|0x0000000703400000, 0x0000000703600000, 0x0000000703600000|100%| O|  |TAMS 0x0000000703600000, 0x0000000703600000| Untracked 
|  27|0x0000000703600000, 0x0000000703800000, 0x0000000703800000|100%| O|  |TAMS 0x0000000703800000, 0x0000000703800000| Untracked 
|  28|0x0000000703800000, 0x0000000703a00000, 0x0000000703a00000|100%| O|  |TAMS 0x0000000703a00000, 0x0000000703a00000| Untracked 
|  29|0x0000000703a00000, 0x0000000703c00000, 0x0000000703c00000|100%| O|  |TAMS 0x0000000703c00000, 0x0000000703c00000| Untracked 
|  30|0x0000000703c00000, 0x0000000703e00000, 0x0000000703e00000|100%| O|  |TAMS 0x0000000703e00000, 0x0000000703e00000| Untracked 
|  31|0x0000000703e00000, 0x0000000704000000, 0x0000000704000000|100%| O|  |TAMS 0x0000000704000000, 0x0000000704000000| Untracked 
|  32|0x0000000704000000, 0x0000000704200000, 0x0000000704200000|100%| O|  |TAMS 0x0000000704200000, 0x0000000704200000| Untracked 
|  33|0x0000000704200000, 0x0000000704400000, 0x0000000704400000|100%| O|  |TAMS 0x0000000704400000, 0x0000000704400000| Untracked 
|  34|0x0000000704400000, 0x0000000704600000, 0x0000000704600000|100%| O|  |TAMS 0x0000000704600000, 0x0000000704600000| Untracked 
|  35|0x0000000704600000, 0x0000000704800000, 0x0000000704800000|100%| O|  |TAMS 0x0000000704800000, 0x0000000704800000| Untracked 
|  36|0x0000000704800000, 0x0000000704a00000, 0x0000000704a00000|100%| O|  |TAMS 0x0000000704a00000, 0x0000000704a00000| Untracked 
|  37|0x0000000704a00000, 0x0000000704c00000, 0x0000000704c00000|100%| O|  |TAMS 0x0000000704c00000, 0x0000000704c00000| Untracked 
|  38|0x0000000704c00000, 0x0000000704e00000, 0x0000000704e00000|100%| O|  |TAMS 0x0000000704e00000, 0x0000000704e00000| Untracked 
|  39|0x0000000704e00000, 0x0000000705000000, 0x0000000705000000|100%| O|  |TAMS 0x0000000705000000, 0x0000000705000000| Untracked 
|  40|0x0000000705000000, 0x0000000705200000, 0x0000000705200000|100%| O|  |TAMS 0x0000000705200000, 0x0000000705200000| Untracked 
|  41|0x0000000705200000, 0x0000000705400000, 0x0000000705400000|100%| O|  |TAMS 0x0000000705400000, 0x0000000705400000| Untracked 
|  42|0x0000000705400000, 0x0000000705600000, 0x0000000705600000|100%| O|  |TAMS 0x0000000705600000, 0x0000000705600000| Untracked 
|  43|0x0000000705600000, 0x0000000705800000, 0x0000000705800000|100%|HS|  |TAMS 0x0000000705800000, 0x0000000705800000| Complete 
|  44|0x0000000705800000, 0x0000000705a00000, 0x0000000705a00000|100%|HC|  |TAMS 0x0000000705a00000, 0x0000000705a00000| Complete 
|  45|0x0000000705a00000, 0x0000000705c00000, 0x0000000705c00000|100%| O|  |TAMS 0x0000000705c00000, 0x0000000705c00000| Untracked 
|  46|0x0000000705c00000, 0x0000000705e00000, 0x0000000705e00000|100%| O|  |TAMS 0x0000000705e00000, 0x0000000705e00000| Untracked 
|  47|0x0000000705e00000, 0x0000000706000000, 0x0000000706000000|100%| O|  |TAMS 0x0000000706000000, 0x0000000706000000| Untracked 
|  48|0x0000000706000000, 0x0000000706200000, 0x0000000706200000|100%| O|  |TAMS 0x0000000706200000, 0x0000000706200000| Untracked 
|  49|0x0000000706200000, 0x0000000706400000, 0x0000000706400000|100%| O|  |TAMS 0x0000000706400000, 0x0000000706400000| Untracked 
|  50|0x0000000706400000, 0x0000000706600000, 0x0000000706600000|100%| O|  |TAMS 0x0000000706600000, 0x0000000706600000| Untracked 
|  51|0x0000000706600000, 0x0000000706800000, 0x0000000706800000|100%| O|  |TAMS 0x0000000706600000, 0x0000000706800000| Untracked 
|  52|0x0000000706800000, 0x0000000706a00000, 0x0000000706a00000|100%| O|  |TAMS 0x0000000706a00000, 0x0000000706a00000| Untracked 
|  53|0x0000000706a00000, 0x0000000706c00000, 0x0000000706c00000|100%| O|  |TAMS 0x0000000706c00000, 0x0000000706c00000| Untracked 
|  54|0x0000000706c00000, 0x0000000706e00000, 0x0000000706e00000|100%|HS|  |TAMS 0x0000000706e00000, 0x0000000706e00000| Complete 
|  55|0x0000000706e00000, 0x0000000707000000, 0x0000000707000000|100%|HS|  |TAMS 0x0000000707000000, 0x0000000707000000| Complete 
|  56|0x0000000707000000, 0x0000000707200000, 0x0000000707200000|100%|HC|  |TAMS 0x0000000707200000, 0x0000000707200000| Complete 
|  57|0x0000000707200000, 0x0000000707400000, 0x0000000707400000|100%| O|  |TAMS 0x0000000707400000, 0x0000000707400000| Untracked 
|  58|0x0000000707400000, 0x0000000707600000, 0x0000000707600000|100%| O|  |TAMS 0x0000000707600000, 0x0000000707600000| Untracked 
|  59|0x0000000707600000, 0x0000000707800000, 0x0000000707800000|100%| O|  |TAMS 0x0000000707800000, 0x0000000707800000| Untracked 
|  60|0x0000000707800000, 0x0000000707a00000, 0x0000000707a00000|100%| O|  |TAMS 0x0000000707a00000, 0x0000000707a00000| Untracked 
|  61|0x0000000707a00000, 0x0000000707c00000, 0x0000000707c00000|100%| O|  |TAMS 0x0000000707c00000, 0x0000000707c00000| Untracked 
|  62|0x0000000707c00000, 0x0000000707e00000, 0x0000000707e00000|100%| O|  |TAMS 0x0000000707e00000, 0x0000000707e00000| Untracked 
|  63|0x0000000707e00000, 0x0000000708000000, 0x0000000708000000|100%| O|  |TAMS 0x0000000708000000, 0x0000000708000000| Untracked 
|  64|0x0000000708000000, 0x0000000708200000, 0x0000000708200000|100%| O|  |TAMS 0x0000000708200000, 0x0000000708200000| Untracked 
|  65|0x0000000708200000, 0x0000000708400000, 0x0000000708400000|100%| O|  |TAMS 0x0000000708400000, 0x0000000708400000| Untracked 
|  66|0x0000000708400000, 0x0000000708600000, 0x0000000708600000|100%| O|  |TAMS 0x0000000708600000, 0x0000000708600000| Untracked 
|  67|0x0000000708600000, 0x0000000708800000, 0x0000000708800000|100%| O|  |TAMS 0x0000000708800000, 0x0000000708800000| Untracked 
|  68|0x0000000708800000, 0x0000000708a00000, 0x0000000708a00000|100%| O|  |TAMS 0x0000000708a00000, 0x0000000708a00000| Untracked 
|  69|0x0000000708a00000, 0x0000000708c00000, 0x0000000708c00000|100%| O|  |TAMS 0x0000000708c00000, 0x0000000708c00000| Untracked 
|  70|0x0000000708c00000, 0x0000000708e00000, 0x0000000708e00000|100%| O|  |TAMS 0x0000000708e00000, 0x0000000708e00000| Untracked 
|  71|0x0000000708e00000, 0x0000000709000000, 0x0000000709000000|100%|HS|  |TAMS 0x0000000709000000, 0x0000000709000000| Complete 
|  72|0x0000000709000000, 0x0000000709200000, 0x0000000709200000|100%| O|  |TAMS 0x0000000709200000, 0x0000000709200000| Untracked 
|  73|0x0000000709200000, 0x0000000709400000, 0x0000000709400000|100%| O|  |TAMS 0x0000000709400000, 0x0000000709400000| Untracked 
|  74|0x0000000709400000, 0x0000000709600000, 0x0000000709600000|100%| O|  |TAMS 0x0000000709600000, 0x0000000709600000| Untracked 
|  75|0x0000000709600000, 0x0000000709800000, 0x0000000709800000|100%| O|  |TAMS 0x0000000709600000, 0x0000000709800000| Untracked 
|  76|0x0000000709800000, 0x0000000709a00000, 0x0000000709a00000|100%| O|  |TAMS 0x0000000709a00000, 0x0000000709a00000| Untracked 
|  77|0x0000000709a00000, 0x0000000709c00000, 0x0000000709c00000|100%| O|  |TAMS 0x0000000709c00000, 0x0000000709c00000| Untracked 
|  78|0x0000000709c00000, 0x0000000709e00000, 0x0000000709e00000|100%| O|  |TAMS 0x0000000709e00000, 0x0000000709e00000| Untracked 
|  79|0x0000000709e00000, 0x000000070a000000, 0x000000070a000000|100%| O|  |TAMS 0x000000070a000000, 0x000000070a000000| Untracked 
|  80|0x000000070a000000, 0x000000070a200000, 0x000000070a200000|100%| O|  |TAMS 0x000000070a200000, 0x000000070a200000| Untracked 
|  81|0x000000070a200000, 0x000000070a400000, 0x000000070a400000|100%| O|  |TAMS 0x000000070a400000, 0x000000070a400000| Untracked 
|  82|0x000000070a400000, 0x000000070a600000, 0x000000070a600000|100%| O|  |TAMS 0x000000070a600000, 0x000000070a600000| Untracked 
|  83|0x000000070a600000, 0x000000070a800000, 0x000000070a800000|100%| O|  |TAMS 0x000000070a800000, 0x000000070a800000| Untracked 
|  84|0x000000070a800000, 0x000000070aa00000, 0x000000070aa00000|100%| O|  |TAMS 0x000000070aa00000, 0x000000070aa00000| Untracked 
|  85|0x000000070aa00000, 0x000000070ac00000, 0x000000070ac00000|100%| O|  |TAMS 0x000000070ac00000, 0x000000070ac00000| Untracked 
|  86|0x000000070ac00000, 0x000000070ae00000, 0x000000070ae00000|100%| O|  |TAMS 0x000000070ae00000, 0x000000070ae00000| Untracked 
|  87|0x000000070ae00000, 0x000000070b000000, 0x000000070b000000|100%| O|  |TAMS 0x000000070b000000, 0x000000070b000000| Untracked 
|  88|0x000000070b000000, 0x000000070b200000, 0x000000070b200000|100%| O|  |TAMS 0x000000070b200000, 0x000000070b200000| Untracked 
|  89|0x000000070b200000, 0x000000070b400000, 0x000000070b400000|100%| O|  |TAMS 0x000000070b400000, 0x000000070b400000| Untracked 
|  90|0x000000070b400000, 0x000000070b600000, 0x000000070b600000|100%| O|  |TAMS 0x000000070b400000, 0x000000070b600000| Untracked 
|  91|0x000000070b600000, 0x000000070b800000, 0x000000070b800000|100%| O|  |TAMS 0x000000070b800000, 0x000000070b800000| Untracked 
|  92|0x000000070b800000, 0x000000070ba00000, 0x000000070ba00000|100%| O|  |TAMS 0x000000070ba00000, 0x000000070ba00000| Untracked 
|  93|0x000000070ba00000, 0x000000070bc00000, 0x000000070bc00000|100%| O|  |TAMS 0x000000070bc00000, 0x000000070bc00000| Untracked 
|  94|0x000000070bc00000, 0x000000070be00000, 0x000000070be00000|100%| O|  |TAMS 0x000000070bc00000, 0x000000070be00000| Untracked 
|  95|0x000000070be00000, 0x000000070c000000, 0x000000070c000000|100%| O|  |TAMS 0x000000070c000000, 0x000000070c000000| Untracked 
|  96|0x000000070c000000, 0x000000070c200000, 0x000000070c200000|100%| O|  |TAMS 0x000000070c200000, 0x000000070c200000| Untracked 
|  97|0x000000070c200000, 0x000000070c400000, 0x000000070c400000|100%| O|  |TAMS 0x000000070c400000, 0x000000070c400000| Untracked 
|  98|0x000000070c400000, 0x000000070c600000, 0x000000070c600000|100%| O|  |TAMS 0x000000070c400000, 0x000000070c600000| Untracked 
|  99|0x000000070c600000, 0x000000070c800000, 0x000000070c800000|100%| O|  |TAMS 0x000000070c800000, 0x000000070c800000| Untracked 
| 100|0x000000070c800000, 0x000000070ca00000, 0x000000070ca00000|100%| O|  |TAMS 0x000000070ca00000, 0x000000070ca00000| Untracked 
| 101|0x000000070ca00000, 0x000000070cc00000, 0x000000070cc00000|100%| O|  |TAMS 0x000000070cc00000, 0x000000070cc00000| Untracked 
| 102|0x000000070cc00000, 0x000000070ce00000, 0x000000070ce00000|100%| O|  |TAMS 0x000000070ce00000, 0x000000070ce00000| Untracked 
| 103|0x000000070ce00000, 0x000000070d000000, 0x000000070d000000|100%| O|  |TAMS 0x000000070d000000, 0x000000070d000000| Untracked 
| 104|0x000000070d000000, 0x000000070d200000, 0x000000070d200000|100%| O|  |TAMS 0x000000070d200000, 0x000000070d200000| Untracked 
| 105|0x000000070d200000, 0x000000070d400000, 0x000000070d400000|100%| O|  |TAMS 0x000000070d200000, 0x000000070d400000| Untracked 
| 106|0x000000070d400000, 0x000000070d600000, 0x000000070d600000|100%| O|  |TAMS 0x000000070d600000, 0x000000070d600000| Untracked 
| 107|0x000000070d600000, 0x000000070d800000, 0x000000070d800000|100%| O|  |TAMS 0x000000070d800000, 0x000000070d800000| Untracked 
| 108|0x000000070d800000, 0x000000070da00000, 0x000000070da00000|100%| O|  |TAMS 0x000000070da00000, 0x000000070da00000| Untracked 
| 109|0x000000070da00000, 0x000000070dc00000, 0x000000070dc00000|100%| O|  |TAMS 0x000000070dc00000, 0x000000070dc00000| Untracked 
| 110|0x000000070dc00000, 0x000000070de00000, 0x000000070de00000|100%| O|  |TAMS 0x000000070de00000, 0x000000070de00000| Untracked 
| 111|0x000000070de00000, 0x000000070e000000, 0x000000070e000000|100%| O|  |TAMS 0x000000070e000000, 0x000000070e000000| Untracked 
| 112|0x000000070e000000, 0x000000070e200000, 0x000000070e200000|100%| O|  |TAMS 0x000000070e200000, 0x000000070e200000| Untracked 
| 113|0x000000070e200000, 0x000000070e400000, 0x000000070e400000|100%| O|  |TAMS 0x000000070e400000, 0x000000070e400000| Untracked 
| 114|0x000000070e400000, 0x000000070e600000, 0x000000070e600000|100%| O|  |TAMS 0x000000070e600000, 0x000000070e600000| Untracked 
| 115|0x000000070e600000, 0x000000070e800000, 0x000000070e800000|100%|HS|  |TAMS 0x000000070e600000, 0x000000070e800000| Complete 
| 116|0x000000070e800000, 0x000000070ea00000, 0x000000070ea00000|100%| O|  |TAMS 0x000000070ea00000, 0x000000070ea00000| Untracked 
| 117|0x000000070ea00000, 0x000000070ec00000, 0x000000070ec00000|100%| O|  |TAMS 0x000000070ec00000, 0x000000070ec00000| Untracked 
| 118|0x000000070ec00000, 0x000000070ee00000, 0x000000070ee00000|100%| O|  |TAMS 0x000000070ee00000, 0x000000070ee00000| Untracked 
| 119|0x000000070ee00000, 0x000000070f000000, 0x000000070f000000|100%| O|  |TAMS 0x000000070f000000, 0x000000070f000000| Untracked 
| 120|0x000000070f000000, 0x000000070f200000, 0x000000070f200000|100%| O|  |TAMS 0x000000070f200000, 0x000000070f200000| Untracked 
| 121|0x000000070f200000, 0x000000070f400000, 0x000000070f400000|100%| O|  |TAMS 0x000000070f400000, 0x000000070f400000| Untracked 
| 122|0x000000070f400000, 0x000000070f600000, 0x000000070f600000|100%| O|  |TAMS 0x000000070f600000, 0x000000070f600000| Untracked 
| 123|0x000000070f600000, 0x000000070f800000, 0x000000070f800000|100%| O|  |TAMS 0x000000070f800000, 0x000000070f800000| Untracked 
| 124|0x000000070f800000, 0x000000070fa00000, 0x000000070fa00000|100%| O|  |TAMS 0x000000070fa00000, 0x000000070fa00000| Untracked 
| 125|0x000000070fa00000, 0x000000070fc00000, 0x000000070fc00000|100%| O|  |TAMS 0x000000070fc00000, 0x000000070fc00000| Untracked 
| 126|0x000000070fc00000, 0x000000070fe00000, 0x000000070fe00000|100%| O|  |TAMS 0x000000070fe00000, 0x000000070fe00000| Untracked 
| 127|0x000000070fe00000, 0x0000000710000000, 0x0000000710000000|100%| O|  |TAMS 0x0000000710000000, 0x0000000710000000| Untracked 
| 128|0x0000000710000000, 0x0000000710200000, 0x0000000710200000|100%| O|  |TAMS 0x0000000710200000, 0x0000000710200000| Untracked 
| 129|0x0000000710200000, 0x0000000710400000, 0x0000000710400000|100%| O|  |TAMS 0x0000000710200000, 0x0000000710400000| Untracked 
| 130|0x0000000710400000, 0x0000000710600000, 0x0000000710600000|100%| O|  |TAMS 0x0000000710600000, 0x0000000710600000| Untracked 
| 131|0x0000000710600000, 0x0000000710800000, 0x0000000710800000|100%| O|  |TAMS 0x0000000710800000, 0x0000000710800000| Untracked 
| 132|0x0000000710800000, 0x0000000710a00000, 0x0000000710a00000|100%| O|  |TAMS 0x0000000710a00000, 0x0000000710a00000| Untracked 
| 133|0x0000000710a00000, 0x0000000710c00000, 0x0000000710c00000|100%| O|  |TAMS 0x0000000710c00000, 0x0000000710c00000| Untracked 
| 134|0x0000000710c00000, 0x0000000710e00000, 0x0000000710e00000|100%| O|  |TAMS 0x0000000710e00000, 0x0000000710e00000| Untracked 
| 135|0x0000000710e00000, 0x0000000711000000, 0x0000000711000000|100%| O|  |TAMS 0x0000000711000000, 0x0000000711000000| Untracked 
| 136|0x0000000711000000, 0x0000000711200000, 0x0000000711200000|100%| O|  |TAMS 0x0000000711200000, 0x0000000711200000| Untracked 
| 137|0x0000000711200000, 0x0000000711400000, 0x0000000711400000|100%| O|  |TAMS 0x0000000711400000, 0x0000000711400000| Untracked 
| 138|0x0000000711400000, 0x0000000711600000, 0x0000000711600000|100%| O|  |TAMS 0x0000000711600000, 0x0000000711600000| Untracked 
| 139|0x0000000711600000, 0x0000000711800000, 0x0000000711800000|100%| O|  |TAMS 0x0000000711800000, 0x0000000711800000| Untracked 
| 140|0x0000000711800000, 0x0000000711a00000, 0x0000000711a00000|100%| O|  |TAMS 0x0000000711a00000, 0x0000000711a00000| Untracked 
| 141|0x0000000711a00000, 0x0000000711c00000, 0x0000000711c00000|100%| O|  |TAMS 0x0000000711a00000, 0x0000000711c00000| Untracked 
| 142|0x0000000711c00000, 0x0000000711e00000, 0x0000000711e00000|100%| O|  |TAMS 0x0000000711e00000, 0x0000000711e00000| Untracked 
| 143|0x0000000711e00000, 0x0000000712000000, 0x0000000712000000|100%| O|  |TAMS 0x0000000712000000, 0x0000000712000000| Untracked 
| 144|0x0000000712000000, 0x0000000712200000, 0x0000000712200000|100%| O|  |TAMS 0x0000000712200000, 0x0000000712200000| Untracked 
| 145|0x0000000712200000, 0x0000000712400000, 0x0000000712400000|100%| O|  |TAMS 0x0000000712400000, 0x0000000712400000| Untracked 
| 146|0x0000000712400000, 0x0000000712600000, 0x0000000712600000|100%| O|  |TAMS 0x0000000712600000, 0x0000000712600000| Untracked 
| 147|0x0000000712600000, 0x0000000712800000, 0x0000000712800000|100%| O|  |TAMS 0x0000000712800000, 0x0000000712800000| Untracked 
| 148|0x0000000712800000, 0x0000000712a00000, 0x0000000712a00000|100%| O|  |TAMS 0x0000000712a00000, 0x0000000712a00000| Untracked 
| 149|0x0000000712a00000, 0x0000000712c00000, 0x0000000712c00000|100%| O|  |TAMS 0x0000000712c00000, 0x0000000712c00000| Untracked 
| 150|0x0000000712c00000, 0x0000000712e00000, 0x0000000712e00000|100%| O|  |TAMS 0x0000000712e00000, 0x0000000712e00000| Untracked 
| 151|0x0000000712e00000, 0x0000000713000000, 0x0000000713000000|100%| O|  |TAMS 0x0000000713000000, 0x0000000713000000| Untracked 
| 152|0x0000000713000000, 0x0000000713200000, 0x0000000713200000|100%| O|  |TAMS 0x0000000713200000, 0x0000000713200000| Untracked 
| 153|0x0000000713200000, 0x0000000713400000, 0x0000000713400000|100%| O|  |TAMS 0x0000000713400000, 0x0000000713400000| Untracked 
| 154|0x0000000713400000, 0x0000000713600000, 0x0000000713600000|100%| O|  |TAMS 0x0000000713600000, 0x0000000713600000| Untracked 
| 155|0x0000000713600000, 0x0000000713800000, 0x0000000713800000|100%| O|  |TAMS 0x0000000713800000, 0x0000000713800000| Untracked 
| 156|0x0000000713800000, 0x0000000713a00000, 0x0000000713a00000|100%| O|  |TAMS 0x00000007139d5e00, 0x0000000713a00000| Untracked 
| 157|0x0000000713a00000, 0x0000000713c00000, 0x0000000713c00000|100%| O|  |TAMS 0x0000000713a00000, 0x0000000713c00000| Untracked 
| 158|0x0000000713c00000, 0x0000000713e00000, 0x0000000713e00000|100%| O|  |TAMS 0x0000000713c00000, 0x0000000713e00000| Untracked 
| 159|0x0000000713e00000, 0x0000000714000000, 0x0000000714000000|100%| O|  |TAMS 0x0000000713e00000, 0x0000000714000000| Untracked 
| 160|0x0000000714000000, 0x0000000714200000, 0x0000000714200000|100%| O|  |TAMS 0x0000000714000000, 0x0000000714200000| Untracked 
| 161|0x0000000714200000, 0x0000000714400000, 0x0000000714400000|100%| O|  |TAMS 0x0000000714200000, 0x0000000714400000| Untracked 
| 162|0x0000000714400000, 0x0000000714600000, 0x0000000714600000|100%| O|  |TAMS 0x0000000714400000, 0x0000000714600000| Untracked 
| 163|0x0000000714600000, 0x0000000714800000, 0x0000000714800000|100%| O|  |TAMS 0x0000000714600000, 0x0000000714800000| Untracked 
| 164|0x0000000714800000, 0x0000000714a00000, 0x0000000714a00000|100%| O|  |TAMS 0x0000000714800000, 0x0000000714a00000| Untracked 
| 165|0x0000000714a00000, 0x0000000714c00000, 0x0000000714c00000|100%| O|  |TAMS 0x0000000714a00000, 0x0000000714c00000| Untracked 
| 166|0x0000000714c00000, 0x0000000714e00000, 0x0000000714e00000|100%| O|  |TAMS 0x0000000714c00000, 0x0000000714e00000| Untracked 
| 167|0x0000000714e00000, 0x0000000715000000, 0x0000000715000000|100%| O|  |TAMS 0x0000000714e00000, 0x0000000715000000| Untracked 
| 168|0x0000000715000000, 0x0000000715200000, 0x0000000715200000|100%| O|  |TAMS 0x0000000715000000, 0x0000000715200000| Untracked 
| 169|0x0000000715200000, 0x0000000715200000, 0x0000000715400000|  0%| F|  |TAMS 0x0000000715200000, 0x0000000715200000| Untracked 
| 170|0x0000000715400000, 0x0000000715400000, 0x0000000715600000|  0%| F|  |TAMS 0x0000000715400000, 0x0000000715400000| Untracked 
| 171|0x0000000715600000, 0x0000000715600000, 0x0000000715800000|  0%| F|  |TAMS 0x0000000715600000, 0x0000000715600000| Untracked 
| 172|0x0000000715800000, 0x0000000715800000, 0x0000000715a00000|  0%| F|  |TAMS 0x0000000715800000, 0x0000000715800000| Untracked 
| 173|0x0000000715a00000, 0x0000000715a00000, 0x0000000715c00000|  0%| F|  |TAMS 0x0000000715a00000, 0x0000000715a00000| Untracked 
| 174|0x0000000715c00000, 0x0000000715c00000, 0x0000000715e00000|  0%| F|  |TAMS 0x0000000715c00000, 0x0000000715c00000| Untracked 
| 175|0x0000000715e00000, 0x0000000715e00000, 0x0000000716000000|  0%| F|  |TAMS 0x0000000715e00000, 0x0000000715e00000| Untracked 
| 176|0x0000000716000000, 0x0000000716000000, 0x0000000716200000|  0%| F|  |TAMS 0x0000000716000000, 0x0000000716000000| Untracked 
| 177|0x0000000716200000, 0x0000000716200000, 0x0000000716400000|  0%| F|  |TAMS 0x0000000716200000, 0x0000000716200000| Untracked 
| 178|0x0000000716400000, 0x0000000716400000, 0x0000000716600000|  0%| F|  |TAMS 0x0000000716400000, 0x0000000716400000| Untracked 
| 179|0x0000000716600000, 0x0000000716800000, 0x0000000716800000|100%| O|  |TAMS 0x0000000716600000, 0x0000000716800000| Untracked 
| 180|0x0000000716800000, 0x0000000716a00000, 0x0000000716a00000|100%| O|  |TAMS 0x0000000716800000, 0x0000000716a00000| Untracked 
| 181|0x0000000716a00000, 0x0000000716c00000, 0x0000000716c00000|100%| O|  |TAMS 0x0000000716a00000, 0x0000000716c00000| Untracked 
| 182|0x0000000716c00000, 0x0000000716e00000, 0x0000000716e00000|100%| O|  |TAMS 0x0000000716c00000, 0x0000000716e00000| Untracked 
| 183|0x0000000716e00000, 0x0000000717000000, 0x0000000717000000|100%| O|  |TAMS 0x0000000716e00000, 0x0000000717000000| Untracked 
| 184|0x0000000717000000, 0x0000000717200000, 0x0000000717200000|100%| O|  |TAMS 0x0000000717000000, 0x0000000717200000| Untracked 
| 185|0x0000000717200000, 0x0000000717400000, 0x0000000717400000|100%| O|  |TAMS 0x0000000717200000, 0x0000000717400000| Untracked 
| 186|0x0000000717400000, 0x0000000717600000, 0x0000000717600000|100%| O|  |TAMS 0x0000000717400000, 0x0000000717600000| Untracked 
| 187|0x0000000717600000, 0x0000000717600000, 0x0000000717800000|  0%| F|  |TAMS 0x0000000717600000, 0x0000000717600000| Untracked 
| 188|0x0000000717800000, 0x0000000717800000, 0x0000000717a00000|  0%| F|  |TAMS 0x0000000717800000, 0x0000000717800000| Untracked 
| 189|0x0000000717a00000, 0x0000000717a00000, 0x0000000717c00000|  0%| F|  |TAMS 0x0000000717a00000, 0x0000000717a00000| Untracked 
| 190|0x0000000717c00000, 0x0000000717c00000, 0x0000000717e00000|  0%| F|  |TAMS 0x0000000717c00000, 0x0000000717c00000| Untracked 
| 191|0x0000000717e00000, 0x0000000717e00000, 0x0000000718000000|  0%| F|  |TAMS 0x0000000717e00000, 0x0000000717e00000| Untracked 
| 192|0x0000000718000000, 0x0000000718000000, 0x0000000718200000|  0%| F|  |TAMS 0x0000000718000000, 0x0000000718000000| Untracked 
| 193|0x0000000718200000, 0x0000000718200000, 0x0000000718400000|  0%| F|  |TAMS 0x0000000718200000, 0x0000000718200000| Untracked 
| 194|0x0000000718400000, 0x0000000718400000, 0x0000000718600000|  0%| F|  |TAMS 0x0000000718400000, 0x0000000718400000| Untracked 
| 195|0x0000000718600000, 0x0000000718600000, 0x0000000718800000|  0%| F|  |TAMS 0x0000000718600000, 0x0000000718600000| Untracked 
| 196|0x0000000718800000, 0x0000000718800000, 0x0000000718a00000|  0%| F|  |TAMS 0x0000000718800000, 0x0000000718800000| Untracked 
| 197|0x0000000718a00000, 0x0000000718a00000, 0x0000000718c00000|  0%| F|  |TAMS 0x0000000718a00000, 0x0000000718a00000| Untracked 
| 198|0x0000000718c00000, 0x0000000718c00000, 0x0000000718e00000|  0%| F|  |TAMS 0x0000000718c00000, 0x0000000718c00000| Untracked 
| 199|0x0000000718e00000, 0x0000000718e00000, 0x0000000719000000|  0%| F|  |TAMS 0x0000000718e00000, 0x0000000718e00000| Untracked 
| 200|0x0000000719000000, 0x0000000719000000, 0x0000000719200000|  0%| F|  |TAMS 0x0000000719000000, 0x0000000719000000| Untracked 
| 201|0x0000000719200000, 0x0000000719200000, 0x0000000719400000|  0%| F|  |TAMS 0x0000000719200000, 0x0000000719200000| Untracked 
| 202|0x0000000719400000, 0x0000000719400000, 0x0000000719600000|  0%| F|  |TAMS 0x0000000719400000, 0x0000000719400000| Untracked 
| 203|0x0000000719600000, 0x0000000719600000, 0x0000000719800000|  0%| F|  |TAMS 0x0000000719600000, 0x0000000719600000| Untracked 
| 204|0x0000000719800000, 0x0000000719800000, 0x0000000719a00000|  0%| F|  |TAMS 0x0000000719800000, 0x0000000719800000| Untracked 
| 205|0x0000000719a00000, 0x0000000719a00000, 0x0000000719c00000|  0%| F|  |TAMS 0x0000000719a00000, 0x0000000719a00000| Untracked 
| 206|0x0000000719c00000, 0x0000000719c00000, 0x0000000719e00000|  0%| F|  |TAMS 0x0000000719c00000, 0x0000000719c00000| Untracked 
| 207|0x0000000719e00000, 0x0000000719e00000, 0x000000071a000000|  0%| F|  |TAMS 0x0000000719e00000, 0x0000000719e00000| Untracked 
| 208|0x000000071a000000, 0x000000071a000000, 0x000000071a200000|  0%| F|  |TAMS 0x000000071a000000, 0x000000071a000000| Untracked 
| 209|0x000000071a200000, 0x000000071a200000, 0x000000071a400000|  0%| F|  |TAMS 0x000000071a200000, 0x000000071a200000| Untracked 
| 210|0x000000071a400000, 0x000000071a400000, 0x000000071a600000|  0%| F|  |TAMS 0x000000071a400000, 0x000000071a400000| Untracked 
| 211|0x000000071a600000, 0x000000071a600000, 0x000000071a800000|  0%| F|  |TAMS 0x000000071a600000, 0x000000071a600000| Untracked 
| 212|0x000000071a800000, 0x000000071a800000, 0x000000071aa00000|  0%| F|  |TAMS 0x000000071a800000, 0x000000071a800000| Untracked 
| 213|0x000000071aa00000, 0x000000071aa00000, 0x000000071ac00000|  0%| F|  |TAMS 0x000000071aa00000, 0x000000071aa00000| Untracked 
| 214|0x000000071ac00000, 0x000000071ac00000, 0x000000071ae00000|  0%| F|  |TAMS 0x000000071ac00000, 0x000000071ac00000| Untracked 
| 215|0x000000071ae00000, 0x000000071ae00000, 0x000000071b000000|  0%| F|  |TAMS 0x000000071ae00000, 0x000000071ae00000| Untracked 
| 216|0x000000071b000000, 0x000000071b000000, 0x000000071b200000|  0%| F|  |TAMS 0x000000071b000000, 0x000000071b000000| Untracked 
| 217|0x000000071b200000, 0x000000071b200000, 0x000000071b400000|  0%| F|  |TAMS 0x000000071b200000, 0x000000071b200000| Untracked 
| 218|0x000000071b400000, 0x000000071b400000, 0x000000071b600000|  0%| F|  |TAMS 0x000000071b400000, 0x000000071b400000| Untracked 
| 219|0x000000071b600000, 0x000000071b600000, 0x000000071b800000|  0%| F|  |TAMS 0x000000071b600000, 0x000000071b600000| Untracked 
| 220|0x000000071b800000, 0x000000071b800000, 0x000000071ba00000|  0%| F|  |TAMS 0x000000071b800000, 0x000000071b800000| Untracked 
| 221|0x000000071ba00000, 0x000000071bc00000, 0x000000071bc00000|100%| O|  |TAMS 0x000000071ba00000, 0x000000071bc00000| Untracked 
| 222|0x000000071bc00000, 0x000000071be00000, 0x000000071be00000|100%| O|  |TAMS 0x000000071bc00000, 0x000000071be00000| Untracked 
| 223|0x000000071be00000, 0x000000071c000000, 0x000000071c000000|100%| O|  |TAMS 0x000000071be00000, 0x000000071c000000| Untracked 
| 224|0x000000071c000000, 0x000000071c200000, 0x000000071c200000|100%| O|  |TAMS 0x000000071c000000, 0x000000071c200000| Untracked 
| 225|0x000000071c200000, 0x000000071c400000, 0x000000071c400000|100%| O|  |TAMS 0x000000071c200000, 0x000000071c400000| Untracked 
| 226|0x000000071c400000, 0x000000071c600000, 0x000000071c600000|100%| O|  |TAMS 0x000000071c400000, 0x000000071c600000| Untracked 
| 227|0x000000071c600000, 0x000000071c800000, 0x000000071c800000|100%| O|  |TAMS 0x000000071c600000, 0x000000071c800000| Untracked 
| 228|0x000000071c800000, 0x000000071ca00000, 0x000000071ca00000|100%| O|  |TAMS 0x000000071c800000, 0x000000071ca00000| Untracked 
| 229|0x000000071ca00000, 0x000000071cbd5400, 0x000000071cc00000| 91%| O|  |TAMS 0x000000071ca00000, 0x000000071cb43600| Untracked 
| 230|0x000000071cc00000, 0x000000071cc00000, 0x000000071ce00000|  0%| F|  |TAMS 0x000000071cc00000, 0x000000071cc00000| Untracked 
| 231|0x000000071ce00000, 0x000000071ce00000, 0x000000071d000000|  0%| F|  |TAMS 0x000000071ce00000, 0x000000071ce00000| Untracked 
| 232|0x000000071d000000, 0x000000071d000000, 0x000000071d200000|  0%| F|  |TAMS 0x000000071d000000, 0x000000071d000000| Untracked 
| 233|0x000000071d200000, 0x000000071d400000, 0x000000071d400000|100%| S|CS|TAMS 0x000000071d200000, 0x000000071d200000| Complete 
| 234|0x000000071d400000, 0x000000071d600000, 0x000000071d600000|100%| S|CS|TAMS 0x000000071d400000, 0x000000071d400000| Complete 
| 235|0x000000071d600000, 0x000000071d800000, 0x000000071d800000|100%| S|CS|TAMS 0x000000071d600000, 0x000000071d600000| Complete 
| 236|0x000000071d800000, 0x000000071da00000, 0x000000071da00000|100%| S|CS|TAMS 0x000000071d800000, 0x000000071d800000| Complete 
| 237|0x000000071da00000, 0x000000071dc00000, 0x000000071dc00000|100%| S|CS|TAMS 0x000000071da00000, 0x000000071da00000| Complete 
| 238|0x000000071dc00000, 0x000000071de00000, 0x000000071de00000|100%| S|CS|TAMS 0x000000071dc00000, 0x000000071dc00000| Complete 
| 239|0x000000071de00000, 0x000000071e000000, 0x000000071e000000|100%| S|CS|TAMS 0x000000071de00000, 0x000000071de00000| Complete 
| 240|0x000000071e000000, 0x000000071e200000, 0x000000071e200000|100%| S|CS|TAMS 0x000000071e000000, 0x000000071e000000| Complete 
| 241|0x000000071e200000, 0x000000071e400000, 0x000000071e400000|100%| S|CS|TAMS 0x000000071e200000, 0x000000071e200000| Complete 
| 242|0x000000071e400000, 0x000000071e600000, 0x000000071e600000|100%| S|CS|TAMS 0x000000071e400000, 0x000000071e400000| Complete 
| 243|0x000000071e600000, 0x000000071e800000, 0x000000071e800000|100%| S|CS|TAMS 0x000000071e600000, 0x000000071e600000| Complete 
| 244|0x000000071e800000, 0x000000071ea00000, 0x000000071ea00000|100%| S|CS|TAMS 0x000000071e800000, 0x000000071e800000| Complete 
| 245|0x000000071ea00000, 0x000000071ec00000, 0x000000071ec00000|100%| S|CS|TAMS 0x000000071ea00000, 0x000000071ea00000| Complete 
| 246|0x000000071ec00000, 0x000000071ee00000, 0x000000071ee00000|100%| S|CS|TAMS 0x000000071ec00000, 0x000000071ec00000| Complete 
| 247|0x000000071ee00000, 0x000000071f000000, 0x000000071f000000|100%| S|CS|TAMS 0x000000071ee00000, 0x000000071ee00000| Complete 
| 248|0x000000071f000000, 0x000000071f200000, 0x000000071f200000|100%| S|CS|TAMS 0x000000071f000000, 0x000000071f000000| Complete 
| 249|0x000000071f200000, 0x000000071f400000, 0x000000071f400000|100%| S|CS|TAMS 0x000000071f200000, 0x000000071f200000| Complete 
| 250|0x000000071f400000, 0x000000071f600000, 0x000000071f600000|100%| S|CS|TAMS 0x000000071f400000, 0x000000071f400000| Complete 
| 251|0x000000071f600000, 0x000000071f800000, 0x000000071f800000|100%| S|CS|TAMS 0x000000071f600000, 0x000000071f600000| Complete 
| 252|0x000000071f800000, 0x000000071fa00000, 0x000000071fa00000|100%| S|CS|TAMS 0x000000071f800000, 0x000000071f800000| Complete 
| 253|0x000000071fa00000, 0x000000071fc00000, 0x000000071fc00000|100%| S|CS|TAMS 0x000000071fa00000, 0x000000071fa00000| Complete 
| 254|0x000000071fc00000, 0x000000071fe00000, 0x000000071fe00000|100%| S|CS|TAMS 0x000000071fc00000, 0x000000071fc00000| Complete 
| 255|0x000000071fe00000, 0x0000000720000000, 0x0000000720000000|100%| S|CS|TAMS 0x000000071fe00000, 0x000000071fe00000| Complete 
| 256|0x0000000720000000, 0x0000000720200000, 0x0000000720200000|100%| S|CS|TAMS 0x0000000720000000, 0x0000000720000000| Complete 
| 257|0x0000000720200000, 0x0000000720200000, 0x0000000720400000|  0%| F|  |TAMS 0x0000000720200000, 0x0000000720200000| Untracked 
| 258|0x0000000720400000, 0x0000000720400000, 0x0000000720600000|  0%| F|  |TAMS 0x0000000720400000, 0x0000000720400000| Untracked 
| 259|0x0000000720600000, 0x0000000720600000, 0x0000000720800000|  0%| F|  |TAMS 0x0000000720600000, 0x0000000720600000| Untracked 
| 260|0x0000000720800000, 0x0000000720800000, 0x0000000720a00000|  0%| F|  |TAMS 0x0000000720800000, 0x0000000720800000| Untracked 
| 261|0x0000000720a00000, 0x0000000720a00000, 0x0000000720c00000|  0%| F|  |TAMS 0x0000000720a00000, 0x0000000720a00000| Untracked 
| 262|0x0000000720c00000, 0x0000000720c00000, 0x0000000720e00000|  0%| F|  |TAMS 0x0000000720c00000, 0x0000000720c00000| Untracked 
| 263|0x0000000720e00000, 0x0000000720e00000, 0x0000000721000000|  0%| F|  |TAMS 0x0000000720e00000, 0x0000000720e00000| Untracked 
| 264|0x0000000721000000, 0x0000000721000000, 0x0000000721200000|  0%| F|  |TAMS 0x0000000721000000, 0x0000000721000000| Untracked 
| 265|0x0000000721200000, 0x0000000721200000, 0x0000000721400000|  0%| F|  |TAMS 0x0000000721200000, 0x0000000721200000| Untracked 
| 266|0x0000000721400000, 0x0000000721400000, 0x0000000721600000|  0%| F|  |TAMS 0x0000000721400000, 0x0000000721400000| Untracked 
| 267|0x0000000721600000, 0x0000000721600000, 0x0000000721800000|  0%| F|  |TAMS 0x0000000721600000, 0x0000000721600000| Untracked 
| 268|0x0000000721800000, 0x0000000721800000, 0x0000000721a00000|  0%| F|  |TAMS 0x0000000721800000, 0x0000000721800000| Untracked 
| 269|0x0000000721a00000, 0x0000000721a00000, 0x0000000721c00000|  0%| F|  |TAMS 0x0000000721a00000, 0x0000000721a00000| Untracked 
| 270|0x0000000721c00000, 0x0000000721c00000, 0x0000000721e00000|  0%| F|  |TAMS 0x0000000721c00000, 0x0000000721c00000| Untracked 
| 271|0x0000000721e00000, 0x0000000721e00000, 0x0000000722000000|  0%| F|  |TAMS 0x0000000721e00000, 0x0000000721e00000| Untracked 
| 272|0x0000000722000000, 0x0000000722000000, 0x0000000722200000|  0%| F|  |TAMS 0x0000000722000000, 0x0000000722000000| Untracked 
| 273|0x0000000722200000, 0x0000000722200000, 0x0000000722400000|  0%| F|  |TAMS 0x0000000722200000, 0x0000000722200000| Untracked 
| 274|0x0000000722400000, 0x0000000722400000, 0x0000000722600000|  0%| F|  |TAMS 0x0000000722400000, 0x0000000722400000| Untracked 
| 275|0x0000000722600000, 0x0000000722600000, 0x0000000722800000|  0%| F|  |TAMS 0x0000000722600000, 0x0000000722600000| Untracked 
| 276|0x0000000722800000, 0x0000000722800000, 0x0000000722a00000|  0%| F|  |TAMS 0x0000000722800000, 0x0000000722800000| Untracked 
| 277|0x0000000722a00000, 0x0000000722a00000, 0x0000000722c00000|  0%| F|  |TAMS 0x0000000722a00000, 0x0000000722a00000| Untracked 
| 278|0x0000000722c00000, 0x0000000722c00000, 0x0000000722e00000|  0%| F|  |TAMS 0x0000000722c00000, 0x0000000722c00000| Untracked 
| 279|0x0000000722e00000, 0x0000000722e00000, 0x0000000723000000|  0%| F|  |TAMS 0x0000000722e00000, 0x0000000722e00000| Untracked 
| 280|0x0000000723000000, 0x0000000723000000, 0x0000000723200000|  0%| F|  |TAMS 0x0000000723000000, 0x0000000723000000| Untracked 
| 281|0x0000000723200000, 0x0000000723200000, 0x0000000723400000|  0%| F|  |TAMS 0x0000000723200000, 0x0000000723200000| Untracked 
| 282|0x0000000723400000, 0x0000000723400000, 0x0000000723600000|  0%| F|  |TAMS 0x0000000723400000, 0x0000000723400000| Untracked 
| 283|0x0000000723600000, 0x0000000723600000, 0x0000000723800000|  0%| F|  |TAMS 0x0000000723600000, 0x0000000723600000| Untracked 
| 284|0x0000000723800000, 0x0000000723800000, 0x0000000723a00000|  0%| F|  |TAMS 0x0000000723800000, 0x0000000723800000| Untracked 
| 285|0x0000000723a00000, 0x0000000723a00000, 0x0000000723c00000|  0%| F|  |TAMS 0x0000000723a00000, 0x0000000723a00000| Untracked 
| 286|0x0000000723c00000, 0x0000000723c00000, 0x0000000723e00000|  0%| F|  |TAMS 0x0000000723c00000, 0x0000000723c00000| Untracked 
| 287|0x0000000723e00000, 0x0000000723e00000, 0x0000000724000000|  0%| F|  |TAMS 0x0000000723e00000, 0x0000000723e00000| Untracked 
| 288|0x0000000724000000, 0x0000000724000000, 0x0000000724200000|  0%| F|  |TAMS 0x0000000724000000, 0x0000000724000000| Untracked 
| 289|0x0000000724200000, 0x0000000724200000, 0x0000000724400000|  0%| F|  |TAMS 0x0000000724200000, 0x0000000724200000| Untracked 
| 290|0x0000000724400000, 0x0000000724400000, 0x0000000724600000|  0%| F|  |TAMS 0x0000000724400000, 0x0000000724400000| Untracked 
| 291|0x0000000724600000, 0x0000000724600000, 0x0000000724800000|  0%| F|  |TAMS 0x0000000724600000, 0x0000000724600000| Untracked 
| 292|0x0000000724800000, 0x0000000724800000, 0x0000000724a00000|  0%| F|  |TAMS 0x0000000724800000, 0x0000000724800000| Untracked 
| 293|0x0000000724a00000, 0x0000000724a00000, 0x0000000724c00000|  0%| F|  |TAMS 0x0000000724a00000, 0x0000000724a00000| Untracked 
| 294|0x0000000724c00000, 0x0000000724c00000, 0x0000000724e00000|  0%| F|  |TAMS 0x0000000724c00000, 0x0000000724c00000| Untracked 
| 295|0x0000000724e00000, 0x0000000724e00000, 0x0000000725000000|  0%| F|  |TAMS 0x0000000724e00000, 0x0000000724e00000| Untracked 
| 296|0x0000000725000000, 0x0000000725000000, 0x0000000725200000|  0%| F|  |TAMS 0x0000000725000000, 0x0000000725000000| Untracked 
| 297|0x0000000725200000, 0x0000000725200000, 0x0000000725400000|  0%| F|  |TAMS 0x0000000725200000, 0x0000000725200000| Untracked 
| 298|0x0000000725400000, 0x0000000725400000, 0x0000000725600000|  0%| F|  |TAMS 0x0000000725400000, 0x0000000725400000| Untracked 
| 299|0x0000000725600000, 0x0000000725600000, 0x0000000725800000|  0%| F|  |TAMS 0x0000000725600000, 0x0000000725600000| Untracked 
| 300|0x0000000725800000, 0x0000000725800000, 0x0000000725a00000|  0%| F|  |TAMS 0x0000000725800000, 0x0000000725800000| Untracked 
| 301|0x0000000725a00000, 0x0000000725a00000, 0x0000000725c00000|  0%| F|  |TAMS 0x0000000725a00000, 0x0000000725a00000| Untracked 
| 302|0x0000000725c00000, 0x0000000725c00000, 0x0000000725e00000|  0%| F|  |TAMS 0x0000000725c00000, 0x0000000725c00000| Untracked 
| 303|0x0000000725e00000, 0x0000000725e00000, 0x0000000726000000|  0%| F|  |TAMS 0x0000000725e00000, 0x0000000725e00000| Untracked 
| 304|0x0000000726000000, 0x0000000726000000, 0x0000000726200000|  0%| F|  |TAMS 0x0000000726000000, 0x0000000726000000| Untracked 
| 305|0x0000000726200000, 0x0000000726200000, 0x0000000726400000|  0%| F|  |TAMS 0x0000000726200000, 0x0000000726200000| Untracked 
| 306|0x0000000726400000, 0x0000000726400000, 0x0000000726600000|  0%| F|  |TAMS 0x0000000726400000, 0x0000000726400000| Untracked 
| 307|0x0000000726600000, 0x0000000726600000, 0x0000000726800000|  0%| F|  |TAMS 0x0000000726600000, 0x0000000726600000| Untracked 
| 308|0x0000000726800000, 0x0000000726800000, 0x0000000726a00000|  0%| F|  |TAMS 0x0000000726800000, 0x0000000726800000| Untracked 
| 309|0x0000000726a00000, 0x0000000726a00000, 0x0000000726c00000|  0%| F|  |TAMS 0x0000000726a00000, 0x0000000726a00000| Untracked 
| 310|0x0000000726c00000, 0x0000000726c00000, 0x0000000726e00000|  0%| F|  |TAMS 0x0000000726c00000, 0x0000000726c00000| Untracked 
| 311|0x0000000726e00000, 0x0000000726e00000, 0x0000000727000000|  0%| F|  |TAMS 0x0000000726e00000, 0x0000000726e00000| Untracked 
| 312|0x0000000727000000, 0x0000000727000000, 0x0000000727200000|  0%| F|  |TAMS 0x0000000727000000, 0x0000000727000000| Untracked 
| 313|0x0000000727200000, 0x0000000727200000, 0x0000000727400000|  0%| F|  |TAMS 0x0000000727200000, 0x0000000727200000| Untracked 
| 314|0x0000000727400000, 0x0000000727400000, 0x0000000727600000|  0%| F|  |TAMS 0x0000000727400000, 0x0000000727400000| Untracked 
| 315|0x0000000727600000, 0x0000000727600000, 0x0000000727800000|  0%| F|  |TAMS 0x0000000727600000, 0x0000000727600000| Untracked 
| 316|0x0000000727800000, 0x0000000727800000, 0x0000000727a00000|  0%| F|  |TAMS 0x0000000727800000, 0x0000000727800000| Untracked 
| 317|0x0000000727a00000, 0x0000000727a00000, 0x0000000727c00000|  0%| F|  |TAMS 0x0000000727a00000, 0x0000000727a00000| Untracked 
| 318|0x0000000727c00000, 0x0000000727c00000, 0x0000000727e00000|  0%| F|  |TAMS 0x0000000727c00000, 0x0000000727c00000| Untracked 
| 319|0x0000000727e00000, 0x0000000727e00000, 0x0000000728000000|  0%| F|  |TAMS 0x0000000727e00000, 0x0000000727e00000| Untracked 
| 320|0x0000000728000000, 0x0000000728000000, 0x0000000728200000|  0%| F|  |TAMS 0x0000000728000000, 0x0000000728000000| Untracked 
| 321|0x0000000728200000, 0x0000000728200000, 0x0000000728400000|  0%| F|  |TAMS 0x0000000728200000, 0x0000000728200000| Untracked 
| 322|0x0000000728400000, 0x0000000728400000, 0x0000000728600000|  0%| F|  |TAMS 0x0000000728400000, 0x0000000728400000| Untracked 
| 323|0x0000000728600000, 0x0000000728600000, 0x0000000728800000|  0%| F|  |TAMS 0x0000000728600000, 0x0000000728600000| Untracked 
| 324|0x0000000728800000, 0x0000000728800000, 0x0000000728a00000|  0%| F|  |TAMS 0x0000000728800000, 0x0000000728800000| Untracked 
| 325|0x0000000728a00000, 0x0000000728a00000, 0x0000000728c00000|  0%| F|  |TAMS 0x0000000728a00000, 0x0000000728a00000| Untracked 
| 326|0x0000000728c00000, 0x0000000728c00000, 0x0000000728e00000|  0%| F|  |TAMS 0x0000000728c00000, 0x0000000728c00000| Untracked 
| 327|0x0000000728e00000, 0x0000000728e00000, 0x0000000729000000|  0%| F|  |TAMS 0x0000000728e00000, 0x0000000728e00000| Untracked 
| 328|0x0000000729000000, 0x0000000729000000, 0x0000000729200000|  0%| F|  |TAMS 0x0000000729000000, 0x0000000729000000| Untracked 
| 329|0x0000000729200000, 0x0000000729200000, 0x0000000729400000|  0%| F|  |TAMS 0x0000000729200000, 0x0000000729200000| Untracked 
| 330|0x0000000729400000, 0x0000000729400000, 0x0000000729600000|  0%| F|  |TAMS 0x0000000729400000, 0x0000000729400000| Untracked 
| 331|0x0000000729600000, 0x0000000729600000, 0x0000000729800000|  0%| F|  |TAMS 0x0000000729600000, 0x0000000729600000| Untracked 
| 332|0x0000000729800000, 0x0000000729800000, 0x0000000729a00000|  0%| F|  |TAMS 0x0000000729800000, 0x0000000729800000| Untracked 
| 333|0x0000000729a00000, 0x0000000729a00000, 0x0000000729c00000|  0%| F|  |TAMS 0x0000000729a00000, 0x0000000729a00000| Untracked 
| 334|0x0000000729c00000, 0x0000000729c00000, 0x0000000729e00000|  0%| F|  |TAMS 0x0000000729c00000, 0x0000000729c00000| Untracked 
| 335|0x0000000729e00000, 0x0000000729e00000, 0x000000072a000000|  0%| F|  |TAMS 0x0000000729e00000, 0x0000000729e00000| Untracked 
| 336|0x000000072a000000, 0x000000072a000000, 0x000000072a200000|  0%| F|  |TAMS 0x000000072a000000, 0x000000072a000000| Untracked 
| 337|0x000000072a200000, 0x000000072a200000, 0x000000072a400000|  0%| F|  |TAMS 0x000000072a200000, 0x000000072a200000| Untracked 
| 338|0x000000072a400000, 0x000000072a400000, 0x000000072a600000|  0%| F|  |TAMS 0x000000072a400000, 0x000000072a400000| Untracked 
| 339|0x000000072a600000, 0x000000072a600000, 0x000000072a800000|  0%| F|  |TAMS 0x000000072a600000, 0x000000072a600000| Untracked 
| 340|0x000000072a800000, 0x000000072a800000, 0x000000072aa00000|  0%| F|  |TAMS 0x000000072a800000, 0x000000072a800000| Untracked 
| 341|0x000000072aa00000, 0x000000072aa00000, 0x000000072ac00000|  0%| F|  |TAMS 0x000000072aa00000, 0x000000072aa00000| Untracked 
| 342|0x000000072ac00000, 0x000000072ac00000, 0x000000072ae00000|  0%| F|  |TAMS 0x000000072ac00000, 0x000000072ac00000| Untracked 
| 343|0x000000072ae00000, 0x000000072ae00000, 0x000000072b000000|  0%| F|  |TAMS 0x000000072ae00000, 0x000000072ae00000| Untracked 
| 344|0x000000072b000000, 0x000000072b000000, 0x000000072b200000|  0%| F|  |TAMS 0x000000072b000000, 0x000000072b000000| Untracked 
| 345|0x000000072b200000, 0x000000072b200000, 0x000000072b400000|  0%| F|  |TAMS 0x000000072b200000, 0x000000072b200000| Untracked 
| 346|0x000000072b400000, 0x000000072b400000, 0x000000072b600000|  0%| F|  |TAMS 0x000000072b400000, 0x000000072b400000| Untracked 
| 347|0x000000072b600000, 0x000000072b600000, 0x000000072b800000|  0%| F|  |TAMS 0x000000072b600000, 0x000000072b600000| Untracked 
| 348|0x000000072b800000, 0x000000072b800000, 0x000000072ba00000|  0%| F|  |TAMS 0x000000072b800000, 0x000000072b800000| Untracked 
| 349|0x000000072ba00000, 0x000000072ba00000, 0x000000072bc00000|  0%| F|  |TAMS 0x000000072ba00000, 0x000000072ba00000| Untracked 
| 350|0x000000072bc00000, 0x000000072bc00000, 0x000000072be00000|  0%| F|  |TAMS 0x000000072bc00000, 0x000000072bc00000| Untracked 
| 351|0x000000072be00000, 0x000000072be00000, 0x000000072c000000|  0%| F|  |TAMS 0x000000072be00000, 0x000000072be00000| Untracked 
| 352|0x000000072c000000, 0x000000072c000000, 0x000000072c200000|  0%| F|  |TAMS 0x000000072c000000, 0x000000072c000000| Untracked 
| 353|0x000000072c200000, 0x000000072c200000, 0x000000072c400000|  0%| F|  |TAMS 0x000000072c200000, 0x000000072c200000| Untracked 
| 354|0x000000072c400000, 0x000000072c400000, 0x000000072c600000|  0%| F|  |TAMS 0x000000072c400000, 0x000000072c400000| Untracked 
| 355|0x000000072c600000, 0x000000072c600000, 0x000000072c800000|  0%| F|  |TAMS 0x000000072c600000, 0x000000072c600000| Untracked 
| 356|0x000000072c800000, 0x000000072c800000, 0x000000072ca00000|  0%| F|  |TAMS 0x000000072c800000, 0x000000072c800000| Untracked 
| 357|0x000000072ca00000, 0x000000072ca00000, 0x000000072cc00000|  0%| F|  |TAMS 0x000000072ca00000, 0x000000072ca00000| Untracked 
| 358|0x000000072cc00000, 0x000000072cc00000, 0x000000072ce00000|  0%| F|  |TAMS 0x000000072cc00000, 0x000000072cc00000| Untracked 
| 359|0x000000072ce00000, 0x000000072ce00000, 0x000000072d000000|  0%| F|  |TAMS 0x000000072ce00000, 0x000000072ce00000| Untracked 
| 360|0x000000072d000000, 0x000000072d000000, 0x000000072d200000|  0%| F|  |TAMS 0x000000072d000000, 0x000000072d000000| Untracked 
| 361|0x000000072d200000, 0x000000072d200000, 0x000000072d400000|  0%| F|  |TAMS 0x000000072d200000, 0x000000072d200000| Untracked 
| 362|0x000000072d400000, 0x000000072d400000, 0x000000072d600000|  0%| F|  |TAMS 0x000000072d400000, 0x000000072d400000| Untracked 
| 363|0x000000072d600000, 0x000000072d600000, 0x000000072d800000|  0%| F|  |TAMS 0x000000072d600000, 0x000000072d600000| Untracked 
| 364|0x000000072d800000, 0x000000072d800000, 0x000000072da00000|  0%| F|  |TAMS 0x000000072d800000, 0x000000072d800000| Untracked 
| 365|0x000000072da00000, 0x000000072da00000, 0x000000072dc00000|  0%| F|  |TAMS 0x000000072da00000, 0x000000072da00000| Untracked 
| 366|0x000000072dc00000, 0x000000072dc00000, 0x000000072de00000|  0%| F|  |TAMS 0x000000072dc00000, 0x000000072dc00000| Untracked 
| 367|0x000000072de00000, 0x000000072de00000, 0x000000072e000000|  0%| F|  |TAMS 0x000000072de00000, 0x000000072de00000| Untracked 
| 368|0x000000072e000000, 0x000000072e000000, 0x000000072e200000|  0%| F|  |TAMS 0x000000072e000000, 0x000000072e000000| Untracked 
| 369|0x000000072e200000, 0x000000072e200000, 0x000000072e400000|  0%| F|  |TAMS 0x000000072e200000, 0x000000072e200000| Untracked 
| 370|0x000000072e400000, 0x000000072e400000, 0x000000072e600000|  0%| F|  |TAMS 0x000000072e400000, 0x000000072e400000| Untracked 
| 371|0x000000072e600000, 0x000000072e600000, 0x000000072e800000|  0%| F|  |TAMS 0x000000072e600000, 0x000000072e600000| Untracked 
| 372|0x000000072e800000, 0x000000072e800000, 0x000000072ea00000|  0%| F|  |TAMS 0x000000072e800000, 0x000000072e800000| Untracked 
| 373|0x000000072ea00000, 0x000000072ea00000, 0x000000072ec00000|  0%| F|  |TAMS 0x000000072ea00000, 0x000000072ea00000| Untracked 
| 374|0x000000072ec00000, 0x000000072ec00000, 0x000000072ee00000|  0%| F|  |TAMS 0x000000072ec00000, 0x000000072ec00000| Untracked 
| 375|0x000000072ee00000, 0x000000072ee00000, 0x000000072f000000|  0%| F|  |TAMS 0x000000072ee00000, 0x000000072ee00000| Untracked 
| 376|0x000000072f000000, 0x000000072f000000, 0x000000072f200000|  0%| F|  |TAMS 0x000000072f000000, 0x000000072f000000| Untracked 
| 377|0x000000072f200000, 0x000000072f200000, 0x000000072f400000|  0%| F|  |TAMS 0x000000072f200000, 0x000000072f200000| Untracked 
| 378|0x000000072f400000, 0x000000072f400000, 0x000000072f600000|  0%| F|  |TAMS 0x000000072f400000, 0x000000072f400000| Untracked 
| 379|0x000000072f600000, 0x000000072f600000, 0x000000072f800000|  0%| F|  |TAMS 0x000000072f600000, 0x000000072f600000| Untracked 
| 380|0x000000072f800000, 0x000000072f800000, 0x000000072fa00000|  0%| F|  |TAMS 0x000000072f800000, 0x000000072f800000| Untracked 
| 381|0x000000072fa00000, 0x000000072fa00000, 0x000000072fc00000|  0%| F|  |TAMS 0x000000072fa00000, 0x000000072fa00000| Untracked 
| 382|0x000000072fc00000, 0x000000072fc00000, 0x000000072fe00000|  0%| F|  |TAMS 0x000000072fc00000, 0x000000072fc00000| Untracked 
| 383|0x000000072fe00000, 0x000000072fe00000, 0x0000000730000000|  0%| F|  |TAMS 0x000000072fe00000, 0x000000072fe00000| Untracked 
| 384|0x0000000730000000, 0x0000000730000000, 0x0000000730200000|  0%| F|  |TAMS 0x0000000730000000, 0x0000000730000000| Untracked 
| 385|0x0000000730200000, 0x0000000730200000, 0x0000000730400000|  0%| F|  |TAMS 0x0000000730200000, 0x0000000730200000| Untracked 
| 386|0x0000000730400000, 0x0000000730400000, 0x0000000730600000|  0%| F|  |TAMS 0x0000000730400000, 0x0000000730400000| Untracked 
| 387|0x0000000730600000, 0x0000000730600000, 0x0000000730800000|  0%| F|  |TAMS 0x0000000730600000, 0x0000000730600000| Untracked 
| 388|0x0000000730800000, 0x0000000730800000, 0x0000000730a00000|  0%| F|  |TAMS 0x0000000730800000, 0x0000000730800000| Untracked 
| 389|0x0000000730a00000, 0x0000000730a00000, 0x0000000730c00000|  0%| F|  |TAMS 0x0000000730a00000, 0x0000000730a00000| Untracked 
| 390|0x0000000730c00000, 0x0000000730c00000, 0x0000000730e00000|  0%| F|  |TAMS 0x0000000730c00000, 0x0000000730c00000| Untracked 
| 391|0x0000000730e00000, 0x0000000730e00000, 0x0000000731000000|  0%| F|  |TAMS 0x0000000730e00000, 0x0000000730e00000| Untracked 
| 392|0x0000000731000000, 0x0000000731000000, 0x0000000731200000|  0%| F|  |TAMS 0x0000000731000000, 0x0000000731000000| Untracked 
| 393|0x0000000731200000, 0x0000000731200000, 0x0000000731400000|  0%| F|  |TAMS 0x0000000731200000, 0x0000000731200000| Untracked 
| 394|0x0000000731400000, 0x0000000731400000, 0x0000000731600000|  0%| F|  |TAMS 0x0000000731400000, 0x0000000731400000| Untracked 
| 395|0x0000000731600000, 0x0000000731600000, 0x0000000731800000|  0%| F|  |TAMS 0x0000000731600000, 0x0000000731600000| Untracked 
| 396|0x0000000731800000, 0x0000000731800000, 0x0000000731a00000|  0%| F|  |TAMS 0x0000000731800000, 0x0000000731800000| Untracked 
| 397|0x0000000731a00000, 0x0000000731a00000, 0x0000000731c00000|  0%| F|  |TAMS 0x0000000731a00000, 0x0000000731a00000| Untracked 
| 398|0x0000000731c00000, 0x0000000731c00000, 0x0000000731e00000|  0%| F|  |TAMS 0x0000000731c00000, 0x0000000731c00000| Untracked 
| 399|0x0000000731e00000, 0x0000000731e00000, 0x0000000732000000|  0%| F|  |TAMS 0x0000000731e00000, 0x0000000731e00000| Untracked 
| 400|0x0000000732000000, 0x0000000732000000, 0x0000000732200000|  0%| F|  |TAMS 0x0000000732000000, 0x0000000732000000| Untracked 
| 401|0x0000000732200000, 0x0000000732200000, 0x0000000732400000|  0%| F|  |TAMS 0x0000000732200000, 0x0000000732200000| Untracked 
| 402|0x0000000732400000, 0x0000000732400000, 0x0000000732600000|  0%| F|  |TAMS 0x0000000732400000, 0x0000000732400000| Untracked 
| 403|0x0000000732600000, 0x0000000732600000, 0x0000000732800000|  0%| F|  |TAMS 0x0000000732600000, 0x0000000732600000| Untracked 
| 404|0x0000000732800000, 0x0000000732800000, 0x0000000732a00000|  0%| F|  |TAMS 0x0000000732800000, 0x0000000732800000| Untracked 
| 405|0x0000000732a00000, 0x0000000732a00000, 0x0000000732c00000|  0%| F|  |TAMS 0x0000000732a00000, 0x0000000732a00000| Untracked 
| 406|0x0000000732c00000, 0x0000000732c00000, 0x0000000732e00000|  0%| F|  |TAMS 0x0000000732c00000, 0x0000000732c00000| Untracked 
| 407|0x0000000732e00000, 0x0000000732e00000, 0x0000000733000000|  0%| F|  |TAMS 0x0000000732e00000, 0x0000000732e00000| Untracked 
| 408|0x0000000733000000, 0x0000000733000000, 0x0000000733200000|  0%| F|  |TAMS 0x0000000733000000, 0x0000000733000000| Untracked 
| 409|0x0000000733200000, 0x0000000733200000, 0x0000000733400000|  0%| F|  |TAMS 0x0000000733200000, 0x0000000733200000| Untracked 
| 410|0x0000000733400000, 0x0000000733400000, 0x0000000733600000|  0%| F|  |TAMS 0x0000000733400000, 0x0000000733400000| Untracked 
| 411|0x0000000733600000, 0x0000000733600000, 0x0000000733800000|  0%| F|  |TAMS 0x0000000733600000, 0x0000000733600000| Untracked 
| 412|0x0000000733800000, 0x0000000733800000, 0x0000000733a00000|  0%| F|  |TAMS 0x0000000733800000, 0x0000000733800000| Untracked 
| 413|0x0000000733a00000, 0x0000000733a00000, 0x0000000733c00000|  0%| F|  |TAMS 0x0000000733a00000, 0x0000000733a00000| Untracked 
| 414|0x0000000733c00000, 0x0000000733c00000, 0x0000000733e00000|  0%| F|  |TAMS 0x0000000733c00000, 0x0000000733c00000| Untracked 
| 415|0x0000000733e00000, 0x0000000733e00000, 0x0000000734000000|  0%| F|  |TAMS 0x0000000733e00000, 0x0000000733e00000| Untracked 
| 416|0x0000000734000000, 0x0000000734000000, 0x0000000734200000|  0%| F|  |TAMS 0x0000000734000000, 0x0000000734000000| Untracked 
| 417|0x0000000734200000, 0x0000000734200000, 0x0000000734400000|  0%| F|  |TAMS 0x0000000734200000, 0x0000000734200000| Untracked 
| 418|0x0000000734400000, 0x0000000734400000, 0x0000000734600000|  0%| F|  |TAMS 0x0000000734400000, 0x0000000734400000| Untracked 
| 419|0x0000000734600000, 0x0000000734600000, 0x0000000734800000|  0%| F|  |TAMS 0x0000000734600000, 0x0000000734600000| Untracked 
| 420|0x0000000734800000, 0x0000000734800000, 0x0000000734a00000|  0%| F|  |TAMS 0x0000000734800000, 0x0000000734800000| Untracked 
| 421|0x0000000734a00000, 0x0000000734a00000, 0x0000000734c00000|  0%| F|  |TAMS 0x0000000734a00000, 0x0000000734a00000| Untracked 
| 422|0x0000000734c00000, 0x0000000734c00000, 0x0000000734e00000|  0%| F|  |TAMS 0x0000000734c00000, 0x0000000734c00000| Untracked 
| 423|0x0000000734e00000, 0x0000000734e00000, 0x0000000735000000|  0%| F|  |TAMS 0x0000000734e00000, 0x0000000734e00000| Untracked 
| 424|0x0000000735000000, 0x0000000735000000, 0x0000000735200000|  0%| F|  |TAMS 0x0000000735000000, 0x0000000735000000| Untracked 
| 425|0x0000000735200000, 0x0000000735200000, 0x0000000735400000|  0%| F|  |TAMS 0x0000000735200000, 0x0000000735200000| Untracked 
| 426|0x0000000735400000, 0x0000000735400000, 0x0000000735600000|  0%| F|  |TAMS 0x0000000735400000, 0x0000000735400000| Untracked 
| 427|0x0000000735600000, 0x0000000735600000, 0x0000000735800000|  0%| F|  |TAMS 0x0000000735600000, 0x0000000735600000| Untracked 
| 428|0x0000000735800000, 0x0000000735800000, 0x0000000735a00000|  0%| F|  |TAMS 0x0000000735800000, 0x0000000735800000| Untracked 
| 429|0x0000000735a00000, 0x0000000735a00000, 0x0000000735c00000|  0%| F|  |TAMS 0x0000000735a00000, 0x0000000735a00000| Untracked 
| 430|0x0000000735c00000, 0x0000000735c00000, 0x0000000735e00000|  0%| F|  |TAMS 0x0000000735c00000, 0x0000000735c00000| Untracked 
| 431|0x0000000735e00000, 0x0000000735e00000, 0x0000000736000000|  0%| F|  |TAMS 0x0000000735e00000, 0x0000000735e00000| Untracked 
| 432|0x0000000736000000, 0x0000000736000000, 0x0000000736200000|  0%| F|  |TAMS 0x0000000736000000, 0x0000000736000000| Untracked 
| 433|0x0000000736200000, 0x0000000736200000, 0x0000000736400000|  0%| F|  |TAMS 0x0000000736200000, 0x0000000736200000| Untracked 
| 434|0x0000000736400000, 0x0000000736400000, 0x0000000736600000|  0%| F|  |TAMS 0x0000000736400000, 0x0000000736400000| Untracked 
| 435|0x0000000736600000, 0x0000000736600000, 0x0000000736800000|  0%| F|  |TAMS 0x0000000736600000, 0x0000000736600000| Untracked 
| 436|0x0000000736800000, 0x0000000736800000, 0x0000000736a00000|  0%| F|  |TAMS 0x0000000736800000, 0x0000000736800000| Untracked 
| 437|0x0000000736a00000, 0x0000000736a00000, 0x0000000736c00000|  0%| F|  |TAMS 0x0000000736a00000, 0x0000000736a00000| Untracked 
| 438|0x0000000736c00000, 0x0000000736c00000, 0x0000000736e00000|  0%| F|  |TAMS 0x0000000736c00000, 0x0000000736c00000| Untracked 
| 439|0x0000000736e00000, 0x0000000736e00000, 0x0000000737000000|  0%| F|  |TAMS 0x0000000736e00000, 0x0000000736e00000| Untracked 
| 440|0x0000000737000000, 0x0000000737000000, 0x0000000737200000|  0%| F|  |TAMS 0x0000000737000000, 0x0000000737000000| Untracked 
| 441|0x0000000737200000, 0x0000000737200000, 0x0000000737400000|  0%| F|  |TAMS 0x0000000737200000, 0x0000000737200000| Untracked 
| 442|0x0000000737400000, 0x0000000737400000, 0x0000000737600000|  0%| F|  |TAMS 0x0000000737400000, 0x0000000737400000| Untracked 
| 443|0x0000000737600000, 0x0000000737600000, 0x0000000737800000|  0%| F|  |TAMS 0x0000000737600000, 0x0000000737600000| Untracked 
| 444|0x0000000737800000, 0x0000000737800000, 0x0000000737a00000|  0%| F|  |TAMS 0x0000000737800000, 0x0000000737800000| Untracked 
| 445|0x0000000737a00000, 0x0000000737a00000, 0x0000000737c00000|  0%| F|  |TAMS 0x0000000737a00000, 0x0000000737a00000| Untracked 
| 446|0x0000000737c00000, 0x0000000737c00000, 0x0000000737e00000|  0%| F|  |TAMS 0x0000000737c00000, 0x0000000737c00000| Untracked 
| 447|0x0000000737e00000, 0x0000000737e00000, 0x0000000738000000|  0%| F|  |TAMS 0x0000000737e00000, 0x0000000737e00000| Untracked 
| 448|0x0000000738000000, 0x0000000738000000, 0x0000000738200000|  0%| F|  |TAMS 0x0000000738000000, 0x0000000738000000| Untracked 
| 449|0x0000000738200000, 0x0000000738200000, 0x0000000738400000|  0%| F|  |TAMS 0x0000000738200000, 0x0000000738200000| Untracked 
| 450|0x0000000738400000, 0x0000000738400000, 0x0000000738600000|  0%| F|  |TAMS 0x0000000738400000, 0x0000000738400000| Untracked 
| 451|0x0000000738600000, 0x0000000738600000, 0x0000000738800000|  0%| F|  |TAMS 0x0000000738600000, 0x0000000738600000| Untracked 
| 452|0x0000000738800000, 0x0000000738800000, 0x0000000738a00000|  0%| F|  |TAMS 0x0000000738800000, 0x0000000738800000| Untracked 
| 453|0x0000000738a00000, 0x0000000738a00000, 0x0000000738c00000|  0%| F|  |TAMS 0x0000000738a00000, 0x0000000738a00000| Untracked 
| 454|0x0000000738c00000, 0x0000000738c00000, 0x0000000738e00000|  0%| F|  |TAMS 0x0000000738c00000, 0x0000000738c00000| Untracked 
| 455|0x0000000738e00000, 0x0000000738e00000, 0x0000000739000000|  0%| F|  |TAMS 0x0000000738e00000, 0x0000000738e00000| Untracked 
| 456|0x0000000739000000, 0x0000000739000000, 0x0000000739200000|  0%| F|  |TAMS 0x0000000739000000, 0x0000000739000000| Untracked 
| 457|0x0000000739200000, 0x0000000739200000, 0x0000000739400000|  0%| F|  |TAMS 0x0000000739200000, 0x0000000739200000| Untracked 
| 458|0x0000000739400000, 0x0000000739400000, 0x0000000739600000|  0%| F|  |TAMS 0x0000000739400000, 0x0000000739400000| Untracked 
| 459|0x0000000739600000, 0x0000000739600000, 0x0000000739800000|  0%| F|  |TAMS 0x0000000739600000, 0x0000000739600000| Untracked 
| 460|0x0000000739800000, 0x0000000739800000, 0x0000000739a00000|  0%| F|  |TAMS 0x0000000739800000, 0x0000000739800000| Untracked 
| 461|0x0000000739a00000, 0x0000000739a00000, 0x0000000739c00000|  0%| F|  |TAMS 0x0000000739a00000, 0x0000000739a00000| Untracked 
| 462|0x0000000739c00000, 0x0000000739c00000, 0x0000000739e00000|  0%| F|  |TAMS 0x0000000739c00000, 0x0000000739c00000| Untracked 
| 463|0x0000000739e00000, 0x0000000739e00000, 0x000000073a000000|  0%| F|  |TAMS 0x0000000739e00000, 0x0000000739e00000| Untracked 
| 464|0x000000073a000000, 0x000000073a000000, 0x000000073a200000|  0%| F|  |TAMS 0x000000073a000000, 0x000000073a000000| Untracked 
| 465|0x000000073a200000, 0x000000073a200000, 0x000000073a400000|  0%| F|  |TAMS 0x000000073a200000, 0x000000073a200000| Untracked 
| 466|0x000000073a400000, 0x000000073a400000, 0x000000073a600000|  0%| F|  |TAMS 0x000000073a400000, 0x000000073a400000| Untracked 
| 467|0x000000073a600000, 0x000000073a600000, 0x000000073a800000|  0%| F|  |TAMS 0x000000073a600000, 0x000000073a600000| Untracked 
| 468|0x000000073a800000, 0x000000073a800000, 0x000000073aa00000|  0%| F|  |TAMS 0x000000073a800000, 0x000000073a800000| Untracked 
| 469|0x000000073aa00000, 0x000000073aa00000, 0x000000073ac00000|  0%| F|  |TAMS 0x000000073aa00000, 0x000000073aa00000| Untracked 
| 470|0x000000073ac00000, 0x000000073ac00000, 0x000000073ae00000|  0%| F|  |TAMS 0x000000073ac00000, 0x000000073ac00000| Untracked 
| 471|0x000000073ae00000, 0x000000073ae00000, 0x000000073b000000|  0%| F|  |TAMS 0x000000073ae00000, 0x000000073ae00000| Untracked 
| 472|0x000000073b000000, 0x000000073b000000, 0x000000073b200000|  0%| F|  |TAMS 0x000000073b000000, 0x000000073b000000| Untracked 
| 473|0x000000073b200000, 0x000000073b200000, 0x000000073b400000|  0%| F|  |TAMS 0x000000073b200000, 0x000000073b200000| Untracked 
| 474|0x000000073b400000, 0x000000073b400000, 0x000000073b600000|  0%| F|  |TAMS 0x000000073b400000, 0x000000073b400000| Untracked 
| 475|0x000000073b600000, 0x000000073b600000, 0x000000073b800000|  0%| F|  |TAMS 0x000000073b600000, 0x000000073b600000| Untracked 
| 476|0x000000073b800000, 0x000000073b800000, 0x000000073ba00000|  0%| F|  |TAMS 0x000000073b800000, 0x000000073b800000| Untracked 
| 477|0x000000073ba00000, 0x000000073ba00000, 0x000000073bc00000|  0%| F|  |TAMS 0x000000073ba00000, 0x000000073ba00000| Untracked 
| 478|0x000000073bc00000, 0x000000073bc00000, 0x000000073be00000|  0%| F|  |TAMS 0x000000073bc00000, 0x000000073bc00000| Untracked 
| 479|0x000000073be00000, 0x000000073be00000, 0x000000073c000000|  0%| F|  |TAMS 0x000000073be00000, 0x000000073be00000| Untracked 
| 480|0x000000073c000000, 0x000000073c000000, 0x000000073c200000|  0%| F|  |TAMS 0x000000073c000000, 0x000000073c000000| Untracked 
| 481|0x000000073c200000, 0x000000073c200000, 0x000000073c400000|  0%| F|  |TAMS 0x000000073c200000, 0x000000073c200000| Untracked 
| 482|0x000000073c400000, 0x000000073c400000, 0x000000073c600000|  0%| F|  |TAMS 0x000000073c400000, 0x000000073c400000| Untracked 
| 483|0x000000073c600000, 0x000000073c600000, 0x000000073c800000|  0%| F|  |TAMS 0x000000073c600000, 0x000000073c600000| Untracked 
| 484|0x000000073c800000, 0x000000073c800000, 0x000000073ca00000|  0%| F|  |TAMS 0x000000073c800000, 0x000000073c800000| Untracked 
| 485|0x000000073ca00000, 0x000000073ca00000, 0x000000073cc00000|  0%| F|  |TAMS 0x000000073ca00000, 0x000000073ca00000| Untracked 
| 486|0x000000073cc00000, 0x000000073cc00000, 0x000000073ce00000|  0%| F|  |TAMS 0x000000073cc00000, 0x000000073cc00000| Untracked 
| 487|0x000000073ce00000, 0x000000073ce00000, 0x000000073d000000|  0%| F|  |TAMS 0x000000073ce00000, 0x000000073ce00000| Untracked 
| 488|0x000000073d000000, 0x000000073d000000, 0x000000073d200000|  0%| F|  |TAMS 0x000000073d000000, 0x000000073d000000| Untracked 
| 489|0x000000073d200000, 0x000000073d200000, 0x000000073d400000|  0%| F|  |TAMS 0x000000073d200000, 0x000000073d200000| Untracked 
| 490|0x000000073d400000, 0x000000073d400000, 0x000000073d600000|  0%| F|  |TAMS 0x000000073d400000, 0x000000073d400000| Untracked 
| 491|0x000000073d600000, 0x000000073d600000, 0x000000073d800000|  0%| F|  |TAMS 0x000000073d600000, 0x000000073d600000| Untracked 
| 492|0x000000073d800000, 0x000000073d800000, 0x000000073da00000|  0%| F|  |TAMS 0x000000073d800000, 0x000000073d800000| Untracked 
| 493|0x000000073da00000, 0x000000073da00000, 0x000000073dc00000|  0%| F|  |TAMS 0x000000073da00000, 0x000000073da00000| Untracked 
| 494|0x000000073dc00000, 0x000000073dc00000, 0x000000073de00000|  0%| F|  |TAMS 0x000000073dc00000, 0x000000073dc00000| Untracked 
| 495|0x000000073de00000, 0x000000073de00000, 0x000000073e000000|  0%| F|  |TAMS 0x000000073de00000, 0x000000073de00000| Untracked 
| 496|0x000000073e000000, 0x000000073e000000, 0x000000073e200000|  0%| F|  |TAMS 0x000000073e000000, 0x000000073e000000| Untracked 
| 497|0x000000073e200000, 0x000000073e200000, 0x000000073e400000|  0%| F|  |TAMS 0x000000073e200000, 0x000000073e200000| Untracked 
| 498|0x000000073e400000, 0x000000073e400000, 0x000000073e600000|  0%| F|  |TAMS 0x000000073e400000, 0x000000073e400000| Untracked 
| 499|0x000000073e600000, 0x000000073e600000, 0x000000073e800000|  0%| F|  |TAMS 0x000000073e600000, 0x000000073e600000| Untracked 
| 500|0x000000073e800000, 0x000000073e800000, 0x000000073ea00000|  0%| F|  |TAMS 0x000000073e800000, 0x000000073e800000| Untracked 
| 501|0x000000073ea00000, 0x000000073ea00000, 0x000000073ec00000|  0%| F|  |TAMS 0x000000073ea00000, 0x000000073ea00000| Untracked 
| 502|0x000000073ec00000, 0x000000073ec00000, 0x000000073ee00000|  0%| F|  |TAMS 0x000000073ec00000, 0x000000073ec00000| Untracked 
| 503|0x000000073ee00000, 0x000000073ee00000, 0x000000073f000000|  0%| F|  |TAMS 0x000000073ee00000, 0x000000073ee00000| Untracked 
| 504|0x000000073f000000, 0x000000073f000000, 0x000000073f200000|  0%| F|  |TAMS 0x000000073f000000, 0x000000073f000000| Untracked 
| 505|0x000000073f200000, 0x000000073f200000, 0x000000073f400000|  0%| F|  |TAMS 0x000000073f200000, 0x000000073f200000| Untracked 
| 506|0x000000073f400000, 0x000000073f400000, 0x000000073f600000|  0%| F|  |TAMS 0x000000073f400000, 0x000000073f400000| Untracked 
| 507|0x000000073f600000, 0x000000073f600000, 0x000000073f800000|  0%| F|  |TAMS 0x000000073f600000, 0x000000073f600000| Untracked 
| 508|0x000000073f800000, 0x000000073f800000, 0x000000073fa00000|  0%| F|  |TAMS 0x000000073f800000, 0x000000073f800000| Untracked 
| 509|0x000000073fa00000, 0x000000073fa00000, 0x000000073fc00000|  0%| F|  |TAMS 0x000000073fa00000, 0x000000073fa00000| Untracked 
| 510|0x000000073fc00000, 0x000000073fc00000, 0x000000073fe00000|  0%| F|  |TAMS 0x000000073fc00000, 0x000000073fc00000| Untracked 
| 511|0x000000073fe00000, 0x000000073fe00000, 0x0000000740000000|  0%| F|  |TAMS 0x000000073fe00000, 0x000000073fe00000| Untracked 
| 512|0x0000000740000000, 0x0000000740000000, 0x0000000740200000|  0%| F|  |TAMS 0x0000000740000000, 0x0000000740000000| Untracked 
| 513|0x0000000740200000, 0x0000000740200000, 0x0000000740400000|  0%| F|  |TAMS 0x0000000740200000, 0x0000000740200000| Untracked 
| 514|0x0000000740400000, 0x0000000740400000, 0x0000000740600000|  0%| F|  |TAMS 0x0000000740400000, 0x0000000740400000| Untracked 
| 515|0x0000000740600000, 0x0000000740600000, 0x0000000740800000|  0%| F|  |TAMS 0x0000000740600000, 0x0000000740600000| Untracked 
| 516|0x0000000740800000, 0x0000000740800000, 0x0000000740a00000|  0%| F|  |TAMS 0x0000000740800000, 0x0000000740800000| Untracked 
| 517|0x0000000740a00000, 0x0000000740a00000, 0x0000000740c00000|  0%| F|  |TAMS 0x0000000740a00000, 0x0000000740a00000| Untracked 
| 518|0x0000000740c00000, 0x0000000740c00000, 0x0000000740e00000|  0%| F|  |TAMS 0x0000000740c00000, 0x0000000740c00000| Untracked 
| 519|0x0000000740e00000, 0x0000000740e00000, 0x0000000741000000|  0%| F|  |TAMS 0x0000000740e00000, 0x0000000740e00000| Untracked 
| 520|0x0000000741000000, 0x0000000741000000, 0x0000000741200000|  0%| F|  |TAMS 0x0000000741000000, 0x0000000741000000| Untracked 
| 521|0x0000000741200000, 0x0000000741200000, 0x0000000741400000|  0%| F|  |TAMS 0x0000000741200000, 0x0000000741200000| Untracked 
| 522|0x0000000741400000, 0x0000000741400000, 0x0000000741600000|  0%| F|  |TAMS 0x0000000741400000, 0x0000000741400000| Untracked 
| 523|0x0000000741600000, 0x0000000741600000, 0x0000000741800000|  0%| F|  |TAMS 0x0000000741600000, 0x0000000741600000| Untracked 
| 524|0x0000000741800000, 0x0000000741800000, 0x0000000741a00000|  0%| F|  |TAMS 0x0000000741800000, 0x0000000741800000| Untracked 
| 525|0x0000000741a00000, 0x0000000741a00000, 0x0000000741c00000|  0%| F|  |TAMS 0x0000000741a00000, 0x0000000741a00000| Untracked 
| 526|0x0000000741c00000, 0x0000000741c00000, 0x0000000741e00000|  0%| F|  |TAMS 0x0000000741c00000, 0x0000000741c00000| Untracked 
| 527|0x0000000741e00000, 0x0000000741e00000, 0x0000000742000000|  0%| F|  |TAMS 0x0000000741e00000, 0x0000000741e00000| Untracked 
| 528|0x0000000742000000, 0x0000000742000000, 0x0000000742200000|  0%| F|  |TAMS 0x0000000742000000, 0x0000000742000000| Untracked 
| 529|0x0000000742200000, 0x0000000742200000, 0x0000000742400000|  0%| F|  |TAMS 0x0000000742200000, 0x0000000742200000| Untracked 
| 530|0x0000000742400000, 0x0000000742400000, 0x0000000742600000|  0%| F|  |TAMS 0x0000000742400000, 0x0000000742400000| Untracked 
| 531|0x0000000742600000, 0x0000000742600000, 0x0000000742800000|  0%| F|  |TAMS 0x0000000742600000, 0x0000000742600000| Untracked 
| 532|0x0000000742800000, 0x0000000742800000, 0x0000000742a00000|  0%| F|  |TAMS 0x0000000742800000, 0x0000000742800000| Untracked 
| 533|0x0000000742a00000, 0x0000000742a00000, 0x0000000742c00000|  0%| F|  |TAMS 0x0000000742a00000, 0x0000000742a00000| Untracked 
| 534|0x0000000742c00000, 0x0000000742c00000, 0x0000000742e00000|  0%| F|  |TAMS 0x0000000742c00000, 0x0000000742c00000| Untracked 
| 535|0x0000000742e00000, 0x0000000742e00000, 0x0000000743000000|  0%| F|  |TAMS 0x0000000742e00000, 0x0000000742e00000| Untracked 
| 536|0x0000000743000000, 0x0000000743000000, 0x0000000743200000|  0%| F|  |TAMS 0x0000000743000000, 0x0000000743000000| Untracked 
| 537|0x0000000743200000, 0x0000000743200000, 0x0000000743400000|  0%| F|  |TAMS 0x0000000743200000, 0x0000000743200000| Untracked 
| 538|0x0000000743400000, 0x0000000743400000, 0x0000000743600000|  0%| F|  |TAMS 0x0000000743400000, 0x0000000743400000| Untracked 
| 539|0x0000000743600000, 0x0000000743600000, 0x0000000743800000|  0%| F|  |TAMS 0x0000000743600000, 0x0000000743600000| Untracked 
| 540|0x0000000743800000, 0x0000000743800000, 0x0000000743a00000|  0%| F|  |TAMS 0x0000000743800000, 0x0000000743800000| Untracked 
| 541|0x0000000743a00000, 0x0000000743a00000, 0x0000000743c00000|  0%| F|  |TAMS 0x0000000743a00000, 0x0000000743a00000| Untracked 
| 542|0x0000000743c00000, 0x0000000743c00000, 0x0000000743e00000|  0%| F|  |TAMS 0x0000000743c00000, 0x0000000743c00000| Untracked 
| 543|0x0000000743e00000, 0x0000000743e00000, 0x0000000744000000|  0%| F|  |TAMS 0x0000000743e00000, 0x0000000743e00000| Untracked 
| 544|0x0000000744000000, 0x0000000744000000, 0x0000000744200000|  0%| F|  |TAMS 0x0000000744000000, 0x0000000744000000| Untracked 
| 545|0x0000000744200000, 0x0000000744200000, 0x0000000744400000|  0%| F|  |TAMS 0x0000000744200000, 0x0000000744200000| Untracked 
| 546|0x0000000744400000, 0x0000000744400000, 0x0000000744600000|  0%| F|  |TAMS 0x0000000744400000, 0x0000000744400000| Untracked 
| 547|0x0000000744600000, 0x0000000744600000, 0x0000000744800000|  0%| F|  |TAMS 0x0000000744600000, 0x0000000744600000| Untracked 
| 548|0x0000000744800000, 0x0000000744800000, 0x0000000744a00000|  0%| F|  |TAMS 0x0000000744800000, 0x0000000744800000| Untracked 
| 549|0x0000000744a00000, 0x0000000744a00000, 0x0000000744c00000|  0%| F|  |TAMS 0x0000000744a00000, 0x0000000744a00000| Untracked 
| 550|0x0000000744c00000, 0x0000000744c00000, 0x0000000744e00000|  0%| F|  |TAMS 0x0000000744c00000, 0x0000000744c00000| Untracked 
| 551|0x0000000744e00000, 0x0000000744e00000, 0x0000000745000000|  0%| F|  |TAMS 0x0000000744e00000, 0x0000000744e00000| Untracked 
| 552|0x0000000745000000, 0x0000000745000000, 0x0000000745200000|  0%| F|  |TAMS 0x0000000745000000, 0x0000000745000000| Untracked 
| 553|0x0000000745200000, 0x0000000745200000, 0x0000000745400000|  0%| F|  |TAMS 0x0000000745200000, 0x0000000745200000| Untracked 
| 554|0x0000000745400000, 0x0000000745400000, 0x0000000745600000|  0%| F|  |TAMS 0x0000000745400000, 0x0000000745400000| Untracked 
| 555|0x0000000745600000, 0x0000000745600000, 0x0000000745800000|  0%| F|  |TAMS 0x0000000745600000, 0x0000000745600000| Untracked 
| 556|0x0000000745800000, 0x0000000745800000, 0x0000000745a00000|  0%| F|  |TAMS 0x0000000745800000, 0x0000000745800000| Untracked 
| 557|0x0000000745a00000, 0x0000000745a00000, 0x0000000745c00000|  0%| F|  |TAMS 0x0000000745a00000, 0x0000000745a00000| Untracked 
| 558|0x0000000745c00000, 0x0000000745c00000, 0x0000000745e00000|  0%| F|  |TAMS 0x0000000745c00000, 0x0000000745c00000| Untracked 
| 559|0x0000000745e00000, 0x0000000745e00000, 0x0000000746000000|  0%| F|  |TAMS 0x0000000745e00000, 0x0000000745e00000| Untracked 
| 560|0x0000000746000000, 0x0000000746000000, 0x0000000746200000|  0%| F|  |TAMS 0x0000000746000000, 0x0000000746000000| Untracked 
| 561|0x0000000746200000, 0x0000000746200000, 0x0000000746400000|  0%| F|  |TAMS 0x0000000746200000, 0x0000000746200000| Untracked 
| 562|0x0000000746400000, 0x0000000746400000, 0x0000000746600000|  0%| F|  |TAMS 0x0000000746400000, 0x0000000746400000| Untracked 
| 563|0x0000000746600000, 0x0000000746600000, 0x0000000746800000|  0%| F|  |TAMS 0x0000000746600000, 0x0000000746600000| Untracked 
| 564|0x0000000746800000, 0x0000000746800000, 0x0000000746a00000|  0%| F|  |TAMS 0x0000000746800000, 0x0000000746800000| Untracked 
| 565|0x0000000746a00000, 0x0000000746a00000, 0x0000000746c00000|  0%| F|  |TAMS 0x0000000746a00000, 0x0000000746a00000| Untracked 
| 566|0x0000000746c00000, 0x0000000746c00000, 0x0000000746e00000|  0%| F|  |TAMS 0x0000000746c00000, 0x0000000746c00000| Untracked 
| 567|0x0000000746e00000, 0x0000000746e00000, 0x0000000747000000|  0%| F|  |TAMS 0x0000000746e00000, 0x0000000746e00000| Untracked 
| 568|0x0000000747000000, 0x0000000747000000, 0x0000000747200000|  0%| F|  |TAMS 0x0000000747000000, 0x0000000747000000| Untracked 
| 569|0x0000000747200000, 0x0000000747200000, 0x0000000747400000|  0%| F|  |TAMS 0x0000000747200000, 0x0000000747200000| Untracked 
| 570|0x0000000747400000, 0x0000000747400000, 0x0000000747600000|  0%| F|  |TAMS 0x0000000747400000, 0x0000000747400000| Untracked 
| 571|0x0000000747600000, 0x0000000747600000, 0x0000000747800000|  0%| F|  |TAMS 0x0000000747600000, 0x0000000747600000| Untracked 
| 572|0x0000000747800000, 0x0000000747800000, 0x0000000747a00000|  0%| F|  |TAMS 0x0000000747800000, 0x0000000747800000| Untracked 
| 573|0x0000000747a00000, 0x0000000747a00000, 0x0000000747c00000|  0%| F|  |TAMS 0x0000000747a00000, 0x0000000747a00000| Untracked 
| 574|0x0000000747c00000, 0x0000000747c00000, 0x0000000747e00000|  0%| F|  |TAMS 0x0000000747c00000, 0x0000000747c00000| Untracked 
| 575|0x0000000747e00000, 0x0000000747e00000, 0x0000000748000000|  0%| F|  |TAMS 0x0000000747e00000, 0x0000000747e00000| Untracked 
| 576|0x0000000748000000, 0x0000000748000000, 0x0000000748200000|  0%| F|  |TAMS 0x0000000748000000, 0x0000000748000000| Untracked 
| 577|0x0000000748200000, 0x0000000748200000, 0x0000000748400000|  0%| F|  |TAMS 0x0000000748200000, 0x0000000748200000| Untracked 
| 578|0x0000000748400000, 0x0000000748400000, 0x0000000748600000|  0%| F|  |TAMS 0x0000000748400000, 0x0000000748400000| Untracked 
| 579|0x0000000748600000, 0x0000000748600000, 0x0000000748800000|  0%| F|  |TAMS 0x0000000748600000, 0x0000000748600000| Untracked 
| 580|0x0000000748800000, 0x0000000748800000, 0x0000000748a00000|  0%| F|  |TAMS 0x0000000748800000, 0x0000000748800000| Untracked 
| 581|0x0000000748a00000, 0x0000000748a00000, 0x0000000748c00000|  0%| F|  |TAMS 0x0000000748a00000, 0x0000000748a00000| Untracked 
| 582|0x0000000748c00000, 0x0000000748c00000, 0x0000000748e00000|  0%| F|  |TAMS 0x0000000748c00000, 0x0000000748c00000| Untracked 
| 583|0x0000000748e00000, 0x0000000748e00000, 0x0000000749000000|  0%| F|  |TAMS 0x0000000748e00000, 0x0000000748e00000| Untracked 
| 584|0x0000000749000000, 0x0000000749000000, 0x0000000749200000|  0%| F|  |TAMS 0x0000000749000000, 0x0000000749000000| Untracked 
| 585|0x0000000749200000, 0x0000000749200000, 0x0000000749400000|  0%| F|  |TAMS 0x0000000749200000, 0x0000000749200000| Untracked 
| 586|0x0000000749400000, 0x0000000749400000, 0x0000000749600000|  0%| F|  |TAMS 0x0000000749400000, 0x0000000749400000| Untracked 
| 587|0x0000000749600000, 0x0000000749600000, 0x0000000749800000|  0%| F|  |TAMS 0x0000000749600000, 0x0000000749600000| Untracked 
| 588|0x0000000749800000, 0x0000000749800000, 0x0000000749a00000|  0%| F|  |TAMS 0x0000000749800000, 0x0000000749800000| Untracked 
| 589|0x0000000749a00000, 0x0000000749a00000, 0x0000000749c00000|  0%| F|  |TAMS 0x0000000749a00000, 0x0000000749a00000| Untracked 
| 590|0x0000000749c00000, 0x0000000749c00000, 0x0000000749e00000|  0%| F|  |TAMS 0x0000000749c00000, 0x0000000749c00000| Untracked 
| 591|0x0000000749e00000, 0x0000000749e00000, 0x000000074a000000|  0%| F|  |TAMS 0x0000000749e00000, 0x0000000749e00000| Untracked 
| 592|0x000000074a000000, 0x000000074a000000, 0x000000074a200000|  0%| F|  |TAMS 0x000000074a000000, 0x000000074a000000| Untracked 
| 593|0x000000074a200000, 0x000000074a200000, 0x000000074a400000|  0%| F|  |TAMS 0x000000074a200000, 0x000000074a200000| Untracked 
| 594|0x000000074a400000, 0x000000074a400000, 0x000000074a600000|  0%| F|  |TAMS 0x000000074a400000, 0x000000074a400000| Untracked 
| 595|0x000000074a600000, 0x000000074a600000, 0x000000074a800000|  0%| F|  |TAMS 0x000000074a600000, 0x000000074a600000| Untracked 
| 596|0x000000074a800000, 0x000000074a800000, 0x000000074aa00000|  0%| F|  |TAMS 0x000000074a800000, 0x000000074a800000| Untracked 
| 597|0x000000074aa00000, 0x000000074aa00000, 0x000000074ac00000|  0%| F|  |TAMS 0x000000074aa00000, 0x000000074aa00000| Untracked 
| 598|0x000000074ac00000, 0x000000074ac00000, 0x000000074ae00000|  0%| F|  |TAMS 0x000000074ac00000, 0x000000074ac00000| Untracked 
| 599|0x000000074ae00000, 0x000000074ae00000, 0x000000074b000000|  0%| F|  |TAMS 0x000000074ae00000, 0x000000074ae00000| Untracked 
| 600|0x000000074b000000, 0x000000074b000000, 0x000000074b200000|  0%| F|  |TAMS 0x000000074b000000, 0x000000074b000000| Untracked 
| 601|0x000000074b200000, 0x000000074b200000, 0x000000074b400000|  0%| F|  |TAMS 0x000000074b200000, 0x000000074b200000| Untracked 
| 602|0x000000074b400000, 0x000000074b400000, 0x000000074b600000|  0%| F|  |TAMS 0x000000074b400000, 0x000000074b400000| Untracked 
| 603|0x000000074b600000, 0x000000074b600000, 0x000000074b800000|  0%| F|  |TAMS 0x000000074b600000, 0x000000074b600000| Untracked 
| 604|0x000000074b800000, 0x000000074b800000, 0x000000074ba00000|  0%| F|  |TAMS 0x000000074b800000, 0x000000074b800000| Untracked 
| 605|0x000000074ba00000, 0x000000074ba00000, 0x000000074bc00000|  0%| F|  |TAMS 0x000000074ba00000, 0x000000074ba00000| Untracked 
| 606|0x000000074bc00000, 0x000000074bc00000, 0x000000074be00000|  0%| F|  |TAMS 0x000000074bc00000, 0x000000074bc00000| Untracked 
| 607|0x000000074be00000, 0x000000074be00000, 0x000000074c000000|  0%| F|  |TAMS 0x000000074be00000, 0x000000074be00000| Untracked 
| 608|0x000000074c000000, 0x000000074c000000, 0x000000074c200000|  0%| F|  |TAMS 0x000000074c000000, 0x000000074c000000| Untracked 
| 609|0x000000074c200000, 0x000000074c200000, 0x000000074c400000|  0%| F|  |TAMS 0x000000074c200000, 0x000000074c200000| Untracked 
| 610|0x000000074c400000, 0x000000074c400000, 0x000000074c600000|  0%| F|  |TAMS 0x000000074c400000, 0x000000074c400000| Untracked 
| 611|0x000000074c600000, 0x000000074c600000, 0x000000074c800000|  0%| F|  |TAMS 0x000000074c600000, 0x000000074c600000| Untracked 
| 612|0x000000074c800000, 0x000000074c800000, 0x000000074ca00000|  0%| F|  |TAMS 0x000000074c800000, 0x000000074c800000| Untracked 
| 613|0x000000074ca00000, 0x000000074ca00000, 0x000000074cc00000|  0%| F|  |TAMS 0x000000074ca00000, 0x000000074ca00000| Untracked 
| 614|0x000000074cc00000, 0x000000074cc00000, 0x000000074ce00000|  0%| F|  |TAMS 0x000000074cc00000, 0x000000074cc00000| Untracked 
| 615|0x000000074ce00000, 0x000000074ce00000, 0x000000074d000000|  0%| F|  |TAMS 0x000000074ce00000, 0x000000074ce00000| Untracked 
| 616|0x000000074d000000, 0x000000074d000000, 0x000000074d200000|  0%| F|  |TAMS 0x000000074d000000, 0x000000074d000000| Untracked 
| 617|0x000000074d200000, 0x000000074d200000, 0x000000074d400000|  0%| F|  |TAMS 0x000000074d200000, 0x000000074d200000| Untracked 
| 618|0x000000074d400000, 0x000000074d400000, 0x000000074d600000|  0%| F|  |TAMS 0x000000074d400000, 0x000000074d400000| Untracked 
| 619|0x000000074d600000, 0x000000074d600000, 0x000000074d800000|  0%| F|  |TAMS 0x000000074d600000, 0x000000074d600000| Untracked 
| 620|0x000000074d800000, 0x000000074d800000, 0x000000074da00000|  0%| F|  |TAMS 0x000000074d800000, 0x000000074d800000| Untracked 
| 621|0x000000074da00000, 0x000000074da00000, 0x000000074dc00000|  0%| F|  |TAMS 0x000000074da00000, 0x000000074da00000| Untracked 
| 622|0x000000074dc00000, 0x000000074dc00000, 0x000000074de00000|  0%| F|  |TAMS 0x000000074dc00000, 0x000000074dc00000| Untracked 
| 623|0x000000074de00000, 0x000000074de00000, 0x000000074e000000|  0%| F|  |TAMS 0x000000074de00000, 0x000000074de00000| Untracked 
| 624|0x000000074e000000, 0x000000074e000000, 0x000000074e200000|  0%| F|  |TAMS 0x000000074e000000, 0x000000074e000000| Untracked 
| 625|0x000000074e200000, 0x000000074e200000, 0x000000074e400000|  0%| F|  |TAMS 0x000000074e200000, 0x000000074e200000| Untracked 
| 626|0x000000074e400000, 0x000000074e400000, 0x000000074e600000|  0%| F|  |TAMS 0x000000074e400000, 0x000000074e400000| Untracked 
| 627|0x000000074e600000, 0x000000074e600000, 0x000000074e800000|  0%| F|  |TAMS 0x000000074e600000, 0x000000074e600000| Untracked 
| 628|0x000000074e800000, 0x000000074e800000, 0x000000074ea00000|  0%| F|  |TAMS 0x000000074e800000, 0x000000074e800000| Untracked 
| 629|0x000000074ea00000, 0x000000074ea00000, 0x000000074ec00000|  0%| F|  |TAMS 0x000000074ea00000, 0x000000074ea00000| Untracked 
| 630|0x000000074ec00000, 0x000000074ec00000, 0x000000074ee00000|  0%| F|  |TAMS 0x000000074ec00000, 0x000000074ec00000| Untracked 
| 631|0x000000074ee00000, 0x000000074ee00000, 0x000000074f000000|  0%| F|  |TAMS 0x000000074ee00000, 0x000000074ee00000| Untracked 
| 632|0x000000074f000000, 0x000000074f000000, 0x000000074f200000|  0%| F|  |TAMS 0x000000074f000000, 0x000000074f000000| Untracked 
| 633|0x000000074f200000, 0x000000074f200000, 0x000000074f400000|  0%| F|  |TAMS 0x000000074f200000, 0x000000074f200000| Untracked 
| 634|0x000000074f400000, 0x000000074f400000, 0x000000074f600000|  0%| F|  |TAMS 0x000000074f400000, 0x000000074f400000| Untracked 
| 635|0x000000074f600000, 0x000000074f600000, 0x000000074f800000|  0%| F|  |TAMS 0x000000074f600000, 0x000000074f600000| Untracked 
| 636|0x000000074f800000, 0x000000074f800000, 0x000000074fa00000|  0%| F|  |TAMS 0x000000074f800000, 0x000000074f800000| Untracked 
| 637|0x000000074fa00000, 0x000000074fa00000, 0x000000074fc00000|  0%| F|  |TAMS 0x000000074fa00000, 0x000000074fa00000| Untracked 
| 638|0x000000074fc00000, 0x000000074fc00000, 0x000000074fe00000|  0%| F|  |TAMS 0x000000074fc00000, 0x000000074fc00000| Untracked 
| 639|0x000000074fe00000, 0x000000074fe00000, 0x0000000750000000|  0%| F|  |TAMS 0x000000074fe00000, 0x000000074fe00000| Untracked 
| 640|0x0000000750000000, 0x0000000750000000, 0x0000000750200000|  0%| F|  |TAMS 0x0000000750000000, 0x0000000750000000| Untracked 
| 641|0x0000000750200000, 0x0000000750200000, 0x0000000750400000|  0%| F|  |TAMS 0x0000000750200000, 0x0000000750200000| Untracked 
| 642|0x0000000750400000, 0x0000000750400000, 0x0000000750600000|  0%| F|  |TAMS 0x0000000750400000, 0x0000000750400000| Untracked 
| 643|0x0000000750600000, 0x0000000750600000, 0x0000000750800000|  0%| F|  |TAMS 0x0000000750600000, 0x0000000750600000| Untracked 
| 644|0x0000000750800000, 0x0000000750800000, 0x0000000750a00000|  0%| F|  |TAMS 0x0000000750800000, 0x0000000750800000| Untracked 
| 645|0x0000000750a00000, 0x0000000750a00000, 0x0000000750c00000|  0%| F|  |TAMS 0x0000000750a00000, 0x0000000750a00000| Untracked 
| 646|0x0000000750c00000, 0x0000000750c00000, 0x0000000750e00000|  0%| F|  |TAMS 0x0000000750c00000, 0x0000000750c00000| Untracked 
| 647|0x0000000750e00000, 0x0000000750e00000, 0x0000000751000000|  0%| F|  |TAMS 0x0000000750e00000, 0x0000000750e00000| Untracked 
| 648|0x0000000751000000, 0x0000000751000000, 0x0000000751200000|  0%| F|  |TAMS 0x0000000751000000, 0x0000000751000000| Untracked 
| 649|0x0000000751200000, 0x0000000751200000, 0x0000000751400000|  0%| F|  |TAMS 0x0000000751200000, 0x0000000751200000| Untracked 
| 650|0x0000000751400000, 0x0000000751400000, 0x0000000751600000|  0%| F|  |TAMS 0x0000000751400000, 0x0000000751400000| Untracked 
| 651|0x0000000751600000, 0x0000000751600000, 0x0000000751800000|  0%| F|  |TAMS 0x0000000751600000, 0x0000000751600000| Untracked 
| 652|0x0000000751800000, 0x0000000751800000, 0x0000000751a00000|  0%| F|  |TAMS 0x0000000751800000, 0x0000000751800000| Untracked 
| 653|0x0000000751a00000, 0x0000000751a00000, 0x0000000751c00000|  0%| F|  |TAMS 0x0000000751a00000, 0x0000000751a00000| Untracked 
| 654|0x0000000751c00000, 0x0000000751c00000, 0x0000000751e00000|  0%| F|  |TAMS 0x0000000751c00000, 0x0000000751c00000| Untracked 
| 655|0x0000000751e00000, 0x0000000751e00000, 0x0000000752000000|  0%| F|  |TAMS 0x0000000751e00000, 0x0000000751e00000| Untracked 
| 656|0x0000000752000000, 0x0000000752000000, 0x0000000752200000|  0%| F|  |TAMS 0x0000000752000000, 0x0000000752000000| Untracked 
| 657|0x0000000752200000, 0x0000000752200000, 0x0000000752400000|  0%| F|  |TAMS 0x0000000752200000, 0x0000000752200000| Untracked 
| 658|0x0000000752400000, 0x0000000752400000, 0x0000000752600000|  0%| F|  |TAMS 0x0000000752400000, 0x0000000752400000| Untracked 
| 659|0x0000000752600000, 0x0000000752600000, 0x0000000752800000|  0%| F|  |TAMS 0x0000000752600000, 0x0000000752600000| Untracked 
| 660|0x0000000752800000, 0x0000000752800000, 0x0000000752a00000|  0%| F|  |TAMS 0x0000000752800000, 0x0000000752800000| Untracked 
| 661|0x0000000752a00000, 0x0000000752a00000, 0x0000000752c00000|  0%| F|  |TAMS 0x0000000752a00000, 0x0000000752a00000| Untracked 
| 662|0x0000000752c00000, 0x0000000752c00000, 0x0000000752e00000|  0%| F|  |TAMS 0x0000000752c00000, 0x0000000752c00000| Untracked 
| 663|0x0000000752e00000, 0x0000000752e00000, 0x0000000753000000|  0%| F|  |TAMS 0x0000000752e00000, 0x0000000752e00000| Untracked 
| 664|0x0000000753000000, 0x0000000753000000, 0x0000000753200000|  0%| F|  |TAMS 0x0000000753000000, 0x0000000753000000| Untracked 
| 665|0x0000000753200000, 0x0000000753200000, 0x0000000753400000|  0%| F|  |TAMS 0x0000000753200000, 0x0000000753200000| Untracked 
| 666|0x0000000753400000, 0x0000000753400000, 0x0000000753600000|  0%| F|  |TAMS 0x0000000753400000, 0x0000000753400000| Untracked 
| 667|0x0000000753600000, 0x0000000753600000, 0x0000000753800000|  0%| F|  |TAMS 0x0000000753600000, 0x0000000753600000| Untracked 
| 668|0x0000000753800000, 0x0000000753800000, 0x0000000753a00000|  0%| F|  |TAMS 0x0000000753800000, 0x0000000753800000| Untracked 
| 669|0x0000000753a00000, 0x0000000753a00000, 0x0000000753c00000|  0%| F|  |TAMS 0x0000000753a00000, 0x0000000753a00000| Untracked 
| 670|0x0000000753c00000, 0x0000000753c00000, 0x0000000753e00000|  0%| F|  |TAMS 0x0000000753c00000, 0x0000000753c00000| Untracked 
| 671|0x0000000753e00000, 0x0000000753e00000, 0x0000000754000000|  0%| F|  |TAMS 0x0000000753e00000, 0x0000000753e00000| Untracked 
| 672|0x0000000754000000, 0x0000000754000000, 0x0000000754200000|  0%| F|  |TAMS 0x0000000754000000, 0x0000000754000000| Untracked 
| 673|0x0000000754200000, 0x0000000754200000, 0x0000000754400000|  0%| F|  |TAMS 0x0000000754200000, 0x0000000754200000| Untracked 
| 674|0x0000000754400000, 0x0000000754400000, 0x0000000754600000|  0%| F|  |TAMS 0x0000000754400000, 0x0000000754400000| Untracked 
| 675|0x0000000754600000, 0x0000000754600000, 0x0000000754800000|  0%| F|  |TAMS 0x0000000754600000, 0x0000000754600000| Untracked 
| 676|0x0000000754800000, 0x0000000754800000, 0x0000000754a00000|  0%| F|  |TAMS 0x0000000754800000, 0x0000000754800000| Untracked 
| 677|0x0000000754a00000, 0x0000000754a00000, 0x0000000754c00000|  0%| F|  |TAMS 0x0000000754a00000, 0x0000000754a00000| Untracked 
| 678|0x0000000754c00000, 0x0000000754c00000, 0x0000000754e00000|  0%| F|  |TAMS 0x0000000754c00000, 0x0000000754c00000| Untracked 
| 679|0x0000000754e00000, 0x0000000754e00000, 0x0000000755000000|  0%| F|  |TAMS 0x0000000754e00000, 0x0000000754e00000| Untracked 
| 680|0x0000000755000000, 0x0000000755000000, 0x0000000755200000|  0%| F|  |TAMS 0x0000000755000000, 0x0000000755000000| Untracked 
| 681|0x0000000755200000, 0x0000000755200000, 0x0000000755400000|  0%| F|  |TAMS 0x0000000755200000, 0x0000000755200000| Untracked 
| 682|0x0000000755400000, 0x0000000755400000, 0x0000000755600000|  0%| F|  |TAMS 0x0000000755400000, 0x0000000755400000| Untracked 
| 683|0x0000000755600000, 0x0000000755600000, 0x0000000755800000|  0%| F|  |TAMS 0x0000000755600000, 0x0000000755600000| Untracked 
| 684|0x0000000755800000, 0x0000000755800000, 0x0000000755a00000|  0%| F|  |TAMS 0x0000000755800000, 0x0000000755800000| Untracked 
| 685|0x0000000755a00000, 0x0000000755a00000, 0x0000000755c00000|  0%| F|  |TAMS 0x0000000755a00000, 0x0000000755a00000| Untracked 
| 686|0x0000000755c00000, 0x0000000755c00000, 0x0000000755e00000|  0%| F|  |TAMS 0x0000000755c00000, 0x0000000755c00000| Untracked 
| 687|0x0000000755e00000, 0x0000000755e00000, 0x0000000756000000|  0%| F|  |TAMS 0x0000000755e00000, 0x0000000755e00000| Untracked 
| 688|0x0000000756000000, 0x0000000756000000, 0x0000000756200000|  0%| F|  |TAMS 0x0000000756000000, 0x0000000756000000| Untracked 
| 689|0x0000000756200000, 0x0000000756200000, 0x0000000756400000|  0%| F|  |TAMS 0x0000000756200000, 0x0000000756200000| Untracked 
| 690|0x0000000756400000, 0x0000000756400000, 0x0000000756600000|  0%| F|  |TAMS 0x0000000756400000, 0x0000000756400000| Untracked 
| 691|0x0000000756600000, 0x0000000756600000, 0x0000000756800000|  0%| F|  |TAMS 0x0000000756600000, 0x0000000756600000| Untracked 
| 692|0x0000000756800000, 0x0000000756800000, 0x0000000756a00000|  0%| F|  |TAMS 0x0000000756800000, 0x0000000756800000| Untracked 
| 693|0x0000000756a00000, 0x0000000756a00000, 0x0000000756c00000|  0%| F|  |TAMS 0x0000000756a00000, 0x0000000756a00000| Untracked 
| 694|0x0000000756c00000, 0x0000000756c00000, 0x0000000756e00000|  0%| F|  |TAMS 0x0000000756c00000, 0x0000000756c00000| Untracked 
| 695|0x0000000756e00000, 0x0000000756e00000, 0x0000000757000000|  0%| F|  |TAMS 0x0000000756e00000, 0x0000000756e00000| Untracked 
| 696|0x0000000757000000, 0x0000000757000000, 0x0000000757200000|  0%| F|  |TAMS 0x0000000757000000, 0x0000000757000000| Untracked 
| 697|0x0000000757200000, 0x0000000757200000, 0x0000000757400000|  0%| F|  |TAMS 0x0000000757200000, 0x0000000757200000| Untracked 
| 698|0x0000000757400000, 0x0000000757400000, 0x0000000757600000|  0%| F|  |TAMS 0x0000000757400000, 0x0000000757400000| Untracked 
| 699|0x0000000757600000, 0x0000000757600000, 0x0000000757800000|  0%| F|  |TAMS 0x0000000757600000, 0x0000000757600000| Untracked 
| 700|0x0000000757800000, 0x0000000757800000, 0x0000000757a00000|  0%| F|  |TAMS 0x0000000757800000, 0x0000000757800000| Untracked 
| 701|0x0000000757a00000, 0x0000000757a00000, 0x0000000757c00000|  0%| F|  |TAMS 0x0000000757a00000, 0x0000000757a00000| Untracked 
| 702|0x0000000757c00000, 0x0000000757c00000, 0x0000000757e00000|  0%| F|  |TAMS 0x0000000757c00000, 0x0000000757c00000| Untracked 
| 703|0x0000000757e00000, 0x0000000757e00000, 0x0000000758000000|  0%| F|  |TAMS 0x0000000757e00000, 0x0000000757e00000| Untracked 
| 704|0x0000000758000000, 0x0000000758000000, 0x0000000758200000|  0%| F|  |TAMS 0x0000000758000000, 0x0000000758000000| Untracked 
| 705|0x0000000758200000, 0x0000000758200000, 0x0000000758400000|  0%| F|  |TAMS 0x0000000758200000, 0x0000000758200000| Untracked 
| 706|0x0000000758400000, 0x0000000758400000, 0x0000000758600000|  0%| F|  |TAMS 0x0000000758400000, 0x0000000758400000| Untracked 
| 707|0x0000000758600000, 0x0000000758600000, 0x0000000758800000|  0%| F|  |TAMS 0x0000000758600000, 0x0000000758600000| Untracked 
| 708|0x0000000758800000, 0x0000000758800000, 0x0000000758a00000|  0%| F|  |TAMS 0x0000000758800000, 0x0000000758800000| Untracked 
| 709|0x0000000758a00000, 0x0000000758a00000, 0x0000000758c00000|  0%| F|  |TAMS 0x0000000758a00000, 0x0000000758a00000| Untracked 
| 710|0x0000000758c00000, 0x0000000758c00000, 0x0000000758e00000|  0%| F|  |TAMS 0x0000000758c00000, 0x0000000758c00000| Untracked 
| 711|0x0000000758e00000, 0x0000000758e00000, 0x0000000759000000|  0%| F|  |TAMS 0x0000000758e00000, 0x0000000758e00000| Untracked 
| 712|0x0000000759000000, 0x0000000759000000, 0x0000000759200000|  0%| F|  |TAMS 0x0000000759000000, 0x0000000759000000| Untracked 
| 713|0x0000000759200000, 0x0000000759200000, 0x0000000759400000|  0%| F|  |TAMS 0x0000000759200000, 0x0000000759200000| Untracked 
| 714|0x0000000759400000, 0x0000000759400000, 0x0000000759600000|  0%| F|  |TAMS 0x0000000759400000, 0x0000000759400000| Untracked 
| 715|0x0000000759600000, 0x0000000759600000, 0x0000000759800000|  0%| F|  |TAMS 0x0000000759600000, 0x0000000759600000| Untracked 
| 716|0x0000000759800000, 0x0000000759800000, 0x0000000759a00000|  0%| F|  |TAMS 0x0000000759800000, 0x0000000759800000| Untracked 
| 717|0x0000000759a00000, 0x0000000759a00000, 0x0000000759c00000|  0%| F|  |TAMS 0x0000000759a00000, 0x0000000759a00000| Untracked 
| 718|0x0000000759c00000, 0x0000000759c00000, 0x0000000759e00000|  0%| F|  |TAMS 0x0000000759c00000, 0x0000000759c00000| Untracked 
| 719|0x0000000759e00000, 0x0000000759e00000, 0x000000075a000000|  0%| F|  |TAMS 0x0000000759e00000, 0x0000000759e00000| Untracked 
| 720|0x000000075a000000, 0x000000075a000000, 0x000000075a200000|  0%| F|  |TAMS 0x000000075a000000, 0x000000075a000000| Untracked 
| 721|0x000000075a200000, 0x000000075a200000, 0x000000075a400000|  0%| F|  |TAMS 0x000000075a200000, 0x000000075a200000| Untracked 
| 722|0x000000075a400000, 0x000000075a400000, 0x000000075a600000|  0%| F|  |TAMS 0x000000075a400000, 0x000000075a400000| Untracked 
| 723|0x000000075a600000, 0x000000075a600000, 0x000000075a800000|  0%| F|  |TAMS 0x000000075a600000, 0x000000075a600000| Untracked 
| 724|0x000000075a800000, 0x000000075a800000, 0x000000075aa00000|  0%| F|  |TAMS 0x000000075a800000, 0x000000075a800000| Untracked 
| 725|0x000000075aa00000, 0x000000075aa00000, 0x000000075ac00000|  0%| F|  |TAMS 0x000000075aa00000, 0x000000075aa00000| Untracked 
| 726|0x000000075ac00000, 0x000000075ac00000, 0x000000075ae00000|  0%| F|  |TAMS 0x000000075ac00000, 0x000000075ac00000| Untracked 
| 727|0x000000075ae00000, 0x000000075ae00000, 0x000000075b000000|  0%| F|  |TAMS 0x000000075ae00000, 0x000000075ae00000| Untracked 
| 728|0x000000075b000000, 0x000000075b000000, 0x000000075b200000|  0%| F|  |TAMS 0x000000075b000000, 0x000000075b000000| Untracked 
| 729|0x000000075b200000, 0x000000075b200000, 0x000000075b400000|  0%| F|  |TAMS 0x000000075b200000, 0x000000075b200000| Untracked 
| 730|0x000000075b400000, 0x000000075b400000, 0x000000075b600000|  0%| F|  |TAMS 0x000000075b400000, 0x000000075b400000| Untracked 
| 731|0x000000075b600000, 0x000000075b600000, 0x000000075b800000|  0%| F|  |TAMS 0x000000075b600000, 0x000000075b600000| Untracked 
| 732|0x000000075b800000, 0x000000075b800000, 0x000000075ba00000|  0%| F|  |TAMS 0x000000075b800000, 0x000000075b800000| Untracked 
| 733|0x000000075ba00000, 0x000000075ba00000, 0x000000075bc00000|  0%| F|  |TAMS 0x000000075ba00000, 0x000000075ba00000| Untracked 
| 734|0x000000075bc00000, 0x000000075bc00000, 0x000000075be00000|  0%| F|  |TAMS 0x000000075bc00000, 0x000000075bc00000| Untracked 
| 735|0x000000075be00000, 0x000000075be00000, 0x000000075c000000|  0%| F|  |TAMS 0x000000075be00000, 0x000000075be00000| Untracked 
| 736|0x000000075c000000, 0x000000075c000000, 0x000000075c200000|  0%| F|  |TAMS 0x000000075c000000, 0x000000075c000000| Untracked 
| 737|0x000000075c200000, 0x000000075c200000, 0x000000075c400000|  0%| F|  |TAMS 0x000000075c200000, 0x000000075c200000| Untracked 
| 738|0x000000075c400000, 0x000000075c400000, 0x000000075c600000|  0%| F|  |TAMS 0x000000075c400000, 0x000000075c400000| Untracked 
| 739|0x000000075c600000, 0x000000075c600000, 0x000000075c800000|  0%| F|  |TAMS 0x000000075c600000, 0x000000075c600000| Untracked 
| 740|0x000000075c800000, 0x000000075c800000, 0x000000075ca00000|  0%| F|  |TAMS 0x000000075c800000, 0x000000075c800000| Untracked 
| 741|0x000000075ca00000, 0x000000075ca00000, 0x000000075cc00000|  0%| F|  |TAMS 0x000000075ca00000, 0x000000075ca00000| Untracked 
| 742|0x000000075cc00000, 0x000000075cc00000, 0x000000075ce00000|  0%| F|  |TAMS 0x000000075cc00000, 0x000000075cc00000| Untracked 
| 743|0x000000075ce00000, 0x000000075ce00000, 0x000000075d000000|  0%| F|  |TAMS 0x000000075ce00000, 0x000000075ce00000| Untracked 
| 744|0x000000075d000000, 0x000000075d000000, 0x000000075d200000|  0%| F|  |TAMS 0x000000075d000000, 0x000000075d000000| Untracked 
| 745|0x000000075d200000, 0x000000075d200000, 0x000000075d400000|  0%| F|  |TAMS 0x000000075d200000, 0x000000075d200000| Untracked 
| 746|0x000000075d400000, 0x000000075d400000, 0x000000075d600000|  0%| F|  |TAMS 0x000000075d400000, 0x000000075d400000| Untracked 
| 747|0x000000075d600000, 0x000000075d600000, 0x000000075d800000|  0%| F|  |TAMS 0x000000075d600000, 0x000000075d600000| Untracked 
| 748|0x000000075d800000, 0x000000075d800000, 0x000000075da00000|  0%| F|  |TAMS 0x000000075d800000, 0x000000075d800000| Untracked 
| 749|0x000000075da00000, 0x000000075da00000, 0x000000075dc00000|  0%| F|  |TAMS 0x000000075da00000, 0x000000075da00000| Untracked 
| 750|0x000000075dc00000, 0x000000075dc00000, 0x000000075de00000|  0%| F|  |TAMS 0x000000075dc00000, 0x000000075dc00000| Untracked 
| 751|0x000000075de00000, 0x000000075de00000, 0x000000075e000000|  0%| F|  |TAMS 0x000000075de00000, 0x000000075de00000| Untracked 
| 752|0x000000075e000000, 0x000000075e000000, 0x000000075e200000|  0%| F|  |TAMS 0x000000075e000000, 0x000000075e000000| Untracked 
| 753|0x000000075e200000, 0x000000075e200000, 0x000000075e400000|  0%| F|  |TAMS 0x000000075e200000, 0x000000075e200000| Untracked 
| 754|0x000000075e400000, 0x000000075e400000, 0x000000075e600000|  0%| F|  |TAMS 0x000000075e400000, 0x000000075e400000| Untracked 
| 755|0x000000075e600000, 0x000000075e600000, 0x000000075e800000|  0%| F|  |TAMS 0x000000075e600000, 0x000000075e600000| Untracked 
| 756|0x000000075e800000, 0x000000075e800000, 0x000000075ea00000|  0%| F|  |TAMS 0x000000075e800000, 0x000000075e800000| Untracked 
| 757|0x000000075ea00000, 0x000000075ea00000, 0x000000075ec00000|  0%| F|  |TAMS 0x000000075ea00000, 0x000000075ea00000| Untracked 
| 758|0x000000075ec00000, 0x000000075ec00000, 0x000000075ee00000|  0%| F|  |TAMS 0x000000075ec00000, 0x000000075ec00000| Untracked 
| 759|0x000000075ee00000, 0x000000075ee00000, 0x000000075f000000|  0%| F|  |TAMS 0x000000075ee00000, 0x000000075ee00000| Untracked 
| 760|0x000000075f000000, 0x000000075f1828f0, 0x000000075f200000| 75%| E|  |TAMS 0x000000075f000000, 0x000000075f000000| Complete 
| 761|0x000000075f200000, 0x000000075f400000, 0x000000075f400000|100%| E|CS|TAMS 0x000000075f200000, 0x000000075f200000| Complete 
| 762|0x000000075f400000, 0x000000075f600000, 0x000000075f600000|100%| E|CS|TAMS 0x000000075f400000, 0x000000075f400000| Complete 
| 763|0x000000075f600000, 0x000000075f800000, 0x000000075f800000|100%| E|CS|TAMS 0x000000075f600000, 0x000000075f600000| Complete 
| 764|0x000000075f800000, 0x000000075fa00000, 0x000000075fa00000|100%| E|CS|TAMS 0x000000075f800000, 0x000000075f800000| Complete 
| 765|0x000000075fa00000, 0x000000075fc00000, 0x000000075fc00000|100%| E|CS|TAMS 0x000000075fa00000, 0x000000075fa00000| Complete 

Card table byte_map: [0x000002d84d890000,0x000002d84e090000] _byte_map_base: 0x000002d84a090000

Marking Bits (Prev, Next): (CMBitMap*) 0x000002d836520210, (CMBitMap*) 0x000002d836520250
 Prev Bits: [0x000002d84e890000, 0x000002d852890000)
 Next Bits: [0x000002d852890000, 0x000002d856890000)

Polling page: 0x000002d835c70000

Metaspace:

Usage:
  Non-class:    122.28 MB used.
      Class:     18.61 MB used.
       Both:    140.89 MB used.

Virtual space:
  Non-class space:      128.00 MB reserved,     123.56 MB ( 97%) committed,  2 nodes.
      Class space:        1.00 GB reserved,      19.69 MB (  2%) committed,  1 nodes.
             Both:        1.12 GB reserved,     143.25 MB ( 12%) committed. 

Chunk freelists:
   Non-Class:  3.95 MB
       Class:  12.36 MB
        Both:  16.31 MB

MaxMetaspaceSize: unlimited
CompressedClassSpaceSize: 1.00 GB
Initial GC threshold: 21.00 MB
Current GC threshold: 204.81 MB
CDS: on
MetaspaceReclaimPolicy: balanced
 - commit_granule_bytes: 65536.
 - commit_granule_words: 8192.
 - virtual_space_node_default_size: 8388608.
 - enlarge_chunks_in_place: 1.
 - new_chunks_are_fully_committed: 0.
 - uncommit_free_chunks: 1.
 - use_allocation_guard: 0.
 - handle_deallocations: 1.


Internal statistics:

num_allocs_failed_limit: 15.
num_arena_births: 3328.
num_arena_deaths: 0.
num_vsnodes_births: 3.
num_vsnodes_deaths: 0.
num_space_committed: 2289.
num_space_uncommitted: 0.
num_chunks_returned_to_freelist: 15.
num_chunks_taken_from_freelist: 10396.
num_chunk_merges: 15.
num_chunk_splits: 6346.
num_chunks_enlarged: 3504.
num_inconsistent_stats: 0.

CodeHeap 'non-profiled nmethods': size=120000Kb used=20341Kb max_used=20341Kb free=99658Kb
 bounds [0x000002d845830000, 0x000002d846c10000, 0x000002d84cd60000]
CodeHeap 'profiled nmethods': size=120000Kb used=42766Kb max_used=42766Kb free=77233Kb
 bounds [0x000002d83dd60000, 0x000002d840730000, 0x000002d845290000]
CodeHeap 'non-nmethods': size=5760Kb used=2515Kb max_used=2592Kb free=3245Kb
 bounds [0x000002d845290000, 0x000002d845530000, 0x000002d845830000]
 total_blobs=23686 nmethods=22620 adapters=977
 compilation: enabled
              stopped_count=0, restarted_count=0
 full_count=0

Compilation events (20 events):
Event: 265.404 Thread 0x000002d8592d08a0 28860       3       org.jetbrains.kotlin.gradle.plugin.sources.android.AndroidBaseSourceSetName$Companion::byName (76 bytes)
Event: 265.405 Thread 0x000002d8592d08a0 nmethod 28860 0x000002d84071a510 code [0x000002d84071a7c0, 0x000002d84071b348]
Event: 265.407 Thread 0x000002d8592c6230 nmethod 28858 0x000002d846c09910 code [0x000002d846c09b20, 0x000002d846c0add0]
Event: 265.407 Thread 0x000002d8592c6230 28859   !   4       org.gradle.internal.snapshot.impl.DefaultIsolatableFactory::isolate (24 bytes)
Event: 265.408 Thread 0x000002d8592c6230 nmethod 28859 0x000002d846c0ba10 code [0x000002d846c0bba0, 0x000002d846c0bcc8]
Event: 265.408 Thread 0x000002d8592c6230 28857       4       org.gradle.api.internal.tasks.DefaultTaskContainer::findByName (6 bytes)
Event: 265.411 Thread 0x000002d8592c6230 nmethod 28857 0x000002d846c0be10 code [0x000002d846c0bfa0, 0x000002d846c0c0c8]
Event: 265.417 Thread 0x000002d8592c6230 28861       4       org.gradle.api.internal.project.DefaultProject::getModel (9 bytes)
Event: 265.418 Thread 0x000002d8592c6230 nmethod 28861 0x000002d846c0c210 code [0x000002d846c0c3a0, 0x000002d846c0c478]
Event: 265.418 Thread 0x000002d8592c6230 28862       4       org.gradle.api.internal.project.DefaultProject::identityPath (9 bytes)
Event: 265.432 Thread 0x000002d8592d08a0 28863       3       org.jetbrains.kotlin.gradle.dsl.PlatformSourceSetConventionsChecker$CheckedPlatformInfo::<init> (38 bytes)
Event: 265.433 Thread 0x000002d8592d08a0 nmethod 28863 0x000002d84071b790 code [0x000002d84071baa0, 0x000002d84071cb38]
Event: 265.433 Thread 0x000002d8592d08a0 28864       3       org.jetbrains.kotlin.gradle.dsl.PlatformSourceSetConventionsChecker::runChecks (828 bytes)
Event: 265.439 Thread 0x000002d8592c6230 nmethod 28862 0x000002d846c0c590 code [0x000002d846c0c740, 0x000002d846c0cfb8]
Event: 265.441 Thread 0x000002d8592c6230 28867       4       org.gradle.api.internal.DefaultDomainObjectCollection::configureEach (127 bytes)
Event: 265.444 Thread 0x000002d8592d08a0 nmethod 28864 0x000002d84071d090 code [0x000002d84071d940, 0x000002d840723e28]
Event: 265.444 Thread 0x000002d8592d08a0 28865       3       org.jetbrains.kotlin.gradle.dsl.PlatformSourceSetConventionsChecker$runChecks$6::<init> (11 bytes)
Event: 265.446 Thread 0x000002d8592d08a0 nmethod 28865 0x000002d840725e10 code [0x000002d840725fe0, 0x000002d8407264e8]
Event: 265.446 Thread 0x000002d8592d08a0 28866       3       org.jetbrains.kotlin.gradle.utils.FutureImpl::await (9 bytes)
Event: 265.446 Thread 0x000002d8592d08a0 nmethod 28866 0x000002d840726690 code [0x000002d840726840, 0x000002d840726988]

GC Heap History (20 events):
Event: 63.393 GC heap before
{Heap before GC invocations=74 (full 0):
 garbage-first heap   total 598016K, used 341847K [0x0000000700000000, 0x0000000800000000)
  region size 2048K, 14 young (28672K), 6 survivors (12288K)
 Metaspace       used 125380K, committed 127360K, reserved 1179648K
  class space    used 17063K, committed 17984K, reserved 1048576K
}
Event: 63.462 GC heap after
{Heap after GC invocations=75 (full 0):
 garbage-first heap   total 598016K, used 326181K [0x0000000700000000, 0x0000000800000000)
  region size 2048K, 2 young (4096K), 2 survivors (4096K)
 Metaspace       used 125380K, committed 127360K, reserved 1179648K
  class space    used 17063K, committed 17984K, reserved 1048576K
}
Event: 69.400 GC heap before
{Heap before GC invocations=75 (full 0):
 garbage-first heap   total 598016K, used 533029K [0x0000000700000000, 0x0000000800000000)
  region size 2048K, 83 young (169984K), 2 survivors (4096K)
 Metaspace       used 126483K, committed 128576K, reserved 1179648K
  class space    used 17170K, committed 18112K, reserved 1048576K
}
Event: 69.462 GC heap after
{Heap after GC invocations=76 (full 0):
 garbage-first heap   total 911360K, used 364544K [0x0000000700000000, 0x0000000800000000)
  region size 2048K, 11 young (22528K), 11 survivors (22528K)
 Metaspace       used 126483K, committed 128576K, reserved 1179648K
  class space    used 17170K, committed 18112K, reserved 1048576K
}
Event: 79.593 GC heap before
{Heap before GC invocations=76 (full 0):
 garbage-first heap   total 911360K, used 698368K [0x0000000700000000, 0x0000000800000000)
  region size 2048K, 171 young (350208K), 11 survivors (22528K)
 Metaspace       used 130946K, committed 132992K, reserved 1179648K
  class space    used 17577K, committed 18496K, reserved 1048576K
}
Event: 79.797 GC heap after
{Heap after GC invocations=77 (full 0):
 garbage-first heap   total 911360K, used 371969K [0x0000000700000000, 0x0000000800000000)
  region size 2048K, 15 young (30720K), 15 survivors (30720K)
 Metaspace       used 130946K, committed 132992K, reserved 1179648K
  class space    used 17577K, committed 18496K, reserved 1048576K
}
Event: 87.800 GC heap before
{Heap before GC invocations=77 (full 0):
 garbage-first heap   total 911360K, used 732417K [0x0000000700000000, 0x0000000800000000)
  region size 2048K, 192 young (393216K), 15 survivors (30720K)
 Metaspace       used 132488K, committed 134656K, reserved 1179648K
  class space    used 17741K, committed 18688K, reserved 1048576K
}
Event: 87.871 GC heap after
{Heap after GC invocations=78 (full 0):
 garbage-first heap   total 911360K, used 386912K [0x0000000700000000, 0x0000000800000000)
  region size 2048K, 12 young (24576K), 12 survivors (24576K)
 Metaspace       used 132488K, committed 134656K, reserved 1179648K
  class space    used 17741K, committed 18688K, reserved 1048576K
}
Event: 92.759 GC heap before
{Heap before GC invocations=78 (full 0):
 garbage-first heap   total 911360K, used 751456K [0x0000000700000000, 0x0000000800000000)
  region size 2048K, 191 young (391168K), 12 survivors (24576K)
 Metaspace       used 135266K, committed 137408K, reserved 1179648K
  class space    used 18080K, committed 19008K, reserved 1048576K
}
Event: 92.793 GC heap after
{Heap after GC invocations=79 (full 0):
 garbage-first heap   total 911360K, used 397872K [0x0000000700000000, 0x0000000800000000)
  region size 2048K, 18 young (36864K), 18 survivors (36864K)
 Metaspace       used 135266K, committed 137408K, reserved 1179648K
  class space    used 18080K, committed 19008K, reserved 1048576K
}
Event: 95.039 GC heap before
{Heap before GC invocations=79 (full 0):
 garbage-first heap   total 911360K, used 594480K [0x0000000700000000, 0x0000000800000000)
  region size 2048K, 72 young (147456K), 18 survivors (36864K)
 Metaspace       used 136563K, committed 138816K, reserved 1179648K
  class space    used 18251K, committed 19264K, reserved 1048576K
}
Event: 95.206 GC heap after
{Heap after GC invocations=80 (full 0):
 garbage-first heap   total 911360K, used 429325K [0x0000000700000000, 0x0000000800000000)
  region size 2048K, 11 young (22528K), 11 survivors (22528K)
 Metaspace       used 136563K, committed 138816K, reserved 1179648K
  class space    used 18251K, committed 19264K, reserved 1048576K
}
Event: 95.364 GC heap before
{Heap before GC invocations=80 (full 0):
 garbage-first heap   total 911360K, used 509197K [0x0000000700000000, 0x0000000800000000)
  region size 2048K, 12 young (24576K), 11 survivors (22528K)
 Metaspace       used 136563K, committed 138816K, reserved 1179648K
  class space    used 18251K, committed 19264K, reserved 1048576K
}
Event: 95.390 GC heap after
{Heap after GC invocations=81 (full 0):
 garbage-first heap   total 911360K, used 427830K [0x0000000700000000, 0x0000000800000000)
  region size 2048K, 11 young (22528K), 11 survivors (22528K)
 Metaspace       used 136563K, committed 138816K, reserved 1179648K
  class space    used 18251K, committed 19264K, reserved 1048576K
}
Event: 95.459 GC heap before
{Heap before GC invocations=81 (full 0):
 garbage-first heap   total 911360K, used 497462K [0x0000000700000000, 0x0000000800000000)
  region size 2048K, 12 young (24576K), 11 survivors (22528K)
 Metaspace       used 136564K, committed 138816K, reserved 1179648K
  class space    used 18251K, committed 19264K, reserved 1048576K
}
Event: 95.471 GC heap after
{Heap after GC invocations=82 (full 0):
 garbage-first heap   total 911360K, used 428272K [0x0000000700000000, 0x0000000800000000)
  region size 2048K, 11 young (22528K), 11 survivors (22528K)
 Metaspace       used 136564K, committed 138816K, reserved 1179648K
  class space    used 18251K, committed 19264K, reserved 1048576K
}
Event: 95.531 GC heap before
{Heap before GC invocations=82 (full 0):
 garbage-first heap   total 911360K, used 489712K [0x0000000700000000, 0x0000000800000000)
  region size 2048K, 12 young (24576K), 11 survivors (22528K)
 Metaspace       used 136564K, committed 138816K, reserved 1179648K
  class space    used 18251K, committed 19264K, reserved 1048576K
}
Event: 95.544 GC heap after
{Heap after GC invocations=83 (full 0):
 garbage-first heap   total 911360K, used 427760K [0x0000000700000000, 0x0000000800000000)
  region size 2048K, 11 young (22528K), 11 survivors (22528K)
 Metaspace       used 136564K, committed 138816K, reserved 1179648K
  class space    used 18251K, committed 19264K, reserved 1048576K
}
Event: 264.970 GC heap before
{Heap before GC invocations=83 (full 0):
 garbage-first heap   total 911360K, used 808688K [0x0000000700000000, 0x0000000800000000)
  region size 2048K, 188 young (385024K), 11 survivors (22528K)
 Metaspace       used 144245K, committed 146688K, reserved 1179648K
  class space    used 19050K, committed 20160K, reserved 1048576K
}
Event: 265.273 GC heap after
{Heap after GC invocations=84 (full 0):
 garbage-first heap   total 1568768K, used 429909K [0x0000000700000000, 0x0000000800000000)
  region size 2048K, 24 young (49152K), 24 survivors (49152K)
 Metaspace       used 144245K, committed 146688K, reserved 1179648K
  class space    used 19050K, committed 20160K, reserved 1048576K
}

Deoptimization events (20 events):
Event: 264.364 Thread 0x000002d8a2d93e10 Uncommon trap: trap_request=0xffffffc6 fr.pc=0x000002d846bc5b64 relative=0x0000000000000204
Event: 264.364 Thread 0x000002d8a2d93e10 Uncommon trap: reason=bimorphic_or_optimized_type_check action=maybe_recompile pc=0x000002d846bc5b64 method=org.gradle.api.internal.DefaultDomainObjectCollection.isEmpty()Z @ 1 c2
Event: 264.364 Thread 0x000002d8a2d93e10 DEOPT PACKING pc=0x000002d846bc5b64 sp=0x000000ed8bff9cf0
Event: 264.364 Thread 0x000002d8a2d93e10 DEOPT UNPACKING pc=0x000002d8452e23a3 sp=0x000000ed8bff9c88 mode 2
Event: 264.364 Thread 0x000002d8a2d93e10 Uncommon trap: trap_request=0xffffffc6 fr.pc=0x000002d846bc5b64 relative=0x0000000000000204
Event: 264.364 Thread 0x000002d8a2d93e10 Uncommon trap: reason=bimorphic_or_optimized_type_check action=maybe_recompile pc=0x000002d846bc5b64 method=org.gradle.api.internal.DefaultDomainObjectCollection.isEmpty()Z @ 1 c2
Event: 264.364 Thread 0x000002d8a2d93e10 DEOPT PACKING pc=0x000002d846bc5b64 sp=0x000000ed8bff9cf0
Event: 264.364 Thread 0x000002d8a2d93e10 DEOPT UNPACKING pc=0x000002d8452e23a3 sp=0x000000ed8bff9c88 mode 2
Event: 264.423 Thread 0x000002d8a2d93e10 Uncommon trap: trap_request=0xffffffde fr.pc=0x000002d8465b9a24 relative=0x0000000000000104
Event: 264.423 Thread 0x000002d8a2d93e10 Uncommon trap: reason=class_check action=maybe_recompile pc=0x000002d8465b9a24 method=com.sun.org.apache.xerces.internal.dom.ElementImpl.getTagName()Ljava/lang/String; @ 8 c2
Event: 264.423 Thread 0x000002d8a2d93e10 DEOPT PACKING pc=0x000002d8465b9a24 sp=0x000000ed8bff99b0
Event: 264.423 Thread 0x000002d8a2d93e10 DEOPT UNPACKING pc=0x000002d8452e23a3 sp=0x000000ed8bff9970 mode 2
Event: 265.279 Thread 0x000002d85927bd70 Uncommon trap: trap_request=0xffffffde fr.pc=0x000002d845aae644 relative=0x00000000000004a4
Event: 265.279 Thread 0x000002d85927bd70 Uncommon trap: reason=class_check action=maybe_recompile pc=0x000002d845aae644 method=jdk.internal.ref.PhantomCleanable.clean()V @ 12 c2
Event: 265.279 Thread 0x000002d85927bd70 DEOPT PACKING pc=0x000002d845aae644 sp=0x000000ed8b4ff620
Event: 265.279 Thread 0x000002d85927bd70 DEOPT UNPACKING pc=0x000002d8452e23a3 sp=0x000000ed8b4ff600 mode 2
Event: 265.281 Thread 0x000002d85927bd70 Uncommon trap: trap_request=0xffffffde fr.pc=0x000002d845aae644 relative=0x00000000000004a4
Event: 265.281 Thread 0x000002d85927bd70 Uncommon trap: reason=class_check action=maybe_recompile pc=0x000002d845aae644 method=jdk.internal.ref.PhantomCleanable.clean()V @ 12 c2
Event: 265.281 Thread 0x000002d85927bd70 DEOPT PACKING pc=0x000002d845aae644 sp=0x000000ed8b4ff620
Event: 265.281 Thread 0x000002d85927bd70 DEOPT UNPACKING pc=0x000002d8452e23a3 sp=0x000000ed8b4ff600 mode 2

Classes unloaded (0 events):
No events

Classes redefined (0 events):
No events

Internal exceptions (20 events):
Event: 255.236 Thread 0x000002d8a2d93e10 Exception <a 'sun/nio/fs/WindowsException'{0x000000072cc59358}> (0x000000072cc59358) 
thrown [s\open\src\hotspot\share\prims\jni.cpp, line 516]
Event: 255.236 Thread 0x000002d8a2d93e10 Exception <a 'sun/nio/fs/WindowsException'{0x000000072cc5c390}> (0x000000072cc5c390) 
thrown [s\open\src\hotspot\share\prims\jni.cpp, line 516]
Event: 255.236 Thread 0x000002d8a2d93e10 Exception <a 'sun/nio/fs/WindowsException'{0x000000072cc5c710}> (0x000000072cc5c710) 
thrown [s\open\src\hotspot\share\prims\jni.cpp, line 516]
Event: 255.237 Thread 0x000002d8a2d93e10 Exception <a 'sun/nio/fs/WindowsException'{0x000000072cc60388}> (0x000000072cc60388) 
thrown [s\open\src\hotspot\share\prims\jni.cpp, line 516]
Event: 255.237 Thread 0x000002d8a2d93e10 Exception <a 'sun/nio/fs/WindowsException'{0x000000072cc60708}> (0x000000072cc60708) 
thrown [s\open\src\hotspot\share\prims\jni.cpp, line 516]
Event: 257.699 Thread 0x000002d8a0af6170 Exception <a 'sun/nio/fs/WindowsException'{0x000000072a65d818}> (0x000000072a65d818) 
thrown [s\open\src\hotspot\share\prims\jni.cpp, line 516]
Event: 257.700 Thread 0x000002d8a0af6170 Exception <a 'sun/nio/fs/WindowsException'{0x000000072a65f8d8}> (0x000000072a65f8d8) 
thrown [s\open\src\hotspot\share\prims\jni.cpp, line 516]
Event: 257.700 Thread 0x000002d8a0af6170 Exception <a 'sun/nio/fs/WindowsException'{0x000000072a6618f8}> (0x000000072a6618f8) 
thrown [s\open\src\hotspot\share\prims\jni.cpp, line 516]
Event: 257.701 Thread 0x000002d8a0af6170 Exception <a 'sun/nio/fs/WindowsException'{0x000000072a6635d0}> (0x000000072a6635d0) 
thrown [s\open\src\hotspot\share\prims\jni.cpp, line 516]
Event: 257.704 Thread 0x000002d8a0af6170 Exception <a 'sun/nio/fs/WindowsException'{0x000000072a66cc30}> (0x000000072a66cc30) 
thrown [s\open\src\hotspot\share\prims\jni.cpp, line 516]
Event: 257.795 Thread 0x000002d859791700 Exception <a 'sun/nio/fs/WindowsException'{0x000000072a4d74d0}> (0x000000072a4d74d0) 
thrown [s\open\src\hotspot\share\prims\jni.cpp, line 516]
Event: 257.796 Thread 0x000002d859791700 Exception <a 'sun/nio/fs/WindowsException'{0x000000072a4d9638}> (0x000000072a4d9638) 
thrown [s\open\src\hotspot\share\prims\jni.cpp, line 516]
Event: 257.797 Thread 0x000002d859791700 Exception <a 'sun/nio/fs/WindowsException'{0x000000072a4db6f0}> (0x000000072a4db6f0) 
thrown [s\open\src\hotspot\share\prims\jni.cpp, line 516]
Event: 257.797 Thread 0x000002d859791700 Exception <a 'sun/nio/fs/WindowsException'{0x000000072a4dd440}> (0x000000072a4dd440) 
thrown [s\open\src\hotspot\share\prims\jni.cpp, line 516]
Event: 258.852 Thread 0x000002d8a0af4d30 Exception <a 'sun/nio/fs/WindowsException'{0x0000000728b847b0}> (0x0000000728b847b0) 
thrown [s\open\src\hotspot\share\prims\jni.cpp, line 516]
Event: 258.854 Thread 0x000002d8a0af4d30 Exception <a 'sun/nio/fs/WindowsException'{0x0000000728b86cc0}> (0x0000000728b86cc0) 
thrown [s\open\src\hotspot\share\prims\jni.cpp, line 516]
Event: 258.854 Thread 0x000002d8a0af4d30 Exception <a 'sun/nio/fs/WindowsException'{0x0000000728b89110}> (0x0000000728b89110) 
thrown [s\open\src\hotspot\share\prims\jni.cpp, line 516]
Event: 258.855 Thread 0x000002d8a0af4d30 Exception <a 'sun/nio/fs/WindowsException'{0x0000000728b8b1b8}> (0x0000000728b8b1b8) 
thrown [s\open\src\hotspot\share\prims\jni.cpp, line 516]
Event: 259.131 Thread 0x000002d8a2d93e10 Implicit null exception at 0x000002d84628c69c to 0x000002d84628c88c
Event: 259.241 Thread 0x000002d8a2d93e10 Exception <a 'sun/nio/fs/WindowsException'{0x0000000727852e58}> (0x0000000727852e58) 
thrown [s\open\src\hotspot\share\prims\jni.cpp, line 516]

VM Operations (20 events):
Event: 257.159 Executing VM operation: Cleanup
Event: 257.160 Executing VM operation: Cleanup done
Event: 258.171 Executing VM operation: Cleanup
Event: 258.172 Executing VM operation: Cleanup done
Event: 258.664 Executing VM operation: HandshakeAllThreads
Event: 258.666 Executing VM operation: HandshakeAllThreads done
Event: 259.345 Executing VM operation: ICBufferFull
Event: 259.346 Executing VM operation: ICBufferFull done
Event: 260.361 Executing VM operation: Cleanup
Event: 260.361 Executing VM operation: Cleanup done
Event: 261.372 Executing VM operation: Cleanup
Event: 261.372 Executing VM operation: Cleanup done
Event: 262.386 Executing VM operation: Cleanup
Event: 262.386 Executing VM operation: Cleanup done
Event: 263.397 Executing VM operation: Cleanup
Event: 263.397 Executing VM operation: Cleanup done
Event: 264.408 Executing VM operation: Cleanup
Event: 264.409 Executing VM operation: Cleanup done
Event: 264.968 Executing VM operation: G1CollectForAllocation
Event: 265.274 Executing VM operation: G1CollectForAllocation done

Events (20 events):
Event: 259.001 Thread 0x000002d8a2695290 Thread added: 0x000002d8a2695290
Event: 259.072 Thread 0x000002d8592f6db0 flushing nmethod 0x000002d8404f9890
Event: 259.393 Thread 0x000002d8a26957a0 Thread added: 0x000002d8a26957a0
Event: 259.600 Thread 0x000002d8a2691ff0 Thread added: 0x000002d8a2691ff0
Event: 259.940 Thread 0x000002d8ae9ad520 Thread exited: 0x000002d8ae9ad520
Event: 260.859 Thread 0x000002d8a325a5a0 Thread added: 0x000002d8a325a5a0
Event: 261.388 Thread 0x000002d8ae9ad520 Thread added: 0x000002d8ae9ad520
Event: 261.390 Thread 0x000002d8a2693e50 Thread added: 0x000002d8a2693e50
Event: 261.390 Thread 0x000002d8a2692a10 Thread added: 0x000002d8a2692a10
Event: 261.395 Thread 0x000002d8a1079c80 Thread added: 0x000002d8a1079c80
Event: 261.396 Thread 0x000002d8a107a190 Thread added: 0x000002d8a107a190
Event: 261.396 Thread 0x000002d8a107b5d0 Thread added: 0x000002d8a107b5d0
Event: 261.397 Thread 0x000002d8a107a6a0 Thread added: 0x000002d8a107a6a0
Event: 261.397 Thread 0x000002d8a107abb0 Thread added: 0x000002d8a107abb0
Event: 261.454 Thread 0x000002d8a107b0c0 Thread added: 0x000002d8a107b0c0
Event: 261.455 Thread 0x000002d8a107bae0 Thread added: 0x000002d8a107bae0
Event: 261.455 Thread 0x000002d8a107cf20 Thread added: 0x000002d8a107cf20
Event: 261.456 Thread 0x000002d8a107d430 Thread added: 0x000002d8a107d430
Event: 261.457 Thread 0x000002d8a107bff0 Thread added: 0x000002d8a107bff0
Event: 265.473 Thread 0x000002d8ae903510 Thread added: 0x000002d8ae903510


Dynamic libraries:
0x00007ff775480000 - 0x00007ff775490000 	C:\Program Files\Java\jdk-17\bin\java.exe
0x00007fffa3af0000 - 0x00007fffa3d07000 	C:\WINDOWS\SYSTEM32\ntdll.dll
0x00007fffa3690000 - 0x00007fffa3754000 	C:\WINDOWS\System32\KERNEL32.DLL
0x00007fffa0ef0000 - 0x00007fffa12c0000 	C:\WINDOWS\System32\KERNELBASE.dll
0x00007fffa1460000 - 0x00007fffa1571000 	C:\WINDOWS\System32\ucrtbase.dll
0x00007fff87070000 - 0x00007fff8708b000 	C:\Program Files\Java\jdk-17\bin\VCRUNTIME140.dll
0x00007fff850b0000 - 0x00007fff850c9000 	C:\Program Files\Java\jdk-17\bin\jli.dll
0x00007fffa18a0000 - 0x00007fffa1951000 	C:\WINDOWS\System32\ADVAPI32.dll
0x00007fffa3810000 - 0x00007fffa38b7000 	C:\WINDOWS\System32\msvcrt.dll
0x00007fffa2f70000 - 0x00007fffa3018000 	C:\WINDOWS\System32\sechost.dll
0x00007fffa1430000 - 0x00007fffa1458000 	C:\WINDOWS\System32\bcrypt.dll
0x00007fffa1780000 - 0x00007fffa1898000 	C:\WINDOWS\System32\RPCRT4.dll
0x00007fffa3130000 - 0x00007fffa32e1000 	C:\WINDOWS\System32\USER32.dll
0x00007fffa0ec0000 - 0x00007fffa0ee6000 	C:\WINDOWS\System32\win32u.dll
0x00007fff880c0000 - 0x00007fff8835c000 	C:\WINDOWS\WinSxS\amd64_microsoft.windows.common-controls_6595b64144ccf1df_6.0.22621.5840_none_2710ea077384a4fe\COMCTL32.dll
0x00007fffa1f80000 - 0x00007fffa1fa9000 	C:\WINDOWS\System32\GDI32.dll
0x00007fffa0c70000 - 0x00007fffa0d93000 	C:\WINDOWS\System32\gdi32full.dll
0x00007fffa0da0000 - 0x00007fffa0e3a000 	C:\WINDOWS\System32\msvcp_win.dll
0x00007fff9e7f0000 - 0x00007fff9e7fa000 	C:\WINDOWS\SYSTEM32\VERSION.dll
0x00007fffa3090000 - 0x00007fffa30c1000 	C:\WINDOWS\System32\IMM32.DLL
0x00007fff9d200000 - 0x00007fff9d20c000 	C:\Program Files\Java\jdk-17\bin\vcruntime140_1.dll
0x00007fff5d090000 - 0x00007fff5d11e000 	C:\Program Files\Java\jdk-17\bin\msvcp140.dll
0x00007fff1b9f0000 - 0x00007fff1c5d0000 	C:\Program Files\Java\jdk-17\bin\server\jvm.dll
0x00007fffa38d0000 - 0x00007fffa38d8000 	C:\WINDOWS\System32\PSAPI.DLL
0x00007fff7fcb0000 - 0x00007fff7fcb9000 	C:\WINDOWS\SYSTEM32\WSOCK32.dll
0x00007fff9c160000 - 0x00007fff9c194000 	C:\WINDOWS\SYSTEM32\WINMM.dll
0x00007fffa2ef0000 - 0x00007fffa2f61000 	C:\WINDOWS\System32\WS2_32.dll
0x00007fff9fbc0000 - 0x00007fff9fbd8000 	C:\WINDOWS\SYSTEM32\kernel.appcore.dll
0x00007fff9be30000 - 0x00007fff9be3a000 	C:\Program Files\Java\jdk-17\bin\jimage.dll
0x00007fff992a0000 - 0x00007fff994d3000 	C:\WINDOWS\SYSTEM32\DBGHELP.DLL
0x00007fffa32f0000 - 0x00007fffa3681000 	C:\WINDOWS\System32\combase.dll
0x00007fffa2230000 - 0x00007fffa2308000 	C:\WINDOWS\System32\OLEAUT32.dll
0x00007fff80fc0000 - 0x00007fff80ff2000 	C:\WINDOWS\SYSTEM32\dbgcore.DLL
0x00007fffa0bf0000 - 0x00007fffa0c6b000 	C:\WINDOWS\System32\bcryptPrimitives.dll
0x00007fff86ee0000 - 0x00007fff86eee000 	C:\Program Files\Java\jdk-17\bin\instrument.dll
0x00007fff85020000 - 0x00007fff85045000 	C:\Program Files\Java\jdk-17\bin\java.dll
0x00007fff3ec00000 - 0x00007fff3ecd7000 	C:\Program Files\Java\jdk-17\bin\jsvml.dll
0x00007fffa2420000 - 0x00007fffa2cc1000 	C:\WINDOWS\System32\SHELL32.dll
0x00007fffa1640000 - 0x00007fffa177f000 	C:\WINDOWS\System32\wintypes.dll
0x00007fff9eac0000 - 0x00007fff9f3da000 	C:\WINDOWS\SYSTEM32\windows.storage.dll
0x00007fffa2120000 - 0x00007fffa222a000 	C:\WINDOWS\System32\SHCORE.dll
0x00007fffa1960000 - 0x00007fffa19c9000 	C:\WINDOWS\System32\shlwapi.dll
0x00007fffa0b20000 - 0x00007fffa0b45000 	C:\WINDOWS\SYSTEM32\profapi.dll
0x00007fff84d40000 - 0x00007fff84d58000 	C:\Program Files\Java\jdk-17\bin\zip.dll
0x00007fff85090000 - 0x00007fff850a9000 	C:\Program Files\Java\jdk-17\bin\net.dll
0x00007fff9d310000 - 0x00007fff9d43c000 	C:\WINDOWS\SYSTEM32\WINHTTP.dll
0x00007fffa00a0000 - 0x00007fffa0109000 	C:\WINDOWS\system32\mswsock.dll
0x00007fff84ef0000 - 0x00007fff84f06000 	C:\Program Files\Java\jdk-17\bin\nio.dll
0x00007fff964a0000 - 0x00007fff964b0000 	C:\Program Files\Java\jdk-17\bin\verify.dll
0x00007fff76d60000 - 0x00007fff76d87000 	C:\Users\NAGARAJU\.gradle\native\1def1411415f61bf3af743bc5b6707747c0891f09f0c88961ee8f79bc544acac\windows-amd64\native-platform.dll
0x00007fff57030000 - 0x00007fff570a8000 	C:\Users\NAGARAJU\.gradle\native\0.2.7\x86_64-windows-gnu\gradle-fileevents.dll
0x00007fff8af10000 - 0x00007fff8af1a000 	C:\Program Files\Java\jdk-17\bin\management.dll
0x00007fff87bf0000 - 0x00007fff87bfb000 	C:\Program Files\Java\jdk-17\bin\management_ext.dll
0x00007fff9f640000 - 0x00007fff9f66d000 	C:\WINDOWS\SYSTEM32\IPHLPAPI.DLL
0x00007fffa2310000 - 0x00007fffa2319000 	C:\WINDOWS\System32\NSI.dll
0x00007fff9c3a0000 - 0x00007fff9c3b9000 	C:\WINDOWS\SYSTEM32\dhcpcsvc6.DLL
0x00007fff9c140000 - 0x00007fff9c15f000 	C:\WINDOWS\SYSTEM32\dhcpcsvc.DLL
0x00007fff9f6b0000 - 0x00007fff9f7a8000 	C:\WINDOWS\SYSTEM32\DNSAPI.dll
0x00007fffa02f0000 - 0x00007fffa030b000 	C:\WINDOWS\SYSTEM32\CRYPTSP.dll
0x00007fff9fb20000 - 0x00007fff9fb57000 	C:\WINDOWS\system32\rsaenh.dll
0x00007fffa0190000 - 0x00007fffa01b8000 	C:\WINDOWS\SYSTEM32\USERENV.dll
0x00007fffa0310000 - 0x00007fffa031c000 	C:\WINDOWS\SYSTEM32\CRYPTBASE.dll
0x00007fff85010000 - 0x00007fff8501e000 	C:\Program Files\Java\jdk-17\bin\sunmscapi.dll
0x00007fffa12c0000 - 0x00007fffa1428000 	C:\WINDOWS\System32\CRYPT32.dll
0x00007fffa0520000 - 0x00007fffa054d000 	C:\WINDOWS\SYSTEM32\ncrypt.dll
0x00007fffa04e0000 - 0x00007fffa0517000 	C:\WINDOWS\SYSTEM32\NTASN1.dll
0x00007fff58050000 - 0x00007fff58058000 	C:\WINDOWS\system32\wshunix.dll
0x00007fff9be80000 - 0x00007fff9bf17000 	C:\WINDOWS\system32\apphelp.dll

dbghelp: loaded successfully - version: 4.0.5 - missing functions: none
symbol engine: initialized successfully - sym options: 0x614 - pdb path: .;C:\Program Files\Java\jdk-17\bin;C:\WINDOWS\SYSTEM32;C:\WINDOWS\WinSxS\amd64_microsoft.windows.common-controls_6595b64144ccf1df_6.0.22621.5840_none_2710ea077384a4fe;C:\Program Files\Java\jdk-17\bin\server;C:\Users\NAGARAJU\.gradle\native\1def1411415f61bf3af743bc5b6707747c0891f09f0c88961ee8f79bc544acac\windows-amd64;C:\Users\NAGARAJU\.gradle\native\0.2.7\x86_64-windows-gnu

VM Arguments:
jvm_args: --add-opens=java.base/java.lang=ALL-UNNAMED --add-opens=java.base/java.lang.invoke=ALL-UNNAMED --add-opens=java.base/java.util=ALL-UNNAMED --add-opens=java.prefs/java.util.prefs=ALL-UNNAMED --add-exports=jdk.compiler/com.sun.tools.javac.api=ALL-UNNAMED --add-exports=jdk.compiler/com.sun.tools.javac.util=ALL-UNNAMED --add-opens=java.base/java.util=ALL-UNNAMED --add-opens=java.prefs/java.util.prefs=ALL-UNNAMED --add-opens=java.base/java.nio.charset=ALL-UNNAMED --add-opens=java.base/java.net=ALL-UNNAMED --add-opens=java.base/java.util.concurrent.atomic=ALL-UNNAMED --add-opens=java.xml/javax.xml.namespace=ALL-UNNAMED -Xmx4096m -Dfile.encoding=UTF-8 -Duser.country=IN -Duser.language=en -Duser.variant -javaagent:C:\Users\NAGARAJU\.gradle\wrapper\dists\gradle-8.14.1-bin\baw1sv0jfoi8rxs14qo3h49cs\gradle-8.14.1\lib\agents\gradle-instrumentation-agent-8.14.1.jar 
java_command: org.gradle.launcher.daemon.bootstrap.GradleDaemon 8.14.1
java_class_path (initial): C:\Users\NAGARAJU\.gradle\wrapper\dists\gradle-8.14.1-bin\baw1sv0jfoi8rxs14qo3h49cs\gradle-8.14.1\lib\gradle-daemon-main-8.14.1.jar
Launcher Type: SUN_STANDARD

[Global flags]
     intx CICompilerCount                          = 4                                         {product} {ergonomic}
     uint ConcGCThreads                            = 2                                         {product} {ergonomic}
     uint G1ConcRefinementThreads                  = 8                                         {product} {ergonomic}
   size_t G1HeapRegionSize                         = 2097152                                   {product} {ergonomic}
    uintx GCDrainStackTargetSize                   = 64                                        {product} {ergonomic}
   size_t InitialHeapSize                          = 123731968                                 {product} {ergonomic}
   size_t MarkStackSize                            = 4194304                                   {product} {ergonomic}
   size_t MaxHeapSize                              = 4294967296                                {product} {command line}
   size_t MaxNewSize                               = 2575302656                                {product} {ergonomic}
   size_t MinHeapDeltaBytes                        = 2097152                                   {product} {ergonomic}
   size_t MinHeapSize                              = 8388608                                   {product} {ergonomic}
    uintx NonNMethodCodeHeapSize                   = 5839372                                {pd product} {ergonomic}
    uintx NonProfiledCodeHeapSize                  = 122909434                              {pd product} {ergonomic}
    uintx ProfiledCodeHeapSize                     = 122909434                              {pd product} {ergonomic}
    uintx ReservedCodeCacheSize                    = 251658240                              {pd product} {ergonomic}
     bool SegmentedCodeCache                       = true                                      {product} {ergonomic}
   size_t SoftMaxHeapSize                          = 4294967296                             {manageable} {ergonomic}
     bool UseCompressedClassPointers               = true                           {product lp64_product} {ergonomic}
     bool UseCompressedOops                        = true                           {product lp64_product} {ergonomic}
     bool UseG1GC                                  = true                                      {product} {ergonomic}
     bool UseLargePagesIndividualAllocation        = false                                  {pd product} {ergonomic}

Logging:
Log output configuration:
 #0: stdout all=warning uptime,level,tags
 #1: stderr all=off uptime,level,tags

Environment Variables:
JAVA_HOME=C:\Program Files\Java\jdk-17
PATH=C:\zynnative\DocApp-CLI\node_modules\.bin;C:\zynnative\DocApp-CLI\node_modules\.bin;C:\zynnative\node_modules\.bin;C:\node_modules\.bin;C:\Users\NAGARAJU\AppData\Roaming\npm\node_modules\npm\node_modules\@npmcli\run-script\lib\node-gyp-bin;C:\Program Files\Eclipse Adoptium\jdk-11.0.26.4-hotspot\bin;C:\Program Files\Eclipse Adoptium\jdk-17.0.14.7-hotspot\bin;C:\Program Files\Java\jdk-17\bin;C:\Program Files\nodejs;E:\Android\Sdk\platform-tools;E:\Android\Sdk\emulator;E:\Android\Sdk\cmdline-tools\latest\bin;E:\Android\Sdk\platform-tools;E:\Android\Sdk\emulator;E:\Android\Sdk\cmdline-tools\latest\bin;C:\Users\NAGARAJU\AppData\Local\Android\Sdk\platform-tools;C:\Users\NAGARAJU\AppData\Local\Android\Sdk\emulator;C:\Users\NAGARAJU\AppData\Local\Android\Sdk\cmdline-tools\latest\bin;C:\Users\NAGARAJU\AppData\Local\Android\Sdk\platform-tools;C:\Users\NAGARAJU\AppData\Local\Android\Sdk\platform-tools;C:\Users\NAGARAJU\AppData\Local\Android\Sdk\platform-tools;C:\Users\NAGARAJU\AppData\Local\Android\Sdk\emulator;C:\Users\NAGARAJU\AppData\Local\Android\Sdk\cmdline-tools\latest\bin;C:\Users\NAGARAJU\AppData\Local\Android\Sdk\platform-tools;C:\Users\NAGARAJU\AppData\Local\Android\Sdk\emulator;C:\Users\NAGARAJU\AppData\Local\Android\Sdk\cmdline-tools\latest\bin;C:\Users\NAGARAJU\AppData\Local\Android\Sdk\platform-tools;C:\Users\NAGARAJU\AppData\Local\Android\Sdk\emulator;C:\Users\NAGARAJU\AppData\Local\Android\Sdk\cmdline-tools\latest\bin;C:\Program Files\Eclipse Adoptium\jdk-11.0.26.4-hotspot\bin;C:\Program Files\Eclipse Adoptium\jdk-17.0.14.7-hotspot\bin;C:\Program Files\Java\jdk-17\bin;C:\Program Files\nodejs;E:\Android\Sdk\platform-tools;E:\Android\Sdk\emulator;E:\Android\Sdk\cmdline-tools\latest\bin;E:\Android\Sdk\platform-tools;E:\Android\Sdk\emulator;E:\Android\Sdk\cmdline-tools\latest\bin;C:\Users\NAGARAJU\AppData\Local\Android\Sdk\platform-tools;C:\Users\NAGARAJU\AppData\Local\Android\Sdk\emulator;C:\Users\NAGARAJU\AppData\Local\Android\Sdk\cmdline-tools\latest\bin;C:\Us
USERNAME=NAGARAJU
OS=Windows_NT
PROCESSOR_IDENTIFIER=AMD64 Family 23 Model 104 Stepping 1, AuthenticAMD



---------------  S Y S T E M  ---------------

OS:
 Windows 11 , 64 bit Build 22621 (10.0.22621.5415)
OS uptime: 0 days 4:03 hours

CPU: total 8 (initial active 8) (8 cores per cpu, 2 threads per core) family 23 model 104 stepping 1 microcode 0x0, cx8, cmov, fxsr, ht, mmx, 3dnowpref, sse, sse2, sse3, ssse3, sse4a, sse4.1, sse4.2, popcnt, lzcnt, tsc, tscinvbit, avx, avx2, aes, clmul, bmi1, bmi2, adx, sha, fma, vzeroupper, clflush, clflushopt

Memory: 4k page, system-wide physical 7502M (250M free)
TotalPageFile size 23404M (AvailPageFile size 0M)
current process WorkingSet (physical memory assigned to process): 463M, peak: 853M
current process commit charge ("private bytes"): 2062M, peak: 2067M

vm_info: Java HotSpot(TM) 64-Bit Server VM (17.0.12+8-LTS-286) for windows-amd64 JRE (17.0.12+8-LTS-286), built on Jun  5 2024 06:46:59 by "mach5one" with MS VC++ 17.6 (VS2022)

END.
