#
# There is insufficient memory for the Java Runtime Environment to continue.
# Native memory allocation (mmap) failed to map 1065353216 bytes for G1 virtual space
# Possible reasons:
#   The system is out of physical RAM or swap space
#   The process is running with CompressedOops enabled, and the Java Heap may be blocking the growth of the native heap
# Possible solutions:
#   Reduce memory load on the system
#   Increase physical memory or swap space
#   Check if swap backing store is full
#   Decrease Java heap size (-Xmx/-Xms)
#   Decrease number of Java threads
#   Decrease Java thread stack sizes (-Xss)
#   Set larger code cache with -XX:ReservedCodeCacheSize=
#   JVM is running with Zero Based Compressed Oops mode in which the Java heap is
#     placed in the first 32GB address space. The Java Heap base address is the
#     maximum limit for the native heap growth. Please use -XX:HeapBaseMinAddress
#     to set the Java Heap base and to place the Java Heap above 32GB virtual address.
# This output file may be truncated or incomplete.
#
#  Out of Memory Error (os_windows.cpp:3548), pid=25972, tid=26788
#
# JRE version: Java(TM) SE Runtime Environment (17.0.12+8) (build 17.0.12+8-LTS-286)
# Java VM: Java HotSpot(TM) 64-Bit Server VM (17.0.12+8-LTS-286, mixed mode, sharing, tiered, compressed oops, compressed class ptrs, g1 gc, windows-amd64)
# No core dump will be written. Minidumps are not enabled by default on client versions of Windows
#

---------------  S U M M A R Y ------------

Command Line: --add-opens=java.base/java.lang=ALL-UNNAMED --add-opens=java.base/java.lang.invoke=ALL-UNNAMED --add-opens=java.base/java.util=ALL-UNNAMED --add-opens=java.prefs/java.util.prefs=ALL-UNNAMED --add-exports=jdk.compiler/com.sun.tools.javac.api=ALL-UNNAMED --add-exports=jdk.compiler/com.sun.tools.javac.util=ALL-UNNAMED --add-opens=java.base/java.util=ALL-UNNAMED --add-opens=java.prefs/java.util.prefs=ALL-UNNAMED --add-opens=java.base/java.nio.charset=ALL-UNNAMED --add-opens=java.base/java.net=ALL-UNNAMED --add-opens=java.base/java.util.concurrent.atomic=ALL-UNNAMED --add-opens=java.xml/javax.xml.namespace=ALL-UNNAMED -Xmx4096m -Dfile.encoding=UTF-8 -Duser.country=IN -Duser.language=en -Duser.variant -javaagent:C:\Users\NAGARAJU\.gradle\wrapper\dists\gradle-8.14.1-bin\baw1sv0jfoi8rxs14qo3h49cs\gradle-8.14.1\lib\agents\gradle-instrumentation-agent-8.14.1.jar org.gradle.launcher.daemon.bootstrap.GradleDaemon 8.14.1

Host: AMD Ryzen 3 5300U with Radeon Graphics         , 8 cores, 7G,  Windows 11 , 64 bit Build 22621 (10.0.22621.5415)
Time: Thu Nov 20 16:16:54 2025 India Standard Time elapsed time: 1048.449518 seconds (0d 0h 17m 28s)

---------------  T H R E A D  ---------------

Current thread (0x00000282fbacb540):  VMThread "VM Thread" [stack: 0x000000fc12a00000,0x000000fc12b00000] [id=26788]

Stack: [0x000000fc12a00000,0x000000fc12b00000]
Native frames: (J=compiled Java code, j=interpreted, Vv=VM code, C=native code)
V  [jvm.dll+0x67a04a]
V  [jvm.dll+0x7da4ed]
V  [jvm.dll+0x7dbe33]
V  [jvm.dll+0x7dc4a3]
V  [jvm.dll+0x24508f]
V  [jvm.dll+0x677089]
V  [jvm.dll+0x66bd32]
V  [jvm.dll+0x301fa6]
V  [jvm.dll+0x309546]
V  [jvm.dll+0x359d2e]
V  [jvm.dll+0x359f5f]
V  [jvm.dll+0x2d9078]
V  [jvm.dll+0x2d74ad]
V  [jvm.dll+0x2d6afc]
V  [jvm.dll+0x31a65b]
V  [jvm.dll+0x7e0d9b]
V  [jvm.dll+0x7e1ad4]
V  [jvm.dll+0x7e1fed]
V  [jvm.dll+0x7e23c4]
V  [jvm.dll+0x7e2490]
V  [jvm.dll+0x78abea]
V  [jvm.dll+0x678f35]
C  [ucrtbase.dll+0x29333]
C  [KERNEL32.DLL+0x1259d]
C  [ntdll.dll+0x5af78]

VM_Operation (0x000000fc1e6fdf10): G1CollectForAllocation, mode: safepoint, requested by thread 0x00000282d46f19b0


---------------  P R O C E S S  ---------------

Threads class SMR info:
_java_thread_list=0x00000282d36af1d0, length=177, elements={
0x00000282d6d44870, 0x00000282fbad1150, 0x00000282fbad1fd0, 0x00000282fbaff470,
0x00000282fbb00030, 0x00000282fbb02b00, 0x00000282fbb034c0, 0x00000282fbb04260,
0x00000282fbb10220, 0x00000282fbb2b3e0, 0x00000282fbabc880, 0x00000282c529f310,
0x00000282c6d54820, 0x00000282c58077c0, 0x00000282c6c32440, 0x00000282c6a88c40,
0x00000282c6a85490, 0x00000282c6a868d0, 0x00000282c7a7fe80, 0x00000282c7a7f970,
0x00000282c7a80390, 0x00000282c7a7db10, 0x00000282c8907390, 0x00000282c9ffb360,
0x00000282c9ff5840, 0x00000282c9ff9a10, 0x00000282c9ff4e20, 0x00000282c9ffa940,
0x00000282c9ffbd80, 0x00000282c9ff4910, 0x00000282c76f3620, 0x00000282ca32d0a0,
0x00000282ca32d5b0, 0x00000282ca32f410, 0x00000282ca3284b0, 0x00000282ca32c170,
0x00000282ca32dac0, 0x00000282ca32b240, 0x00000282ca329e00, 0x00000282ca3298f0,
0x00000282ca32ef00, 0x00000282ca32c680, 0x00000282ca32a310, 0x00000282ca32ad30,
0x00000282ca3293e0, 0x00000282ca32dfd0, 0x00000282ca32cb90, 0x00000282ca32a820,
0x00000282ca3289c0, 0x00000282ca32bc60, 0x00000282ca328ed0, 0x00000282c89082c0,
0x00000282c8905f50, 0x00000282c8909700, 0x00000282c8908ce0, 0x00000282c8909c10,
0x00000282c890b050, 0x00000282c8907db0, 0x00000282c890a120, 0x00000282c8905a40,
0x00000282c890a630, 0x00000282c890ab40, 0x00000282c89087d0, 0x00000282c890b560,
0x00000282c890ba70, 0x00000282c890bf80, 0x00000282c8904b10, 0x00000282c8906460,
0x00000282c890c490, 0x00000282c8906970, 0x00000282c7a7cbe0, 0x00000282c7a7b7a0,
0x00000282c7a7ef50, 0x00000282c7a7f460, 0x00000282c7a7e530, 0x00000282c7a80db0,
0x00000282c7a7c6d0, 0x00000282c7a81ce0, 0x00000282c7a7c1c0, 0x00000282c7a817d0,
0x00000282c7a7bcb0, 0x00000282c7a7ea40, 0x00000282c7a821f0, 0x00000282c7a7ad80,
0x00000282c7a82700, 0x00000282c7a7b290, 0x00000282c7a7d0f0, 0x00000282c7a7d600,
0x00000282c9ff5d50, 0x00000282c9ffb870, 0x00000282c9ff4400, 0x00000282c9ff6260,
0x00000282c9ff6c80, 0x00000282c9ff76a0, 0x00000282c9ff7bb0, 0x00000282c9ff80c0,
0x00000282c9ff85d0, 0x00000282c6a87d10, 0x00000282c6a872f0, 0x00000282c6a88220,
0x00000282c6a87800, 0x00000282c6a863c0, 0x00000282c6a85eb0, 0x00000282c6a88730,
0x00000282c6a859a0, 0x00000282c76f3b30, 0x00000282c76f4a60, 0x00000282c76ee010,
0x00000282c76eef40, 0x00000282c76f1cd0, 0x00000282d0cd2b30, 0x00000282d0ccf890,
0x00000282d0cd3a60, 0x00000282d0cd3f70, 0x00000282d0ccfda0, 0x00000282d0ccee70,
0x00000282d0cd02b0, 0x00000282d0cd07c0, 0x00000282d0cce960, 0x00000282d0cd3040,
0x00000282d0cce450, 0x00000282d0ccf380, 0x00000282d0ccd520, 0x00000282d0cccb00,
0x00000282d0cd1c00, 0x00000282d0cd16f0, 0x00000282d0cd4480, 0x00000282d0cd0cd0,
0x00000282d0cd2110, 0x00000282d0cd2620, 0x00000282d0ccd010, 0x00000282d0cd11e0,
0x00000282d0ccda30, 0x00000282d0cd3550, 0x00000282c85d19e0, 0x00000282c85d14d0,
0x00000282c85cd810, 0x00000282c85d1ef0, 0x00000282c85cdd20, 0x00000282c85ce230,
0x00000282c85cfb80, 0x00000282c85ccdf0, 0x00000282c85d3330, 0x00000282c85d2910,
0x00000282c85ce740, 0x00000282c85d0090, 0x00000282c76efe70, 0x00000282c76f12b0,
0x00000282d0ccdf40, 0x00000282c9ff7190, 0x00000282d4fb46a0, 0x00000282d4fb04d0,
0x00000282d4fb3260, 0x00000282d4fb3770, 0x00000282d4fb09e0, 0x00000282d4fb1400,
0x00000282d4fb50c0, 0x00000282d4fb6f20, 0x00000282d4fb2840, 0x00000282d4fb6a10,
0x00000282d4fb3c80, 0x00000282ca32e4e0, 0x00000282c8906e80, 0x00000282c76f17c0,
0x00000282c9ff6770, 0x00000282d3bab890, 0x00000282d3bb0480, 0x00000282d3bafa60,
0x00000282d46f0a80, 0x0000028301274b60, 0x00000282d5cc11a0, 0x00000282d46f19b0,
0x00000282c9981a10, 0x0000028301274650, 0x00000282d3baa960, 0x00000282d46f0060,
0x000002830211e500
}

Java Threads: ( => current thread )
  0x00000282d6d44870 JavaThread "main" [_thread_blocked, id=25976, stack(0x000000fc12400000,0x000000fc12500000)]
  0x00000282fbad1150 JavaThread "Reference Handler" daemon [_thread_blocked, id=9016, stack(0x000000fc12b00000,0x000000fc12c00000)]
  0x00000282fbad1fd0 JavaThread "Finalizer" daemon [_thread_blocked, id=9408, stack(0x000000fc12c00000,0x000000fc12d00000)]
  0x00000282fbaff470 JavaThread "Signal Dispatcher" daemon [_thread_blocked, id=27660, stack(0x000000fc12d00000,0x000000fc12e00000)]
  0x00000282fbb00030 JavaThread "Attach Listener" daemon [_thread_blocked, id=23776, stack(0x000000fc12e00000,0x000000fc12f00000)]
  0x00000282fbb02b00 JavaThread "Service Thread" daemon [_thread_blocked, id=20712, stack(0x000000fc12f00000,0x000000fc13000000)]
  0x00000282fbb034c0 JavaThread "Monitor Deflation Thread" daemon [_thread_blocked, id=23772, stack(0x000000fc13000000,0x000000fc13100000)]
  0x00000282fbb04260 JavaThread "C2 CompilerThread0" daemon [_thread_blocked, id=28096, stack(0x000000fc13100000,0x000000fc13200000)]
  0x00000282fbb10220 JavaThread "C1 CompilerThread0" daemon [_thread_blocked, id=27624, stack(0x000000fc13200000,0x000000fc13300000)]
  0x00000282fbb2b3e0 JavaThread "Sweeper thread" daemon [_thread_blocked, id=25224, stack(0x000000fc13300000,0x000000fc13400000)]
  0x00000282fbabc880 JavaThread "Common-Cleaner" daemon [_thread_blocked, id=13200, stack(0x000000fc13400000,0x000000fc13500000)]
  0x00000282c529f310 JavaThread "Notification Thread" daemon [_thread_blocked, id=22460, stack(0x000000fc13500000,0x000000fc13600000)]
  0x00000282c6d54820 JavaThread "Daemon health stats" [_thread_blocked, id=9748, stack(0x000000fc13b00000,0x000000fc13c00000)]
  0x00000282c58077c0 JavaThread "Incoming local TCP Connector on port 50528" [_thread_in_native, id=8036, stack(0x000000fc13c00000,0x000000fc13d00000)]
  0x00000282c6c32440 JavaThread "Daemon periodic checks" [_thread_blocked, id=22448, stack(0x000000fc13d00000,0x000000fc13e00000)]
  0x00000282c6a88c40 JavaThread "Cache worker for journal cache (C:\Users\NAGARAJU\.gradle\caches\journal-1)" [_thread_blocked, id=21552, stack(0x000000fc14500000,0x000000fc14600000)]
  0x00000282c6a85490 JavaThread "File lock request listener" [_thread_in_native, id=19176, stack(0x000000fc14600000,0x000000fc14700000)]
  0x00000282c6a868d0 JavaThread "Cache worker for file hash cache (C:\Users\NAGARAJU\.gradle\caches\8.14.1\fileHashes)" [_thread_blocked, id=22184, stack(0x000000fc14700000,0x000000fc14800000)]
  0x00000282c7a7fe80 JavaThread "File watcher server" daemon [_thread_blocked, id=9100, stack(0x000000fc14e00000,0x000000fc14f00000)]
  0x00000282c7a7f970 JavaThread "File watcher consumer" daemon [_thread_blocked, id=13652, stack(0x000000fc14f00000,0x000000fc15000000)]
  0x00000282c7a80390 JavaThread "jar transforms" [_thread_blocked, id=23184, stack(0x000000fc15000000,0x000000fc15100000)]
  0x00000282c7a7db10 JavaThread "Cache worker for file content cache (C:\Users\NAGARAJU\.gradle\caches\8.14.1\fileContent)" [_thread_blocked, id=19840, stack(0x000000fc15200000,0x000000fc15300000)]
  0x00000282c8907390 JavaThread "Memory manager" [_thread_blocked, id=28624, stack(0x000000fc17200000,0x000000fc17300000)]
  0x00000282c9ffb360 JavaThread "jar transforms Thread 2" [_thread_blocked, id=25476, stack(0x000000fc1b900000,0x000000fc1ba00000)]
  0x00000282c9ff5840 JavaThread "jar transforms Thread 3" [_thread_blocked, id=16576, stack(0x000000fc1ba00000,0x000000fc1bb00000)]
  0x00000282c9ff9a10 JavaThread "jar transforms Thread 4" [_thread_blocked, id=26600, stack(0x000000fc1be00000,0x000000fc1bf00000)]
  0x00000282c9ff4e20 JavaThread "jar transforms Thread 5" [_thread_blocked, id=20904, stack(0x000000fc17300000,0x000000fc17400000)]
  0x00000282c9ffa940 JavaThread "jar transforms Thread 6" [_thread_blocked, id=15300, stack(0x000000fc1bf00000,0x000000fc1c000000)]
  0x00000282c9ffbd80 JavaThread "jar transforms Thread 7" [_thread_blocked, id=22080, stack(0x000000fc1c400000,0x000000fc1c500000)]
  0x00000282c9ff4910 JavaThread "jar transforms Thread 8" [_thread_blocked, id=26740, stack(0x000000fc1c500000,0x000000fc1c600000)]
  0x00000282c76f3620 JavaThread "pool-3-thread-1" [_thread_blocked, id=14628, stack(0x000000fc12100000,0x000000fc12200000)]
  0x00000282ca32d0a0 JavaThread "Daemon Thread 2" [_thread_blocked, id=1744, stack(0x000000fc12200000,0x000000fc12300000)]
  0x00000282ca32d5b0 JavaThread "Handler for socket connection from /127.0.0.1:50528 to /127.0.0.1:62887" [_thread_in_native, id=1064, stack(0x000000fc12300000,0x000000fc12400000)]
  0x00000282ca32f410 JavaThread "Cancel handler" [_thread_blocked, id=21808, stack(0x000000fc13e00000,0x000000fc13f00000)]
  0x00000282ca3284b0 JavaThread "Daemon worker Thread 2" [_thread_blocked, id=24916, stack(0x000000fc13f00000,0x000000fc14000000)]
  0x00000282ca32c170 JavaThread "Asynchronous log dispatcher for DefaultDaemonConnection: socket connection from /127.0.0.1:50528 to /127.0.0.1:62887" [_thread_blocked, id=25932, stack(0x000000fc14000000,0x000000fc14100000)]
  0x00000282ca32dac0 JavaThread "Stdin handler" [_thread_blocked, id=9268, stack(0x000000fc14100000,0x000000fc14200000)]
  0x00000282ca32b240 JavaThread "Daemon client event forwarder" [_thread_blocked, id=5380, stack(0x000000fc14200000,0x000000fc14300000)]
  0x00000282ca329e00 JavaThread "Cache worker for file hash cache (C:\zynnative\DocApp-CLI\android\.gradle\8.14.1\fileHashes)" [_thread_blocked, id=22036, stack(0x000000fc14300000,0x000000fc14400000)]
  0x00000282ca3298f0 JavaThread "Cache worker for Build Output Cleanup Cache (C:\zynnative\DocApp-CLI\android\.gradle\buildOutputCleanup)" [_thread_blocked, id=19320, stack(0x000000fc14400000,0x000000fc14500000)]
  0x00000282ca32ef00 JavaThread "Cache worker for checksums cache (C:\zynnative\DocApp-CLI\android\.gradle\8.14.1\checksums)" [_thread_blocked, id=12100, stack(0x000000fc14b00000,0x000000fc14c00000)]
  0x00000282ca32c680 JavaThread "Cache worker for cache directory md-supplier (C:\Users\NAGARAJU\.gradle\caches\8.14.1\md-supplier)" [_thread_blocked, id=8568, stack(0x000000fc14c00000,0x000000fc14d00000)]
  0x00000282ca32a310 JavaThread "Cache worker for cache directory md-rule (C:\Users\NAGARAJU\.gradle\caches\8.14.1\md-rule)" [_thread_blocked, id=23332, stack(0x000000fc15100000,0x000000fc15200000)]
  0x00000282ca32ad30 JavaThread "Cache worker for Build Output Cleanup Cache (C:\zynnative\DocApp-CLI\node_modules\@react-native\gradle-plugin\.gradle\buildOutputCleanup)" [_thread_blocked, id=9148, stack(0x000000fc15300000,0x000000fc15400000)]
  0x00000282ca3293e0 JavaThread "Unconstrained build operations" [_thread_blocked, id=22972, stack(0x000000fc15400000,0x000000fc15500000)]
  0x00000282ca32dfd0 JavaThread "Unconstrained build operations Thread 2" [_thread_blocked, id=26652, stack(0x000000fc15500000,0x000000fc15600000)]
  0x00000282ca32cb90 JavaThread "Unconstrained build operations Thread 3" [_thread_blocked, id=26300, stack(0x000000fc15600000,0x000000fc15700000)]
  0x00000282ca32a820 JavaThread "Unconstrained build operations Thread 4" [_thread_blocked, id=14916, stack(0x000000fc15700000,0x000000fc15800000)]
  0x00000282ca3289c0 JavaThread "Unconstrained build operations Thread 5" [_thread_blocked, id=25960, stack(0x000000fc15800000,0x000000fc15900000)]
  0x00000282ca32bc60 JavaThread "Unconstrained build operations Thread 6" [_thread_blocked, id=22980, stack(0x000000fc15900000,0x000000fc15a00000)]
  0x00000282ca328ed0 JavaThread "Unconstrained build operations Thread 7" [_thread_blocked, id=22316, stack(0x000000fc15a00000,0x000000fc15b00000)]
  0x00000282c89082c0 JavaThread "Unconstrained build operations Thread 8" [_thread_blocked, id=13400, stack(0x000000fc15b00000,0x000000fc15c00000)]
  0x00000282c8905f50 JavaThread "Unconstrained build operations Thread 9" [_thread_blocked, id=20540, stack(0x000000fc15c00000,0x000000fc15d00000)]
  0x00000282c8909700 JavaThread "Unconstrained build operations Thread 10" [_thread_blocked, id=11060, stack(0x000000fc15d00000,0x000000fc15e00000)]
  0x00000282c8908ce0 JavaThread "Unconstrained build operations Thread 11" [_thread_blocked, id=26680, stack(0x000000fc15e00000,0x000000fc15f00000)]
  0x00000282c8909c10 JavaThread "Unconstrained build operations Thread 12" [_thread_blocked, id=12948, stack(0x000000fc15f00000,0x000000fc16000000)]
  0x00000282c890b050 JavaThread "Unconstrained build operations Thread 13" [_thread_blocked, id=26928, stack(0x000000fc16000000,0x000000fc16100000)]
  0x00000282c8907db0 JavaThread "Unconstrained build operations Thread 14" [_thread_blocked, id=12784, stack(0x000000fc16100000,0x000000fc16200000)]
  0x00000282c890a120 JavaThread "Unconstrained build operations Thread 15" [_thread_blocked, id=13512, stack(0x000000fc16200000,0x000000fc16300000)]
  0x00000282c8905a40 JavaThread "Unconstrained build operations Thread 16" [_thread_blocked, id=23988, stack(0x000000fc16300000,0x000000fc16400000)]
  0x00000282c890a630 JavaThread "Unconstrained build operations Thread 17" [_thread_blocked, id=26200, stack(0x000000fc16400000,0x000000fc16500000)]
  0x00000282c890ab40 JavaThread "Unconstrained build operations Thread 18" [_thread_blocked, id=3196, stack(0x000000fc16500000,0x000000fc16600000)]
  0x00000282c89087d0 JavaThread "build event listener" [_thread_blocked, id=9828, stack(0x000000fc16600000,0x000000fc16700000)]
  0x00000282c890b560 JavaThread "ForkJoinPool.commonPool-worker-8" daemon [_thread_blocked, id=28016, stack(0x000000fc16700000,0x000000fc16800000)]
  0x00000282c890ba70 JavaThread "ForkJoinPool.commonPool-worker-9" daemon [_thread_blocked, id=21680, stack(0x000000fc16800000,0x000000fc16900000)]
  0x00000282c890bf80 JavaThread "ForkJoinPool.commonPool-worker-10" daemon [_thread_blocked, id=21280, stack(0x000000fc16900000,0x000000fc16a00000)]
  0x00000282c8904b10 JavaThread "ForkJoinPool.commonPool-worker-11" daemon [_thread_blocked, id=14772, stack(0x000000fc16a00000,0x000000fc16b00000)]
  0x00000282c8906460 JavaThread "ForkJoinPool.commonPool-worker-12" daemon [_thread_blocked, id=8268, stack(0x000000fc16b00000,0x000000fc16c00000)]
  0x00000282c890c490 JavaThread "ForkJoinPool.commonPool-worker-13" daemon [_thread_blocked, id=25524, stack(0x000000fc16c00000,0x000000fc16d00000)]
  0x00000282c8906970 JavaThread "ForkJoinPool.commonPool-worker-14" daemon [_thread_blocked, id=6236, stack(0x000000fc16d00000,0x000000fc16e00000)]
  0x00000282c7a7cbe0 JavaThread "included builds" [_thread_blocked, id=22532, stack(0x000000fc16e00000,0x000000fc16f00000)]
  0x00000282c7a7b7a0 JavaThread "Execution worker" [_thread_blocked, id=9916, stack(0x000000fc16f00000,0x000000fc17000000)]
  0x00000282c7a7ef50 JavaThread "Execution worker Thread 2" [_thread_blocked, id=27228, stack(0x000000fc17000000,0x000000fc17100000)]
  0x00000282c7a7f460 JavaThread "Execution worker Thread 3" [_thread_blocked, id=25096, stack(0x000000fc17100000,0x000000fc17200000)]
  0x00000282c7a7e530 JavaThread "Execution worker Thread 4" [_thread_blocked, id=27856, stack(0x000000fc17400000,0x000000fc17500000)]
  0x00000282c7a80db0 JavaThread "Execution worker Thread 5" [_thread_blocked, id=13824, stack(0x000000fc17500000,0x000000fc17600000)]
  0x00000282c7a7c6d0 JavaThread "Execution worker Thread 6" [_thread_blocked, id=23796, stack(0x000000fc17600000,0x000000fc17700000)]
  0x00000282c7a81ce0 JavaThread "Execution worker Thread 7" [_thread_blocked, id=10080, stack(0x000000fc17700000,0x000000fc17800000)]
  0x00000282c7a7c1c0 JavaThread "Cache worker for execution history cache (C:\zynnative\DocApp-CLI\node_modules\@react-native\gradle-plugin\.gradle\8.14.1\executionHistory)" [_thread_blocked, id=19860, stack(0x000000fc17800000,0x000000fc17900000)]
  0x00000282c7a817d0 JavaThread "Unconstrained build operations Thread 19" [_thread_blocked, id=4180, stack(0x000000fc17900000,0x000000fc17a00000)]
  0x00000282c7a7bcb0 JavaThread "Unconstrained build operations Thread 20" [_thread_blocked, id=24868, stack(0x000000fc17a00000,0x000000fc17b00000)]
  0x00000282c7a7ea40 JavaThread "Unconstrained build operations Thread 21" [_thread_blocked, id=6392, stack(0x000000fc17b00000,0x000000fc17c00000)]
  0x00000282c7a821f0 JavaThread "Unconstrained build operations Thread 22" [_thread_blocked, id=24296, stack(0x000000fc17c00000,0x000000fc17d00000)]
  0x00000282c7a7ad80 JavaThread "Unconstrained build operations Thread 23" [_thread_blocked, id=27288, stack(0x000000fc17d00000,0x000000fc17e00000)]
  0x00000282c7a82700 JavaThread "Unconstrained build operations Thread 24" [_thread_blocked, id=10096, stack(0x000000fc17e00000,0x000000fc17f00000)]
  0x00000282c7a7b290 JavaThread "Unconstrained build operations Thread 25" [_thread_blocked, id=25588, stack(0x000000fc17f00000,0x000000fc18000000)]
  0x00000282c7a7d0f0 JavaThread "Unconstrained build operations Thread 26" [_thread_blocked, id=28480, stack(0x000000fc18000000,0x000000fc18100000)]
  0x00000282c7a7d600 JavaThread "Unconstrained build operations Thread 27" [_thread_blocked, id=10276, stack(0x000000fc18100000,0x000000fc18200000)]
  0x00000282c9ff5d50 JavaThread "Unconstrained build operations Thread 28" [_thread_blocked, id=28448, stack(0x000000fc18200000,0x000000fc18300000)]
  0x00000282c9ffb870 JavaThread "Unconstrained build operations Thread 29" [_thread_blocked, id=24248, stack(0x000000fc18300000,0x000000fc18400000)]
  0x00000282c9ff4400 JavaThread "Unconstrained build operations Thread 30" [_thread_blocked, id=4128, stack(0x000000fc18400000,0x000000fc18500000)]
  0x00000282c9ff6260 JavaThread "Unconstrained build operations Thread 31" [_thread_blocked, id=10112, stack(0x000000fc18500000,0x000000fc18600000)]
  0x00000282c9ff6c80 JavaThread "Unconstrained build operations Thread 32" [_thread_blocked, id=26984, stack(0x000000fc18600000,0x000000fc18700000)]
  0x00000282c9ff76a0 JavaThread "Unconstrained build operations Thread 33" [_thread_blocked, id=21420, stack(0x000000fc18700000,0x000000fc18800000)]
  0x00000282c9ff7bb0 JavaThread "Unconstrained build operations Thread 34" [_thread_blocked, id=14312, stack(0x000000fc18800000,0x000000fc18900000)]
  0x00000282c9ff80c0 JavaThread "Unconstrained build operations Thread 35" [_thread_blocked, id=14788, stack(0x000000fc18900000,0x000000fc18a00000)]
  0x00000282c9ff85d0 JavaThread "Unconstrained build operations Thread 36" [_thread_blocked, id=21796, stack(0x000000fc18a00000,0x000000fc18b00000)]
  0x00000282c6a87d10 JavaThread "Unconstrained build operations Thread 37" [_thread_blocked, id=9248, stack(0x000000fc18b00000,0x000000fc18c00000)]
  0x00000282c6a872f0 JavaThread "Unconstrained build operations Thread 38" [_thread_blocked, id=22580, stack(0x000000fc18c00000,0x000000fc18d00000)]
  0x00000282c6a88220 JavaThread "Unconstrained build operations Thread 39" [_thread_blocked, id=21072, stack(0x000000fc18d00000,0x000000fc18e00000)]
  0x00000282c6a87800 JavaThread "Unconstrained build operations Thread 40" [_thread_blocked, id=26816, stack(0x000000fc18e00000,0x000000fc18f00000)]
  0x00000282c6a863c0 JavaThread "Unconstrained build operations Thread 41" [_thread_blocked, id=26484, stack(0x000000fc18f00000,0x000000fc19000000)]
  0x00000282c6a85eb0 JavaThread "Unconstrained build operations Thread 42" [_thread_blocked, id=23964, stack(0x000000fc19000000,0x000000fc19100000)]
  0x00000282c6a88730 JavaThread "Unconstrained build operations Thread 43" [_thread_blocked, id=13472, stack(0x000000fc19100000,0x000000fc19200000)]
  0x00000282c6a859a0 JavaThread "Unconstrained build operations Thread 44" [_thread_blocked, id=24412, stack(0x000000fc19200000,0x000000fc19300000)]
  0x00000282c76f3b30 JavaThread "Unconstrained build operations Thread 45" [_thread_blocked, id=28456, stack(0x000000fc19300000,0x000000fc19400000)]
  0x00000282c76f4a60 JavaThread "Unconstrained build operations Thread 46" [_thread_blocked, id=11180, stack(0x000000fc19400000,0x000000fc19500000)]
  0x00000282c76ee010 JavaThread "Unconstrained build operations Thread 47" [_thread_blocked, id=25160, stack(0x000000fc19500000,0x000000fc19600000)]
  0x00000282c76eef40 JavaThread "Exec process Thread 4" [_thread_blocked, id=24268, stack(0x000000fc19600000,0x000000fc19700000)]
  0x00000282c76f1cd0 JavaThread "Exec process Thread 5" [_thread_blocked, id=25344, stack(0x000000fc19700000,0x000000fc19800000)]
  0x00000282d0cd2b30 JavaThread "Exec process Thread 6" [_thread_blocked, id=3864, stack(0x000000fc19800000,0x000000fc19900000)]
  0x00000282d0ccf890 JavaThread "Unconstrained build operations Thread 48" [_thread_blocked, id=21928, stack(0x000000fc19a00000,0x000000fc19b00000)]
  0x00000282d0cd3a60 JavaThread "Unconstrained build operations Thread 49" [_thread_blocked, id=26304, stack(0x000000fc19b00000,0x000000fc19c00000)]
  0x00000282d0cd3f70 JavaThread "Unconstrained build operations Thread 50" [_thread_blocked, id=28408, stack(0x000000fc19c00000,0x000000fc19d00000)]
  0x00000282d0ccfda0 JavaThread "Unconstrained build operations Thread 51" [_thread_blocked, id=22252, stack(0x000000fc19d00000,0x000000fc19e00000)]
  0x00000282d0ccee70 JavaThread "Unconstrained build operations Thread 52" [_thread_blocked, id=25968, stack(0x000000fc19e00000,0x000000fc19f00000)]
  0x00000282d0cd02b0 JavaThread "Unconstrained build operations Thread 53" [_thread_blocked, id=26280, stack(0x000000fc19f00000,0x000000fc1a000000)]
  0x00000282d0cd07c0 JavaThread "Unconstrained build operations Thread 54" [_thread_blocked, id=14376, stack(0x000000fc1a000000,0x000000fc1a100000)]
  0x00000282d0cce960 JavaThread "Unconstrained build operations Thread 55" [_thread_blocked, id=12788, stack(0x000000fc1a100000,0x000000fc1a200000)]
  0x00000282d0cd3040 JavaThread "Unconstrained build operations Thread 56" [_thread_blocked, id=8744, stack(0x000000fc1a200000,0x000000fc1a300000)]
  0x00000282d0cce450 JavaThread "Unconstrained build operations Thread 57" [_thread_blocked, id=27564, stack(0x000000fc1a300000,0x000000fc1a400000)]
  0x00000282d0ccf380 JavaThread "Unconstrained build operations Thread 58" [_thread_blocked, id=24336, stack(0x000000fc1a400000,0x000000fc1a500000)]
  0x00000282d0ccd520 JavaThread "Unconstrained build operations Thread 59" [_thread_blocked, id=21876, stack(0x000000fc1a500000,0x000000fc1a600000)]
  0x00000282d0cccb00 JavaThread "Unconstrained build operations Thread 60" [_thread_blocked, id=19872, stack(0x000000fc1a600000,0x000000fc1a700000)]
  0x00000282d0cd1c00 JavaThread "Unconstrained build operations Thread 61" [_thread_blocked, id=25448, stack(0x000000fc1a700000,0x000000fc1a800000)]
  0x00000282d0cd16f0 JavaThread "Unconstrained build operations Thread 62" [_thread_blocked, id=3316, stack(0x000000fc1a800000,0x000000fc1a900000)]
  0x00000282d0cd4480 JavaThread "Unconstrained build operations Thread 63" [_thread_blocked, id=18068, stack(0x000000fc1a900000,0x000000fc1aa00000)]
  0x00000282d0cd0cd0 JavaThread "Unconstrained build operations Thread 64" [_thread_blocked, id=22780, stack(0x000000fc1aa00000,0x000000fc1ab00000)]
  0x00000282d0cd2110 JavaThread "Unconstrained build operations Thread 65" [_thread_blocked, id=13840, stack(0x000000fc1ab00000,0x000000fc1ac00000)]
  0x00000282d0cd2620 JavaThread "Unconstrained build operations Thread 66" [_thread_blocked, id=12092, stack(0x000000fc1ac00000,0x000000fc1ad00000)]
  0x00000282d0ccd010 JavaThread "Unconstrained build operations Thread 67" [_thread_blocked, id=14660, stack(0x000000fc1ad00000,0x000000fc1ae00000)]
  0x00000282d0cd11e0 JavaThread "Unconstrained build operations Thread 68" [_thread_blocked, id=27612, stack(0x000000fc1ae00000,0x000000fc1af00000)]
  0x00000282d0ccda30 JavaThread "build event listener" [_thread_blocked, id=3640, stack(0x000000fc1af00000,0x000000fc1b000000)]
  0x00000282d0cd3550 JavaThread "Problems report writer" [_thread_blocked, id=9448, stack(0x000000fc1b000000,0x000000fc1b100000)]
  0x00000282c85d19e0 JavaThread "Unconstrained build operations Thread 69" [_thread_blocked, id=11252, stack(0x000000fc1b100000,0x000000fc1b200000)]
  0x00000282c85d14d0 JavaThread "Unconstrained build operations Thread 70" [_thread_blocked, id=6748, stack(0x000000fc1b200000,0x000000fc1b300000)]
  0x00000282c85cd810 JavaThread "Unconstrained build operations Thread 71" [_thread_blocked, id=23932, stack(0x000000fc1b300000,0x000000fc1b400000)]
  0x00000282c85d1ef0 JavaThread "Unconstrained build operations Thread 72" [_thread_blocked, id=2096, stack(0x000000fc1b400000,0x000000fc1b500000)]
  0x00000282c85cdd20 JavaThread "Unconstrained build operations Thread 73" [_thread_blocked, id=9232, stack(0x000000fc1b500000,0x000000fc1b600000)]
  0x00000282c85ce230 JavaThread "Unconstrained build operations Thread 74" [_thread_blocked, id=10044, stack(0x000000fc1b600000,0x000000fc1b700000)]
  0x00000282c85cfb80 JavaThread "Unconstrained build operations Thread 75" [_thread_blocked, id=22788, stack(0x000000fc1b700000,0x000000fc1b800000)]
  0x00000282c85ccdf0 JavaThread "Unconstrained build operations Thread 76" [_thread_blocked, id=21736, stack(0x000000fc1b800000,0x000000fc1b900000)]
  0x00000282c85d3330 JavaThread "Unconstrained build operations Thread 77" [_thread_blocked, id=21772, stack(0x000000fc1bb00000,0x000000fc1bc00000)]
  0x00000282c85d2910 JavaThread "Unconstrained build operations Thread 78" [_thread_blocked, id=2512, stack(0x000000fc1bc00000,0x000000fc1bd00000)]
  0x00000282c85ce740 JavaThread "Unconstrained build operations Thread 79" [_thread_blocked, id=6732, stack(0x000000fc1bd00000,0x000000fc1be00000)]
  0x00000282c85d0090 JavaThread "Unconstrained build operations Thread 80" [_thread_blocked, id=26556, stack(0x000000fc1c000000,0x000000fc1c100000)]
  0x00000282c76efe70 JavaThread "pool-6-thread-1" [_thread_blocked, id=9128, stack(0x000000fc1ca00000,0x000000fc1cb00000)]
  0x00000282c76f12b0 JavaThread "build event listener" [_thread_blocked, id=22676, stack(0x000000fc1cb00000,0x000000fc1cc00000)]
  0x00000282d0ccdf40 JavaThread "Cache worker for execution history cache (C:\zynnative\DocApp-CLI\android\.gradle\8.14.1\executionHistory)" [_thread_blocked, id=13392, stack(0x000000fc1cc00000,0x000000fc1cd00000)]
  0x00000282c9ff7190 JavaThread "WorkerExecutor Queue" [_thread_blocked, id=9400, stack(0x000000fc1cd00000,0x000000fc1ce00000)]
  0x00000282d4fb46a0 JavaThread "WorkerExecutor Queue Thread 3" [_thread_blocked, id=1244, stack(0x000000fc1d000000,0x000000fc1d100000)]
  0x00000282d4fb04d0 JavaThread "WorkerExecutor Queue Thread 4" [_thread_blocked, id=20316, stack(0x000000fc1d100000,0x000000fc1d200000)]
  0x00000282d4fb3260 JavaThread "WorkerExecutor Queue Thread 5" [_thread_blocked, id=24872, stack(0x000000fc1d200000,0x000000fc1d300000)]
  0x00000282d4fb3770 JavaThread "WorkerExecutor Queue Thread 6" [_thread_blocked, id=5368, stack(0x000000fc1d300000,0x000000fc1d400000)]
  0x00000282d4fb09e0 JavaThread "WorkerExecutor Queue Thread 7" [_thread_blocked, id=25908, stack(0x000000fc1d400000,0x000000fc1d500000)]
  0x00000282d4fb1400 JavaThread "pool-7-thread-1" [_thread_blocked, id=13328, stack(0x000000fc1d500000,0x000000fc1d600000)]
  0x00000282d4fb50c0 JavaThread "WorkerExecutor Queue Thread 8" [_thread_blocked, id=24828, stack(0x000000fc1d600000,0x000000fc1d700000)]
  0x00000282d4fb6f20 JavaThread "stderr" [_thread_in_native, id=27724, stack(0x000000fc1d700000,0x000000fc1d800000)]
  0x00000282d4fb2840 JavaThread "stdout" [_thread_in_native, id=8312, stack(0x000000fc1d800000,0x000000fc1d900000)]
  0x00000282d4fb6a10 JavaThread "Cache worker for Java compile cache (C:\Users\NAGARAJU\.gradle\caches\8.14.1\javaCompile)" [_thread_blocked, id=24840, stack(0x000000fc1d900000,0x000000fc1da00000)]
  0x00000282d4fb3c80 JavaThread "Build operations" [_thread_blocked, id=26564, stack(0x000000fc1dc00000,0x000000fc1dd00000)]
  0x00000282ca32e4e0 JavaThread "Build operations Thread 2" [_thread_blocked, id=4192, stack(0x000000fc1dd00000,0x000000fc1de00000)]
  0x00000282c8906e80 JavaThread "Build operations Thread 3" [_thread_blocked, id=24684, stack(0x000000fc1de00000,0x000000fc1df00000)]
  0x00000282c76f17c0 JavaThread "Build operations Thread 4" [_thread_blocked, id=15332, stack(0x000000fc1df00000,0x000000fc1e000000)]
  0x00000282c9ff6770 JavaThread "Build operations Thread 5" [_thread_blocked, id=25108, stack(0x000000fc1e000000,0x000000fc1e100000)]
  0x00000282d3bab890 JavaThread "Build operations Thread 6" [_thread_blocked, id=24928, stack(0x000000fc1e100000,0x000000fc1e200000)]
  0x00000282d3bb0480 JavaThread "Build operations Thread 7" [_thread_blocked, id=11728, stack(0x000000fc1e200000,0x000000fc1e300000)]
  0x00000282d3bafa60 JavaThread "WorkerExecutor Queue Thread 9" [_thread_blocked, id=24416, stack(0x000000fc1e300000,0x000000fc1e400000)]
  0x00000282d46f0a80 JavaThread "ForkJoinPool-1-worker-1" daemon [_thread_blocked, id=27380, stack(0x000000fc1cf00000,0x000000fc1d000000)]
  0x0000028301274b60 JavaThread "ForkJoinPool-1-worker-2" daemon [_thread_blocked, id=27052, stack(0x000000fc1e400000,0x000000fc1e500000)]
  0x00000282d5cc11a0 JavaThread "ForkJoinPool-1-worker-3" daemon [_thread_blocked, id=9912, stack(0x000000fc1e500000,0x000000fc1e600000)]
  0x00000282d46f19b0 JavaThread "ForkJoinPool-1-worker-4" daemon [_thread_blocked, id=23596, stack(0x000000fc1e600000,0x000000fc1e700000)]
  0x00000282c9981a10 JavaThread "ForkJoinPool-1-worker-5" daemon [_thread_blocked, id=25624, stack(0x000000fc1e700000,0x000000fc1e800000)]
  0x0000028301274650 JavaThread "ForkJoinPool-1-worker-6" daemon [_thread_blocked, id=19360, stack(0x000000fc1e800000,0x000000fc1e900000)]
  0x00000282d3baa960 JavaThread "ForkJoinPool-1-worker-7" daemon [_thread_blocked, id=5544, stack(0x000000fc1e900000,0x000000fc1ea00000)]
  0x00000282d46f0060 JavaThread "ForkJoinPool-1-worker-8" daemon [_thread_blocked, id=15504, stack(0x000000fc1ea00000,0x000000fc1eb00000)]
  0x000002830211e500 JavaThread "pool-8-thread-1" [_thread_blocked, id=14212, stack(0x000000fc1ec00000,0x000000fc1ed00000)]

Other Threads:
=>0x00000282fbacb540 VMThread "VM Thread" [stack: 0x000000fc12a00000,0x000000fc12b00000] [id=26788]
  0x00000282c5290020 WatcherThread [stack: 0x000000fc13600000,0x000000fc13700000] [id=11028]
  0x00000282d6db0160 GCTaskThread "GC Thread#0" [stack: 0x000000fc12500000,0x000000fc12600000] [id=20944]
  0x00000282c5361fe0 GCTaskThread "GC Thread#1" [stack: 0x000000fc13700000,0x000000fc13800000] [id=15480]
  0x00000282c5567d10 GCTaskThread "GC Thread#2" [stack: 0x000000fc13800000,0x000000fc13900000] [id=25728]
  0x00000282c5946c80 GCTaskThread "GC Thread#3" [stack: 0x000000fc13900000,0x000000fc13a00000] [id=25176]
  0x00000282c55e1c60 GCTaskThread "GC Thread#4" [stack: 0x000000fc13a00000,0x000000fc13b00000] [id=14148]
  0x00000282c6e19c80 GCTaskThread "GC Thread#5" [stack: 0x000000fc14800000,0x000000fc14900000] [id=27884]
  0x00000282c7c1e010 GCTaskThread "GC Thread#6" [stack: 0x000000fc14900000,0x000000fc14a00000] [id=11216]
  0x00000282c7c1e2d0 GCTaskThread "GC Thread#7" [stack: 0x000000fc14a00000,0x000000fc14b00000] [id=9440]
  0x00000282d6dc10b0 ConcurrentGCThread "G1 Main Marker" [stack: 0x000000fc12600000,0x000000fc12700000] [id=1848]
  0x00000282d6dc3270 ConcurrentGCThread "G1 Conc#0" [stack: 0x000000fc12700000,0x000000fc12800000] [id=13196]
  0x00000282c750bdc0 ConcurrentGCThread "G1 Conc#1" [stack: 0x000000fc14d00000,0x000000fc14e00000] [id=26092]
  0x00000282fb9810b0 ConcurrentGCThread "G1 Refine#0" [stack: 0x000000fc12800000,0x000000fc12900000] [id=24196]
  0x00000282c8f31520 ConcurrentGCThread "G1 Refine#1" [stack: 0x000000fc1c100000,0x000000fc1c200000] [id=14888]
  0x00000282c9e85eb0 ConcurrentGCThread "G1 Refine#2" [stack: 0x000000fc1c200000,0x000000fc1c300000] [id=9948]
  0x00000282c540a840 ConcurrentGCThread "G1 Refine#3" [stack: 0x000000fc1c300000,0x000000fc1c400000] [id=4944]
  0x00000282d103c8e0 ConcurrentGCThread "G1 Refine#4" [stack: 0x000000fc1c600000,0x000000fc1c700000] [id=18992]
  0x00000282c8f33b50 ConcurrentGCThread "G1 Refine#5" [stack: 0x000000fc1c700000,0x000000fc1c800000] [id=23360]
  0x00000282c9f9aba0 ConcurrentGCThread "G1 Refine#6" [stack: 0x000000fc1c800000,0x000000fc1c900000] [id=24044]
  0x00000282d0861ba0 ConcurrentGCThread "G1 Refine#7" [stack: 0x000000fc1eb00000,0x000000fc1ec00000] [id=24796]
  0x00000282fb9818f0 ConcurrentGCThread "G1 Service" [stack: 0x000000fc12900000,0x000000fc12a00000] [id=27296]

Threads with active compile tasks:
C2 CompilerThread0  1048550 39614       4       com.android.tools.r8.dex.C::a (1021 bytes)
C1 CompilerThread0  1048550 39665       3       com.android.tools.r8.internal.ZQ::a (123 bytes)

VM state: at safepoint (normal execution)

VM Mutex/Monitor currently owned by a thread:  ([mutex/lock_event])
[0x00000282d6d3f1b0] Threads_lock - owner thread: 0x00000282fbacb540
[0x00000282d6d3e430] Heap_lock - owner thread: 0x00000282d46f19b0

Heap address: 0x0000000700000000, size: 4096 MB, Compressed Oops mode: Zero based, Oop shift amount: 3

CDS archive(s) mapped at: [0x0000028280000000-0x0000028280bd0000-0x0000028280bd0000), size 12386304, SharedBaseAddress: 0x0000028280000000, ArchiveRelocationMode: 1.
Compressed class space mapped at: 0x0000028281000000-0x00000282c1000000, reserved size: 1073741824
Narrow klass base: 0x0000028280000000, Narrow klass shift: 0, Narrow klass range: 0x100000000

GC Precious Log:
 CPUs: 8 total, 8 available
 Memory: 7502M
 Large Page Support: Disabled
 NUMA Support: Disabled
 Compressed Oops: Enabled (Zero based)
 Heap Region Size: 2M
 Heap Min Capacity: 8M
 Heap Initial Capacity: 118M
 Heap Max Capacity: 4G
 Pre-touch: Disabled
 Parallel Workers: 8
 Concurrent Workers: 2
 Concurrent Refinement Workers: 8
 Periodic GC: Disabled

Heap:
 garbage-first heap   total 1177600K, used 700870K [0x0000000700000000, 0x0000000800000000)
  region size 2048K, 3 young (6144K), 3 survivors (6144K)
 Metaspace       used 197218K, committed 199680K, reserved 1245184K
  class space    used 25818K, committed 26944K, reserved 1048576K

Heap Regions: E=young(eden), S=young(survivor), O=old, HS=humongous(starts), HC=humongous(continues), CS=collection set, F=free, OA=open archive, CA=closed archive, TAMS=top-at-mark-start (previous, next)
|   0|0x0000000700000000, 0x0000000700200000, 0x0000000700200000|100%|HS|  |TAMS 0x0000000700200000, 0x0000000700000000| Complete 
|   1|0x0000000700200000, 0x0000000700400000, 0x0000000700400000|100%|HC|  |TAMS 0x0000000700400000, 0x0000000700200000| Complete 
|   2|0x0000000700400000, 0x0000000700600000, 0x0000000700600000|100%| O|  |TAMS 0x0000000700600000, 0x0000000700400000| Untracked 
|   3|0x0000000700600000, 0x0000000700800000, 0x0000000700800000|100%| O|  |TAMS 0x0000000700800000, 0x0000000700600000| Untracked 
|   4|0x0000000700800000, 0x0000000700a00000, 0x0000000700a00000|100%| O|  |TAMS 0x0000000700a00000, 0x0000000700800000| Untracked 
|   5|0x0000000700a00000, 0x0000000700c00000, 0x0000000700c00000|100%| O|  |TAMS 0x0000000700c00000, 0x0000000700a00000| Untracked 
|   6|0x0000000700c00000, 0x0000000700e00000, 0x0000000700e00000|100%| O|  |TAMS 0x0000000700e00000, 0x0000000700c00000| Untracked 
|   7|0x0000000700e00000, 0x0000000701000000, 0x0000000701000000|100%| O|  |TAMS 0x0000000701000000, 0x0000000700e00000| Untracked 
|   8|0x0000000701000000, 0x0000000701200000, 0x0000000701200000|100%| O|  |TAMS 0x0000000701200000, 0x0000000701000000| Untracked 
|   9|0x0000000701200000, 0x0000000701400000, 0x0000000701400000|100%| O|  |TAMS 0x0000000701400000, 0x0000000701200000| Untracked 
|  10|0x0000000701400000, 0x0000000701600000, 0x0000000701600000|100%| O|  |TAMS 0x0000000701600000, 0x0000000701400000| Untracked 
|  11|0x0000000701600000, 0x0000000701800000, 0x0000000701800000|100%| O|  |TAMS 0x0000000701800000, 0x0000000701600000| Untracked 
|  12|0x0000000701800000, 0x0000000701a00000, 0x0000000701a00000|100%| O|  |TAMS 0x0000000701a00000, 0x0000000701800000| Untracked 
|  13|0x0000000701a00000, 0x0000000701c00000, 0x0000000701c00000|100%| O|  |TAMS 0x0000000701c00000, 0x0000000701a00000| Untracked 
|  14|0x0000000701c00000, 0x0000000701e00000, 0x0000000701e00000|100%| O|  |TAMS 0x0000000701e00000, 0x0000000701c00000| Untracked 
|  15|0x0000000701e00000, 0x0000000702000000, 0x0000000702000000|100%| O|  |TAMS 0x0000000702000000, 0x0000000701e00000| Untracked 
|  16|0x0000000702000000, 0x0000000702200000, 0x0000000702200000|100%| O|  |TAMS 0x0000000702200000, 0x0000000702000000| Untracked 
|  17|0x0000000702200000, 0x0000000702400000, 0x0000000702400000|100%| O|  |TAMS 0x0000000702400000, 0x0000000702200000| Untracked 
|  18|0x0000000702400000, 0x0000000702600000, 0x0000000702600000|100%| O|  |TAMS 0x0000000702600000, 0x0000000702400000| Untracked 
|  19|0x0000000702600000, 0x0000000702800000, 0x0000000702800000|100%| O|  |TAMS 0x0000000702800000, 0x0000000702600000| Untracked 
|  20|0x0000000702800000, 0x0000000702a00000, 0x0000000702a00000|100%|HS|  |TAMS 0x0000000702a00000, 0x0000000702800000| Complete 
|  21|0x0000000702a00000, 0x0000000702c00000, 0x0000000702c00000|100%|HC|  |TAMS 0x0000000702c00000, 0x0000000702a00000| Complete 
|  22|0x0000000702c00000, 0x0000000702e00000, 0x0000000702e00000|100%| O|  |TAMS 0x0000000702e00000, 0x0000000702c00000| Untracked 
|  23|0x0000000702e00000, 0x0000000703000000, 0x0000000703000000|100%| O|  |TAMS 0x0000000703000000, 0x0000000702e00000| Untracked 
|  24|0x0000000703000000, 0x0000000703200000, 0x0000000703200000|100%|HS|  |TAMS 0x0000000703200000, 0x0000000703000000| Complete 
|  25|0x0000000703200000, 0x0000000703400000, 0x0000000703400000|100%|HC|  |TAMS 0x0000000703400000, 0x0000000703200000| Complete 
|  26|0x0000000703400000, 0x0000000703600000, 0x0000000703600000|100%| O|  |TAMS 0x0000000703600000, 0x0000000703400000| Untracked 
|  27|0x0000000703600000, 0x0000000703800000, 0x0000000703800000|100%| O|  |TAMS 0x0000000703800000, 0x0000000703600000| Untracked 
|  28|0x0000000703800000, 0x0000000703a00000, 0x0000000703a00000|100%| O|  |TAMS 0x0000000703a00000, 0x0000000703800000| Untracked 
|  29|0x0000000703a00000, 0x0000000703c00000, 0x0000000703c00000|100%| O|  |TAMS 0x0000000703c00000, 0x0000000703a00000| Untracked 
|  30|0x0000000703c00000, 0x0000000703e00000, 0x0000000703e00000|100%| O|  |TAMS 0x0000000703e00000, 0x0000000703c00000| Untracked 
|  31|0x0000000703e00000, 0x0000000704000000, 0x0000000704000000|100%| O|  |TAMS 0x0000000704000000, 0x0000000703e00000| Untracked 
|  32|0x0000000704000000, 0x0000000704200000, 0x0000000704200000|100%| O|  |TAMS 0x0000000704200000, 0x0000000704000000| Untracked 
|  33|0x0000000704200000, 0x0000000704400000, 0x0000000704400000|100%| O|  |TAMS 0x0000000704400000, 0x0000000704200000| Untracked 
|  34|0x0000000704400000, 0x0000000704600000, 0x0000000704600000|100%| O|  |TAMS 0x0000000704600000, 0x0000000704400000| Untracked 
|  35|0x0000000704600000, 0x0000000704800000, 0x0000000704800000|100%|HS|  |TAMS 0x0000000704600000, 0x0000000704600000| Complete 
|  36|0x0000000704800000, 0x0000000704a00000, 0x0000000704a00000|100%|HS|  |TAMS 0x0000000704800000, 0x0000000704800000| Complete 
|  37|0x0000000704a00000, 0x0000000704c00000, 0x0000000704c00000|100%| O|  |TAMS 0x0000000704c00000, 0x0000000704a00000| Untracked 
|  38|0x0000000704c00000, 0x0000000704e00000, 0x0000000704e00000|100%|HS|  |TAMS 0x0000000704c00000, 0x0000000704c00000| Complete 
|  39|0x0000000704e00000, 0x0000000705000000, 0x0000000705000000|100%| O|  |TAMS 0x0000000705000000, 0x0000000704e00000| Untracked 
|  40|0x0000000705000000, 0x0000000705200000, 0x0000000705200000|100%| O|  |TAMS 0x0000000705200000, 0x0000000705000000| Untracked 
|  41|0x0000000705200000, 0x0000000705400000, 0x0000000705400000|100%| O|  |TAMS 0x0000000705400000, 0x0000000705200000| Untracked 
|  42|0x0000000705400000, 0x0000000705600000, 0x0000000705600000|100%| O|  |TAMS 0x0000000705600000, 0x0000000705400000| Untracked 
|  43|0x0000000705600000, 0x0000000705800000, 0x0000000705800000|100%| O|  |TAMS 0x0000000705800000, 0x0000000705600000| Untracked 
|  44|0x0000000705800000, 0x0000000705a00000, 0x0000000705a00000|100%| O|  |TAMS 0x0000000705a00000, 0x0000000705800000| Untracked 
|  45|0x0000000705a00000, 0x0000000705c00000, 0x0000000705c00000|100%| O|  |TAMS 0x0000000705a00000, 0x0000000705a00000| Untracked 
|  46|0x0000000705c00000, 0x0000000705e00000, 0x0000000705e00000|100%| O|  |TAMS 0x0000000705e00000, 0x0000000705c00000| Untracked 
|  47|0x0000000705e00000, 0x0000000706000000, 0x0000000706000000|100%|HS|  |TAMS 0x0000000705e00000, 0x0000000705e00000| Complete 
|  48|0x0000000706000000, 0x0000000706200000, 0x0000000706200000|100%| O|  |TAMS 0x0000000706200000, 0x0000000706000000| Untracked 
|  49|0x0000000706200000, 0x0000000706400000, 0x0000000706400000|100%| O|  |TAMS 0x0000000706400000, 0x0000000706200000| Untracked 
|  50|0x0000000706400000, 0x0000000706600000, 0x0000000706600000|100%|HS|  |TAMS 0x0000000706600000, 0x0000000706400000| Complete 
|  51|0x0000000706600000, 0x0000000706800000, 0x0000000706800000|100%|HC|  |TAMS 0x0000000706800000, 0x0000000706600000| Complete 
|  52|0x0000000706800000, 0x0000000706a00000, 0x0000000706a00000|100%| O|  |TAMS 0x0000000706a00000, 0x0000000706800000| Untracked 
|  53|0x0000000706a00000, 0x0000000706c00000, 0x0000000706c00000|100%| O|  |TAMS 0x0000000706c00000, 0x0000000706a00000| Untracked 
|  54|0x0000000706c00000, 0x0000000706e00000, 0x0000000706e00000|100%| O|  |TAMS 0x0000000706e00000, 0x0000000706c00000| Untracked 
|  55|0x0000000706e00000, 0x0000000707000000, 0x0000000707000000|100%| O|  |TAMS 0x0000000707000000, 0x0000000706e00000| Untracked 
|  56|0x0000000707000000, 0x0000000707200000, 0x0000000707200000|100%| O|  |TAMS 0x0000000707200000, 0x0000000707000000| Untracked 
|  57|0x0000000707200000, 0x0000000707400000, 0x0000000707400000|100%| O|  |TAMS 0x0000000707400000, 0x0000000707200000| Untracked 
|  58|0x0000000707400000, 0x0000000707600000, 0x0000000707600000|100%| O|  |TAMS 0x0000000707600000, 0x0000000707400000| Untracked 
|  59|0x0000000707600000, 0x0000000707800000, 0x0000000707800000|100%| O|  |TAMS 0x0000000707800000, 0x0000000707600000| Untracked 
|  60|0x0000000707800000, 0x0000000707a00000, 0x0000000707a00000|100%|HS|  |TAMS 0x0000000707a00000, 0x0000000707800000| Complete 
|  61|0x0000000707a00000, 0x0000000707c00000, 0x0000000707c00000|100%|HS|  |TAMS 0x0000000707c00000, 0x0000000707a00000| Complete 
|  62|0x0000000707c00000, 0x0000000707e00000, 0x0000000707e00000|100%|HC|  |TAMS 0x0000000707e00000, 0x0000000707c00000| Complete 
|  63|0x0000000707e00000, 0x0000000708000000, 0x0000000708000000|100%| O|  |TAMS 0x0000000708000000, 0x0000000707e00000| Untracked 
|  64|0x0000000708000000, 0x0000000708200000, 0x0000000708200000|100%| O|  |TAMS 0x0000000708200000, 0x0000000708000000| Untracked 
|  65|0x0000000708200000, 0x0000000708400000, 0x0000000708400000|100%| O|  |TAMS 0x0000000708200000, 0x0000000708200000| Untracked 
|  66|0x0000000708400000, 0x0000000708600000, 0x0000000708600000|100%| O|  |TAMS 0x0000000708600000, 0x0000000708400000| Untracked 
|  67|0x0000000708600000, 0x0000000708800000, 0x0000000708800000|100%| O|  |TAMS 0x0000000708800000, 0x0000000708600000| Untracked 
|  68|0x0000000708800000, 0x0000000708a00000, 0x0000000708a00000|100%| O|  |TAMS 0x0000000708a00000, 0x0000000708800000| Untracked 
|  69|0x0000000708a00000, 0x0000000708c00000, 0x0000000708c00000|100%| O|  |TAMS 0x0000000708a00000, 0x0000000708a00000| Untracked 
|  70|0x0000000708c00000, 0x0000000708e00000, 0x0000000708e00000|100%| O|  |TAMS 0x0000000708e00000, 0x0000000708c00000| Untracked 
|  71|0x0000000708e00000, 0x0000000709000000, 0x0000000709000000|100%| O|  |TAMS 0x0000000708e00000, 0x0000000708e00000| Untracked 
|  72|0x0000000709000000, 0x0000000709200000, 0x0000000709200000|100%| O|  |TAMS 0x0000000709000000, 0x0000000709000000| Untracked 
|  73|0x0000000709200000, 0x0000000709400000, 0x0000000709400000|100%| O|  |TAMS 0x0000000709200000, 0x0000000709200000| Untracked 
|  74|0x0000000709400000, 0x0000000709600000, 0x0000000709600000|100%| O|  |TAMS 0x0000000709600000, 0x0000000709400000| Untracked 
|  75|0x0000000709600000, 0x0000000709800000, 0x0000000709800000|100%| O|  |TAMS 0x0000000709600000, 0x0000000709600000| Untracked 
|  76|0x0000000709800000, 0x0000000709a00000, 0x0000000709a00000|100%|HS|  |TAMS 0x0000000709800000, 0x0000000709800000| Complete 
|  77|0x0000000709a00000, 0x0000000709c00000, 0x0000000709c00000|100%|HS|  |TAMS 0x0000000709a00000, 0x0000000709a00000| Complete 
|  78|0x0000000709c00000, 0x0000000709e00000, 0x0000000709e00000|100%|HS|  |TAMS 0x0000000709e00000, 0x0000000709c00000| Complete 
|  79|0x0000000709e00000, 0x000000070a000000, 0x000000070a000000|100%| O|  |TAMS 0x0000000709e00000, 0x0000000709e00000| Untracked 
|  80|0x000000070a000000, 0x000000070a200000, 0x000000070a200000|100%| O|  |TAMS 0x000000070a200000, 0x000000070a000000| Untracked 
|  81|0x000000070a200000, 0x000000070a400000, 0x000000070a400000|100%| O|  |TAMS 0x000000070a200000, 0x000000070a200000| Untracked 
|  82|0x000000070a400000, 0x000000070a600000, 0x000000070a600000|100%| O|  |TAMS 0x000000070a600000, 0x000000070a400000| Untracked 
|  83|0x000000070a600000, 0x000000070a800000, 0x000000070a800000|100%| O|  |TAMS 0x000000070a800000, 0x000000070a600000| Untracked 
|  84|0x000000070a800000, 0x000000070aa00000, 0x000000070aa00000|100%| O|  |TAMS 0x000000070aa00000, 0x000000070a800000| Untracked 
|  85|0x000000070aa00000, 0x000000070ac00000, 0x000000070ac00000|100%| O|  |TAMS 0x000000070ac00000, 0x000000070aa00000| Untracked 
|  86|0x000000070ac00000, 0x000000070ae00000, 0x000000070ae00000|100%| O|  |TAMS 0x000000070ac00000, 0x000000070ac00000| Untracked 
|  87|0x000000070ae00000, 0x000000070b000000, 0x000000070b000000|100%| O|  |TAMS 0x000000070ae00000, 0x000000070ae00000| Untracked 
|  88|0x000000070b000000, 0x000000070b200000, 0x000000070b200000|100%| O|  |TAMS 0x000000070b000000, 0x000000070b000000| Untracked 
|  89|0x000000070b200000, 0x000000070b400000, 0x000000070b400000|100%| O|  |TAMS 0x000000070b400000, 0x000000070b200000| Untracked 
|  90|0x000000070b400000, 0x000000070b600000, 0x000000070b600000|100%| O|  |TAMS 0x000000070b600000, 0x000000070b400000| Untracked 
|  91|0x000000070b600000, 0x000000070b800000, 0x000000070b800000|100%| O|  |TAMS 0x000000070b800000, 0x000000070b600000| Untracked 
|  92|0x000000070b800000, 0x000000070ba00000, 0x000000070ba00000|100%| O|  |TAMS 0x000000070ba00000, 0x000000070b800000| Untracked 
|  93|0x000000070ba00000, 0x000000070bc00000, 0x000000070bc00000|100%| O|  |TAMS 0x000000070bc00000, 0x000000070ba00000| Untracked 
|  94|0x000000070bc00000, 0x000000070be00000, 0x000000070be00000|100%| O|  |TAMS 0x000000070be00000, 0x000000070bc00000| Untracked 
|  95|0x000000070be00000, 0x000000070c000000, 0x000000070c000000|100%| O|  |TAMS 0x000000070be00000, 0x000000070be00000| Untracked 
|  96|0x000000070c000000, 0x000000070c200000, 0x000000070c200000|100%| O|  |TAMS 0x000000070c000000, 0x000000070c000000| Untracked 
|  97|0x000000070c200000, 0x000000070c400000, 0x000000070c400000|100%| O|  |TAMS 0x000000070c200000, 0x000000070c200000| Untracked 
|  98|0x000000070c400000, 0x000000070c600000, 0x000000070c600000|100%| O|  |TAMS 0x000000070c400000, 0x000000070c400000| Untracked 
|  99|0x000000070c600000, 0x000000070c800000, 0x000000070c800000|100%| O|  |TAMS 0x000000070c600000, 0x000000070c600000| Untracked 
| 100|0x000000070c800000, 0x000000070ca00000, 0x000000070ca00000|100%| O|  |TAMS 0x000000070ca00000, 0x000000070c800000| Untracked 
| 101|0x000000070ca00000, 0x000000070cc00000, 0x000000070cc00000|100%| O|  |TAMS 0x000000070ca00000, 0x000000070ca00000| Untracked 
| 102|0x000000070cc00000, 0x000000070ce00000, 0x000000070ce00000|100%| O|  |TAMS 0x000000070cc00000, 0x000000070cc00000| Untracked 
| 103|0x000000070ce00000, 0x000000070d000000, 0x000000070d000000|100%| O|  |TAMS 0x000000070d000000, 0x000000070ce00000| Untracked 
| 104|0x000000070d000000, 0x000000070d200000, 0x000000070d200000|100%| O|  |TAMS 0x000000070d000000, 0x000000070d000000| Untracked 
| 105|0x000000070d200000, 0x000000070d400000, 0x000000070d400000|100%| O|  |TAMS 0x000000070d200000, 0x000000070d200000| Untracked 
| 106|0x000000070d400000, 0x000000070d600000, 0x000000070d600000|100%| O|  |TAMS 0x000000070d400000, 0x000000070d400000| Untracked 
| 107|0x000000070d600000, 0x000000070d800000, 0x000000070d800000|100%| O|  |TAMS 0x000000070d600000, 0x000000070d600000| Untracked 
| 108|0x000000070d800000, 0x000000070da00000, 0x000000070da00000|100%| O|  |TAMS 0x000000070da00000, 0x000000070d800000| Untracked 
| 109|0x000000070da00000, 0x000000070dc00000, 0x000000070dc00000|100%| O|  |TAMS 0x000000070dc00000, 0x000000070da00000| Untracked 
| 110|0x000000070dc00000, 0x000000070de00000, 0x000000070de00000|100%| O|  |TAMS 0x000000070de00000, 0x000000070dc00000| Untracked 
| 111|0x000000070de00000, 0x000000070e000000, 0x000000070e000000|100%| O|  |TAMS 0x000000070de00000, 0x000000070de00000| Untracked 
| 112|0x000000070e000000, 0x000000070e200000, 0x000000070e200000|100%| O|  |TAMS 0x000000070e200000, 0x000000070e000000| Untracked 
| 113|0x000000070e200000, 0x000000070e400000, 0x000000070e400000|100%| O|  |TAMS 0x000000070e200000, 0x000000070e200000| Untracked 
| 114|0x000000070e400000, 0x000000070e600000, 0x000000070e600000|100%| O|  |TAMS 0x000000070e600000, 0x000000070e400000| Untracked 
| 115|0x000000070e600000, 0x000000070e800000, 0x000000070e800000|100%| O|  |TAMS 0x000000070e800000, 0x000000070e600000| Untracked 
| 116|0x000000070e800000, 0x000000070ea00000, 0x000000070ea00000|100%| O|  |TAMS 0x000000070e800000, 0x000000070e800000| Untracked 
| 117|0x000000070ea00000, 0x000000070ec00000, 0x000000070ec00000|100%| O|  |TAMS 0x000000070ec00000, 0x000000070ea00000| Untracked 
| 118|0x000000070ec00000, 0x000000070ee00000, 0x000000070ee00000|100%|HS|  |TAMS 0x000000070ec00000, 0x000000070ec00000| Complete 
| 119|0x000000070ee00000, 0x000000070f000000, 0x000000070f000000|100%|HC|  |TAMS 0x000000070ee00000, 0x000000070ee00000| Complete 
| 120|0x000000070f000000, 0x000000070f200000, 0x000000070f200000|100%|HC|  |TAMS 0x000000070f000000, 0x000000070f000000| Complete 
| 121|0x000000070f200000, 0x000000070f400000, 0x000000070f400000|100%|HC|  |TAMS 0x000000070f200000, 0x000000070f200000| Complete 
| 122|0x000000070f400000, 0x000000070f600000, 0x000000070f600000|100%|HC|  |TAMS 0x000000070f400000, 0x000000070f400000| Complete 
| 123|0x000000070f600000, 0x000000070f800000, 0x000000070f800000|100%| O|  |TAMS 0x000000070f800000, 0x000000070f600000| Untracked 
| 124|0x000000070f800000, 0x000000070fa00000, 0x000000070fa00000|100%| O|  |TAMS 0x000000070fa00000, 0x000000070f800000| Untracked 
| 125|0x000000070fa00000, 0x000000070fc00000, 0x000000070fc00000|100%| O|  |TAMS 0x000000070fc00000, 0x000000070fa00000| Untracked 
| 126|0x000000070fc00000, 0x000000070fcfb800, 0x000000070fe00000| 49%| O|  |TAMS 0x000000070fc00000, 0x000000070fc00000| Untracked 
| 127|0x000000070fe00000, 0x000000070fe00000, 0x0000000710000000|  0%| F|  |TAMS 0x000000070fe00000, 0x000000070fe00000| Untracked 
| 128|0x0000000710000000, 0x0000000710200000, 0x0000000710200000|100%| O|  |TAMS 0x0000000710200000, 0x0000000710000000| Untracked 
| 129|0x0000000710200000, 0x0000000710200000, 0x0000000710400000|  0%| F|  |TAMS 0x0000000710200000, 0x0000000710200000| Untracked 
| 130|0x0000000710400000, 0x0000000710600000, 0x0000000710600000|100%| O|  |TAMS 0x0000000710600000, 0x0000000710400000| Untracked 
| 131|0x0000000710600000, 0x0000000710800000, 0x0000000710800000|100%|HS|  |TAMS 0x0000000710600000, 0x0000000710600000| Complete 
| 132|0x0000000710800000, 0x0000000710a00000, 0x0000000710a00000|100%|HC|  |TAMS 0x0000000710800000, 0x0000000710800000| Complete 
| 133|0x0000000710a00000, 0x0000000710c00000, 0x0000000710c00000|100%|HC|  |TAMS 0x0000000710a00000, 0x0000000710a00000| Complete 
| 134|0x0000000710c00000, 0x0000000710e00000, 0x0000000710e00000|100%|HC|  |TAMS 0x0000000710c00000, 0x0000000710c00000| Complete 
| 135|0x0000000710e00000, 0x0000000711000000, 0x0000000711000000|100%|HC|  |TAMS 0x0000000710e00000, 0x0000000710e00000| Complete 
| 136|0x0000000711000000, 0x0000000711000000, 0x0000000711200000|  0%| F|  |TAMS 0x0000000711000000, 0x0000000711000000| Untracked 
| 137|0x0000000711200000, 0x0000000711200000, 0x0000000711400000|  0%| F|  |TAMS 0x0000000711200000, 0x0000000711200000| Untracked 
| 138|0x0000000711400000, 0x0000000711400000, 0x0000000711600000|  0%| F|  |TAMS 0x0000000711400000, 0x0000000711400000| Untracked 
| 139|0x0000000711600000, 0x0000000711600000, 0x0000000711800000|  0%| F|  |TAMS 0x0000000711600000, 0x0000000711600000| Untracked 
| 140|0x0000000711800000, 0x0000000711800000, 0x0000000711a00000|  0%| F|  |TAMS 0x0000000711800000, 0x0000000711800000| Untracked 
| 141|0x0000000711a00000, 0x0000000711c00000, 0x0000000711c00000|100%| O|  |TAMS 0x0000000711c00000, 0x0000000711a00000| Untracked 
| 142|0x0000000711c00000, 0x0000000711c00000, 0x0000000711e00000|  0%| F|  |TAMS 0x0000000711c00000, 0x0000000711c00000| Untracked 
| 143|0x0000000711e00000, 0x0000000711e00000, 0x0000000712000000|  0%| F|  |TAMS 0x0000000711e00000, 0x0000000711e00000| Untracked 
| 144|0x0000000712000000, 0x0000000712000000, 0x0000000712200000|  0%| F|  |TAMS 0x0000000712000000, 0x0000000712000000| Untracked 
| 145|0x0000000712200000, 0x0000000712200000, 0x0000000712400000|  0%| F|  |TAMS 0x0000000712200000, 0x0000000712200000| Untracked 
| 146|0x0000000712400000, 0x0000000712400000, 0x0000000712600000|  0%| F|  |TAMS 0x0000000712400000, 0x0000000712400000| Untracked 
| 147|0x0000000712600000, 0x0000000712600000, 0x0000000712800000|  0%| F|  |TAMS 0x0000000712600000, 0x0000000712600000| Untracked 
| 148|0x0000000712800000, 0x0000000712a00000, 0x0000000712a00000|100%| O|  |TAMS 0x0000000712a00000, 0x0000000712800000| Untracked 
| 149|0x0000000712a00000, 0x0000000712c00000, 0x0000000712c00000|100%| O|  |TAMS 0x0000000712c00000, 0x0000000712a00000| Untracked 
| 150|0x0000000712c00000, 0x0000000712e00000, 0x0000000712e00000|100%| O|  |TAMS 0x0000000712e00000, 0x0000000712c00000| Untracked 
| 151|0x0000000712e00000, 0x0000000713000000, 0x0000000713000000|100%| O|  |TAMS 0x0000000713000000, 0x0000000712e00000| Untracked 
| 152|0x0000000713000000, 0x0000000713200000, 0x0000000713200000|100%| O|  |TAMS 0x0000000713200000, 0x0000000713000000| Untracked 
| 153|0x0000000713200000, 0x0000000713400000, 0x0000000713400000|100%| O|  |TAMS 0x0000000713400000, 0x0000000713200000| Untracked 
| 154|0x0000000713400000, 0x0000000713600000, 0x0000000713600000|100%| O|  |TAMS 0x0000000713600000, 0x0000000713400000| Untracked 
| 155|0x0000000713600000, 0x0000000713600000, 0x0000000713800000|  0%| F|  |TAMS 0x0000000713600000, 0x0000000713600000| Untracked 
| 156|0x0000000713800000, 0x0000000713800000, 0x0000000713a00000|  0%| F|  |TAMS 0x0000000713800000, 0x0000000713800000| Untracked 
| 157|0x0000000713a00000, 0x0000000713c00000, 0x0000000713c00000|100%| O|  |TAMS 0x0000000713c00000, 0x0000000713a00000| Untracked 
| 158|0x0000000713c00000, 0x0000000713e00000, 0x0000000713e00000|100%| O|  |TAMS 0x0000000713e00000, 0x0000000713c00000| Untracked 
| 159|0x0000000713e00000, 0x0000000714000000, 0x0000000714000000|100%| O|  |TAMS 0x0000000714000000, 0x0000000713e00000| Untracked 
| 160|0x0000000714000000, 0x0000000714200000, 0x0000000714200000|100%| O|  |TAMS 0x0000000714200000, 0x0000000714000000| Untracked 
| 161|0x0000000714200000, 0x0000000714400000, 0x0000000714400000|100%| O|  |TAMS 0x0000000714400000, 0x0000000714200000| Untracked 
| 162|0x0000000714400000, 0x0000000714600000, 0x0000000714600000|100%| O|  |TAMS 0x0000000714600000, 0x0000000714400000| Untracked 
| 163|0x0000000714600000, 0x0000000714800000, 0x0000000714800000|100%| O|  |TAMS 0x0000000714800000, 0x0000000714600000| Untracked 
| 164|0x0000000714800000, 0x0000000714a00000, 0x0000000714a00000|100%| O|  |TAMS 0x0000000714a00000, 0x0000000714800000| Untracked 
| 165|0x0000000714a00000, 0x0000000714c00000, 0x0000000714c00000|100%| O|  |TAMS 0x0000000714c00000, 0x0000000714a00000| Untracked 
| 166|0x0000000714c00000, 0x0000000714e00000, 0x0000000714e00000|100%| O|  |TAMS 0x0000000714e00000, 0x0000000714c00000| Untracked 
| 167|0x0000000714e00000, 0x0000000715000000, 0x0000000715000000|100%| O|  |TAMS 0x0000000715000000, 0x0000000714e00000| Untracked 
| 168|0x0000000715000000, 0x0000000715200000, 0x0000000715200000|100%| O|  |TAMS 0x0000000715200000, 0x0000000715000000| Untracked 
| 169|0x0000000715200000, 0x0000000715400000, 0x0000000715400000|100%| O|  |TAMS 0x0000000715400000, 0x0000000715200000| Untracked 
| 170|0x0000000715400000, 0x0000000715600000, 0x0000000715600000|100%| O|  |TAMS 0x0000000715600000, 0x0000000715400000| Untracked 
| 171|0x0000000715600000, 0x0000000715800000, 0x0000000715800000|100%| O|  |TAMS 0x0000000715800000, 0x0000000715600000| Untracked 
| 172|0x0000000715800000, 0x0000000715a00000, 0x0000000715a00000|100%| O|  |TAMS 0x0000000715a00000, 0x0000000715800000| Untracked 
| 173|0x0000000715a00000, 0x0000000715c00000, 0x0000000715c00000|100%| O|  |TAMS 0x0000000715c00000, 0x0000000715a00000| Untracked 
| 174|0x0000000715c00000, 0x0000000715e00000, 0x0000000715e00000|100%| O|  |TAMS 0x0000000715e00000, 0x0000000715c00000| Untracked 
| 175|0x0000000715e00000, 0x0000000716000000, 0x0000000716000000|100%| O|  |TAMS 0x0000000716000000, 0x0000000715e00000| Untracked 
| 176|0x0000000716000000, 0x0000000716200000, 0x0000000716200000|100%| O|  |TAMS 0x0000000716200000, 0x0000000716000000| Untracked 
| 177|0x0000000716200000, 0x0000000716400000, 0x0000000716400000|100%| O|  |TAMS 0x0000000716400000, 0x0000000716200000| Untracked 
| 178|0x0000000716400000, 0x0000000716600000, 0x0000000716600000|100%| O|  |TAMS 0x0000000716600000, 0x0000000716400000| Untracked 
| 179|0x0000000716600000, 0x0000000716800000, 0x0000000716800000|100%| O|  |TAMS 0x0000000716800000, 0x0000000716600000| Untracked 
| 180|0x0000000716800000, 0x0000000716a00000, 0x0000000716a00000|100%| O|  |TAMS 0x0000000716a00000, 0x0000000716800000| Untracked 
| 181|0x0000000716a00000, 0x0000000716c00000, 0x0000000716c00000|100%| O|  |TAMS 0x0000000716c00000, 0x0000000716a00000| Untracked 
| 182|0x0000000716c00000, 0x0000000716e00000, 0x0000000716e00000|100%| O|  |TAMS 0x0000000716e00000, 0x0000000716c00000| Untracked 
| 183|0x0000000716e00000, 0x0000000717000000, 0x0000000717000000|100%| O|  |TAMS 0x0000000717000000, 0x0000000716e00000| Untracked 
| 184|0x0000000717000000, 0x0000000717200000, 0x0000000717200000|100%| O|  |TAMS 0x0000000717200000, 0x0000000717000000| Untracked 
| 185|0x0000000717200000, 0x0000000717400000, 0x0000000717400000|100%| O|  |TAMS 0x0000000717400000, 0x0000000717200000| Untracked 
| 186|0x0000000717400000, 0x0000000717400000, 0x0000000717600000|  0%| F|  |TAMS 0x0000000717400000, 0x0000000717400000| Untracked 
| 187|0x0000000717600000, 0x0000000717600000, 0x0000000717800000|  0%| F|  |TAMS 0x0000000717600000, 0x0000000717600000| Untracked 
| 188|0x0000000717800000, 0x0000000717a00000, 0x0000000717a00000|100%| O|  |TAMS 0x0000000717a00000, 0x0000000717800000| Untracked 
| 189|0x0000000717a00000, 0x0000000717c00000, 0x0000000717c00000|100%| O|  |TAMS 0x0000000717c00000, 0x0000000717a00000| Untracked 
| 190|0x0000000717c00000, 0x0000000717e00000, 0x0000000717e00000|100%| O|  |TAMS 0x0000000717e00000, 0x0000000717c00000| Untracked 
| 191|0x0000000717e00000, 0x0000000718000000, 0x0000000718000000|100%| O|  |TAMS 0x0000000718000000, 0x0000000717e00000| Untracked 
| 192|0x0000000718000000, 0x0000000718200000, 0x0000000718200000|100%| O|  |TAMS 0x0000000718200000, 0x0000000718000000| Untracked 
| 193|0x0000000718200000, 0x0000000718400000, 0x0000000718400000|100%| O|  |TAMS 0x0000000718400000, 0x0000000718200000| Untracked 
| 194|0x0000000718400000, 0x0000000718600000, 0x0000000718600000|100%| O|  |TAMS 0x0000000718600000, 0x0000000718400000| Untracked 
| 195|0x0000000718600000, 0x0000000718800000, 0x0000000718800000|100%| O|  |TAMS 0x0000000718800000, 0x0000000718600000| Untracked 
| 196|0x0000000718800000, 0x0000000718a00000, 0x0000000718a00000|100%| O|  |TAMS 0x0000000718a00000, 0x0000000718800000| Untracked 
| 197|0x0000000718a00000, 0x0000000718c00000, 0x0000000718c00000|100%| O|  |TAMS 0x0000000718c00000, 0x0000000718a00000| Untracked 
| 198|0x0000000718c00000, 0x0000000718e00000, 0x0000000718e00000|100%| O|  |TAMS 0x0000000718e00000, 0x0000000718c00000| Untracked 
| 199|0x0000000718e00000, 0x0000000718e00000, 0x0000000719000000|  0%| F|  |TAMS 0x0000000718e00000, 0x0000000718e00000| Untracked 
| 200|0x0000000719000000, 0x0000000719200000, 0x0000000719200000|100%| O|  |TAMS 0x0000000719200000, 0x0000000719000000| Untracked 
| 201|0x0000000719200000, 0x0000000719400000, 0x0000000719400000|100%| O|  |TAMS 0x0000000719400000, 0x0000000719200000| Untracked 
| 202|0x0000000719400000, 0x0000000719600000, 0x0000000719600000|100%| O|  |TAMS 0x0000000719600000, 0x0000000719400000| Untracked 
| 203|0x0000000719600000, 0x0000000719800000, 0x0000000719800000|100%| O|  |TAMS 0x0000000719800000, 0x0000000719600000| Untracked 
| 204|0x0000000719800000, 0x0000000719a00000, 0x0000000719a00000|100%| O|  |TAMS 0x0000000719a00000, 0x0000000719800000| Untracked 
| 205|0x0000000719a00000, 0x0000000719a00000, 0x0000000719c00000|  0%| F|  |TAMS 0x0000000719a00000, 0x0000000719a00000| Untracked 
| 206|0x0000000719c00000, 0x0000000719e00000, 0x0000000719e00000|100%| O|  |TAMS 0x0000000719e00000, 0x0000000719c00000| Untracked 
| 207|0x0000000719e00000, 0x000000071a000000, 0x000000071a000000|100%| O|  |TAMS 0x000000071a000000, 0x0000000719e00000| Untracked 
| 208|0x000000071a000000, 0x000000071a000000, 0x000000071a200000|  0%| F|  |TAMS 0x000000071a000000, 0x000000071a000000| Untracked 
| 209|0x000000071a200000, 0x000000071a200000, 0x000000071a400000|  0%| F|  |TAMS 0x000000071a200000, 0x000000071a200000| Untracked 
| 210|0x000000071a400000, 0x000000071a600000, 0x000000071a600000|100%| O|  |TAMS 0x000000071a600000, 0x000000071a400000| Untracked 
| 211|0x000000071a600000, 0x000000071a800000, 0x000000071a800000|100%| O|  |TAMS 0x000000071a800000, 0x000000071a600000| Untracked 
| 212|0x000000071a800000, 0x000000071aa00000, 0x000000071aa00000|100%| O|  |TAMS 0x000000071aa00000, 0x000000071a800000| Untracked 
| 213|0x000000071aa00000, 0x000000071ac00000, 0x000000071ac00000|100%| O|  |TAMS 0x000000071ac00000, 0x000000071aa00000| Untracked 
| 214|0x000000071ac00000, 0x000000071ae00000, 0x000000071ae00000|100%| O|  |TAMS 0x000000071ae00000, 0x000000071ac00000| Untracked 
| 215|0x000000071ae00000, 0x000000071b000000, 0x000000071b000000|100%| O|  |TAMS 0x000000071b000000, 0x000000071ae00000| Untracked 
| 216|0x000000071b000000, 0x000000071b200000, 0x000000071b200000|100%| O|  |TAMS 0x000000071b200000, 0x000000071b000000| Untracked 
| 217|0x000000071b200000, 0x000000071b400000, 0x000000071b400000|100%| O|  |TAMS 0x000000071b400000, 0x000000071b200000| Untracked 
| 218|0x000000071b400000, 0x000000071b600000, 0x000000071b600000|100%| O|  |TAMS 0x000000071b600000, 0x000000071b400000| Untracked 
| 219|0x000000071b600000, 0x000000071b800000, 0x000000071b800000|100%| O|  |TAMS 0x000000071b800000, 0x000000071b600000| Untracked 
| 220|0x000000071b800000, 0x000000071ba00000, 0x000000071ba00000|100%| O|  |TAMS 0x000000071ba00000, 0x000000071b800000| Untracked 
| 221|0x000000071ba00000, 0x000000071bc00000, 0x000000071bc00000|100%| O|  |TAMS 0x000000071bc00000, 0x000000071ba00000| Untracked 
| 222|0x000000071bc00000, 0x000000071be00000, 0x000000071be00000|100%| O|  |TAMS 0x000000071be00000, 0x000000071bc00000| Untracked 
| 223|0x000000071be00000, 0x000000071c000000, 0x000000071c000000|100%| O|  |TAMS 0x000000071c000000, 0x000000071be00000| Untracked 
| 224|0x000000071c000000, 0x000000071c200000, 0x000000071c200000|100%| O|  |TAMS 0x000000071c200000, 0x000000071c000000| Untracked 
| 225|0x000000071c200000, 0x000000071c400000, 0x000000071c400000|100%| O|  |TAMS 0x000000071c400000, 0x000000071c200000| Untracked 
| 226|0x000000071c400000, 0x000000071c600000, 0x000000071c600000|100%| O|  |TAMS 0x000000071c600000, 0x000000071c400000| Untracked 
| 227|0x000000071c600000, 0x000000071c800000, 0x000000071c800000|100%| O|  |TAMS 0x000000071c800000, 0x000000071c600000| Untracked 
| 228|0x000000071c800000, 0x000000071c800000, 0x000000071ca00000|  0%| F|  |TAMS 0x000000071c800000, 0x000000071c800000| Untracked 
| 229|0x000000071ca00000, 0x000000071cc00000, 0x000000071cc00000|100%| O|  |TAMS 0x000000071cc00000, 0x000000071ca00000| Untracked 
| 230|0x000000071cc00000, 0x000000071ce00000, 0x000000071ce00000|100%| O|  |TAMS 0x000000071ce00000, 0x000000071cc00000| Untracked 
| 231|0x000000071ce00000, 0x000000071ce00000, 0x000000071d000000|  0%| F|  |TAMS 0x000000071ce00000, 0x000000071ce00000| Untracked 
| 232|0x000000071d000000, 0x000000071d200000, 0x000000071d200000|100%|HS|  |TAMS 0x000000071d200000, 0x000000071d000000| Complete 
| 233|0x000000071d200000, 0x000000071d400000, 0x000000071d400000|100%|HC|  |TAMS 0x000000071d400000, 0x000000071d200000| Complete 
| 234|0x000000071d400000, 0x000000071d600000, 0x000000071d600000|100%|HS|  |TAMS 0x000000071d600000, 0x000000071d400000| Complete 
| 235|0x000000071d600000, 0x000000071d800000, 0x000000071d800000|100%|HS|  |TAMS 0x000000071d800000, 0x000000071d600000| Complete 
| 236|0x000000071d800000, 0x000000071da00000, 0x000000071da00000|100%|HC|  |TAMS 0x000000071da00000, 0x000000071d800000| Complete 
| 237|0x000000071da00000, 0x000000071dc00000, 0x000000071dc00000|100%|HS|  |TAMS 0x000000071dc00000, 0x000000071da00000| Complete 
| 238|0x000000071dc00000, 0x000000071de00000, 0x000000071de00000|100%|HS|  |TAMS 0x000000071de00000, 0x000000071dc00000| Complete 
| 239|0x000000071de00000, 0x000000071e000000, 0x000000071e000000|100%|HS|  |TAMS 0x000000071e000000, 0x000000071de00000| Complete 
| 240|0x000000071e000000, 0x000000071e200000, 0x000000071e200000|100%|HS|  |TAMS 0x000000071e200000, 0x000000071e000000| Complete 
| 241|0x000000071e200000, 0x000000071e400000, 0x000000071e400000|100%|HC|  |TAMS 0x000000071e400000, 0x000000071e200000| Complete 
| 242|0x000000071e400000, 0x000000071e600000, 0x000000071e600000|100%| O|  |TAMS 0x000000071e400000, 0x000000071e400000| Untracked 
| 243|0x000000071e600000, 0x000000071e800000, 0x000000071e800000|100%|HS|  |TAMS 0x000000071e600000, 0x000000071e600000| Complete 
| 244|0x000000071e800000, 0x000000071ea00000, 0x000000071ea00000|100%| O|  |TAMS 0x000000071e800000, 0x000000071e800000| Untracked 
| 245|0x000000071ea00000, 0x000000071ec00000, 0x000000071ec00000|100%| O|  |TAMS 0x000000071ea00000, 0x000000071ea00000| Untracked 
| 246|0x000000071ec00000, 0x000000071ee00000, 0x000000071ee00000|100%| O|  |TAMS 0x000000071ec00000, 0x000000071ec00000| Untracked 
| 247|0x000000071ee00000, 0x000000071f000000, 0x000000071f000000|100%| O|  |TAMS 0x000000071ee00000, 0x000000071ee00000| Untracked 
| 248|0x000000071f000000, 0x000000071f200000, 0x000000071f200000|100%| O|  |TAMS 0x000000071f000000, 0x000000071f000000| Untracked 
| 249|0x000000071f200000, 0x000000071f400000, 0x000000071f400000|100%|HS|  |TAMS 0x000000071f200000, 0x000000071f200000| Complete 
| 250|0x000000071f400000, 0x000000071f600000, 0x000000071f600000|100%|HC|  |TAMS 0x000000071f400000, 0x000000071f400000| Complete 
| 251|0x000000071f600000, 0x000000071f800000, 0x000000071f800000|100%|HS|  |TAMS 0x000000071f600000, 0x000000071f600000| Complete 
| 252|0x000000071f800000, 0x000000071fa00000, 0x000000071fa00000|100%|HS|  |TAMS 0x000000071f800000, 0x000000071f800000| Complete 
| 253|0x000000071fa00000, 0x000000071fc00000, 0x000000071fc00000|100%| O|  |TAMS 0x000000071fa00000, 0x000000071fa00000| Untracked 
| 254|0x000000071fc00000, 0x000000071fe00000, 0x000000071fe00000|100%| O|  |TAMS 0x000000071fc00000, 0x000000071fc00000| Untracked 
| 255|0x000000071fe00000, 0x0000000720000000, 0x0000000720000000|100%| O|  |TAMS 0x000000071fe00000, 0x000000071fe00000| Untracked 
| 256|0x0000000720000000, 0x0000000720200000, 0x0000000720200000|100%| O|  |TAMS 0x0000000720000000, 0x0000000720000000| Untracked 
| 257|0x0000000720200000, 0x0000000720400000, 0x0000000720400000|100%| O|  |TAMS 0x0000000720200000, 0x0000000720200000| Untracked 
| 258|0x0000000720400000, 0x0000000720600000, 0x0000000720600000|100%|HS|  |TAMS 0x0000000720400000, 0x0000000720400000| Complete 
| 259|0x0000000720600000, 0x0000000720800000, 0x0000000720800000|100%|HS|  |TAMS 0x0000000720600000, 0x0000000720600000| Complete 
| 260|0x0000000720800000, 0x0000000720a00000, 0x0000000720a00000|100%|HS|  |TAMS 0x0000000720800000, 0x0000000720800000| Complete 
| 261|0x0000000720a00000, 0x0000000720c00000, 0x0000000720c00000|100%| O|  |TAMS 0x0000000720a00000, 0x0000000720a00000| Untracked 
| 262|0x0000000720c00000, 0x0000000720e00000, 0x0000000720e00000|100%| O|  |TAMS 0x0000000720c00000, 0x0000000720c00000| Untracked 
| 263|0x0000000720e00000, 0x0000000721000000, 0x0000000721000000|100%|HS|  |TAMS 0x0000000720e00000, 0x0000000720e00000| Complete 
| 264|0x0000000721000000, 0x0000000721200000, 0x0000000721200000|100%|HC|  |TAMS 0x0000000721000000, 0x0000000721000000| Complete 
| 265|0x0000000721200000, 0x0000000721400000, 0x0000000721400000|100%| O|  |TAMS 0x0000000721200000, 0x0000000721200000| Untracked 
| 266|0x0000000721400000, 0x0000000721600000, 0x0000000721600000|100%| O|  |TAMS 0x0000000721400000, 0x0000000721400000| Untracked 
| 267|0x0000000721600000, 0x0000000721800000, 0x0000000721800000|100%| O|  |TAMS 0x0000000721600000, 0x0000000721600000| Untracked 
| 268|0x0000000721800000, 0x0000000721a00000, 0x0000000721a00000|100%| O|  |TAMS 0x0000000721800000, 0x0000000721800000| Untracked 
| 269|0x0000000721a00000, 0x0000000721c00000, 0x0000000721c00000|100%| O|  |TAMS 0x0000000721a00000, 0x0000000721a00000| Untracked 
| 270|0x0000000721c00000, 0x0000000721e00000, 0x0000000721e00000|100%| O|  |TAMS 0x0000000721c00000, 0x0000000721c00000| Untracked 
| 271|0x0000000721e00000, 0x0000000722000000, 0x0000000722000000|100%| O|  |TAMS 0x0000000721e00000, 0x0000000721e00000| Untracked 
| 272|0x0000000722000000, 0x0000000722200000, 0x0000000722200000|100%| O|  |TAMS 0x0000000722000000, 0x0000000722000000| Untracked 
| 273|0x0000000722200000, 0x0000000722400000, 0x0000000722400000|100%| O|  |TAMS 0x0000000722200000, 0x0000000722200000| Untracked 
| 274|0x0000000722400000, 0x0000000722600000, 0x0000000722600000|100%| O|  |TAMS 0x0000000722400000, 0x0000000722400000| Untracked 
| 275|0x0000000722600000, 0x0000000722800000, 0x0000000722800000|100%| O|  |TAMS 0x0000000722600000, 0x0000000722600000| Untracked 
| 276|0x0000000722800000, 0x0000000722a00000, 0x0000000722a00000|100%| O|  |TAMS 0x0000000722800000, 0x0000000722800000| Untracked 
| 277|0x0000000722a00000, 0x0000000722c00000, 0x0000000722c00000|100%| O|  |TAMS 0x0000000722a00000, 0x0000000722a00000| Untracked 
| 278|0x0000000722c00000, 0x0000000722e00000, 0x0000000722e00000|100%| O|  |TAMS 0x0000000722c00000, 0x0000000722c00000| Untracked 
| 279|0x0000000722e00000, 0x0000000723000000, 0x0000000723000000|100%| O|  |TAMS 0x0000000722e00000, 0x0000000722e00000| Untracked 
| 280|0x0000000723000000, 0x0000000723200000, 0x0000000723200000|100%| O|  |TAMS 0x0000000723000000, 0x0000000723000000| Untracked 
| 281|0x0000000723200000, 0x0000000723400000, 0x0000000723400000|100%| O|  |TAMS 0x0000000723200000, 0x0000000723200000| Untracked 
| 282|0x0000000723400000, 0x0000000723600000, 0x0000000723600000|100%| O|  |TAMS 0x0000000723400000, 0x0000000723400000| Untracked 
| 283|0x0000000723600000, 0x0000000723800000, 0x0000000723800000|100%| O|  |TAMS 0x0000000723600000, 0x0000000723600000| Untracked 
| 284|0x0000000723800000, 0x0000000723a00000, 0x0000000723a00000|100%| O|  |TAMS 0x0000000723800000, 0x0000000723800000| Untracked 
| 285|0x0000000723a00000, 0x0000000723c00000, 0x0000000723c00000|100%| O|  |TAMS 0x0000000723a00000, 0x0000000723a00000| Untracked 
| 286|0x0000000723c00000, 0x0000000723e00000, 0x0000000723e00000|100%| O|  |TAMS 0x0000000723c00000, 0x0000000723c00000| Untracked 
| 287|0x0000000723e00000, 0x0000000724000000, 0x0000000724000000|100%| O|  |TAMS 0x0000000723e00000, 0x0000000723e00000| Untracked 
| 288|0x0000000724000000, 0x0000000724200000, 0x0000000724200000|100%| O|  |TAMS 0x0000000724000000, 0x0000000724000000| Untracked 
| 289|0x0000000724200000, 0x0000000724400000, 0x0000000724400000|100%| O|  |TAMS 0x0000000724200000, 0x0000000724200000| Untracked 
| 290|0x0000000724400000, 0x0000000724600000, 0x0000000724600000|100%| O|  |TAMS 0x0000000724400000, 0x0000000724400000| Untracked 
| 291|0x0000000724600000, 0x0000000724800000, 0x0000000724800000|100%| O|  |TAMS 0x0000000724600000, 0x0000000724600000| Untracked 
| 292|0x0000000724800000, 0x0000000724a00000, 0x0000000724a00000|100%| O|  |TAMS 0x0000000724800000, 0x0000000724800000| Untracked 
| 293|0x0000000724a00000, 0x0000000724c00000, 0x0000000724c00000|100%| O|  |TAMS 0x0000000724a00000, 0x0000000724a00000| Untracked 
| 294|0x0000000724c00000, 0x0000000724e00000, 0x0000000724e00000|100%| O|  |TAMS 0x0000000724c00000, 0x0000000724c00000| Untracked 
| 295|0x0000000724e00000, 0x0000000725000000, 0x0000000725000000|100%| O|  |TAMS 0x0000000724e00000, 0x0000000724e00000| Untracked 
| 296|0x0000000725000000, 0x0000000725200000, 0x0000000725200000|100%| O|  |TAMS 0x0000000725000000, 0x0000000725000000| Untracked 
| 297|0x0000000725200000, 0x0000000725400000, 0x0000000725400000|100%| O|  |TAMS 0x0000000725200000, 0x0000000725200000| Untracked 
| 298|0x0000000725400000, 0x0000000725600000, 0x0000000725600000|100%| O|  |TAMS 0x0000000725400000, 0x0000000725400000| Untracked 
| 299|0x0000000725600000, 0x0000000725800000, 0x0000000725800000|100%| O|  |TAMS 0x0000000725600000, 0x0000000725600000| Untracked 
| 300|0x0000000725800000, 0x0000000725a00000, 0x0000000725a00000|100%| O|  |TAMS 0x0000000725800000, 0x0000000725800000| Untracked 
| 301|0x0000000725a00000, 0x0000000725c00000, 0x0000000725c00000|100%| O|  |TAMS 0x0000000725a00000, 0x0000000725a00000| Untracked 
| 302|0x0000000725c00000, 0x0000000725e00000, 0x0000000725e00000|100%| O|  |TAMS 0x0000000725c00000, 0x0000000725c00000| Untracked 
| 303|0x0000000725e00000, 0x0000000726000000, 0x0000000726000000|100%| O|  |TAMS 0x0000000725e00000, 0x0000000725e00000| Untracked 
| 304|0x0000000726000000, 0x0000000726200000, 0x0000000726200000|100%| O|  |TAMS 0x0000000726000000, 0x0000000726000000| Untracked 
| 305|0x0000000726200000, 0x0000000726400000, 0x0000000726400000|100%| O|  |TAMS 0x0000000726200000, 0x0000000726200000| Untracked 
| 306|0x0000000726400000, 0x0000000726600000, 0x0000000726600000|100%| O|  |TAMS 0x0000000726400000, 0x0000000726400000| Untracked 
| 307|0x0000000726600000, 0x0000000726800000, 0x0000000726800000|100%| O|  |TAMS 0x0000000726600000, 0x0000000726600000| Untracked 
| 308|0x0000000726800000, 0x0000000726a00000, 0x0000000726a00000|100%| O|  |TAMS 0x0000000726800000, 0x0000000726800000| Untracked 
| 309|0x0000000726a00000, 0x0000000726c00000, 0x0000000726c00000|100%| O|  |TAMS 0x0000000726a00000, 0x0000000726a00000| Untracked 
| 310|0x0000000726c00000, 0x0000000726e00000, 0x0000000726e00000|100%|HS|  |TAMS 0x0000000726c00000, 0x0000000726c00000| Complete 
| 311|0x0000000726e00000, 0x0000000727000000, 0x0000000727000000|100%|HS|  |TAMS 0x0000000726e00000, 0x0000000726e00000| Complete 
| 312|0x0000000727000000, 0x0000000727200000, 0x0000000727200000|100%|HS|  |TAMS 0x0000000727000000, 0x0000000727000000| Complete 
| 313|0x0000000727200000, 0x0000000727400000, 0x0000000727400000|100%|HS|  |TAMS 0x0000000727200000, 0x0000000727200000| Complete 
| 314|0x0000000727400000, 0x0000000727600000, 0x0000000727600000|100%| O|  |TAMS 0x0000000727400000, 0x0000000727400000| Untracked 
| 315|0x0000000727600000, 0x0000000727800000, 0x0000000727800000|100%| O|  |TAMS 0x0000000727600000, 0x0000000727600000| Untracked 
| 316|0x0000000727800000, 0x0000000727a00000, 0x0000000727a00000|100%| O|  |TAMS 0x0000000727800000, 0x0000000727800000| Untracked 
| 317|0x0000000727a00000, 0x0000000727c00000, 0x0000000727c00000|100%| O|  |TAMS 0x0000000727a00000, 0x0000000727a00000| Untracked 
| 318|0x0000000727c00000, 0x0000000727e00000, 0x0000000727e00000|100%| O|  |TAMS 0x0000000727c00000, 0x0000000727c00000| Untracked 
| 319|0x0000000727e00000, 0x0000000728000000, 0x0000000728000000|100%| O|  |TAMS 0x0000000727e00000, 0x0000000727e00000| Untracked 
| 320|0x0000000728000000, 0x0000000728200000, 0x0000000728200000|100%| O|  |TAMS 0x0000000728000000, 0x0000000728000000| Untracked 
| 321|0x0000000728200000, 0x0000000728400000, 0x0000000728400000|100%| O|  |TAMS 0x0000000728200000, 0x0000000728200000| Untracked 
| 322|0x0000000728400000, 0x0000000728600000, 0x0000000728600000|100%| O|  |TAMS 0x0000000728400000, 0x0000000728400000| Untracked 
| 323|0x0000000728600000, 0x0000000728800000, 0x0000000728800000|100%| O|  |TAMS 0x0000000728600000, 0x0000000728600000| Untracked 
| 324|0x0000000728800000, 0x0000000728a00000, 0x0000000728a00000|100%| O|  |TAMS 0x0000000728800000, 0x0000000728800000| Untracked 
| 325|0x0000000728a00000, 0x0000000728c00000, 0x0000000728c00000|100%| O|  |TAMS 0x0000000728a00000, 0x0000000728a00000| Untracked 
| 326|0x0000000728c00000, 0x0000000728e00000, 0x0000000728e00000|100%| O|  |TAMS 0x0000000728c00000, 0x0000000728c00000| Untracked 
| 327|0x0000000728e00000, 0x0000000729000000, 0x0000000729000000|100%| O|  |TAMS 0x0000000728e00000, 0x0000000728e00000| Untracked 
| 328|0x0000000729000000, 0x0000000729200000, 0x0000000729200000|100%| O|  |TAMS 0x0000000729000000, 0x0000000729000000| Untracked 
| 329|0x0000000729200000, 0x0000000729400000, 0x0000000729400000|100%| O|  |TAMS 0x0000000729200000, 0x0000000729200000| Untracked 
| 330|0x0000000729400000, 0x0000000729600000, 0x0000000729600000|100%| O|  |TAMS 0x0000000729400000, 0x0000000729400000| Untracked 
| 331|0x0000000729600000, 0x0000000729800000, 0x0000000729800000|100%| O|  |TAMS 0x0000000729600000, 0x0000000729600000| Untracked 
| 332|0x0000000729800000, 0x0000000729a00000, 0x0000000729a00000|100%| O|  |TAMS 0x0000000729800000, 0x0000000729800000| Untracked 
| 333|0x0000000729a00000, 0x0000000729c00000, 0x0000000729c00000|100%| O|  |TAMS 0x0000000729a00000, 0x0000000729a00000| Untracked 
| 334|0x0000000729c00000, 0x0000000729e00000, 0x0000000729e00000|100%| O|  |TAMS 0x0000000729c00000, 0x0000000729c00000| Untracked 
| 335|0x0000000729e00000, 0x000000072a000000, 0x000000072a000000|100%| O|  |TAMS 0x0000000729e00000, 0x0000000729e00000| Untracked 
| 336|0x000000072a000000, 0x000000072a200000, 0x000000072a200000|100%| O|  |TAMS 0x000000072a000000, 0x000000072a000000| Untracked 
| 337|0x000000072a200000, 0x000000072a400000, 0x000000072a400000|100%| O|  |TAMS 0x000000072a200000, 0x000000072a200000| Untracked 
| 338|0x000000072a400000, 0x000000072a600000, 0x000000072a600000|100%| O|  |TAMS 0x000000072a400000, 0x000000072a400000| Untracked 
| 339|0x000000072a600000, 0x000000072a800000, 0x000000072a800000|100%| O|  |TAMS 0x000000072a600000, 0x000000072a600000| Untracked 
| 340|0x000000072a800000, 0x000000072aa00000, 0x000000072aa00000|100%| O|  |TAMS 0x000000072a800000, 0x000000072a800000| Untracked 
| 341|0x000000072aa00000, 0x000000072ac00000, 0x000000072ac00000|100%| O|  |TAMS 0x000000072aa00000, 0x000000072aa00000| Untracked 
| 342|0x000000072ac00000, 0x000000072ae00000, 0x000000072ae00000|100%| O|  |TAMS 0x000000072ac00000, 0x000000072ac00000| Untracked 
| 343|0x000000072ae00000, 0x000000072b000000, 0x000000072b000000|100%| O|  |TAMS 0x000000072ae00000, 0x000000072ae00000| Untracked 
| 344|0x000000072b000000, 0x000000072b200000, 0x000000072b200000|100%| O|  |TAMS 0x000000072b000000, 0x000000072b000000| Untracked 
| 345|0x000000072b200000, 0x000000072b400000, 0x000000072b400000|100%| O|  |TAMS 0x000000072b200000, 0x000000072b200000| Untracked 
| 346|0x000000072b400000, 0x000000072b600000, 0x000000072b600000|100%| O|  |TAMS 0x000000072b400000, 0x000000072b400000| Untracked 
| 347|0x000000072b600000, 0x000000072b800000, 0x000000072b800000|100%| O|  |TAMS 0x000000072b600000, 0x000000072b600000| Untracked 
| 348|0x000000072b800000, 0x000000072ba00000, 0x000000072ba00000|100%| O|  |TAMS 0x000000072b800000, 0x000000072b800000| Untracked 
| 349|0x000000072ba00000, 0x000000072bc00000, 0x000000072bc00000|100%| O|  |TAMS 0x000000072ba00000, 0x000000072ba00000| Untracked 
| 350|0x000000072bc00000, 0x000000072be00000, 0x000000072be00000|100%| O|  |TAMS 0x000000072bc00000, 0x000000072bc00000| Untracked 
| 351|0x000000072be00000, 0x000000072c000000, 0x000000072c000000|100%| O|  |TAMS 0x000000072be00000, 0x000000072be00000| Untracked 
| 352|0x000000072c000000, 0x000000072c200000, 0x000000072c200000|100%| O|  |TAMS 0x000000072c000000, 0x000000072c000000| Untracked 
| 353|0x000000072c200000, 0x000000072c400000, 0x000000072c400000|100%| O|  |TAMS 0x000000072c200000, 0x000000072c200000| Untracked 
| 354|0x000000072c400000, 0x000000072c600000, 0x000000072c600000|100%| O|  |TAMS 0x000000072c400000, 0x000000072c400000| Untracked 
| 355|0x000000072c600000, 0x000000072c800000, 0x000000072c800000|100%| O|  |TAMS 0x000000072c600000, 0x000000072c600000| Untracked 
| 356|0x000000072c800000, 0x000000072ca00000, 0x000000072ca00000|100%| O|  |TAMS 0x000000072c800000, 0x000000072c800000| Untracked 
| 357|0x000000072ca00000, 0x000000072cc00000, 0x000000072cc00000|100%| O|  |TAMS 0x000000072ca00000, 0x000000072ca00000| Untracked 
| 358|0x000000072cc00000, 0x000000072ce00000, 0x000000072ce00000|100%| O|  |TAMS 0x000000072cc00000, 0x000000072cc00000| Untracked 
| 359|0x000000072ce00000, 0x000000072d000000, 0x000000072d000000|100%| O|  |TAMS 0x000000072ce00000, 0x000000072ce00000| Untracked 
| 360|0x000000072d000000, 0x000000072d200000, 0x000000072d200000|100%| O|  |TAMS 0x000000072d000000, 0x000000072d000000| Untracked 
| 361|0x000000072d200000, 0x000000072d400000, 0x000000072d400000|100%| O|  |TAMS 0x000000072d200000, 0x000000072d200000| Untracked 
| 362|0x000000072d400000, 0x000000072d600000, 0x000000072d600000|100%| O|  |TAMS 0x000000072d400000, 0x000000072d400000| Untracked 
| 363|0x000000072d600000, 0x000000072d600000, 0x000000072d800000|  0%| F|  |TAMS 0x000000072d600000, 0x000000072d600000| Untracked 
| 364|0x000000072d800000, 0x000000072d800000, 0x000000072da00000|  0%| F|  |TAMS 0x000000072d800000, 0x000000072d800000| Untracked 
| 365|0x000000072da00000, 0x000000072da00000, 0x000000072dc00000|  0%| F|  |TAMS 0x000000072da00000, 0x000000072da00000| Untracked 
| 366|0x000000072dc00000, 0x000000072dc00000, 0x000000072de00000|  0%| F|  |TAMS 0x000000072dc00000, 0x000000072dc00000| Untracked 
| 367|0x000000072de00000, 0x000000072de00000, 0x000000072e000000|  0%| F|  |TAMS 0x000000072de00000, 0x000000072de00000| Untracked 
| 368|0x000000072e000000, 0x000000072e000000, 0x000000072e200000|  0%| F|  |TAMS 0x000000072e000000, 0x000000072e000000| Untracked 
| 369|0x000000072e200000, 0x000000072e200000, 0x000000072e400000|  0%| F|  |TAMS 0x000000072e200000, 0x000000072e200000| Untracked 
| 370|0x000000072e400000, 0x000000072e400000, 0x000000072e600000|  0%| F|  |TAMS 0x000000072e400000, 0x000000072e400000| Untracked 
| 371|0x000000072e600000, 0x000000072e600000, 0x000000072e800000|  0%| F|  |TAMS 0x000000072e600000, 0x000000072e600000| Untracked 
| 372|0x000000072e800000, 0x000000072e800000, 0x000000072ea00000|  0%| F|  |TAMS 0x000000072e800000, 0x000000072e800000| Untracked 
| 373|0x000000072ea00000, 0x000000072ea00000, 0x000000072ec00000|  0%| F|  |TAMS 0x000000072ea00000, 0x000000072ea00000| Untracked 
| 374|0x000000072ec00000, 0x000000072ec00000, 0x000000072ee00000|  0%| F|  |TAMS 0x000000072ec00000, 0x000000072ec00000| Untracked 
| 375|0x000000072ee00000, 0x000000072ee00000, 0x000000072f000000|  0%| F|  |TAMS 0x000000072ee00000, 0x000000072ee00000| Untracked 
| 376|0x000000072f000000, 0x000000072f000000, 0x000000072f200000|  0%| F|  |TAMS 0x000000072f000000, 0x000000072f000000| Untracked 
| 377|0x000000072f200000, 0x000000072f200000, 0x000000072f400000|  0%| F|  |TAMS 0x000000072f200000, 0x000000072f200000| Untracked 
| 378|0x000000072f400000, 0x000000072f400000, 0x000000072f600000|  0%| F|  |TAMS 0x000000072f400000, 0x000000072f400000| Untracked 
| 379|0x000000072f600000, 0x000000072f600000, 0x000000072f800000|  0%| F|  |TAMS 0x000000072f600000, 0x000000072f600000| Untracked 
| 380|0x000000072f800000, 0x000000072f800000, 0x000000072fa00000|  0%| F|  |TAMS 0x000000072f800000, 0x000000072f800000| Untracked 
| 381|0x000000072fa00000, 0x000000072fa00000, 0x000000072fc00000|  0%| F|  |TAMS 0x000000072fa00000, 0x000000072fa00000| Untracked 
| 382|0x000000072fc00000, 0x000000072fc00000, 0x000000072fe00000|  0%| F|  |TAMS 0x000000072fc00000, 0x000000072fc00000| Untracked 
| 383|0x000000072fe00000, 0x000000072fe00000, 0x0000000730000000|  0%| F|  |TAMS 0x000000072fe00000, 0x000000072fe00000| Untracked 
| 384|0x0000000730000000, 0x0000000730000000, 0x0000000730200000|  0%| F|  |TAMS 0x0000000730000000, 0x0000000730000000| Untracked 
| 385|0x0000000730200000, 0x0000000730200000, 0x0000000730400000|  0%| F|  |TAMS 0x0000000730200000, 0x0000000730200000| Untracked 
| 386|0x0000000730400000, 0x0000000730400000, 0x0000000730600000|  0%| F|  |TAMS 0x0000000730400000, 0x0000000730400000| Untracked 
| 387|0x0000000730600000, 0x0000000730600000, 0x0000000730800000|  0%| F|  |TAMS 0x0000000730600000, 0x0000000730600000| Untracked 
| 388|0x0000000730800000, 0x0000000730800000, 0x0000000730a00000|  0%| F|  |TAMS 0x0000000730800000, 0x0000000730800000| Untracked 
| 389|0x0000000730a00000, 0x0000000730a00000, 0x0000000730c00000|  0%| F|  |TAMS 0x0000000730a00000, 0x0000000730a00000| Untracked 
| 390|0x0000000730c00000, 0x0000000730c00000, 0x0000000730e00000|  0%| F|  |TAMS 0x0000000730c00000, 0x0000000730c00000| Untracked 
| 391|0x0000000730e00000, 0x0000000730e00000, 0x0000000731000000|  0%| F|  |TAMS 0x0000000730e00000, 0x0000000730e00000| Untracked 
| 392|0x0000000731000000, 0x0000000731000000, 0x0000000731200000|  0%| F|  |TAMS 0x0000000731000000, 0x0000000731000000| Untracked 
| 393|0x0000000731200000, 0x0000000731200000, 0x0000000731400000|  0%| F|  |TAMS 0x0000000731200000, 0x0000000731200000| Untracked 
| 394|0x0000000731400000, 0x0000000731400000, 0x0000000731600000|  0%| F|  |TAMS 0x0000000731400000, 0x0000000731400000| Untracked 
| 395|0x0000000731600000, 0x0000000731600000, 0x0000000731800000|  0%| F|  |TAMS 0x0000000731600000, 0x0000000731600000| Untracked 
| 396|0x0000000731800000, 0x0000000731800000, 0x0000000731a00000|  0%| F|  |TAMS 0x0000000731800000, 0x0000000731800000| Untracked 
| 397|0x0000000731a00000, 0x0000000731a00000, 0x0000000731c00000|  0%| F|  |TAMS 0x0000000731a00000, 0x0000000731a00000| Untracked 
| 398|0x0000000731c00000, 0x0000000731c00000, 0x0000000731e00000|  0%| F|  |TAMS 0x0000000731c00000, 0x0000000731c00000| Untracked 
| 399|0x0000000731e00000, 0x0000000731e00000, 0x0000000732000000|  0%| F|  |TAMS 0x0000000731e00000, 0x0000000731e00000| Untracked 
| 400|0x0000000732000000, 0x0000000732000000, 0x0000000732200000|  0%| F|  |TAMS 0x0000000732000000, 0x0000000732000000| Untracked 
| 401|0x0000000732200000, 0x0000000732200000, 0x0000000732400000|  0%| F|  |TAMS 0x0000000732200000, 0x0000000732200000| Untracked 
| 402|0x0000000732400000, 0x0000000732400000, 0x0000000732600000|  0%| F|  |TAMS 0x0000000732400000, 0x0000000732400000| Untracked 
| 403|0x0000000732600000, 0x0000000732600000, 0x0000000732800000|  0%| F|  |TAMS 0x0000000732600000, 0x0000000732600000| Untracked 
| 404|0x0000000732800000, 0x0000000732800000, 0x0000000732a00000|  0%| F|  |TAMS 0x0000000732800000, 0x0000000732800000| Untracked 
| 405|0x0000000732a00000, 0x0000000732a00000, 0x0000000732c00000|  0%| F|  |TAMS 0x0000000732a00000, 0x0000000732a00000| Untracked 
| 406|0x0000000732c00000, 0x0000000732c00000, 0x0000000732e00000|  0%| F|  |TAMS 0x0000000732c00000, 0x0000000732c00000| Untracked 
| 407|0x0000000732e00000, 0x0000000732e00000, 0x0000000733000000|  0%| F|  |TAMS 0x0000000732e00000, 0x0000000732e00000| Untracked 
| 408|0x0000000733000000, 0x0000000733000000, 0x0000000733200000|  0%| F|  |TAMS 0x0000000733000000, 0x0000000733000000| Untracked 
| 409|0x0000000733200000, 0x0000000733200000, 0x0000000733400000|  0%| F|  |TAMS 0x0000000733200000, 0x0000000733200000| Untracked 
| 410|0x0000000733400000, 0x0000000733400000, 0x0000000733600000|  0%| F|  |TAMS 0x0000000733400000, 0x0000000733400000| Untracked 
| 411|0x0000000733600000, 0x0000000733600000, 0x0000000733800000|  0%| F|  |TAMS 0x0000000733600000, 0x0000000733600000| Untracked 
| 412|0x0000000733800000, 0x0000000733800000, 0x0000000733a00000|  0%| F|  |TAMS 0x0000000733800000, 0x0000000733800000| Untracked 
| 413|0x0000000733a00000, 0x0000000733a00000, 0x0000000733c00000|  0%| F|  |TAMS 0x0000000733a00000, 0x0000000733a00000| Untracked 
| 414|0x0000000733c00000, 0x0000000733c00000, 0x0000000733e00000|  0%| F|  |TAMS 0x0000000733c00000, 0x0000000733c00000| Untracked 
| 415|0x0000000733e00000, 0x0000000733e00000, 0x0000000734000000|  0%| F|  |TAMS 0x0000000733e00000, 0x0000000733e00000| Untracked 
| 416|0x0000000734000000, 0x0000000734000000, 0x0000000734200000|  0%| F|  |TAMS 0x0000000734000000, 0x0000000734000000| Untracked 
| 417|0x0000000734200000, 0x0000000734200000, 0x0000000734400000|  0%| F|  |TAMS 0x0000000734200000, 0x0000000734200000| Untracked 
| 418|0x0000000734400000, 0x0000000734400000, 0x0000000734600000|  0%| F|  |TAMS 0x0000000734400000, 0x0000000734400000| Untracked 
| 419|0x0000000734600000, 0x0000000734600000, 0x0000000734800000|  0%| F|  |TAMS 0x0000000734600000, 0x0000000734600000| Untracked 
| 420|0x0000000734800000, 0x0000000734800000, 0x0000000734a00000|  0%| F|  |TAMS 0x0000000734800000, 0x0000000734800000| Untracked 
| 421|0x0000000734a00000, 0x0000000734a00000, 0x0000000734c00000|  0%| F|  |TAMS 0x0000000734a00000, 0x0000000734a00000| Untracked 
| 422|0x0000000734c00000, 0x0000000734c00000, 0x0000000734e00000|  0%| F|  |TAMS 0x0000000734c00000, 0x0000000734c00000| Untracked 
| 423|0x0000000734e00000, 0x0000000734e00000, 0x0000000735000000|  0%| F|  |TAMS 0x0000000734e00000, 0x0000000734e00000| Untracked 
| 424|0x0000000735000000, 0x0000000735000000, 0x0000000735200000|  0%| F|  |TAMS 0x0000000735000000, 0x0000000735000000| Untracked 
| 425|0x0000000735200000, 0x0000000735200000, 0x0000000735400000|  0%| F|  |TAMS 0x0000000735200000, 0x0000000735200000| Untracked 
| 426|0x0000000735400000, 0x0000000735400000, 0x0000000735600000|  0%| F|  |TAMS 0x0000000735400000, 0x0000000735400000| Untracked 
| 427|0x0000000735600000, 0x0000000735600000, 0x0000000735800000|  0%| F|  |TAMS 0x0000000735600000, 0x0000000735600000| Untracked 
| 428|0x0000000735800000, 0x0000000735800000, 0x0000000735a00000|  0%| F|  |TAMS 0x0000000735800000, 0x0000000735800000| Untracked 
| 429|0x0000000735a00000, 0x0000000735a00000, 0x0000000735c00000|  0%| F|  |TAMS 0x0000000735a00000, 0x0000000735a00000| Untracked 
| 430|0x0000000735c00000, 0x0000000735c00000, 0x0000000735e00000|  0%| F|  |TAMS 0x0000000735c00000, 0x0000000735c00000| Untracked 
| 431|0x0000000735e00000, 0x0000000735e00000, 0x0000000736000000|  0%| F|  |TAMS 0x0000000735e00000, 0x0000000735e00000| Untracked 
| 432|0x0000000736000000, 0x0000000736000000, 0x0000000736200000|  0%| F|  |TAMS 0x0000000736000000, 0x0000000736000000| Untracked 
| 433|0x0000000736200000, 0x0000000736200000, 0x0000000736400000|  0%| F|  |TAMS 0x0000000736200000, 0x0000000736200000| Untracked 
| 434|0x0000000736400000, 0x0000000736400000, 0x0000000736600000|  0%| F|  |TAMS 0x0000000736400000, 0x0000000736400000| Untracked 
| 435|0x0000000736600000, 0x0000000736600000, 0x0000000736800000|  0%| F|  |TAMS 0x0000000736600000, 0x0000000736600000| Untracked 
| 436|0x0000000736800000, 0x0000000736800000, 0x0000000736a00000|  0%| F|  |TAMS 0x0000000736800000, 0x0000000736800000| Untracked 
| 437|0x0000000736a00000, 0x0000000736a00000, 0x0000000736c00000|  0%| F|  |TAMS 0x0000000736a00000, 0x0000000736a00000| Untracked 
| 438|0x0000000736c00000, 0x0000000736c00000, 0x0000000736e00000|  0%| F|  |TAMS 0x0000000736c00000, 0x0000000736c00000| Untracked 
| 439|0x0000000736e00000, 0x0000000736e00000, 0x0000000737000000|  0%| F|  |TAMS 0x0000000736e00000, 0x0000000736e00000| Untracked 
| 440|0x0000000737000000, 0x0000000737000000, 0x0000000737200000|  0%| F|  |TAMS 0x0000000737000000, 0x0000000737000000| Untracked 
| 441|0x0000000737200000, 0x0000000737200000, 0x0000000737400000|  0%| F|  |TAMS 0x0000000737200000, 0x0000000737200000| Untracked 
| 442|0x0000000737400000, 0x0000000737400000, 0x0000000737600000|  0%| F|  |TAMS 0x0000000737400000, 0x0000000737400000| Untracked 
| 443|0x0000000737600000, 0x0000000737600000, 0x0000000737800000|  0%| F|  |TAMS 0x0000000737600000, 0x0000000737600000| Untracked 
| 444|0x0000000737800000, 0x0000000737800000, 0x0000000737a00000|  0%| F|  |TAMS 0x0000000737800000, 0x0000000737800000| Untracked 
| 445|0x0000000737a00000, 0x0000000737a00000, 0x0000000737c00000|  0%| F|  |TAMS 0x0000000737a00000, 0x0000000737a00000| Untracked 
| 446|0x0000000737c00000, 0x0000000737c00000, 0x0000000737e00000|  0%| F|  |TAMS 0x0000000737c00000, 0x0000000737c00000| Untracked 
| 447|0x0000000737e00000, 0x0000000737e00000, 0x0000000738000000|  0%| F|  |TAMS 0x0000000737e00000, 0x0000000737e00000| Untracked 
| 448|0x0000000738000000, 0x0000000738000000, 0x0000000738200000|  0%| F|  |TAMS 0x0000000738000000, 0x0000000738000000| Untracked 
| 449|0x0000000738200000, 0x0000000738200000, 0x0000000738400000|  0%| F|  |TAMS 0x0000000738200000, 0x0000000738200000| Untracked 
| 450|0x0000000738400000, 0x0000000738400000, 0x0000000738600000|  0%| F|  |TAMS 0x0000000738400000, 0x0000000738400000| Untracked 
| 451|0x0000000738600000, 0x0000000738600000, 0x0000000738800000|  0%| F|  |TAMS 0x0000000738600000, 0x0000000738600000| Untracked 
| 452|0x0000000738800000, 0x0000000738800000, 0x0000000738a00000|  0%| F|  |TAMS 0x0000000738800000, 0x0000000738800000| Untracked 
| 453|0x0000000738a00000, 0x0000000738a00000, 0x0000000738c00000|  0%| F|  |TAMS 0x0000000738a00000, 0x0000000738a00000| Untracked 
| 454|0x0000000738c00000, 0x0000000738c00000, 0x0000000738e00000|  0%| F|  |TAMS 0x0000000738c00000, 0x0000000738c00000| Untracked 
| 455|0x0000000738e00000, 0x0000000738e00000, 0x0000000739000000|  0%| F|  |TAMS 0x0000000738e00000, 0x0000000738e00000| Untracked 
| 456|0x0000000739000000, 0x0000000739000000, 0x0000000739200000|  0%| F|  |TAMS 0x0000000739000000, 0x0000000739000000| Untracked 
| 457|0x0000000739200000, 0x0000000739200000, 0x0000000739400000|  0%| F|  |TAMS 0x0000000739200000, 0x0000000739200000| Untracked 
| 458|0x0000000739400000, 0x0000000739400000, 0x0000000739600000|  0%| F|  |TAMS 0x0000000739400000, 0x0000000739400000| Untracked 
| 459|0x0000000739600000, 0x0000000739600000, 0x0000000739800000|  0%| F|  |TAMS 0x0000000739600000, 0x0000000739600000| Untracked 
| 460|0x0000000739800000, 0x0000000739800000, 0x0000000739a00000|  0%| F|  |TAMS 0x0000000739800000, 0x0000000739800000| Untracked 
| 461|0x0000000739a00000, 0x0000000739a00000, 0x0000000739c00000|  0%| F|  |TAMS 0x0000000739a00000, 0x0000000739a00000| Untracked 
| 462|0x0000000739c00000, 0x0000000739c00000, 0x0000000739e00000|  0%| F|  |TAMS 0x0000000739c00000, 0x0000000739c00000| Untracked 
| 463|0x0000000739e00000, 0x0000000739e00000, 0x000000073a000000|  0%| F|  |TAMS 0x0000000739e00000, 0x0000000739e00000| Untracked 
| 464|0x000000073a000000, 0x000000073a000000, 0x000000073a200000|  0%| F|  |TAMS 0x000000073a000000, 0x000000073a000000| Untracked 
| 465|0x000000073a200000, 0x000000073a200000, 0x000000073a400000|  0%| F|  |TAMS 0x000000073a200000, 0x000000073a200000| Untracked 
| 466|0x000000073a400000, 0x000000073a400000, 0x000000073a600000|  0%| F|  |TAMS 0x000000073a400000, 0x000000073a400000| Untracked 
| 467|0x000000073a600000, 0x000000073a600000, 0x000000073a800000|  0%| F|  |TAMS 0x000000073a600000, 0x000000073a600000| Untracked 
| 468|0x000000073a800000, 0x000000073a800000, 0x000000073aa00000|  0%| F|  |TAMS 0x000000073a800000, 0x000000073a800000| Untracked 
| 469|0x000000073aa00000, 0x000000073aa00000, 0x000000073ac00000|  0%| F|  |TAMS 0x000000073aa00000, 0x000000073aa00000| Untracked 
| 470|0x000000073ac00000, 0x000000073ac00000, 0x000000073ae00000|  0%| F|  |TAMS 0x000000073ac00000, 0x000000073ac00000| Untracked 
| 471|0x000000073ae00000, 0x000000073ae00000, 0x000000073b000000|  0%| F|  |TAMS 0x000000073ae00000, 0x000000073ae00000| Untracked 
| 472|0x000000073b000000, 0x000000073b000000, 0x000000073b200000|  0%| F|  |TAMS 0x000000073b000000, 0x000000073b000000| Untracked 
| 473|0x000000073b200000, 0x000000073b200000, 0x000000073b400000|  0%| F|  |TAMS 0x000000073b200000, 0x000000073b200000| Untracked 
| 474|0x000000073b400000, 0x000000073b400000, 0x000000073b600000|  0%| F|  |TAMS 0x000000073b400000, 0x000000073b400000| Untracked 
| 475|0x000000073b600000, 0x000000073b600000, 0x000000073b800000|  0%| F|  |TAMS 0x000000073b600000, 0x000000073b600000| Untracked 
| 476|0x000000073b800000, 0x000000073b800000, 0x000000073ba00000|  0%| F|  |TAMS 0x000000073b800000, 0x000000073b800000| Untracked 
| 477|0x000000073ba00000, 0x000000073ba00000, 0x000000073bc00000|  0%| F|  |TAMS 0x000000073ba00000, 0x000000073ba00000| Untracked 
| 478|0x000000073bc00000, 0x000000073bc00000, 0x000000073be00000|  0%| F|  |TAMS 0x000000073bc00000, 0x000000073bc00000| Untracked 
| 479|0x000000073be00000, 0x000000073be00000, 0x000000073c000000|  0%| F|  |TAMS 0x000000073be00000, 0x000000073be00000| Untracked 
| 480|0x000000073c000000, 0x000000073c000000, 0x000000073c200000|  0%| F|  |TAMS 0x000000073c000000, 0x000000073c000000| Untracked 
| 481|0x000000073c200000, 0x000000073c200000, 0x000000073c400000|  0%| F|  |TAMS 0x000000073c200000, 0x000000073c200000| Untracked 
| 482|0x000000073c400000, 0x000000073c400000, 0x000000073c600000|  0%| F|  |TAMS 0x000000073c400000, 0x000000073c400000| Untracked 
| 483|0x000000073c600000, 0x000000073c600000, 0x000000073c800000|  0%| F|  |TAMS 0x000000073c600000, 0x000000073c600000| Untracked 
| 484|0x000000073c800000, 0x000000073c800000, 0x000000073ca00000|  0%| F|  |TAMS 0x000000073c800000, 0x000000073c800000| Untracked 
| 485|0x000000073ca00000, 0x000000073ca00000, 0x000000073cc00000|  0%| F|  |TAMS 0x000000073ca00000, 0x000000073ca00000| Untracked 
| 486|0x000000073cc00000, 0x000000073cc00000, 0x000000073ce00000|  0%| F|  |TAMS 0x000000073cc00000, 0x000000073cc00000| Untracked 
| 487|0x000000073ce00000, 0x000000073ce00000, 0x000000073d000000|  0%| F|  |TAMS 0x000000073ce00000, 0x000000073ce00000| Untracked 
| 488|0x000000073d000000, 0x000000073d000000, 0x000000073d200000|  0%| F|  |TAMS 0x000000073d000000, 0x000000073d000000| Untracked 
| 489|0x000000073d200000, 0x000000073d200000, 0x000000073d400000|  0%| F|  |TAMS 0x000000073d200000, 0x000000073d200000| Untracked 
| 490|0x000000073d400000, 0x000000073d400000, 0x000000073d600000|  0%| F|  |TAMS 0x000000073d400000, 0x000000073d400000| Untracked 
| 491|0x000000073d600000, 0x000000073d600000, 0x000000073d800000|  0%| F|  |TAMS 0x000000073d600000, 0x000000073d600000| Untracked 
| 492|0x000000073d800000, 0x000000073d800000, 0x000000073da00000|  0%| F|  |TAMS 0x000000073d800000, 0x000000073d800000| Untracked 
| 493|0x000000073da00000, 0x000000073da00000, 0x000000073dc00000|  0%| F|  |TAMS 0x000000073da00000, 0x000000073da00000| Untracked 
| 494|0x000000073dc00000, 0x000000073dc00000, 0x000000073de00000|  0%| F|  |TAMS 0x000000073dc00000, 0x000000073dc00000| Untracked 
| 495|0x000000073de00000, 0x000000073de00000, 0x000000073e000000|  0%| F|  |TAMS 0x000000073de00000, 0x000000073de00000| Untracked 
| 496|0x000000073e000000, 0x000000073e000000, 0x000000073e200000|  0%| F|  |TAMS 0x000000073e000000, 0x000000073e000000| Untracked 
| 497|0x000000073e200000, 0x000000073e200000, 0x000000073e400000|  0%| F|  |TAMS 0x000000073e200000, 0x000000073e200000| Untracked 
| 498|0x000000073e400000, 0x000000073e400000, 0x000000073e600000|  0%| F|  |TAMS 0x000000073e400000, 0x000000073e400000| Untracked 
| 499|0x000000073e600000, 0x000000073e600000, 0x000000073e800000|  0%| F|  |TAMS 0x000000073e600000, 0x000000073e600000| Untracked 
| 500|0x000000073e800000, 0x000000073e800000, 0x000000073ea00000|  0%| F|  |TAMS 0x000000073e800000, 0x000000073e800000| Untracked 
| 501|0x000000073ea00000, 0x000000073ea00000, 0x000000073ec00000|  0%| F|  |TAMS 0x000000073ea00000, 0x000000073ea00000| Untracked 
| 502|0x000000073ec00000, 0x000000073ec00000, 0x000000073ee00000|  0%| F|  |TAMS 0x000000073ec00000, 0x000000073ec00000| Untracked 
| 503|0x000000073ee00000, 0x000000073ee00000, 0x000000073f000000|  0%| F|  |TAMS 0x000000073ee00000, 0x000000073ee00000| Untracked 
| 504|0x000000073f000000, 0x000000073f000000, 0x000000073f200000|  0%| F|  |TAMS 0x000000073f000000, 0x000000073f000000| Untracked 
| 505|0x000000073f200000, 0x000000073f200000, 0x000000073f400000|  0%| F|  |TAMS 0x000000073f200000, 0x000000073f200000| Untracked 
| 506|0x000000073f400000, 0x000000073f400000, 0x000000073f600000|  0%| F|  |TAMS 0x000000073f400000, 0x000000073f400000| Untracked 
| 507|0x000000073f600000, 0x000000073f600000, 0x000000073f800000|  0%| F|  |TAMS 0x000000073f600000, 0x000000073f600000| Untracked 
| 508|0x000000073f800000, 0x000000073f800000, 0x000000073fa00000|  0%| F|  |TAMS 0x000000073f800000, 0x000000073f800000| Untracked 
| 509|0x000000073fa00000, 0x000000073fa00000, 0x000000073fc00000|  0%| F|  |TAMS 0x000000073fa00000, 0x000000073fa00000| Untracked 
| 510|0x000000073fc00000, 0x000000073fc00000, 0x000000073fe00000|  0%| F|  |TAMS 0x000000073fc00000, 0x000000073fc00000| Untracked 
| 511|0x000000073fe00000, 0x000000073fe00000, 0x0000000740000000|  0%| F|  |TAMS 0x000000073fe00000, 0x000000073fe00000| Untracked 
| 512|0x0000000740000000, 0x0000000740000000, 0x0000000740200000|  0%| F|  |TAMS 0x0000000740000000, 0x0000000740000000| Untracked 
| 513|0x0000000740200000, 0x0000000740200000, 0x0000000740400000|  0%| F|  |TAMS 0x0000000740200000, 0x0000000740200000| Untracked 
| 514|0x0000000740400000, 0x0000000740400000, 0x0000000740600000|  0%| F|  |TAMS 0x0000000740400000, 0x0000000740400000| Untracked 
| 515|0x0000000740600000, 0x0000000740600000, 0x0000000740800000|  0%| F|  |TAMS 0x0000000740600000, 0x0000000740600000| Untracked 
| 516|0x0000000740800000, 0x0000000740800000, 0x0000000740a00000|  0%| F|  |TAMS 0x0000000740800000, 0x0000000740800000| Untracked 
| 517|0x0000000740a00000, 0x0000000740a00000, 0x0000000740c00000|  0%| F|  |TAMS 0x0000000740a00000, 0x0000000740a00000| Untracked 
| 518|0x0000000740c00000, 0x0000000740c00000, 0x0000000740e00000|  0%| F|  |TAMS 0x0000000740c00000, 0x0000000740c00000| Untracked 
| 519|0x0000000740e00000, 0x0000000740e00000, 0x0000000741000000|  0%| F|  |TAMS 0x0000000740e00000, 0x0000000740e00000| Untracked 
| 520|0x0000000741000000, 0x0000000741000000, 0x0000000741200000|  0%| F|  |TAMS 0x0000000741000000, 0x0000000741000000| Untracked 
| 521|0x0000000741200000, 0x0000000741200000, 0x0000000741400000|  0%| F|  |TAMS 0x0000000741200000, 0x0000000741200000| Untracked 
| 522|0x0000000741400000, 0x0000000741400000, 0x0000000741600000|  0%| F|  |TAMS 0x0000000741400000, 0x0000000741400000| Untracked 
| 523|0x0000000741600000, 0x0000000741600000, 0x0000000741800000|  0%| F|  |TAMS 0x0000000741600000, 0x0000000741600000| Untracked 
| 524|0x0000000741800000, 0x0000000741800000, 0x0000000741a00000|  0%| F|  |TAMS 0x0000000741800000, 0x0000000741800000| Untracked 
| 525|0x0000000741a00000, 0x0000000741a00000, 0x0000000741c00000|  0%| F|  |TAMS 0x0000000741a00000, 0x0000000741a00000| Untracked 
| 526|0x0000000741c00000, 0x0000000741c00000, 0x0000000741e00000|  0%| F|  |TAMS 0x0000000741c00000, 0x0000000741c00000| Untracked 
| 527|0x0000000741e00000, 0x0000000741e00000, 0x0000000742000000|  0%| F|  |TAMS 0x0000000741e00000, 0x0000000741e00000| Untracked 
| 528|0x0000000742000000, 0x0000000742000000, 0x0000000742200000|  0%| F|  |TAMS 0x0000000742000000, 0x0000000742000000| Untracked 
| 529|0x0000000742200000, 0x0000000742200000, 0x0000000742400000|  0%| F|  |TAMS 0x0000000742200000, 0x0000000742200000| Untracked 
| 530|0x0000000742400000, 0x0000000742400000, 0x0000000742600000|  0%| F|  |TAMS 0x0000000742400000, 0x0000000742400000| Untracked 
| 531|0x0000000742600000, 0x0000000742600000, 0x0000000742800000|  0%| F|  |TAMS 0x0000000742600000, 0x0000000742600000| Untracked 
| 532|0x0000000742800000, 0x0000000742800000, 0x0000000742a00000|  0%| F|  |TAMS 0x0000000742800000, 0x0000000742800000| Untracked 
| 533|0x0000000742a00000, 0x0000000742a00000, 0x0000000742c00000|  0%| F|  |TAMS 0x0000000742a00000, 0x0000000742a00000| Untracked 
| 534|0x0000000742c00000, 0x0000000742c00000, 0x0000000742e00000|  0%| F|  |TAMS 0x0000000742c00000, 0x0000000742c00000| Untracked 
| 535|0x0000000742e00000, 0x0000000742e00000, 0x0000000743000000|  0%| F|  |TAMS 0x0000000742e00000, 0x0000000742e00000| Untracked 
| 536|0x0000000743000000, 0x0000000743000000, 0x0000000743200000|  0%| F|  |TAMS 0x0000000743000000, 0x0000000743000000| Untracked 
| 537|0x0000000743200000, 0x0000000743200000, 0x0000000743400000|  0%| F|  |TAMS 0x0000000743200000, 0x0000000743200000| Untracked 
| 538|0x0000000743400000, 0x0000000743400000, 0x0000000743600000|  0%| F|  |TAMS 0x0000000743400000, 0x0000000743400000| Untracked 
| 539|0x0000000743600000, 0x0000000743600000, 0x0000000743800000|  0%| F|  |TAMS 0x0000000743600000, 0x0000000743600000| Untracked 
| 540|0x0000000743800000, 0x0000000743800000, 0x0000000743a00000|  0%| F|  |TAMS 0x0000000743800000, 0x0000000743800000| Untracked 
| 541|0x0000000743a00000, 0x0000000743a00000, 0x0000000743c00000|  0%| F|  |TAMS 0x0000000743a00000, 0x0000000743a00000| Untracked 
| 542|0x0000000743c00000, 0x0000000743c00000, 0x0000000743e00000|  0%| F|  |TAMS 0x0000000743c00000, 0x0000000743c00000| Untracked 
| 543|0x0000000743e00000, 0x0000000743e00000, 0x0000000744000000|  0%| F|  |TAMS 0x0000000743e00000, 0x0000000743e00000| Untracked 
| 544|0x0000000744000000, 0x0000000744000000, 0x0000000744200000|  0%| F|  |TAMS 0x0000000744000000, 0x0000000744000000| Untracked 
| 545|0x0000000744200000, 0x0000000744200000, 0x0000000744400000|  0%| F|  |TAMS 0x0000000744200000, 0x0000000744200000| Untracked 
| 546|0x0000000744400000, 0x0000000744400000, 0x0000000744600000|  0%| F|  |TAMS 0x0000000744400000, 0x0000000744400000| Untracked 
| 547|0x0000000744600000, 0x0000000744600000, 0x0000000744800000|  0%| F|  |TAMS 0x0000000744600000, 0x0000000744600000| Untracked 
| 548|0x0000000744800000, 0x0000000744976100, 0x0000000744a00000| 73%| S|CS|TAMS 0x0000000744800000, 0x0000000744800000| Complete 
| 549|0x0000000744a00000, 0x0000000744c00000, 0x0000000744c00000|100%| S|CS|TAMS 0x0000000744a00000, 0x0000000744a00000| Complete 
| 550|0x0000000744c00000, 0x0000000744e00000, 0x0000000744e00000|100%| S|CS|TAMS 0x0000000744c00000, 0x0000000744c00000| Complete 
| 551|0x0000000744e00000, 0x0000000744e00000, 0x0000000745000000|  0%| F|  |TAMS 0x0000000744e00000, 0x0000000744e00000| Untracked 
| 552|0x0000000745000000, 0x0000000745000000, 0x0000000745200000|  0%| F|  |TAMS 0x0000000745000000, 0x0000000745000000| Untracked 
| 553|0x0000000745200000, 0x0000000745200000, 0x0000000745400000|  0%| F|  |TAMS 0x0000000745200000, 0x0000000745200000| Untracked 
| 554|0x0000000745400000, 0x0000000745400000, 0x0000000745600000|  0%| F|  |TAMS 0x0000000745400000, 0x0000000745400000| Untracked 
| 555|0x0000000745600000, 0x0000000745600000, 0x0000000745800000|  0%| F|  |TAMS 0x0000000745600000, 0x0000000745600000| Untracked 
| 556|0x0000000745800000, 0x0000000745800000, 0x0000000745a00000|  0%| F|  |TAMS 0x0000000745800000, 0x0000000745800000| Untracked 
| 557|0x0000000745a00000, 0x0000000745a00000, 0x0000000745c00000|  0%| F|  |TAMS 0x0000000745a00000, 0x0000000745a00000| Untracked 
| 558|0x0000000745c00000, 0x0000000745c00000, 0x0000000745e00000|  0%| F|  |TAMS 0x0000000745c00000, 0x0000000745c00000| Untracked 
| 559|0x0000000745e00000, 0x0000000745e00000, 0x0000000746000000|  0%| F|  |TAMS 0x0000000745e00000, 0x0000000745e00000| Untracked 
| 560|0x0000000746000000, 0x0000000746000000, 0x0000000746200000|  0%| F|  |TAMS 0x0000000746000000, 0x0000000746000000| Untracked 
| 561|0x0000000746200000, 0x0000000746200000, 0x0000000746400000|  0%| F|  |TAMS 0x0000000746200000, 0x0000000746200000| Untracked 
| 562|0x0000000746400000, 0x0000000746400000, 0x0000000746600000|  0%| F|  |TAMS 0x0000000746400000, 0x0000000746400000| Untracked 
| 563|0x0000000746600000, 0x0000000746600000, 0x0000000746800000|  0%| F|  |TAMS 0x0000000746600000, 0x0000000746600000| Untracked 
| 564|0x0000000746800000, 0x0000000746800000, 0x0000000746a00000|  0%| F|  |TAMS 0x0000000746800000, 0x0000000746800000| Untracked 
| 565|0x0000000746a00000, 0x0000000746a00000, 0x0000000746c00000|  0%| F|  |TAMS 0x0000000746a00000, 0x0000000746a00000| Untracked 
| 566|0x0000000746c00000, 0x0000000746c00000, 0x0000000746e00000|  0%| F|  |TAMS 0x0000000746c00000, 0x0000000746c00000| Untracked 
| 567|0x0000000746e00000, 0x0000000746e00000, 0x0000000747000000|  0%| F|  |TAMS 0x0000000746e00000, 0x0000000746e00000| Untracked 
| 568|0x0000000747000000, 0x0000000747000000, 0x0000000747200000|  0%| F|  |TAMS 0x0000000747000000, 0x0000000747000000| Untracked 
| 569|0x0000000747200000, 0x0000000747200000, 0x0000000747400000|  0%| F|  |TAMS 0x0000000747200000, 0x0000000747200000| Untracked 
| 570|0x0000000747400000, 0x0000000747400000, 0x0000000747600000|  0%| F|  |TAMS 0x0000000747400000, 0x0000000747400000| Untracked 
| 571|0x0000000747600000, 0x0000000747600000, 0x0000000747800000|  0%| F|  |TAMS 0x0000000747600000, 0x0000000747600000| Untracked 
| 572|0x0000000747800000, 0x0000000747800000, 0x0000000747a00000|  0%| F|  |TAMS 0x0000000747800000, 0x0000000747800000| Untracked 
| 573|0x0000000747a00000, 0x0000000747a00000, 0x0000000747c00000|  0%| F|  |TAMS 0x0000000747a00000, 0x0000000747a00000| Untracked 
| 574|0x0000000747c00000, 0x0000000747c00000, 0x0000000747e00000|  0%| F|  |TAMS 0x0000000747c00000, 0x0000000747c00000| Untracked 

Card table byte_map: [0x00000282f0040000,0x00000282f0840000] _byte_map_base: 0x00000282ec840000

Marking Bits (Prev, Next): (CMBitMap*) 0x00000282d6db0780, (CMBitMap*) 0x00000282d6db07c0
 Prev Bits: [0x00000282f1040000, 0x00000282f5040000)
 Next Bits: [0x00000282f5040000, 0x00000282f9040000)

Polling page: 0x00000282d6e00000

Metaspace:

Usage:
  Non-class:    167.38 MB used.
      Class:     25.21 MB used.
       Both:    192.60 MB used.

Virtual space:
  Non-class space:      192.00 MB reserved,     168.69 MB ( 88%) committed,  3 nodes.
      Class space:        1.00 GB reserved,      26.31 MB (  3%) committed,  1 nodes.
             Both:        1.19 GB reserved,     195.00 MB ( 16%) committed. 

Chunk freelists:
   Non-Class:  6.38 MB
       Class:  5.61 MB
        Both:  11.98 MB

MaxMetaspaceSize: unlimited
CompressedClassSpaceSize: 1.00 GB
Initial GC threshold: 21.00 MB
Current GC threshold: 305.25 MB
CDS: on
MetaspaceReclaimPolicy: balanced
 - commit_granule_bytes: 65536.
 - commit_granule_words: 8192.
 - virtual_space_node_default_size: 8388608.
 - enlarge_chunks_in_place: 1.
 - new_chunks_are_fully_committed: 0.
 - uncommit_free_chunks: 1.
 - use_allocation_guard: 0.
 - handle_deallocations: 1.


Internal statistics:

num_allocs_failed_limit: 9.
num_arena_births: 3668.
num_arena_deaths: 24.
num_vsnodes_births: 4.
num_vsnodes_deaths: 0.
num_space_committed: 3120.
num_space_uncommitted: 2.
num_chunks_returned_to_freelist: 63.
num_chunks_taken_from_freelist: 12813.
num_chunk_merges: 18.
num_chunk_splits: 8055.
num_chunks_enlarged: 4830.
num_inconsistent_stats: 0.

CodeHeap 'non-profiled nmethods': size=120000Kb used=23008Kb max_used=23008Kb free=96992Kb
 bounds [0x00000282e7890000, 0x00000282e8f10000, 0x00000282eedc0000]
CodeHeap 'profiled nmethods': size=120000Kb used=60867Kb max_used=61124Kb free=59132Kb
 bounds [0x00000282dfdc0000, 0x00000282e3a20000, 0x00000282e72f0000]
CodeHeap 'non-nmethods': size=5760Kb used=2617Kb max_used=2671Kb free=3142Kb
 bounds [0x00000282e72f0000, 0x00000282e75a0000, 0x00000282e7890000]
 total_blobs=31582 nmethods=30396 adapters=1096
 compilation: enabled
              stopped_count=0, restarted_count=0
 full_count=0

Compilation events (20 events):
Event: 1048.324 Thread 0x00000282fbb10220 nmethod 39643 0x00000282e3792210 code [0x00000282e37923e0, 0x00000282e3792838]
Event: 1048.324 Thread 0x00000282fbb10220 39651 % !   3       com.android.tools.r8.dex.L::a @ 1645 (4009 bytes)
Event: 1048.373 Thread 0x00000282fbb10220 nmethod 39651% 0x00000282e39e8390 code [0x00000282e39eab20, 0x00000282e3a08618]
Event: 1048.373 Thread 0x00000282fbb10220 39659       3       com.android.tools.r8.graph.P0::a (10 bytes)
Event: 1048.373 Thread 0x00000282fbb10220 nmethod 39659 0x00000282e2cab110 code [0x00000282e2cab320, 0x00000282e2cabb88]
Event: 1048.373 Thread 0x00000282fbb10220 39655       2       com.android.tools.r8.internal.ZQ::a (123 bytes)
Event: 1048.374 Thread 0x00000282fbb10220 nmethod 39655 0x00000282e30cb590 code [0x00000282e30cb740, 0x00000282e30cba08]
Event: 1048.374 Thread 0x00000282fbb10220 39663       2       com.android.tools.r8.graph.Q0::a (15 bytes)
Event: 1048.374 Thread 0x00000282fbb10220 nmethod 39663 0x00000282e30cb010 code [0x00000282e30cb1e0, 0x00000282e30cb3e8]
Event: 1048.374 Thread 0x00000282fbb10220 39654       2       com.android.tools.r8.graph.N0::a (33 bytes)
Event: 1048.374 Thread 0x00000282fbb10220 nmethod 39654 0x00000282e30ca990 code [0x00000282e30cab60, 0x00000282e30cad68]
Event: 1048.374 Thread 0x00000282fbb10220 39649       3       com.android.tools.r8.graph.P0::a (14 bytes)
Event: 1048.375 Thread 0x00000282fbb10220 nmethod 39649 0x00000282e37fd110 code [0x00000282e37fd300, 0x00000282e37fd748]
Event: 1048.375 Thread 0x00000282fbb10220 39653       2       com.android.tools.r8.graph.O0$d::a (134 bytes)
Event: 1048.375 Thread 0x00000282fbb10220 nmethod 39653 0x00000282e26eb010 code [0x00000282e26eb2e0, 0x00000282e26eb978]
Event: 1048.376 Thread 0x00000282fbb10220 39650       3       com.android.tools.r8.graph.O0$a::a (14 bytes)
Event: 1048.376 Thread 0x00000282fbb10220 nmethod 39650 0x00000282e37fc810 code [0x00000282e37fca00, 0x00000282e37fce48]
Event: 1048.379 Thread 0x00000282fbb10220 39664       3       com.android.tools.r8.graph.O0$d::a (134 bytes)
Event: 1048.380 Thread 0x00000282fbb10220 nmethod 39664 0x00000282e30fe710 code [0x00000282e30fea80, 0x00000282e30ffaf8]
Event: 1048.405 Thread 0x00000282fbb10220 39665       3       com.android.tools.r8.internal.ZQ::a (123 bytes)

GC Heap History (20 events):
Event: 1022.439 GC heap after
{Heap after GC invocations=119 (full 0):
 garbage-first heap   total 757760K, used 556183K [0x0000000700000000, 0x0000000800000000)
  region size 2048K, 8 young (16384K), 8 survivors (16384K)
 Metaspace       used 184494K, committed 186880K, reserved 1245184K
  class space    used 24401K, committed 25472K, reserved 1048576K
}
Event: 1024.076 GC heap before
{Heap before GC invocations=119 (full 0):
 garbage-first heap   total 757760K, used 650391K [0x0000000700000000, 0x0000000800000000)
  region size 2048K, 53 young (108544K), 8 survivors (16384K)
 Metaspace       used 185106K, committed 187584K, reserved 1245184K
  class space    used 24488K, committed 25600K, reserved 1048576K
}
Event: 1024.147 GC heap after
{Heap after GC invocations=120 (full 0):
 garbage-first heap   total 757760K, used 595968K [0x0000000700000000, 0x0000000800000000)
  region size 2048K, 7 young (14336K), 7 survivors (14336K)
 Metaspace       used 185106K, committed 187584K, reserved 1245184K
  class space    used 24488K, committed 25600K, reserved 1048576K
}
Event: 1024.393 GC heap before
{Heap before GC invocations=120 (full 0):
 garbage-first heap   total 757760K, used 647168K [0x0000000700000000, 0x0000000800000000)
  region size 2048K, 32 young (65536K), 7 survivors (14336K)
 Metaspace       used 185124K, committed 187584K, reserved 1245184K
  class space    used 24488K, committed 25600K, reserved 1048576K
}
Event: 1024.436 GC heap after
{Heap after GC invocations=121 (full 0):
 garbage-first heap   total 757760K, used 623723K [0x0000000700000000, 0x0000000800000000)
  region size 2048K, 4 young (8192K), 4 survivors (8192K)
 Metaspace       used 185124K, committed 187584K, reserved 1245184K
  class space    used 24488K, committed 25600K, reserved 1048576K
}
Event: 1024.564 GC heap before
{Heap before GC invocations=121 (full 0):
 garbage-first heap   total 757760K, used 652395K [0x0000000700000000, 0x0000000800000000)
  region size 2048K, 18 young (36864K), 4 survivors (8192K)
 Metaspace       used 185154K, committed 187648K, reserved 1245184K
  class space    used 24488K, committed 25600K, reserved 1048576K
}
Event: 1024.600 GC heap after
{Heap after GC invocations=122 (full 0):
 garbage-first heap   total 1177600K, used 641024K [0x0000000700000000, 0x0000000800000000)
  region size 2048K, 3 young (6144K), 3 survivors (6144K)
 Metaspace       used 185154K, committed 187648K, reserved 1245184K
  class space    used 24488K, committed 25600K, reserved 1048576K
}
Event: 1032.083 GC heap before
{Heap before GC invocations=123 (full 0):
 garbage-first heap   total 1177600K, used 970752K [0x0000000700000000, 0x0000000800000000)
  region size 2048K, 161 young (329728K), 3 survivors (6144K)
 Metaspace       used 189379K, committed 191872K, reserved 1245184K
  class space    used 24916K, committed 26048K, reserved 1048576K
}
Event: 1032.226 GC heap after
{Heap after GC invocations=124 (full 0):
 garbage-first heap   total 1177600K, used 704359K [0x0000000700000000, 0x0000000800000000)
  region size 2048K, 21 young (43008K), 21 survivors (43008K)
 Metaspace       used 189379K, committed 191872K, reserved 1245184K
  class space    used 24916K, committed 26048K, reserved 1048576K
}
Event: 1037.580 GC heap before
{Heap before GC invocations=124 (full 0):
 garbage-first heap   total 1177600K, used 716647K [0x0000000700000000, 0x0000000800000000)
  region size 2048K, 28 young (57344K), 21 survivors (43008K)
 Metaspace       used 189584K, committed 192064K, reserved 1245184K
  class space    used 24926K, committed 26048K, reserved 1048576K
}
Event: 1038.864 GC heap after
{Heap after GC invocations=125 (full 0):
 garbage-first heap   total 1177600K, used 627629K [0x0000000700000000, 0x0000000800000000)
  region size 2048K, 3 young (6144K), 3 survivors (6144K)
 Metaspace       used 189584K, committed 192064K, reserved 1245184K
  class space    used 24926K, committed 26048K, reserved 1048576K
}
Event: 1039.663 GC heap before
{Heap before GC invocations=125 (full 0):
 garbage-first heap   total 1177600K, used 680877K [0x0000000700000000, 0x0000000800000000)
  region size 2048K, 28 young (57344K), 3 survivors (6144K)
 Metaspace       used 192141K, committed 194624K, reserved 1245184K
  class space    used 25234K, committed 26304K, reserved 1048576K
}
Event: 1039.711 GC heap after
{Heap after GC invocations=126 (full 0):
 garbage-first heap   total 1177600K, used 628224K [0x0000000700000000, 0x0000000800000000)
  region size 2048K, 4 young (8192K), 4 survivors (8192K)
 Metaspace       used 192141K, committed 194624K, reserved 1245184K
  class space    used 25234K, committed 26304K, reserved 1048576K
}
Event: 1042.542 GC heap before
{Heap before GC invocations=126 (full 0):
 garbage-first heap   total 1177600K, used 710144K [0x0000000700000000, 0x0000000800000000)
  region size 2048K, 43 young (88064K), 4 survivors (8192K)
 Metaspace       used 194613K, committed 197120K, reserved 1245184K
  class space    used 25507K, committed 26624K, reserved 1048576K
}
Event: 1044.726 GC heap after
{Heap after GC invocations=127 (full 0):
 garbage-first heap   total 1177600K, used 642688K [0x0000000700000000, 0x0000000800000000)
  region size 2048K, 6 young (12288K), 6 survivors (12288K)
 Metaspace       used 194613K, committed 197120K, reserved 1245184K
  class space    used 25507K, committed 26624K, reserved 1048576K
}
Event: 1047.400 GC heap before
{Heap before GC invocations=127 (full 0):
 garbage-first heap   total 1177600K, used 689792K [0x0000000700000000, 0x0000000800000000)
  region size 2048K, 28 young (57344K), 6 survivors (12288K)
 Metaspace       used 195208K, committed 197696K, reserved 1245184K
  class space    used 25599K, committed 26688K, reserved 1048576K
}
Event: 1047.440 GC heap after
{Heap after GC invocations=128 (full 0):
 garbage-first heap   total 1177600K, used 656384K [0x0000000700000000, 0x0000000800000000)
  region size 2048K, 4 young (8192K), 4 survivors (8192K)
 Metaspace       used 195208K, committed 197696K, reserved 1245184K
  class space    used 25599K, committed 26688K, reserved 1048576K
}
Event: 1047.543 GC heap before
{Heap before GC invocations=128 (full 0):
 garbage-first heap   total 1177600K, used 703488K [0x0000000700000000, 0x0000000800000000)
  region size 2048K, 28 young (57344K), 4 survivors (8192K)
 Metaspace       used 195404K, committed 197888K, reserved 1245184K
  class space    used 25620K, committed 26752K, reserved 1048576K
}
Event: 1047.610 GC heap after
{Heap after GC invocations=129 (full 0):
 garbage-first heap   total 1177600K, used 673856K [0x0000000700000000, 0x0000000800000000)
  region size 2048K, 4 young (8192K), 4 survivors (8192K)
 Metaspace       used 195404K, committed 197888K, reserved 1245184K
  class space    used 25620K, committed 26752K, reserved 1048576K
}
Event: 1048.414 GC heap before
{Heap before GC invocations=129 (full 0):
 garbage-first heap   total 1177600K, used 741440K [0x0000000700000000, 0x0000000800000000)
  region size 2048K, 28 young (57344K), 4 survivors (8192K)
 Metaspace       used 197218K, committed 199680K, reserved 1245184K
  class space    used 25818K, committed 26944K, reserved 1048576K
}

Deoptimization events (20 events):
Event: 1048.229 Thread 0x00000282d4fb3260 Uncommon trap: trap_request=0xffffffbe fr.pc=0x00000282e8d5de40 relative=0x0000000000000a80
Event: 1048.229 Thread 0x00000282d4fb3260 Uncommon trap: reason=profile_predicate action=maybe_recompile pc=0x00000282e8d5de40 method=com.android.tools.r8.internal.J20.put(Ljava/lang/Object;Ljava/lang/Object;)Ljava/lang/Object; @ 92 c2
Event: 1048.229 Thread 0x00000282d4fb3260 DEOPT PACKING pc=0x00000282e8d5de40 sp=0x000000fc1d2fcdb0
Event: 1048.230 Thread 0x00000282d4fb3260 DEOPT UNPACKING pc=0x00000282e73423a3 sp=0x000000fc1d2fcd68 mode 2
Event: 1048.230 Thread 0x00000282d4fb3260 Uncommon trap: trap_request=0xffffffbe fr.pc=0x00000282e8d5de40 relative=0x0000000000000a80
Event: 1048.230 Thread 0x00000282d4fb3260 Uncommon trap: reason=profile_predicate action=maybe_recompile pc=0x00000282e8d5de40 method=com.android.tools.r8.internal.J20.put(Ljava/lang/Object;Ljava/lang/Object;)Ljava/lang/Object; @ 92 c2
Event: 1048.230 Thread 0x00000282d4fb3260 DEOPT PACKING pc=0x00000282e8d5de40 sp=0x000000fc1d2fcdb0
Event: 1048.230 Thread 0x00000282d4fb3260 DEOPT UNPACKING pc=0x00000282e73423a3 sp=0x000000fc1d2fcd68 mode 2
Event: 1048.230 Thread 0x00000282d4fb3260 Uncommon trap: trap_request=0xffffffbe fr.pc=0x00000282e8d5de40 relative=0x0000000000000a80
Event: 1048.230 Thread 0x00000282d4fb3260 Uncommon trap: reason=profile_predicate action=maybe_recompile pc=0x00000282e8d5de40 method=com.android.tools.r8.internal.J20.put(Ljava/lang/Object;Ljava/lang/Object;)Ljava/lang/Object; @ 92 c2
Event: 1048.230 Thread 0x00000282d4fb3260 DEOPT PACKING pc=0x00000282e8d5de40 sp=0x000000fc1d2fcdb0
Event: 1048.230 Thread 0x00000282d4fb3260 DEOPT UNPACKING pc=0x00000282e73423a3 sp=0x000000fc1d2fcd68 mode 2
Event: 1048.230 Thread 0x00000282d4fb3260 Uncommon trap: trap_request=0xffffffbe fr.pc=0x00000282e8d5de40 relative=0x0000000000000a80
Event: 1048.230 Thread 0x00000282d4fb3260 Uncommon trap: reason=profile_predicate action=maybe_recompile pc=0x00000282e8d5de40 method=com.android.tools.r8.internal.J20.put(Ljava/lang/Object;Ljava/lang/Object;)Ljava/lang/Object; @ 92 c2
Event: 1048.230 Thread 0x00000282d4fb3260 DEOPT PACKING pc=0x00000282e8d5de40 sp=0x000000fc1d2fcdb0
Event: 1048.230 Thread 0x00000282d4fb3260 DEOPT UNPACKING pc=0x00000282e73423a3 sp=0x000000fc1d2fcd68 mode 2
Event: 1048.236 Thread 0x00000282d4fb3260 Uncommon trap: trap_request=0xffffff6e fr.pc=0x00000282e8ce1ca8 relative=0x00000000000050e8
Event: 1048.237 Thread 0x00000282d4fb3260 Uncommon trap: reason=loop_limit_check action=maybe_recompile pc=0x00000282e8ce1ca8 method=com.android.tools.r8.internal.mE.get(I)I @ 15 c2
Event: 1048.237 Thread 0x00000282d4fb3260 DEOPT PACKING pc=0x00000282e8ce1ca8 sp=0x000000fc1d2fd290
Event: 1048.238 Thread 0x00000282d4fb3260 DEOPT UNPACKING pc=0x00000282e73423a3 sp=0x000000fc1d2fd1c8 mode 2

Classes unloaded (20 events):
Event: 1025.162 Thread 0x00000282fbacb540 Unloading class 0x000002828259a1f8 'jdk/internal/jimage/ImageReader$Node'
Event: 1025.162 Thread 0x00000282fbacb540 Unloading class 0x000002828259a000 'jdk/internal/jimage/ImageStrings'
Event: 1025.162 Thread 0x00000282fbacb540 Unloading class 0x0000028282599b50 'jdk/internal/jimage/ImageReader$SharedImageReader'
Event: 1025.162 Thread 0x00000282fbacb540 Unloading class 0x0000028282599890 'jdk/internal/jimage/BasicImageReader'
Event: 1025.162 Thread 0x00000282fbacb540 Unloading class 0x0000028282599670 'jdk/internal/jimage/ImageReader'
Event: 1025.162 Thread 0x00000282fbacb540 Unloading class 0x0000028282599448 'jdk/internal/jrtfs/SystemImage$2'
Event: 1025.162 Thread 0x00000282fbacb540 Unloading class 0x0000028282599230 'jdk/internal/jrtfs/SystemImage$$Lambda$3091+0x0000028282599230'
Event: 1025.162 Thread 0x00000282fbacb540 Unloading class 0x0000028282599000 'jdk/internal/jrtfs/ExplodedImage'
Event: 1025.162 Thread 0x00000282fbacb540 Unloading class 0x0000028282598dc8 'jdk/internal/jrtfs/SystemImage$1'
Event: 1025.162 Thread 0x00000282fbacb540 Unloading class 0x0000028282598bb0 'jdk/internal/jrtfs/SystemImage'
Event: 1025.162 Thread 0x00000282fbacb540 Unloading class 0x0000028282598950 'jdk/internal/jrtfs/JrtFileStore'
Event: 1025.162 Thread 0x00000282fbacb540 Unloading class 0x00000282825985d8 'jdk/internal/jrtfs/JrtPath'
Event: 1025.162 Thread 0x00000282fbacb540 Unloading class 0x00000282825982e0 'jdk/internal/jrtfs/JrtFileSystem'
Event: 1025.162 Thread 0x00000282fbacb540 Unloading class 0x0000028282598000 'jdk/internal/jrtfs/JrtFileSystemProvider'
Event: 1025.163 Thread 0x00000282fbacb540 Unloading class 0x000002828236cbb8 '_BuildScript_$_run_closure2'
Event: 1025.163 Thread 0x00000282fbacb540 Unloading class 0x000002828236c7d0 '_BuildScript_$_run_closure1$_closure4'
Event: 1025.164 Thread 0x00000282fbacb540 Unloading class 0x000002828236c3e8 '_BuildScript_$_run_closure1$_closure3'
Event: 1025.164 Thread 0x00000282fbacb540 Unloading class 0x000002828236c000 '_BuildScript_$_run_closure1'
Event: 1025.166 Thread 0x00000282fbacb540 Unloading class 0x0000028282364000 '_BuildScript_'
Event: 1025.166 Thread 0x00000282fbacb540 Unloading class 0x000002828234c000 '_BuildScript_'

Classes redefined (0 events):
No events

Internal exceptions (20 events):
Event: 1040.689 Thread 0x000002830211e500 Exception <a 'java/lang/NoSuchMethodError'{0x0000000745c0a228}: 'void java.lang.invoke.DelegatingMethodHandle$Holder.reinvoke_L(java.lang.Object, java.lang.Object, java.lang.Object, long, java.lang.Object)'> (0x0000000745c0a228) 
thrown [s\open\src\hotspot\share\interpreter\linkResolver.cpp, line 759]
Event: 1040.727 Thread 0x000002830211e500 Exception <a 'java/lang/NoSuchMethodError'{0x0000000745c1c398}: 'int java.lang.invoke.DelegatingMethodHandle$Holder.reinvoke_L(java.lang.Object, java.lang.Object, java.lang.Object, long, java.lang.Object, java.lang.Object)'> (0x0000000745c1c398) 
thrown [s\open\src\hotspot\share\interpreter\linkResolver.cpp, line 759]
Event: 1040.730 Thread 0x000002830211e500 Exception <a 'java/lang/NoSuchMethodError'{0x0000000745c2ada0}: 'int java.lang.invoke.DelegatingMethodHandle$Holder.reinvoke_L(java.lang.Object, java.lang.Object, java.lang.Object, long, int, int)'> (0x0000000745c2ada0) 
thrown [s\open\src\hotspot\share\interpreter\linkResolver.cpp, line 759]
Event: 1040.731 Thread 0x000002830211e500 Exception <a 'java/lang/NoSuchMethodError'{0x00000007459a2760}: 'int java.lang.invoke.DelegatingMethodHandle$Holder.reinvoke_L(java.lang.Object, java.lang.Object, java.lang.Object, long, long, long)'> (0x00000007459a2760) 
thrown [s\open\src\hotspot\share\interpreter\linkResolver.cpp, line 759]
Event: 1040.734 Thread 0x000002830211e500 Exception <a 'java/lang/NoSuchMethodError'{0x00000007459b0c00}: 'int java.lang.invoke.DelegatingMethodHandle$Holder.reinvoke_L(java.lang.Object, java.lang.Object, java.lang.Object, long, int)'> (0x00000007459b0c00) 
thrown [s\open\src\hotspot\share\interpreter\linkResolver.cpp, line 759]
Event: 1040.737 Thread 0x000002830211e500 Exception <a 'java/lang/NoSuchMethodError'{0x00000007459ca498}: 'void java.lang.invoke.DelegatingMethodHandle$Holder.reinvoke_L(java.lang.Object, java.lang.Object, java.lang.Object, long, java.lang.Object, long, long)'> (0x00000007459ca498) 
thrown [s\open\src\hotspot\share\interpreter\linkResolver.cpp, line 759]
Event: 1040.738 Thread 0x000002830211e500 Exception <a 'java/lang/NoSuchMethodError'{0x000000074561cc08}: 'long java.lang.invoke.Invokers$Holder.invokeExact_MT(java.lang.Object, java.lang.Object, java.lang.Object)'> (0x000000074561cc08) 
thrown [s\open\src\hotspot\share\interpreter\linkResolver.cpp, line 759]
Event: 1040.739 Thread 0x000002830211e500 Exception <a 'java/lang/NoSuchMethodError'{0x0000000745620740}: 'int java.lang.invoke.Invokers$Holder.invokeExact_MT(java.lang.Object, java.lang.Object, java.lang.Object)'> (0x0000000745620740) 
thrown [s\open\src\hotspot\share\interpreter\linkResolver.cpp, line 759]
Event: 1047.329 Thread 0x00000282c7a7f460 Exception <a 'sun/nio/fs/WindowsException'{0x0000000745f52580}> (0x0000000745f52580) 
thrown [s\open\src\hotspot\share\prims\jni.cpp, line 516]
Event: 1047.330 Thread 0x00000282c7a7f460 Exception <a 'sun/nio/fs/WindowsException'{0x0000000745f80d90}> (0x0000000745f80d90) 
thrown [s\open\src\hotspot\share\prims\jni.cpp, line 516]
Event: 1047.340 Thread 0x00000282c7a7f460 Exception <a 'sun/nio/fs/WindowsException'{0x0000000745d1fb08}> (0x0000000745d1fb08) 
thrown [s\open\src\hotspot\share\prims\jni.cpp, line 516]
Event: 1047.340 Thread 0x00000282c7a7f460 Exception <a 'sun/nio/fs/WindowsException'{0x0000000745d21a28}> (0x0000000745d21a28) 
thrown [s\open\src\hotspot\share\prims\jni.cpp, line 516]
Event: 1047.369 Thread 0x00000282c7a7cbe0 Exception <a 'sun/nio/fs/WindowsException'{0x00000007458c7918}> (0x00000007458c7918) 
thrown [s\open\src\hotspot\share\prims\jni.cpp, line 516]
Event: 1047.370 Thread 0x00000282c7a7cbe0 Exception <a 'sun/nio/fs/WindowsException'{0x00000007458c9dc0}> (0x00000007458c9dc0) 
thrown [s\open\src\hotspot\share\prims\jni.cpp, line 516]
Event: 1047.381 Thread 0x00000282c7a80db0 Exception <a 'sun/nio/fs/WindowsException'{0x00000007456dc718}> (0x00000007456dc718) 
thrown [s\open\src\hotspot\share\prims\jni.cpp, line 516]
Event: 1047.382 Thread 0x00000282c7a80db0 Exception <a 'sun/nio/fs/WindowsException'{0x000000074570b3c0}> (0x000000074570b3c0) 
thrown [s\open\src\hotspot\share\prims\jni.cpp, line 516]
Event: 1047.392 Thread 0x00000282c7a80db0 Exception <a 'sun/nio/fs/WindowsException'{0x0000000745575308}> (0x0000000745575308) 
thrown [s\open\src\hotspot\share\prims\jni.cpp, line 516]
Event: 1047.393 Thread 0x00000282c7a80db0 Exception <a 'sun/nio/fs/WindowsException'{0x00000007455a3f80}> (0x00000007455a3f80) 
thrown [s\open\src\hotspot\share\prims\jni.cpp, line 516]
Event: 1047.484 Thread 0x000002830211e500 Exception <a 'java/lang/NoSuchMethodError'{0x0000000746d21ee8}: 'java.lang.Object java.lang.invoke.DirectMethodHandle$Holder.invokeStatic(java.lang.Object, java.lang.Object, int, java.lang.Object, int)'> (0x0000000746d21ee8) 
thrown [s\open\src\hotspot\share\interpreter\linkResolver.cpp, line 759]
Event: 1047.851 Thread 0x00000282d4fb3260 Exception <a 'sun/nio/fs/WindowsException'{0x0000000746121480}> (0x0000000746121480) 
thrown [s\open\src\hotspot\share\prims\jni.cpp, line 516]

VM Operations (20 events):
Event: 1038.868 Executing VM operation: G1CollectForAllocation done
Event: 1039.662 Executing VM operation: G1CollectForAllocation
Event: 1039.712 Executing VM operation: G1CollectForAllocation done
Event: 1040.134 Executing VM operation: HandshakeAllThreads
Event: 1040.147 Executing VM operation: HandshakeAllThreads done
Event: 1040.484 Executing VM operation: HandshakeAllThreads
Event: 1040.487 Executing VM operation: HandshakeAllThreads done
Event: 1041.312 Executing VM operation: G1CollectForAllocation
Event: 1044.727 Executing VM operation: G1CollectForAllocation done
Event: 1045.730 Executing VM operation: Cleanup
Event: 1047.224 Executing VM operation: Cleanup done
Event: 1047.399 Executing VM operation: G1CollectForAllocation
Event: 1047.441 Executing VM operation: G1CollectForAllocation done
Event: 1047.447 Executing VM operation: HandshakeAllThreads
Event: 1047.448 Executing VM operation: HandshakeAllThreads done
Event: 1047.453 Executing VM operation: HandshakeAllThreads
Event: 1047.454 Executing VM operation: HandshakeAllThreads done
Event: 1047.543 Executing VM operation: G1CollectForAllocation
Event: 1047.610 Executing VM operation: G1CollectForAllocation done
Event: 1048.405 Executing VM operation: G1CollectForAllocation

Events (20 events):
Event: 1030.566 Thread 0x00000282fbb2b3e0 flushing nmethod 0x00000282e395d010
Event: 1030.566 Thread 0x00000282fbb2b3e0 flushing nmethod 0x00000282e395d590
Event: 1031.308 loading class java/util/concurrent/Executors$FinalizableDelegatedExecutorService
Event: 1031.311 loading class java/util/concurrent/Executors$FinalizableDelegatedExecutorService done
Event: 1031.317 Thread 0x000002830211e500 Thread added: 0x000002830211e500
Event: 1032.227 Thread 0x00000282d4556030 Thread exited: 0x00000282d4556030
Event: 1040.072 loading class java/util/concurrent/atomic/AtomicLongFieldUpdater
Event: 1040.074 loading class java/util/concurrent/atomic/AtomicLongFieldUpdater done
Event: 1040.074 loading class java/util/concurrent/atomic/AtomicLongFieldUpdater$CASUpdater
Event: 1040.075 loading class java/util/concurrent/atomic/AtomicLongFieldUpdater$CASUpdater done
Event: 1040.075 loading class java/util/concurrent/atomic/AtomicLongFieldUpdater$CASUpdater$1
Event: 1040.076 loading class java/util/concurrent/atomic/AtomicLongFieldUpdater$CASUpdater$1 done
Event: 1047.827 loading class java/util/concurrent/atomic/AtomicIntegerFieldUpdater
Event: 1047.828 loading class java/util/concurrent/atomic/AtomicIntegerFieldUpdater done
Event: 1047.828 loading class java/util/concurrent/atomic/AtomicIntegerFieldUpdater$AtomicIntegerFieldUpdaterImpl
Event: 1047.828 loading class java/util/concurrent/atomic/AtomicIntegerFieldUpdater$AtomicIntegerFieldUpdaterImpl done
Event: 1047.828 loading class java/util/concurrent/atomic/AtomicIntegerFieldUpdater$AtomicIntegerFieldUpdaterImpl$1
Event: 1047.829 loading class java/util/concurrent/atomic/AtomicIntegerFieldUpdater$AtomicIntegerFieldUpdaterImpl$1 done
Event: 1048.068 loading class javax/xml/stream/Location
Event: 1048.069 loading class javax/xml/stream/Location done


Dynamic libraries:
0x00007ff735430000 - 0x00007ff735440000 	C:\Program Files\Java\jdk-17\bin\java.exe
0x00007ffb03730000 - 0x00007ffb03947000 	C:\WINDOWS\SYSTEM32\ntdll.dll
0x00007ffb02040000 - 0x00007ffb02104000 	C:\WINDOWS\System32\KERNEL32.DLL
0x00007ffb00860000 - 0x00007ffb00c30000 	C:\WINDOWS\System32\KERNELBASE.dll
0x00007ffb010a0000 - 0x00007ffb011b1000 	C:\WINDOWS\System32\ucrtbase.dll
0x00007ffadb120000 - 0x00007ffadb13b000 	C:\Program Files\Java\jdk-17\bin\VCRUNTIME140.dll
0x00007ffae74b0000 - 0x00007ffae74c9000 	C:\Program Files\Java\jdk-17\bin\jli.dll
0x00007ffb01e20000 - 0x00007ffb01ed1000 	C:\WINDOWS\System32\ADVAPI32.dll
0x00007ffb026a0000 - 0x00007ffb02747000 	C:\WINDOWS\System32\msvcrt.dll
0x00007ffb02ae0000 - 0x00007ffb02b88000 	C:\WINDOWS\System32\sechost.dll
0x00007ffb01070000 - 0x00007ffb01098000 	C:\WINDOWS\System32\bcrypt.dll
0x00007ffb01b00000 - 0x00007ffb01c18000 	C:\WINDOWS\System32\RPCRT4.dll
0x00007ffb02750000 - 0x00007ffb02901000 	C:\WINDOWS\System32\USER32.dll
0x00007ffaeaf10000 - 0x00007ffaeb1ac000 	C:\WINDOWS\WinSxS\amd64_microsoft.windows.common-controls_6595b64144ccf1df_6.0.22621.5840_none_2710ea077384a4fe\COMCTL32.dll
0x00007ffb00830000 - 0x00007ffb00856000 	C:\WINDOWS\System32\win32u.dll
0x00007ffb02660000 - 0x00007ffb02689000 	C:\WINDOWS\System32\GDI32.dll
0x00007ffb00c30000 - 0x00007ffb00d53000 	C:\WINDOWS\System32\gdi32full.dll
0x00007ffaf8030000 - 0x00007ffaf803a000 	C:\WINDOWS\SYSTEM32\VERSION.dll
0x00007ffb00fd0000 - 0x00007ffb0106a000 	C:\WINDOWS\System32\msvcp_win.dll
0x00007ffb02c10000 - 0x00007ffb02c41000 	C:\WINDOWS\System32\IMM32.DLL
0x00007ffafa650000 - 0x00007ffafa65c000 	C:\Program Files\Java\jdk-17\bin\vcruntime140_1.dll
0x00007ffac4ae0000 - 0x00007ffac4b6e000 	C:\Program Files\Java\jdk-17\bin\msvcp140.dll
0x00007ffa2e750000 - 0x00007ffa2f330000 	C:\Program Files\Java\jdk-17\bin\server\jvm.dll
0x00007ffb013c0000 - 0x00007ffb013c8000 	C:\WINDOWS\System32\PSAPI.DLL
0x00007ffafc180000 - 0x00007ffafc1b4000 	C:\WINDOWS\SYSTEM32\WINMM.dll
0x00007ffae1140000 - 0x00007ffae1149000 	C:\WINDOWS\SYSTEM32\WSOCK32.dll
0x00007ffb02910000 - 0x00007ffb02981000 	C:\WINDOWS\System32\WS2_32.dll
0x00007ffaff800000 - 0x00007ffaff818000 	C:\WINDOWS\SYSTEM32\kernel.appcore.dll
0x00007ffaf3d20000 - 0x00007ffaf3d2a000 	C:\Program Files\Java\jdk-17\bin\jimage.dll
0x00007ffaf9310000 - 0x00007ffaf9543000 	C:\WINDOWS\SYSTEM32\DBGHELP.DLL
0x00007ffb021b0000 - 0x00007ffb02541000 	C:\WINDOWS\System32\combase.dll
0x00007ffb02c50000 - 0x00007ffb02d28000 	C:\WINDOWS\System32\OLEAUT32.dll
0x00007ffae1e20000 - 0x00007ffae1e52000 	C:\WINDOWS\SYSTEM32\dbgcore.DLL
0x00007ffb00de0000 - 0x00007ffb00e5b000 	C:\WINDOWS\System32\bcryptPrimitives.dll
0x00007ffac94c0000 - 0x00007ffac94ce000 	C:\Program Files\Java\jdk-17\bin\instrument.dll
0x00007ffad7c30000 - 0x00007ffad7c55000 	C:\Program Files\Java\jdk-17\bin\java.dll
0x00007ffa95750000 - 0x00007ffa95827000 	C:\Program Files\Java\jdk-17\bin\jsvml.dll
0x00007ffb02e40000 - 0x00007ffb036e1000 	C:\WINDOWS\System32\SHELL32.dll
0x00007ffb01280000 - 0x00007ffb013bf000 	C:\WINDOWS\System32\wintypes.dll
0x00007ffafe700000 - 0x00007ffaff01a000 	C:\WINDOWS\SYSTEM32\windows.storage.dll
0x00007ffb02d30000 - 0x00007ffb02e3a000 	C:\WINDOWS\System32\SHCORE.dll
0x00007ffb02a00000 - 0x00007ffb02a69000 	C:\WINDOWS\System32\shlwapi.dll
0x00007ffb00760000 - 0x00007ffb00785000 	C:\WINDOWS\SYSTEM32\profapi.dll
0x00007ffacc040000 - 0x00007ffacc058000 	C:\Program Files\Java\jdk-17\bin\zip.dll
0x00007ffadb100000 - 0x00007ffadb119000 	C:\Program Files\Java\jdk-17\bin\net.dll
0x00007ffafd4d0000 - 0x00007ffafd5fc000 	C:\WINDOWS\SYSTEM32\WINHTTP.dll
0x00007ffaffce0000 - 0x00007ffaffd49000 	C:\WINDOWS\system32\mswsock.dll
0x00007ffacc060000 - 0x00007ffacc076000 	C:\Program Files\Java\jdk-17\bin\nio.dll
0x00007ffad7c20000 - 0x00007ffad7c30000 	C:\Program Files\Java\jdk-17\bin\verify.dll
0x00007ffaa6270000 - 0x00007ffaa6297000 	C:\Users\NAGARAJU\.gradle\native\1def1411415f61bf3af743bc5b6707747c0891f09f0c88961ee8f79bc544acac\windows-amd64\native-platform.dll
0x00007ffac5930000 - 0x00007ffac59a8000 	C:\Users\NAGARAJU\.gradle\native\0.2.7\x86_64-windows-gnu\gradle-fileevents.dll
0x00007ffad6fb0000 - 0x00007ffad6fba000 	C:\Program Files\Java\jdk-17\bin\management.dll
0x00007ffac94b0000 - 0x00007ffac94bb000 	C:\Program Files\Java\jdk-17\bin\management_ext.dll
0x00007ffaff280000 - 0x00007ffaff2ad000 	C:\WINDOWS\SYSTEM32\IPHLPAPI.DLL
0x00007ffb02690000 - 0x00007ffb02699000 	C:\WINDOWS\System32\NSI.dll
0x00007ffafc3c0000 - 0x00007ffafc3d9000 	C:\WINDOWS\SYSTEM32\dhcpcsvc6.DLL
0x00007ffafc110000 - 0x00007ffafc12f000 	C:\WINDOWS\SYSTEM32\dhcpcsvc.DLL
0x00007ffaff2f0000 - 0x00007ffaff3e8000 	C:\WINDOWS\SYSTEM32\DNSAPI.dll
0x00007ffafff30000 - 0x00007ffafff4b000 	C:\WINDOWS\SYSTEM32\CRYPTSP.dll
0x00007ffaff760000 - 0x00007ffaff797000 	C:\WINDOWS\system32\rsaenh.dll
0x00007ffaffdd0000 - 0x00007ffaffdf8000 	C:\WINDOWS\SYSTEM32\USERENV.dll
0x00007ffafff50000 - 0x00007ffafff5c000 	C:\WINDOWS\SYSTEM32\CRYPTBASE.dll
0x00007ffac6e00000 - 0x00007ffac6e0e000 	C:\Program Files\Java\jdk-17\bin\sunmscapi.dll
0x00007ffb00e60000 - 0x00007ffb00fc8000 	C:\WINDOWS\System32\CRYPT32.dll
0x00007ffb000f0000 - 0x00007ffb0011d000 	C:\WINDOWS\SYSTEM32\ncrypt.dll
0x00007ffb000b0000 - 0x00007ffb000e7000 	C:\WINDOWS\SYSTEM32\NTASN1.dll
0x00007ffaf9690000 - 0x00007ffaf9698000 	C:\WINDOWS\system32\wshunix.dll
0x00007ffafbc50000 - 0x00007ffafbce7000 	C:\WINDOWS\system32\apphelp.dll
0x00007ffafc3b0000 - 0x00007ffafc3ba000 	C:\Windows\System32\rasadhlp.dll
0x00007ffaf9da0000 - 0x00007ffaf9e24000 	C:\WINDOWS\System32\fwpuclnt.dll
0x00007ffaff910000 - 0x00007ffaff944000 	C:\WINDOWS\SYSTEM32\ntmarta.dll

dbghelp: loaded successfully - version: 4.0.5 - missing functions: none
symbol engine: initialized successfully - sym options: 0x614 - pdb path: .;C:\Program Files\Java\jdk-17\bin;C:\WINDOWS\SYSTEM32;C:\WINDOWS\WinSxS\amd64_microsoft.windows.common-controls_6595b64144ccf1df_6.0.22621.5840_none_2710ea077384a4fe;C:\Program Files\Java\jdk-17\bin\server;C:\Users\NAGARAJU\.gradle\native\1def1411415f61bf3af743bc5b6707747c0891f09f0c88961ee8f79bc544acac\windows-amd64;C:\Users\NAGARAJU\.gradle\native\0.2.7\x86_64-windows-gnu

VM Arguments:
jvm_args: --add-opens=java.base/java.lang=ALL-UNNAMED --add-opens=java.base/java.lang.invoke=ALL-UNNAMED --add-opens=java.base/java.util=ALL-UNNAMED --add-opens=java.prefs/java.util.prefs=ALL-UNNAMED --add-exports=jdk.compiler/com.sun.tools.javac.api=ALL-UNNAMED --add-exports=jdk.compiler/com.sun.tools.javac.util=ALL-UNNAMED --add-opens=java.base/java.util=ALL-UNNAMED --add-opens=java.prefs/java.util.prefs=ALL-UNNAMED --add-opens=java.base/java.nio.charset=ALL-UNNAMED --add-opens=java.base/java.net=ALL-UNNAMED --add-opens=java.base/java.util.concurrent.atomic=ALL-UNNAMED --add-opens=java.xml/javax.xml.namespace=ALL-UNNAMED -Xmx4096m -Dfile.encoding=UTF-8 -Duser.country=IN -Duser.language=en -Duser.variant -javaagent:C:\Users\NAGARAJU\.gradle\wrapper\dists\gradle-8.14.1-bin\baw1sv0jfoi8rxs14qo3h49cs\gradle-8.14.1\lib\agents\gradle-instrumentation-agent-8.14.1.jar 
java_command: org.gradle.launcher.daemon.bootstrap.GradleDaemon 8.14.1
java_class_path (initial): C:\Users\NAGARAJU\.gradle\wrapper\dists\gradle-8.14.1-bin\baw1sv0jfoi8rxs14qo3h49cs\gradle-8.14.1\lib\gradle-daemon-main-8.14.1.jar
Launcher Type: SUN_STANDARD

[Global flags]
     intx CICompilerCount                          = 4                                         {product} {ergonomic}
     uint ConcGCThreads                            = 2                                         {product} {ergonomic}
     uint G1ConcRefinementThreads                  = 8                                         {product} {ergonomic}
   size_t G1HeapRegionSize                         = 2097152                                   {product} {ergonomic}
    uintx GCDrainStackTargetSize                   = 64                                        {product} {ergonomic}
   size_t InitialHeapSize                          = 123731968                                 {product} {ergonomic}
   size_t MarkStackSize                            = 4194304                                   {product} {ergonomic}
   size_t MaxHeapSize                              = 4294967296                                {product} {command line}
   size_t MaxNewSize                               = 2575302656                                {product} {ergonomic}
   size_t MinHeapDeltaBytes                        = 2097152                                   {product} {ergonomic}
   size_t MinHeapSize                              = 8388608                                   {product} {ergonomic}
    uintx NonNMethodCodeHeapSize                   = 5839372                                {pd product} {ergonomic}
    uintx NonProfiledCodeHeapSize                  = 122909434                              {pd product} {ergonomic}
    uintx ProfiledCodeHeapSize                     = 122909434                              {pd product} {ergonomic}
    uintx ReservedCodeCacheSize                    = 251658240                              {pd product} {ergonomic}
     bool SegmentedCodeCache                       = true                                      {product} {ergonomic}
   size_t SoftMaxHeapSize                          = 4294967296                             {manageable} {ergonomic}
     bool UseCompressedClassPointers               = true                           {product lp64_product} {ergonomic}
     bool UseCompressedOops                        = true                           {product lp64_product} {ergonomic}
     bool UseG1GC                                  = true                                      {product} {ergonomic}
     bool UseLargePagesIndividualAllocation        = false                                  {pd product} {ergonomic}

Logging:
Log output configuration:
 #0: stdout all=warning uptime,level,tags
 #1: stderr all=off uptime,level,tags

Environment Variables:
JAVA_HOME=C:\Program Files\Java\jdk-17
PATH=C:\zynnative\DocApp-CLI\node_modules\.bin;C:\zynnative\DocApp-CLI\node_modules\.bin;C:\zynnative\node_modules\.bin;C:\node_modules\.bin;C:\Users\NAGARAJU\AppData\Roaming\npm\node_modules\npm\node_modules\@npmcli\run-script\lib\node-gyp-bin;C:\Program Files\Eclipse Adoptium\jdk-11.0.26.4-hotspot\bin;C:\Program Files\Eclipse Adoptium\jdk-17.0.14.7-hotspot\bin;C:\Program Files\Java\jdk-17\bin;C:\Program Files\nodejs;E:\Android\Sdk\platform-tools;E:\Android\Sdk\emulator;E:\Android\Sdk\cmdline-tools\latest\bin;E:\Android\Sdk\platform-tools;E:\Android\Sdk\emulator;E:\Android\Sdk\cmdline-tools\latest\bin;C:\Users\NAGARAJU\AppData\Local\Android\Sdk\platform-tools;C:\Users\NAGARAJU\AppData\Local\Android\Sdk\emulator;C:\Users\NAGARAJU\AppData\Local\Android\Sdk\cmdline-tools\latest\bin;C:\Users\NAGARAJU\AppData\Local\Android\Sdk\platform-tools;C:\Users\NAGARAJU\AppData\Local\Android\Sdk\platform-tools;C:\Users\NAGARAJU\AppData\Local\Android\Sdk\platform-tools;C:\Users\NAGARAJU\AppData\Local\Android\Sdk\emulator;C:\Users\NAGARAJU\AppData\Local\Android\Sdk\cmdline-tools\latest\bin;C:\Users\NAGARAJU\AppData\Local\Android\Sdk\platform-tools;C:\Users\NAGARAJU\AppData\Local\Android\Sdk\emulator;C:\Users\NAGARAJU\AppData\Local\Android\Sdk\cmdline-tools\latest\bin;C:\Users\NAGARAJU\AppData\Local\Android\Sdk\platform-tools;C:\Users\NAGARAJU\AppData\Local\Android\Sdk\emulator;C:\Users\NAGARAJU\AppData\Local\Android\Sdk\cmdline-tools\latest\bin;C:\Program Files\Eclipse Adoptium\jdk-11.0.26.4-hotspot\bin;C:\Program Files\Eclipse Adoptium\jdk-17.0.14.7-hotspot\bin;C:\Program Files\Java\jdk-17\bin;C:\Program Files\nodejs;E:\Android\Sdk\platform-tools;E:\Android\Sdk\emulator;E:\Android\Sdk\cmdline-tools\latest\bin;E:\Android\Sdk\platform-tools;E:\Android\Sdk\emulator;E:\Android\Sdk\cmdline-tools\latest\bin;C:\Users\NAGARAJU\AppData\Local\Android\Sdk\platform-tools;C:\Users\NAGARAJU\AppData\Local\Android\Sdk\emulator;C:\Users\NAGARAJU\AppData\Local\Android\Sdk\cmdline-tools\latest\bin;C:\Us
USERNAME=NAGARAJU
OS=Windows_NT
PROCESSOR_IDENTIFIER=AMD64 Family 23 Model 104 Stepping 1, AuthenticAMD



---------------  S Y S T E M  ---------------

OS:
 Windows 11 , 64 bit Build 22621 (10.0.22621.5415)
OS uptime: 0 days 1:53 hours

CPU: total 8 (initial active 8) (8 cores per cpu, 2 threads per core) family 23 model 104 stepping 1 microcode 0x0, cx8, cmov, fxsr, ht, mmx, 3dnowpref, sse, sse2, sse3, ssse3, sse4a, sse4.1, sse4.2, popcnt, lzcnt, tsc, tscinvbit, avx, avx2, aes, clmul, bmi1, bmi2, adx, sha, fma, vzeroupper, clflush, clflushopt

Memory: 4k page, system-wide physical 7502M (198M free)
TotalPageFile size 24295M (AvailPageFile size 328M)
current process WorkingSet (physical memory assigned to process): 910M, peak: 910M
current process commit charge ("private bytes"): 1779M, peak: 2795M

vm_info: Java HotSpot(TM) 64-Bit Server VM (17.0.12+8-LTS-286) for windows-amd64 JRE (17.0.12+8-LTS-286), built on Jun  5 2024 06:46:59 by "mach5one" with MS VC++ 17.6 (VS2022)

END.
