#
# There is insufficient memory for the Java Runtime Environment to continue.
# Native memory allocation (mmap) failed to map 167772160 bytes for G1 virtual space
# Possible reasons:
#   The system is out of physical RAM or swap space
#   The process is running with CompressedOops enabled, and the Java Heap may be blocking the growth of the native heap
# Possible solutions:
#   Reduce memory load on the system
#   Increase physical memory or swap space
#   Check if swap backing store is full
#   Decrease Java heap size (-Xmx/-Xms)
#   Decrease number of Java threads
#   Decrease Java thread stack sizes (-Xss)
#   Set larger code cache with -XX:ReservedCodeCacheSize=
#   JVM is running with Zero Based Compressed Oops mode in which the Java heap is
#     placed in the first 32GB address space. The Java Heap base address is the
#     maximum limit for the native heap growth. Please use -XX:HeapBaseMinAddress
#     to set the Java Heap base and to place the Java Heap above 32GB virtual address.
# This output file may be truncated or incomplete.
#
#  Out of Memory Error (os_windows.cpp:3548), pid=23932, tid=29880
#
# JRE version: Java(TM) SE Runtime Environment (17.0.12+8) (build 17.0.12+8-LTS-286)
# Java VM: Java HotSpot(TM) 64-Bit Server VM (17.0.12+8-LTS-286, mixed mode, sharing, tiered, compressed oops, compressed class ptrs, g1 gc, windows-amd64)
# No core dump will be written. Minidumps are not enabled by default on client versions of Windows
#

---------------  S U M M A R Y ------------

Command Line: --add-opens=java.base/java.lang=ALL-UNNAMED --add-opens=java.base/java.lang.invoke=ALL-UNNAMED --add-opens=java.base/java.util=ALL-UNNAMED --add-opens=java.prefs/java.util.prefs=ALL-UNNAMED --add-exports=jdk.compiler/com.sun.tools.javac.api=ALL-UNNAMED --add-exports=jdk.compiler/com.sun.tools.javac.util=ALL-UNNAMED --add-opens=java.base/java.util=ALL-UNNAMED --add-opens=java.prefs/java.util.prefs=ALL-UNNAMED --add-opens=java.base/java.nio.charset=ALL-UNNAMED --add-opens=java.base/java.net=ALL-UNNAMED --add-opens=java.base/java.util.concurrent.atomic=ALL-UNNAMED --add-opens=java.xml/javax.xml.namespace=ALL-UNNAMED -Xmx4096m -Dfile.encoding=UTF-8 -Duser.country=IN -Duser.language=en -Duser.variant -javaagent:C:\Users\NAGARAJU\.gradle\wrapper\dists\gradle-8.14.1-bin\baw1sv0jfoi8rxs14qo3h49cs\gradle-8.14.1\lib\agents\gradle-instrumentation-agent-8.14.1.jar org.gradle.launcher.daemon.bootstrap.GradleDaemon 8.14.1

Host: AMD Ryzen 3 5300U with Radeon Graphics         , 8 cores, 7G,  Windows 11 , 64 bit Build 22621 (10.0.22621.5415)
Time: Mon Nov 17 15:06:58 2025 India Standard Time elapsed time: 11120.539900 seconds (0d 3h 5m 20s)

---------------  T H R E A D  ---------------

Current thread (0x000002e659a4b900):  VMThread "VM Thread" [stack: 0x000000f44ae00000,0x000000f44af00000] [id=29880]

Stack: [0x000000f44ae00000,0x000000f44af00000]
Native frames: (J=compiled Java code, j=interpreted, Vv=VM code, C=native code)
V  [jvm.dll+0x67a04a]
V  [jvm.dll+0x7da4ed]
V  [jvm.dll+0x7dbe33]
V  [jvm.dll+0x7dc4a3]
V  [jvm.dll+0x24508f]
V  [jvm.dll+0x677089]
V  [jvm.dll+0x66bd32]
V  [jvm.dll+0x301fa6]
V  [jvm.dll+0x309546]
V  [jvm.dll+0x359d2e]
V  [jvm.dll+0x359f5f]
V  [jvm.dll+0x2d9078]
V  [jvm.dll+0x2d74ad]
V  [jvm.dll+0x2d6afc]
V  [jvm.dll+0x31a65b]
V  [jvm.dll+0x7e0d9b]
V  [jvm.dll+0x7e1ad4]
V  [jvm.dll+0x7e1fed]
V  [jvm.dll+0x7e23c4]
V  [jvm.dll+0x7e2490]
V  [jvm.dll+0x78abea]
V  [jvm.dll+0x678f35]
C  [ucrtbase.dll+0x29333]
C  [KERNEL32.DLL+0x1259d]
C  [ntdll.dll+0x5af78]

VM_Operation (0x000000f44c2f8fe0): G1CollectForAllocation, mode: safepoint, requested by thread 0x000002e6ae871d80


---------------  P R O C E S S  ---------------

Threads class SMR info:
_java_thread_list=0x000002e6aedae5a0, length=159, elements={
0x000002e636c74880, 0x000002e659a51820, 0x000002e659a525b0, 0x000002e659a80480,
0x000002e659a80f50, 0x000002e659a83930, 0x000002e659a84200, 0x000002e659a883b0,
0x000002e659a91390, 0x000002e659a9c480, 0x000002e659c61720, 0x000002e659d71090,
0x000002e6a0294bc0, 0x000002e6a04331c0, 0x000002e6a061f080, 0x000002e6a04eb8d0,
0x000002e6a04eaeb0, 0x000002e6a04ec2f0, 0x000002e6a136ab50, 0x000002e6a136c9b0,
0x000002e6a136bf90, 0x000002e6a136c4a0, 0x000002e69fc04060, 0x000002e6a177d3b0,
0x000002e6a177ddd0, 0x000002e69fc03640, 0x000002e69f089400, 0x000002e69f08dff0,
0x000002e69f08b260, 0x000002e69f088ef0, 0x000002e6a49d9690, 0x000002e69f08a330,
0x000002e6a49de280, 0x000002e6a04ec800, 0x000002e69f08f430, 0x000002e6a04ecd10,
0x000002e6a04e9f80, 0x000002e6a5190500, 0x000002e6a136d8e0, 0x000002e69fc06df0,
0x000002e6ac874870, 0x000002e6a1368cf0, 0x000002e6ac878530, 0x000002e6a068b240,
0x000002e6ac635bf0, 0x000002e6ae871360, 0x000002e6ae870430, 0x000002e6ae871d80,
0x000002e6a136a640, 0x000002e6a136d3d0, 0x000002e6a136b060, 0x000002e6acc446c0,
0x000002e6a1369200, 0x000002e6acc43790, 0x000002e6acc43ca0, 0x000002e6acc43280,
0x000002e6acc441b0, 0x000002e6acc44bd0, 0x000002e6a431f030, 0x000002e6a431f540,
0x000002e6a136e300, 0x000002e6a1366e90, 0x000002e6a136e810, 0x000002e6a1369710,
0x000002e6a4320e90, 0x000002e6a43222d0, 0x000002e6a431fa50, 0x000002e6a43213a0,
0x000002e6a431ff60, 0x000002e6a43218b0, 0x000002e6a4320470, 0x000002e6ac634cc0,
0x000002e6ac636610, 0x000002e6ac6351d0, 0x000002e6ac6356e0, 0x000002e6ac636100,
0x000002e6adff6980, 0x000002e6ae871870, 0x000002e6ae870940, 0x000002e6a4320980,
0x000002e6a4321dc0, 0x000002e6b038da60, 0x000002e6a136b570, 0x000002e6a43227e0,
0x000002e6a5bda970, 0x000002e6a5bd9f50, 0x000002e6a5bda460, 0x000002e6adff6e90,
0x000002e6adff9200, 0x000002e6adff73a0, 0x000002e6adff87e0, 0x000002e6a13673a0,
0x000002e6a5190a10, 0x000002e6a51937a0, 0x000002e6a5192870, 0x000002e6a5192d80,
0x000002e6a518f0c0, 0x000002e6a5196020, 0x000002e6ac32e7c0, 0x000002e6ac330110,
0x000002e6ac32f6f0, 0x000002e6ac330620, 0x000002e6ac330b30, 0x000002e6ac32f1e0,
0x000002e6ae870e50, 0x000002e6a46376a0, 0x000002e6adff7dc0, 0x000002e6adff82d0,
0x000002e6adff78b0, 0x000002e6adff8cf0, 0x000002e6adff5a50, 0x000002e6adff6470,
0x000002e6adff5f60, 0x000002e6ab58fac0, 0x000002e6a5195b10, 0x000002e6a51946d0,
0x000002e6a518fae0, 0x000002e6a5193290, 0x000002e6a51941c0, 0x000002e6acc45cb0,
0x000002e6acc45290, 0x000002e6ab5904e0, 0x000002e6ab591920, 0x000002e6ab58ffd0,
0x000002e6ab5909f0, 0x000002e6ab590f00, 0x000002e6ab592850, 0x000002e6ab591410,
0x000002e6acc457a0, 0x000002e6acc461c0, 0x000002e6acc46be0, 0x000002e6acc466d0,
0x000002e6a58bd100, 0x000002e6a58bc6e0, 0x000002e6a58bd610, 0x000002e6ac331a60,
0x000002e6ac331040, 0x000002e6ac331550, 0x000002e6a5196530, 0x000002e6a5190f20,
0x000002e6a5196a40, 0x000002e6a5191430, 0x000002e6a518f5d0, 0x000002e6a5198390,
0x000002e6a51950f0, 0x000002e6a5197460, 0x000002e6a5197970, 0x000002e6a5197e80,
0x000002e6a51988a0, 0x000002e6a5198db0, 0x000002e6a5191940, 0x000002e6a58bb7b0,
0x000002e6a58bad90, 0x000002e6a58be540, 0x000002e6a58bb2a0, 0x000002e6a58bdb20,
0x000002e6a5bde490, 0x000002e6a46385d0, 0x000002e6a4639a10
}

Java Threads: ( => current thread )
  0x000002e636c74880 JavaThread "main" [_thread_blocked, id=11992, stack(0x000000f44a800000,0x000000f44a900000)]
  0x000002e659a51820 JavaThread "Reference Handler" daemon [_thread_blocked, id=2828, stack(0x000000f44af00000,0x000000f44b000000)]
  0x000002e659a525b0 JavaThread "Finalizer" daemon [_thread_blocked, id=31760, stack(0x000000f44b000000,0x000000f44b100000)]
  0x000002e659a80480 JavaThread "Signal Dispatcher" daemon [_thread_blocked, id=29756, stack(0x000000f44b100000,0x000000f44b200000)]
  0x000002e659a80f50 JavaThread "Attach Listener" daemon [_thread_blocked, id=31764, stack(0x000000f44b200000,0x000000f44b300000)]
  0x000002e659a83930 JavaThread "Service Thread" daemon [_thread_blocked, id=22524, stack(0x000000f44b300000,0x000000f44b400000)]
  0x000002e659a84200 JavaThread "Monitor Deflation Thread" daemon [_thread_blocked, id=13224, stack(0x000000f44b400000,0x000000f44b500000)]
  0x000002e659a883b0 JavaThread "C2 CompilerThread0" daemon [_thread_blocked, id=2584, stack(0x000000f44b500000,0x000000f44b600000)]
  0x000002e659a91390 JavaThread "C1 CompilerThread0" daemon [_thread_blocked, id=28228, stack(0x000000f44b600000,0x000000f44b700000)]
  0x000002e659a9c480 JavaThread "Sweeper thread" daemon [_thread_blocked, id=28824, stack(0x000000f44b700000,0x000000f44b800000)]
  0x000002e659c61720 JavaThread "Common-Cleaner" daemon [_thread_blocked, id=29440, stack(0x000000f44b800000,0x000000f44b900000)]
  0x000002e659d71090 JavaThread "Notification Thread" daemon [_thread_blocked, id=9852, stack(0x000000f44b900000,0x000000f44ba00000)]
  0x000002e6a0294bc0 JavaThread "Daemon health stats" [_thread_blocked, id=17564, stack(0x000000f44bf00000,0x000000f44c000000)]
  0x000002e6a04331c0 JavaThread "Incoming local TCP Connector on port 64201" [_thread_in_native, id=17120, stack(0x000000f44c000000,0x000000f44c100000)]
  0x000002e6a061f080 JavaThread "Daemon periodic checks" [_thread_blocked, id=24048, stack(0x000000f44c100000,0x000000f44c200000)]
  0x000002e6a04eb8d0 JavaThread "Cache worker for journal cache (C:\Users\NAGARAJU\.gradle\caches\journal-1)" [_thread_blocked, id=16040, stack(0x000000f44c900000,0x000000f44ca00000)]
  0x000002e6a04eaeb0 JavaThread "File lock request listener" [_thread_in_native, id=12152, stack(0x000000f44ca00000,0x000000f44cb00000)]
  0x000002e6a04ec2f0 JavaThread "Cache worker for file hash cache (C:\Users\NAGARAJU\.gradle\caches\8.14.1\fileHashes)" [_thread_blocked, id=5832, stack(0x000000f44cb00000,0x000000f44cc00000)]
  0x000002e6a136ab50 JavaThread "File watcher server" daemon [_thread_blocked, id=18740, stack(0x000000f44d200000,0x000000f44d300000)]
  0x000002e6a136c9b0 JavaThread "File watcher consumer" daemon [_thread_blocked, id=21996, stack(0x000000f44d300000,0x000000f44d400000)]
  0x000002e6a136bf90 JavaThread "jar transforms" [_thread_blocked, id=12696, stack(0x000000f44d400000,0x000000f44d500000)]
  0x000002e6a136c4a0 JavaThread "Cache worker for file content cache (C:\Users\NAGARAJU\.gradle\caches\8.14.1\fileContent)" [_thread_blocked, id=24620, stack(0x000000f44d600000,0x000000f44d700000)]
  0x000002e69fc04060 JavaThread "Memory manager" [_thread_blocked, id=23224, stack(0x000000f44f800000,0x000000f44f900000)]
  0x000002e6a177d3b0 JavaThread "jar transforms Thread 2" [_thread_blocked, id=9040, stack(0x000000f453d00000,0x000000f453e00000)]
  0x000002e6a177ddd0 JavaThread "jar transforms Thread 3" [_thread_blocked, id=3084, stack(0x000000f453e00000,0x000000f453f00000)]
  0x000002e69fc03640 JavaThread "jar transforms Thread 4" [_thread_blocked, id=23372, stack(0x000000f454200000,0x000000f454300000)]
  0x000002e69f089400 JavaThread "jar transforms Thread 5" [_thread_blocked, id=27556, stack(0x000000f454300000,0x000000f454400000)]
  0x000002e69f08dff0 JavaThread "jar transforms Thread 6" [_thread_blocked, id=12576, stack(0x000000f454400000,0x000000f454500000)]
  0x000002e69f08b260 JavaThread "jar transforms Thread 7" [_thread_blocked, id=31532, stack(0x000000f454800000,0x000000f454900000)]
  0x000002e69f088ef0 JavaThread "jar transforms Thread 8" [_thread_blocked, id=19900, stack(0x000000f454900000,0x000000f454a00000)]
  0x000002e6a49d9690 JavaThread "pool-3-thread-1" [_thread_blocked, id=15312, stack(0x000000f454f00000,0x000000f455000000)]
  0x000002e69f08a330 JavaThread "pool-6-thread-1" [_thread_blocked, id=21968, stack(0x000000f454c00000,0x000000f454d00000)]
  0x000002e6a49de280 JavaThread "pool-11-thread-1" [_thread_blocked, id=11256, stack(0x000000f454e00000,0x000000f454f00000)]
  0x000002e6a04ec800 JavaThread "pool-14-thread-1" [_thread_blocked, id=14728, stack(0x000000f455100000,0x000000f455200000)]
  0x000002e69f08f430 JavaThread "pool-17-thread-1" [_thread_blocked, id=12908, stack(0x000000f455300000,0x000000f455400000)]
  0x000002e6a04ecd10 JavaThread "pool-20-thread-1" [_thread_blocked, id=26432, stack(0x000000f454b00000,0x000000f454c00000)]
  0x000002e6a04e9f80 JavaThread "pool-23-thread-1" [_thread_blocked, id=22168, stack(0x000000f44de00000,0x000000f44df00000)]
  0x000002e6a5190500 JavaThread "pool-26-thread-1" [_thread_blocked, id=16876, stack(0x000000f455000000,0x000000f455100000)]
  0x000002e6a136d8e0 JavaThread "pool-29-thread-1" [_thread_blocked, id=460, stack(0x000000f455200000,0x000000f455300000)]
  0x000002e69fc06df0 JavaThread "pool-32-thread-1" [_thread_blocked, id=20888, stack(0x000000f455500000,0x000000f455600000)]
  0x000002e6ac874870 JavaThread "pool-35-thread-1" [_thread_blocked, id=21116, stack(0x000000f455700000,0x000000f455800000)]
  0x000002e6a1368cf0 JavaThread "pool-38-thread-1" [_thread_blocked, id=2032, stack(0x000000f455a00000,0x000000f455b00000)]
  0x000002e6ac878530 JavaThread "pool-41-thread-1" [_thread_blocked, id=9308, stack(0x000000f455e00000,0x000000f455f00000)]
  0x000002e6a068b240 JavaThread "pool-46-thread-1" [_thread_blocked, id=7712, stack(0x000000f455800000,0x000000f455900000)]
  0x000002e6ac635bf0 JavaThread "Daemon Thread 9" [_thread_blocked, id=5232, stack(0x000000f44a500000,0x000000f44a600000)]
  0x000002e6ae871360 JavaThread "Handler for socket connection from /127.0.0.1:64201 to /127.0.0.1:54365" [_thread_in_native, id=25732, stack(0x000000f44a600000,0x000000f44a700000)]
  0x000002e6ae870430 JavaThread "Cancel handler" [_thread_blocked, id=9840, stack(0x000000f44a700000,0x000000f44a800000)]
  0x000002e6ae871d80 JavaThread "Daemon worker Thread 9" [_thread_blocked, id=19768, stack(0x000000f44c200000,0x000000f44c300000)]
  0x000002e6a136a640 JavaThread "Asynchronous log dispatcher for DefaultDaemonConnection: socket connection from /127.0.0.1:64201 to /127.0.0.1:54365" [_thread_blocked, id=27212, stack(0x000000f44c300000,0x000000f44c400000)]
  0x000002e6a136d3d0 JavaThread "Stdin handler" [_thread_blocked, id=27968, stack(0x000000f44c400000,0x000000f44c500000)]
  0x000002e6a136b060 JavaThread "Daemon client event forwarder" [_thread_blocked, id=26388, stack(0x000000f44c500000,0x000000f44c600000)]
  0x000002e6acc446c0 JavaThread "Cache worker for file hash cache (C:\zynnative\DocApp-CLI\android\.gradle\8.14.1\fileHashes)" [_thread_blocked, id=22456, stack(0x000000f44c600000,0x000000f44c700000)]
  0x000002e6a1369200 JavaThread "Cache worker for Build Output Cleanup Cache (C:\zynnative\DocApp-CLI\android\.gradle\buildOutputCleanup)" [_thread_blocked, id=31476, stack(0x000000f44c700000,0x000000f44c800000)]
  0x000002e6acc43790 JavaThread "Cache worker for checksums cache (C:\zynnative\DocApp-CLI\android\.gradle\8.14.1\checksums)" [_thread_blocked, id=11572, stack(0x000000f44c800000,0x000000f44c900000)]
  0x000002e6acc43ca0 JavaThread "Cache worker for cache directory md-supplier (C:\Users\NAGARAJU\.gradle\caches\8.14.1\md-supplier)" [_thread_blocked, id=17928, stack(0x000000f44cf00000,0x000000f44d000000)]
  0x000002e6acc43280 JavaThread "Cache worker for cache directory md-rule (C:\Users\NAGARAJU\.gradle\caches\8.14.1\md-rule)" [_thread_blocked, id=7120, stack(0x000000f44d000000,0x000000f44d100000)]
  0x000002e6acc441b0 JavaThread "Cache worker for Build Output Cleanup Cache (C:\zynnative\DocApp-CLI\node_modules\@react-native\gradle-plugin\.gradle\buildOutputCleanup)" [_thread_blocked, id=30892, stack(0x000000f44d500000,0x000000f44d600000)]
  0x000002e6acc44bd0 JavaThread "Unconstrained build operations" [_thread_blocked, id=19924, stack(0x000000f44d700000,0x000000f44d800000)]
  0x000002e6a431f030 JavaThread "Unconstrained build operations Thread 2" [_thread_blocked, id=18128, stack(0x000000f44d800000,0x000000f44d900000)]
  0x000002e6a431f540 JavaThread "Unconstrained build operations Thread 3" [_thread_blocked, id=10320, stack(0x000000f44d900000,0x000000f44da00000)]
  0x000002e6a136e300 JavaThread "Unconstrained build operations Thread 4" [_thread_blocked, id=9848, stack(0x000000f44da00000,0x000000f44db00000)]
  0x000002e6a1366e90 JavaThread "Unconstrained build operations Thread 5" [_thread_blocked, id=30264, stack(0x000000f44db00000,0x000000f44dc00000)]
  0x000002e6a136e810 JavaThread "Unconstrained build operations Thread 6" [_thread_blocked, id=32720, stack(0x000000f44dc00000,0x000000f44dd00000)]
  0x000002e6a1369710 JavaThread "Unconstrained build operations Thread 7" [_thread_blocked, id=24460, stack(0x000000f44dd00000,0x000000f44de00000)]
  0x000002e6a4320e90 JavaThread "Unconstrained build operations Thread 8" [_thread_blocked, id=3716, stack(0x000000f44df00000,0x000000f44e000000)]
  0x000002e6a43222d0 JavaThread "Unconstrained build operations Thread 9" [_thread_blocked, id=19072, stack(0x000000f44e000000,0x000000f44e100000)]
  0x000002e6a431fa50 JavaThread "Unconstrained build operations Thread 10" [_thread_blocked, id=23264, stack(0x000000f44e100000,0x000000f44e200000)]
  0x000002e6a43213a0 JavaThread "Unconstrained build operations Thread 11" [_thread_blocked, id=25756, stack(0x000000f44e200000,0x000000f44e300000)]
  0x000002e6a431ff60 JavaThread "Unconstrained build operations Thread 12" [_thread_blocked, id=23192, stack(0x000000f44e300000,0x000000f44e400000)]
  0x000002e6a43218b0 JavaThread "Unconstrained build operations Thread 13" [_thread_blocked, id=27316, stack(0x000000f44e400000,0x000000f44e500000)]
  0x000002e6a4320470 JavaThread "Unconstrained build operations Thread 14" [_thread_blocked, id=29516, stack(0x000000f44e500000,0x000000f44e600000)]
  0x000002e6ac634cc0 JavaThread "Unconstrained build operations Thread 15" [_thread_blocked, id=24408, stack(0x000000f44e600000,0x000000f44e700000)]
  0x000002e6ac636610 JavaThread "Unconstrained build operations Thread 16" [_thread_blocked, id=23692, stack(0x000000f44e700000,0x000000f44e800000)]
  0x000002e6ac6351d0 JavaThread "Unconstrained build operations Thread 17" [_thread_blocked, id=17280, stack(0x000000f44e800000,0x000000f44e900000)]
  0x000002e6ac6356e0 JavaThread "Unconstrained build operations Thread 18" [_thread_blocked, id=5360, stack(0x000000f44e900000,0x000000f44ea00000)]
  0x000002e6ac636100 JavaThread "build event listener" [_thread_blocked, id=18876, stack(0x000000f44ea00000,0x000000f44eb00000)]
  0x000002e6adff6980 JavaThread "ForkJoinPool.commonPool-worker-49" daemon [_thread_blocked, id=27812, stack(0x000000f44eb00000,0x000000f44ec00000)]
  0x000002e6ae871870 JavaThread "ForkJoinPool.commonPool-worker-50" daemon [_thread_blocked, id=10728, stack(0x000000f44ec00000,0x000000f44ed00000)]
  0x000002e6ae870940 JavaThread "ForkJoinPool.commonPool-worker-51" daemon [_thread_blocked, id=5368, stack(0x000000f44ed00000,0x000000f44ee00000)]
  0x000002e6a4320980 JavaThread "ForkJoinPool.commonPool-worker-52" daemon [_thread_blocked, id=1760, stack(0x000000f44ee00000,0x000000f44ef00000)]
  0x000002e6a4321dc0 JavaThread "ForkJoinPool.commonPool-worker-53" daemon [_thread_blocked, id=10580, stack(0x000000f44ef00000,0x000000f44f000000)]
  0x000002e6b038da60 JavaThread "ForkJoinPool.commonPool-worker-54" daemon [_thread_blocked, id=20748, stack(0x000000f44f000000,0x000000f44f100000)]
  0x000002e6a136b570 JavaThread "ForkJoinPool.commonPool-worker-55" daemon [_thread_blocked, id=27668, stack(0x000000f44f100000,0x000000f44f200000)]
  0x000002e6a43227e0 JavaThread "included builds" [_thread_blocked, id=15568, stack(0x000000f44f200000,0x000000f44f300000)]
  0x000002e6a5bda970 JavaThread "Execution worker" [_thread_blocked, id=23652, stack(0x000000f44f300000,0x000000f44f400000)]
  0x000002e6a5bd9f50 JavaThread "Execution worker Thread 2" [_thread_blocked, id=31300, stack(0x000000f44f400000,0x000000f44f500000)]
  0x000002e6a5bda460 JavaThread "Execution worker Thread 3" [_thread_blocked, id=1092, stack(0x000000f44f500000,0x000000f44f600000)]
  0x000002e6adff6e90 JavaThread "Execution worker Thread 4" [_thread_blocked, id=21376, stack(0x000000f44f600000,0x000000f44f700000)]
  0x000002e6adff9200 JavaThread "Execution worker Thread 5" [_thread_blocked, id=20044, stack(0x000000f44f700000,0x000000f44f800000)]
  0x000002e6adff73a0 JavaThread "Execution worker Thread 6" [_thread_blocked, id=25860, stack(0x000000f44f900000,0x000000f44fa00000)]
  0x000002e6adff87e0 JavaThread "Execution worker Thread 7" [_thread_blocked, id=27900, stack(0x000000f44fa00000,0x000000f44fb00000)]
  0x000002e6a13673a0 JavaThread "Cache worker for execution history cache (C:\zynnative\DocApp-CLI\node_modules\@react-native\gradle-plugin\.gradle\8.14.1\executionHistory)" [_thread_blocked, id=20336, stack(0x000000f44fb00000,0x000000f44fc00000)]
  0x000002e6a5190a10 JavaThread "Unconstrained build operations Thread 19" [_thread_blocked, id=1696, stack(0x000000f44fc00000,0x000000f44fd00000)]
  0x000002e6a51937a0 JavaThread "Unconstrained build operations Thread 20" [_thread_blocked, id=25708, stack(0x000000f44fd00000,0x000000f44fe00000)]
  0x000002e6a5192870 JavaThread "Unconstrained build operations Thread 21" [_thread_blocked, id=26800, stack(0x000000f44fe00000,0x000000f44ff00000)]
  0x000002e6a5192d80 JavaThread "Unconstrained build operations Thread 22" [_thread_blocked, id=18824, stack(0x000000f44ff00000,0x000000f450000000)]
  0x000002e6a518f0c0 JavaThread "Unconstrained build operations Thread 23" [_thread_blocked, id=17316, stack(0x000000f450000000,0x000000f450100000)]
  0x000002e6a5196020 JavaThread "Unconstrained build operations Thread 24" [_thread_blocked, id=26072, stack(0x000000f450100000,0x000000f450200000)]
  0x000002e6ac32e7c0 JavaThread "Unconstrained build operations Thread 25" [_thread_blocked, id=13972, stack(0x000000f450200000,0x000000f450300000)]
  0x000002e6ac330110 JavaThread "Unconstrained build operations Thread 26" [_thread_blocked, id=28236, stack(0x000000f450300000,0x000000f450400000)]
  0x000002e6ac32f6f0 JavaThread "Unconstrained build operations Thread 27" [_thread_blocked, id=12068, stack(0x000000f450400000,0x000000f450500000)]
  0x000002e6ac330620 JavaThread "Unconstrained build operations Thread 28" [_thread_blocked, id=12528, stack(0x000000f450500000,0x000000f450600000)]
  0x000002e6ac330b30 JavaThread "Unconstrained build operations Thread 29" [_thread_blocked, id=25928, stack(0x000000f450600000,0x000000f450700000)]
  0x000002e6ac32f1e0 JavaThread "Unconstrained build operations Thread 30" [_thread_blocked, id=18324, stack(0x000000f450700000,0x000000f450800000)]
  0x000002e6ae870e50 JavaThread "Unconstrained build operations Thread 31" [_thread_blocked, id=19188, stack(0x000000f450800000,0x000000f450900000)]
  0x000002e6a46376a0 JavaThread "Unconstrained build operations Thread 32" [_thread_blocked, id=31640, stack(0x000000f450900000,0x000000f450a00000)]
  0x000002e6adff7dc0 JavaThread "Unconstrained build operations Thread 33" [_thread_blocked, id=23724, stack(0x000000f450a00000,0x000000f450b00000)]
  0x000002e6adff82d0 JavaThread "Unconstrained build operations Thread 34" [_thread_blocked, id=3760, stack(0x000000f450b00000,0x000000f450c00000)]
  0x000002e6adff78b0 JavaThread "Unconstrained build operations Thread 35" [_thread_blocked, id=22300, stack(0x000000f450c00000,0x000000f450d00000)]
  0x000002e6adff8cf0 JavaThread "Unconstrained build operations Thread 36" [_thread_blocked, id=18468, stack(0x000000f450d00000,0x000000f450e00000)]
  0x000002e6adff5a50 JavaThread "Unconstrained build operations Thread 37" [_thread_blocked, id=18904, stack(0x000000f450e00000,0x000000f450f00000)]
  0x000002e6adff6470 JavaThread "Unconstrained build operations Thread 38" [_thread_blocked, id=30044, stack(0x000000f450f00000,0x000000f451000000)]
  0x000002e6adff5f60 JavaThread "Unconstrained build operations Thread 39" [_thread_blocked, id=29080, stack(0x000000f451000000,0x000000f451100000)]
  0x000002e6ab58fac0 JavaThread "Unconstrained build operations Thread 40" [_thread_blocked, id=32448, stack(0x000000f451100000,0x000000f451200000)]
  0x000002e6a5195b10 JavaThread "Unconstrained build operations Thread 41" [_thread_blocked, id=24516, stack(0x000000f451200000,0x000000f451300000)]
  0x000002e6a51946d0 JavaThread "Unconstrained build operations Thread 42" [_thread_blocked, id=10068, stack(0x000000f451300000,0x000000f451400000)]
  0x000002e6a518fae0 JavaThread "Unconstrained build operations Thread 43" [_thread_blocked, id=21708, stack(0x000000f451400000,0x000000f451500000)]
  0x000002e6a5193290 JavaThread "Unconstrained build operations Thread 44" [_thread_blocked, id=24584, stack(0x000000f451500000,0x000000f451600000)]
  0x000002e6a51941c0 JavaThread "Unconstrained build operations Thread 45" [_thread_blocked, id=26924, stack(0x000000f451600000,0x000000f451700000)]
  0x000002e6acc45cb0 JavaThread "Unconstrained build operations Thread 46" [_thread_blocked, id=27872, stack(0x000000f451700000,0x000000f451800000)]
  0x000002e6acc45290 JavaThread "Unconstrained build operations Thread 47" [_thread_blocked, id=15564, stack(0x000000f451800000,0x000000f451900000)]
  0x000002e6ab5904e0 JavaThread "Unconstrained build operations Thread 48" [_thread_blocked, id=30972, stack(0x000000f451900000,0x000000f451a00000)]
  0x000002e6ab591920 JavaThread "Unconstrained build operations Thread 49" [_thread_blocked, id=9980, stack(0x000000f451a00000,0x000000f451b00000)]
  0x000002e6ab58ffd0 JavaThread "Unconstrained build operations Thread 50" [_thread_blocked, id=16032, stack(0x000000f451b00000,0x000000f451c00000)]
  0x000002e6ab5909f0 JavaThread "Unconstrained build operations Thread 51" [_thread_blocked, id=14104, stack(0x000000f451c00000,0x000000f451d00000)]
  0x000002e6ab590f00 JavaThread "Unconstrained build operations Thread 52" [_thread_blocked, id=17784, stack(0x000000f451d00000,0x000000f451e00000)]
  0x000002e6ab592850 JavaThread "Unconstrained build operations Thread 53" [_thread_blocked, id=9768, stack(0x000000f451e00000,0x000000f451f00000)]
  0x000002e6ab591410 JavaThread "Unconstrained build operations Thread 54" [_thread_blocked, id=17128, stack(0x000000f451f00000,0x000000f452000000)]
  0x000002e6acc457a0 JavaThread "Unconstrained build operations Thread 55" [_thread_blocked, id=7848, stack(0x000000f452000000,0x000000f452100000)]
  0x000002e6acc461c0 JavaThread "Unconstrained build operations Thread 56" [_thread_blocked, id=5236, stack(0x000000f452100000,0x000000f452200000)]
  0x000002e6acc46be0 JavaThread "Unconstrained build operations Thread 57" [_thread_blocked, id=16916, stack(0x000000f452200000,0x000000f452300000)]
  0x000002e6acc466d0 JavaThread "Unconstrained build operations Thread 58" [_thread_blocked, id=23508, stack(0x000000f452300000,0x000000f452400000)]
  0x000002e6a58bd100 JavaThread "Unconstrained build operations Thread 59" [_thread_blocked, id=27244, stack(0x000000f452400000,0x000000f452500000)]
  0x000002e6a58bc6e0 JavaThread "Unconstrained build operations Thread 60" [_thread_blocked, id=27216, stack(0x000000f452500000,0x000000f452600000)]
  0x000002e6a58bd610 JavaThread "Unconstrained build operations Thread 61" [_thread_blocked, id=24984, stack(0x000000f452600000,0x000000f452700000)]
  0x000002e6ac331a60 JavaThread "Unconstrained build operations Thread 62" [_thread_blocked, id=19176, stack(0x000000f452700000,0x000000f452800000)]
  0x000002e6ac331040 JavaThread "Unconstrained build operations Thread 63" [_thread_blocked, id=20820, stack(0x000000f452800000,0x000000f452900000)]
  0x000002e6ac331550 JavaThread "Unconstrained build operations Thread 64" [_thread_blocked, id=12624, stack(0x000000f452900000,0x000000f452a00000)]
  0x000002e6a5196530 JavaThread "Unconstrained build operations Thread 65" [_thread_blocked, id=12720, stack(0x000000f452a00000,0x000000f452b00000)]
  0x000002e6a5190f20 JavaThread "Unconstrained build operations Thread 66" [_thread_blocked, id=17748, stack(0x000000f452b00000,0x000000f452c00000)]
  0x000002e6a5196a40 JavaThread "Unconstrained build operations Thread 67" [_thread_blocked, id=19748, stack(0x000000f452c00000,0x000000f452d00000)]
  0x000002e6a5191430 JavaThread "Unconstrained build operations Thread 68" [_thread_blocked, id=22036, stack(0x000000f452d00000,0x000000f452e00000)]
  0x000002e6a518f5d0 JavaThread "build event listener" [_thread_blocked, id=21460, stack(0x000000f452e00000,0x000000f452f00000)]
  0x000002e6a5198390 JavaThread "Problems report writer" [_thread_blocked, id=32004, stack(0x000000f452f00000,0x000000f453000000)]
  0x000002e6a51950f0 JavaThread "Unconstrained build operations Thread 69" [_thread_blocked, id=17244, stack(0x000000f453000000,0x000000f453100000)]
  0x000002e6a5197460 JavaThread "Unconstrained build operations Thread 70" [_thread_blocked, id=20948, stack(0x000000f453100000,0x000000f453200000)]
  0x000002e6a5197970 JavaThread "Unconstrained build operations Thread 71" [_thread_blocked, id=14084, stack(0x000000f453200000,0x000000f453300000)]
  0x000002e6a5197e80 JavaThread "Unconstrained build operations Thread 72" [_thread_blocked, id=23820, stack(0x000000f453300000,0x000000f453400000)]
  0x000002e6a51988a0 JavaThread "Unconstrained build operations Thread 73" [_thread_blocked, id=18992, stack(0x000000f453400000,0x000000f453500000)]
  0x000002e6a5198db0 JavaThread "Unconstrained build operations Thread 74" [_thread_blocked, id=27472, stack(0x000000f453500000,0x000000f453600000)]
  0x000002e6a5191940 JavaThread "Unconstrained build operations Thread 75" [_thread_blocked, id=22924, stack(0x000000f453600000,0x000000f453700000)]
  0x000002e6a58bb7b0 JavaThread "Unconstrained build operations Thread 76" [_thread_blocked, id=26928, stack(0x000000f453700000,0x000000f453800000)]
  0x000002e6a58bad90 JavaThread "Unconstrained build operations Thread 77" [_thread_blocked, id=15960, stack(0x000000f453800000,0x000000f453900000)]
  0x000002e6a58be540 JavaThread "Unconstrained build operations Thread 78" [_thread_blocked, id=3304, stack(0x000000f453900000,0x000000f453a00000)]
  0x000002e6a58bb2a0 JavaThread "Unconstrained build operations Thread 79" [_thread_blocked, id=17728, stack(0x000000f453a00000,0x000000f453b00000)]
  0x000002e6a58bdb20 JavaThread "Unconstrained build operations Thread 80" [_thread_blocked, id=15548, stack(0x000000f453b00000,0x000000f453c00000)]
  0x000002e6a5bde490 JavaThread "Exec process Thread 28" [_thread_blocked, id=14016, stack(0x000000f453c00000,0x000000f453d00000)]
  0x000002e6a46385d0 JavaThread "Exec process Thread 29" [_thread_blocked, id=17160, stack(0x000000f453f00000,0x000000f454000000)]
  0x000002e6a4639a10 JavaThread "Exec process Thread 30" [_thread_blocked, id=24696, stack(0x000000f454d00000,0x000000f454e00000)]

Other Threads:
=>0x000002e659a4b900 VMThread "VM Thread" [stack: 0x000000f44ae00000,0x000000f44af00000] [id=29880]
  0x000002e636cf9520 WatcherThread [stack: 0x000000f44ba00000,0x000000f44bb00000] [id=25280]
  0x000002e636ce0160 GCTaskThread "GC Thread#0" [stack: 0x000000f44a900000,0x000000f44aa00000] [id=25700]
  0x000002e659df6520 GCTaskThread "GC Thread#1" [stack: 0x000000f44bb00000,0x000000f44bc00000] [id=22244]
  0x000002e69f298a40 GCTaskThread "GC Thread#2" [stack: 0x000000f44bc00000,0x000000f44bd00000] [id=27260]
  0x000002e69f9c70a0 GCTaskThread "GC Thread#3" [stack: 0x000000f44bd00000,0x000000f44be00000] [id=6176]
  0x000002e659e1bb50 GCTaskThread "GC Thread#4" [stack: 0x000000f44be00000,0x000000f44bf00000] [id=31292]
  0x000002e6a0fec040 GCTaskThread "GC Thread#5" [stack: 0x000000f44cc00000,0x000000f44cd00000] [id=13340]
  0x000002e6a10b2590 GCTaskThread "GC Thread#6" [stack: 0x000000f44cd00000,0x000000f44ce00000] [id=19744]
  0x000002e6a1012830 GCTaskThread "GC Thread#7" [stack: 0x000000f44ce00000,0x000000f44cf00000] [id=24792]
  0x000002e636cf0fc0 ConcurrentGCThread "G1 Main Marker" [stack: 0x000000f44aa00000,0x000000f44ab00000] [id=24120]
  0x000002e636cf28f0 ConcurrentGCThread "G1 Conc#0" [stack: 0x000000f44ab00000,0x000000f44ac00000] [id=19208]
  0x000002e6a2720cf0 ConcurrentGCThread "G1 Conc#1" [stack: 0x000000f44d100000,0x000000f44d200000] [id=8468]
  0x000002e636d2ea00 ConcurrentGCThread "G1 Refine#0" [stack: 0x000000f44ac00000,0x000000f44ad00000] [id=24508]
  0x000002e6a1be2650 ConcurrentGCThread "G1 Refine#1" [stack: 0x000000f454000000,0x000000f454100000] [id=19792]
  0x000002e6abd67e50 ConcurrentGCThread "G1 Refine#2" [stack: 0x000000f454100000,0x000000f454200000] [id=13028]
  0x000002e6abd68140 ConcurrentGCThread "G1 Refine#3" [stack: 0x000000f454500000,0x000000f454600000] [id=31652]
  0x000002e6ae0060f0 ConcurrentGCThread "G1 Refine#4" [stack: 0x000000f454600000,0x000000f454700000] [id=11896]
  0x000002e6a3636b00 ConcurrentGCThread "G1 Refine#5" [stack: 0x000000f454700000,0x000000f454800000] [id=25816]
  0x000002e6acecc440 ConcurrentGCThread "G1 Refine#6" [stack: 0x000000f454a00000,0x000000f454b00000] [id=20940]
  0x000002e6abd67b60 ConcurrentGCThread "G1 Refine#7" [stack: 0x000000f455600000,0x000000f455700000] [id=11304]
  0x000002e6599018a0 ConcurrentGCThread "G1 Service" [stack: 0x000000f44ad00000,0x000000f44ae00000] [id=24100]

Threads with active compile tasks:

VM state: at safepoint (normal execution)

VM Mutex/Monitor currently owned by a thread:  ([mutex/lock_event])
[0x000002e636c6f2d0] Threads_lock - owner thread: 0x000002e659a4b900
[0x000002e636c6f3f0] Heap_lock - owner thread: 0x000002e6ae871d80

Heap address: 0x0000000700000000, size: 4096 MB, Compressed Oops mode: Zero based, Oop shift amount: 3

CDS archive(s) mapped at: [0x000002e65a000000-0x000002e65abd0000-0x000002e65abd0000), size 12386304, SharedBaseAddress: 0x000002e65a000000, ArchiveRelocationMode: 1.
Compressed class space mapped at: 0x000002e65b000000-0x000002e69b000000, reserved size: 1073741824
Narrow klass base: 0x000002e65a000000, Narrow klass shift: 0, Narrow klass range: 0x100000000

GC Precious Log:
 CPUs: 8 total, 8 available
 Memory: 7502M
 Large Page Support: Disabled
 NUMA Support: Disabled
 Compressed Oops: Enabled (Zero based)
 Heap Region Size: 2M
 Heap Min Capacity: 8M
 Heap Initial Capacity: 118M
 Heap Max Capacity: 4G
 Pre-touch: Disabled
 Parallel Workers: 8
 Concurrent Workers: 2
 Concurrent Refinement Workers: 8
 Periodic GC: Disabled

Heap:
 garbage-first heap   total 1351680K, used 403409K [0x0000000700000000, 0x0000000800000000)
  region size 2048K, 5 young (10240K), 5 survivors (10240K)
 Metaspace       used 157432K, committed 160384K, reserved 1245184K
  class space    used 20027K, committed 21504K, reserved 1048576K

Heap Regions: E=young(eden), S=young(survivor), O=old, HS=humongous(starts), HC=humongous(continues), CS=collection set, F=free, OA=open archive, CA=closed archive, TAMS=top-at-mark-start (previous, next)
|   0|0x0000000700000000, 0x0000000700200000, 0x0000000700200000|100%|HS|  |TAMS 0x0000000700200000, 0x0000000700000000| Complete 
|   1|0x0000000700200000, 0x0000000700400000, 0x0000000700400000|100%|HC|  |TAMS 0x0000000700400000, 0x0000000700200000| Complete 
|   2|0x0000000700400000, 0x0000000700600000, 0x0000000700600000|100%| O|  |TAMS 0x0000000700600000, 0x0000000700400000| Untracked 
|   3|0x0000000700600000, 0x0000000700800000, 0x0000000700800000|100%| O|  |TAMS 0x0000000700800000, 0x0000000700600000| Untracked 
|   4|0x0000000700800000, 0x0000000700a00000, 0x0000000700a00000|100%| O|  |TAMS 0x0000000700a00000, 0x0000000700800000| Untracked 
|   5|0x0000000700a00000, 0x0000000700c00000, 0x0000000700c00000|100%| O|  |TAMS 0x0000000700c00000, 0x0000000700a00000| Untracked 
|   6|0x0000000700c00000, 0x0000000700e00000, 0x0000000700e00000|100%| O|  |TAMS 0x0000000700e00000, 0x0000000700c00000| Untracked 
|   7|0x0000000700e00000, 0x0000000701000000, 0x0000000701000000|100%| O|  |TAMS 0x0000000701000000, 0x0000000700e00000| Untracked 
|   8|0x0000000701000000, 0x0000000701200000, 0x0000000701200000|100%| O|  |TAMS 0x0000000701200000, 0x0000000701000000| Untracked 
|   9|0x0000000701200000, 0x0000000701400000, 0x0000000701400000|100%| O|  |TAMS 0x0000000701400000, 0x0000000701200000| Untracked 
|  10|0x0000000701400000, 0x0000000701600000, 0x0000000701600000|100%| O|  |TAMS 0x0000000701600000, 0x0000000701400000| Untracked 
|  11|0x0000000701600000, 0x0000000701800000, 0x0000000701800000|100%| O|  |TAMS 0x0000000701800000, 0x0000000701600000| Untracked 
|  12|0x0000000701800000, 0x0000000701a00000, 0x0000000701a00000|100%| O|  |TAMS 0x0000000701a00000, 0x0000000701800000| Untracked 
|  13|0x0000000701a00000, 0x0000000701c00000, 0x0000000701c00000|100%| O|  |TAMS 0x0000000701c00000, 0x0000000701a00000| Untracked 
|  14|0x0000000701c00000, 0x0000000701e00000, 0x0000000701e00000|100%| O|  |TAMS 0x0000000701e00000, 0x0000000701c00000| Untracked 
|  15|0x0000000701e00000, 0x0000000702000000, 0x0000000702000000|100%| O|  |TAMS 0x0000000702000000, 0x0000000701e00000| Untracked 
|  16|0x0000000702000000, 0x0000000702200000, 0x0000000702200000|100%| O|  |TAMS 0x0000000702200000, 0x0000000702000000| Untracked 
|  17|0x0000000702200000, 0x0000000702400000, 0x0000000702400000|100%| O|  |TAMS 0x0000000702400000, 0x0000000702200000| Untracked 
|  18|0x0000000702400000, 0x0000000702600000, 0x0000000702600000|100%| O|  |TAMS 0x0000000702600000, 0x0000000702400000| Untracked 
|  19|0x0000000702600000, 0x0000000702800000, 0x0000000702800000|100%| O|  |TAMS 0x0000000702800000, 0x0000000702600000| Untracked 
|  20|0x0000000702800000, 0x0000000702a00000, 0x0000000702a00000|100%| O|  |TAMS 0x0000000702a00000, 0x0000000702800000| Untracked 
|  21|0x0000000702a00000, 0x0000000702c00000, 0x0000000702c00000|100%| O|  |TAMS 0x0000000702c00000, 0x0000000702a00000| Untracked 
|  22|0x0000000702c00000, 0x0000000702e00000, 0x0000000702e00000|100%|HS|  |TAMS 0x0000000702e00000, 0x0000000702c00000| Complete 
|  23|0x0000000702e00000, 0x0000000703000000, 0x0000000703000000|100%|HC|  |TAMS 0x0000000703000000, 0x0000000702e00000| Complete 
|  24|0x0000000703000000, 0x0000000703200000, 0x0000000703200000|100%| O|  |TAMS 0x0000000703200000, 0x0000000703000000| Untracked 
|  25|0x0000000703200000, 0x0000000703400000, 0x0000000703400000|100%| O|  |TAMS 0x0000000703400000, 0x0000000703200000| Untracked 
|  26|0x0000000703400000, 0x0000000703600000, 0x0000000703600000|100%|HS|  |TAMS 0x0000000703600000, 0x0000000703400000| Complete 
|  27|0x0000000703600000, 0x0000000703800000, 0x0000000703800000|100%|HC|  |TAMS 0x0000000703800000, 0x0000000703600000| Complete 
|  28|0x0000000703800000, 0x0000000703a00000, 0x0000000703a00000|100%| O|  |TAMS 0x0000000703a00000, 0x0000000703800000| Untracked 
|  29|0x0000000703a00000, 0x0000000703c00000, 0x0000000703c00000|100%| O|  |TAMS 0x0000000703c00000, 0x0000000703a00000| Untracked 
|  30|0x0000000703c00000, 0x0000000703e00000, 0x0000000703e00000|100%| O|  |TAMS 0x0000000703e00000, 0x0000000703c00000| Untracked 
|  31|0x0000000703e00000, 0x0000000704000000, 0x0000000704000000|100%| O|  |TAMS 0x0000000704000000, 0x0000000703e00000| Untracked 
|  32|0x0000000704000000, 0x0000000704200000, 0x0000000704200000|100%| O|  |TAMS 0x0000000704000000, 0x0000000704000000| Untracked 
|  33|0x0000000704200000, 0x0000000704400000, 0x0000000704400000|100%| O|  |TAMS 0x0000000704200000, 0x0000000704200000| Untracked 
|  34|0x0000000704400000, 0x0000000704600000, 0x0000000704600000|100%| O|  |TAMS 0x0000000704600000, 0x0000000704400000| Untracked 
|  35|0x0000000704600000, 0x0000000704800000, 0x0000000704800000|100%| O|  |TAMS 0x0000000704800000, 0x0000000704600000| Untracked 
|  36|0x0000000704800000, 0x0000000704a00000, 0x0000000704a00000|100%| O|  |TAMS 0x0000000704a00000, 0x0000000704800000| Untracked 
|  37|0x0000000704a00000, 0x0000000704c00000, 0x0000000704c00000|100%| O|  |TAMS 0x0000000704c00000, 0x0000000704a00000| Complete 
|  38|0x0000000704c00000, 0x0000000704e00000, 0x0000000704e00000|100%| O|  |TAMS 0x0000000704e00000, 0x0000000704c00000| Untracked 
|  39|0x0000000704e00000, 0x0000000705000000, 0x0000000705000000|100%| O|  |TAMS 0x0000000705000000, 0x0000000704e00000| Untracked 
|  40|0x0000000705000000, 0x0000000705200000, 0x0000000705200000|100%| O|  |TAMS 0x0000000705200000, 0x0000000705000000| Untracked 
|  41|0x0000000705200000, 0x0000000705400000, 0x0000000705400000|100%| O|  |TAMS 0x0000000705400000, 0x0000000705200000| Untracked 
|  42|0x0000000705400000, 0x0000000705600000, 0x0000000705600000|100%| O|  |TAMS 0x0000000705600000, 0x0000000705400000| Untracked 
|  43|0x0000000705600000, 0x0000000705800000, 0x0000000705800000|100%| O|  |TAMS 0x0000000705600000, 0x0000000705600000| Untracked 
|  44|0x0000000705800000, 0x0000000705a00000, 0x0000000705a00000|100%| O|  |TAMS 0x0000000705a00000, 0x0000000705800000| Untracked 
|  45|0x0000000705a00000, 0x0000000705c00000, 0x0000000705c00000|100%| O|  |TAMS 0x0000000705c00000, 0x0000000705a00000| Untracked 
|  46|0x0000000705c00000, 0x0000000705e00000, 0x0000000705e00000|100%| O|  |TAMS 0x0000000705e00000, 0x0000000705c00000| Untracked 
|  47|0x0000000705e00000, 0x0000000706000000, 0x0000000706000000|100%| O|  |TAMS 0x0000000705e00000, 0x0000000705e00000| Untracked 
|  48|0x0000000706000000, 0x0000000706200000, 0x0000000706200000|100%| O|  |TAMS 0x0000000706200000, 0x0000000706000000| Untracked 
|  49|0x0000000706200000, 0x0000000706400000, 0x0000000706400000|100%| O|  |TAMS 0x0000000706400000, 0x0000000706200000| Untracked 
|  50|0x0000000706400000, 0x0000000706600000, 0x0000000706600000|100%|HS|  |TAMS 0x0000000706600000, 0x0000000706400000| Complete 
|  51|0x0000000706600000, 0x0000000706800000, 0x0000000706800000|100%|HC|  |TAMS 0x0000000706800000, 0x0000000706600000| Complete 
|  52|0x0000000706800000, 0x0000000706a00000, 0x0000000706a00000|100%| O|  |TAMS 0x0000000706a00000, 0x0000000706800000| Untracked 
|  53|0x0000000706a00000, 0x0000000706c00000, 0x0000000706c00000|100%| O|  |TAMS 0x0000000706c00000, 0x0000000706a00000| Untracked 
|  54|0x0000000706c00000, 0x0000000706e00000, 0x0000000706e00000|100%| O|  |TAMS 0x0000000706e00000, 0x0000000706c00000| Complete 
|  55|0x0000000706e00000, 0x0000000707000000, 0x0000000707000000|100%| O|  |TAMS 0x0000000707000000, 0x0000000706e00000| Untracked 
|  56|0x0000000707000000, 0x0000000707200000, 0x0000000707200000|100%| O|  |TAMS 0x0000000707200000, 0x0000000707000000| Untracked 
|  57|0x0000000707200000, 0x0000000707400000, 0x0000000707400000|100%| O|  |TAMS 0x0000000707400000, 0x0000000707200000| Untracked 
|  58|0x0000000707400000, 0x0000000707600000, 0x0000000707600000|100%| O|  |TAMS 0x0000000707600000, 0x0000000707400000| Untracked 
|  59|0x0000000707600000, 0x0000000707800000, 0x0000000707800000|100%| O|  |TAMS 0x0000000707800000, 0x0000000707600000| Untracked 
|  60|0x0000000707800000, 0x0000000707a00000, 0x0000000707a00000|100%| O|  |TAMS 0x0000000707a00000, 0x0000000707800000| Untracked 
|  61|0x0000000707a00000, 0x0000000707c00000, 0x0000000707c00000|100%| O|  |TAMS 0x0000000707c00000, 0x0000000707a00000| Untracked 
|  62|0x0000000707c00000, 0x0000000707e00000, 0x0000000707e00000|100%| O|  |TAMS 0x0000000707e00000, 0x0000000707c00000| Untracked 
|  63|0x0000000707e00000, 0x0000000708000000, 0x0000000708000000|100%| O|  |TAMS 0x0000000708000000, 0x0000000707e00000| Untracked 
|  64|0x0000000708000000, 0x0000000708200000, 0x0000000708200000|100%|HS|  |TAMS 0x0000000708200000, 0x0000000708000000| Complete 
|  65|0x0000000708200000, 0x0000000708400000, 0x0000000708400000|100%|HS|  |TAMS 0x0000000708400000, 0x0000000708200000| Complete 
|  66|0x0000000708400000, 0x0000000708600000, 0x0000000708600000|100%|HC|  |TAMS 0x0000000708600000, 0x0000000708400000| Complete 
|  67|0x0000000708600000, 0x0000000708800000, 0x0000000708800000|100%| O|  |TAMS 0x0000000708800000, 0x0000000708600000| Untracked 
|  68|0x0000000708800000, 0x0000000708a00000, 0x0000000708a00000|100%| O|  |TAMS 0x0000000708a00000, 0x0000000708800000| Untracked 
|  69|0x0000000708a00000, 0x0000000708c00000, 0x0000000708c00000|100%| O|  |TAMS 0x0000000708c00000, 0x0000000708a00000| Untracked 
|  70|0x0000000708c00000, 0x0000000708e00000, 0x0000000708e00000|100%| O|  |TAMS 0x0000000708e00000, 0x0000000708c00000| Untracked 
|  71|0x0000000708e00000, 0x0000000709000000, 0x0000000709000000|100%| O|  |TAMS 0x0000000709000000, 0x0000000708e00000| Untracked 
|  72|0x0000000709000000, 0x0000000709200000, 0x0000000709200000|100%| O|  |TAMS 0x0000000709200000, 0x0000000709000000| Untracked 
|  73|0x0000000709200000, 0x0000000709400000, 0x0000000709400000|100%| O|  |TAMS 0x0000000709400000, 0x0000000709200000| Untracked 
|  74|0x0000000709400000, 0x0000000709600000, 0x0000000709600000|100%| O|  |TAMS 0x0000000709600000, 0x0000000709400000| Untracked 
|  75|0x0000000709600000, 0x0000000709800000, 0x0000000709800000|100%| O|  |TAMS 0x0000000709800000, 0x0000000709600000| Untracked 
|  76|0x0000000709800000, 0x0000000709a00000, 0x0000000709a00000|100%| O|  |TAMS 0x0000000709a00000, 0x0000000709800000| Untracked 
|  77|0x0000000709a00000, 0x0000000709c00000, 0x0000000709c00000|100%| O|  |TAMS 0x0000000709c00000, 0x0000000709a00000| Untracked 
|  78|0x0000000709c00000, 0x0000000709e00000, 0x0000000709e00000|100%| O|  |TAMS 0x0000000709e00000, 0x0000000709c00000| Untracked 
|  79|0x0000000709e00000, 0x000000070a000000, 0x000000070a000000|100%| O|  |TAMS 0x000000070a000000, 0x0000000709e00000| Untracked 
|  80|0x000000070a000000, 0x000000070a200000, 0x000000070a200000|100%|HS|  |TAMS 0x000000070a200000, 0x000000070a000000| Complete 
|  81|0x000000070a200000, 0x000000070a400000, 0x000000070a400000|100%| O|  |TAMS 0x000000070a400000, 0x000000070a200000| Untracked 
|  82|0x000000070a400000, 0x000000070a600000, 0x000000070a600000|100%| O|  |TAMS 0x000000070a600000, 0x000000070a400000| Untracked 
|  83|0x000000070a600000, 0x000000070a800000, 0x000000070a800000|100%| O|  |TAMS 0x000000070a800000, 0x000000070a600000| Untracked 
|  84|0x000000070a800000, 0x000000070aa00000, 0x000000070aa00000|100%| O|  |TAMS 0x000000070aa00000, 0x000000070a800000| Untracked 
|  85|0x000000070aa00000, 0x000000070ac00000, 0x000000070ac00000|100%| O|  |TAMS 0x000000070ac00000, 0x000000070aa00000| Untracked 
|  86|0x000000070ac00000, 0x000000070ae00000, 0x000000070ae00000|100%| O|  |TAMS 0x000000070ae00000, 0x000000070ac00000| Untracked 
|  87|0x000000070ae00000, 0x000000070b000000, 0x000000070b000000|100%| O|  |TAMS 0x000000070b000000, 0x000000070ae00000| Untracked 
|  88|0x000000070b000000, 0x000000070b200000, 0x000000070b200000|100%| O|  |TAMS 0x000000070b200000, 0x000000070b000000| Untracked 
|  89|0x000000070b200000, 0x000000070b400000, 0x000000070b400000|100%| O|  |TAMS 0x000000070b400000, 0x000000070b200000| Untracked 
|  90|0x000000070b400000, 0x000000070b600000, 0x000000070b600000|100%| O|  |TAMS 0x000000070b600000, 0x000000070b400000| Untracked 
|  91|0x000000070b600000, 0x000000070b800000, 0x000000070b800000|100%| O|  |TAMS 0x000000070b800000, 0x000000070b600000| Untracked 
|  92|0x000000070b800000, 0x000000070ba00000, 0x000000070ba00000|100%| O|  |TAMS 0x000000070ba00000, 0x000000070b800000| Untracked 
|  93|0x000000070ba00000, 0x000000070bc00000, 0x000000070bc00000|100%| O|  |TAMS 0x000000070bc00000, 0x000000070ba00000| Untracked 
|  94|0x000000070bc00000, 0x000000070be00000, 0x000000070be00000|100%| O|  |TAMS 0x000000070be00000, 0x000000070bc00000| Untracked 
|  95|0x000000070be00000, 0x000000070c000000, 0x000000070c000000|100%| O|  |TAMS 0x000000070c000000, 0x000000070be00000| Untracked 
|  96|0x000000070c000000, 0x000000070c200000, 0x000000070c200000|100%| O|  |TAMS 0x000000070c200000, 0x000000070c000000| Untracked 
|  97|0x000000070c200000, 0x000000070c400000, 0x000000070c400000|100%| O|  |TAMS 0x000000070c400000, 0x000000070c200000| Untracked 
|  98|0x000000070c400000, 0x000000070c600000, 0x000000070c600000|100%| O|  |TAMS 0x000000070c600000, 0x000000070c400000| Untracked 
|  99|0x000000070c600000, 0x000000070c800000, 0x000000070c800000|100%| O|  |TAMS 0x000000070c800000, 0x000000070c600000| Untracked 
| 100|0x000000070c800000, 0x000000070ca00000, 0x000000070ca00000|100%| O|  |TAMS 0x000000070ca00000, 0x000000070c800000| Untracked 
| 101|0x000000070ca00000, 0x000000070cc00000, 0x000000070cc00000|100%| O|  |TAMS 0x000000070cc00000, 0x000000070ca00000| Untracked 
| 102|0x000000070cc00000, 0x000000070ce00000, 0x000000070ce00000|100%| O|  |TAMS 0x000000070ce00000, 0x000000070cc00000| Untracked 
| 103|0x000000070ce00000, 0x000000070d000000, 0x000000070d000000|100%| O|  |TAMS 0x000000070d000000, 0x000000070ce00000| Untracked 
| 104|0x000000070d000000, 0x000000070d200000, 0x000000070d200000|100%| O|  |TAMS 0x000000070d200000, 0x000000070d000000| Untracked 
| 105|0x000000070d200000, 0x000000070d400000, 0x000000070d400000|100%| O|  |TAMS 0x000000070d400000, 0x000000070d200000| Untracked 
| 106|0x000000070d400000, 0x000000070d600000, 0x000000070d600000|100%| O|  |TAMS 0x000000070d600000, 0x000000070d400000| Untracked 
| 107|0x000000070d600000, 0x000000070d800000, 0x000000070d800000|100%| O|  |TAMS 0x000000070d800000, 0x000000070d600000| Untracked 
| 108|0x000000070d800000, 0x000000070da00000, 0x000000070da00000|100%| O|  |TAMS 0x000000070da00000, 0x000000070d800000| Untracked 
| 109|0x000000070da00000, 0x000000070dc00000, 0x000000070dc00000|100%| O|  |TAMS 0x000000070dc00000, 0x000000070da00000| Untracked 
| 110|0x000000070dc00000, 0x000000070de00000, 0x000000070de00000|100%| O|  |TAMS 0x000000070de00000, 0x000000070dc00000| Untracked 
| 111|0x000000070de00000, 0x000000070e000000, 0x000000070e000000|100%| O|  |TAMS 0x000000070e000000, 0x000000070de00000| Complete 
| 112|0x000000070e000000, 0x000000070e200000, 0x000000070e200000|100%| O|  |TAMS 0x000000070e200000, 0x000000070e000000| Untracked 
| 113|0x000000070e200000, 0x000000070e400000, 0x000000070e400000|100%| O|  |TAMS 0x000000070e400000, 0x000000070e200000| Untracked 
| 114|0x000000070e400000, 0x000000070e600000, 0x000000070e600000|100%| O|  |TAMS 0x000000070e600000, 0x000000070e400000| Untracked 
| 115|0x000000070e600000, 0x000000070e800000, 0x000000070e800000|100%| O|  |TAMS 0x000000070e800000, 0x000000070e600000| Untracked 
| 116|0x000000070e800000, 0x000000070ea00000, 0x000000070ea00000|100%| O|  |TAMS 0x000000070ea00000, 0x000000070e800000| Untracked 
| 117|0x000000070ea00000, 0x000000070ec00000, 0x000000070ec00000|100%| O|  |TAMS 0x000000070ec00000, 0x000000070ea00000| Untracked 
| 118|0x000000070ec00000, 0x000000070ee00000, 0x000000070ee00000|100%| O|  |TAMS 0x000000070ee00000, 0x000000070ec00000| Untracked 
| 119|0x000000070ee00000, 0x000000070f000000, 0x000000070f000000|100%| O|  |TAMS 0x000000070f000000, 0x000000070ee00000| Untracked 
| 120|0x000000070f000000, 0x000000070f200000, 0x000000070f200000|100%| O|  |TAMS 0x000000070f200000, 0x000000070f000000| Untracked 
| 121|0x000000070f200000, 0x000000070f400000, 0x000000070f400000|100%| O|  |TAMS 0x000000070f400000, 0x000000070f200000| Untracked 
| 122|0x000000070f400000, 0x000000070f600000, 0x000000070f600000|100%| O|  |TAMS 0x000000070f600000, 0x000000070f400000| Untracked 
| 123|0x000000070f600000, 0x000000070f800000, 0x000000070f800000|100%| O|  |TAMS 0x000000070f800000, 0x000000070f600000| Untracked 
| 124|0x000000070f800000, 0x000000070fa00000, 0x000000070fa00000|100%| O|  |TAMS 0x000000070fa00000, 0x000000070f800000| Untracked 
| 125|0x000000070fa00000, 0x000000070fc00000, 0x000000070fc00000|100%| O|  |TAMS 0x000000070fc00000, 0x000000070fa00000| Untracked 
| 126|0x000000070fc00000, 0x000000070fe00000, 0x000000070fe00000|100%| O|  |TAMS 0x000000070fe00000, 0x000000070fc00000| Untracked 
| 127|0x000000070fe00000, 0x0000000710000000, 0x0000000710000000|100%| O|  |TAMS 0x0000000710000000, 0x000000070fe00000| Untracked 
| 128|0x0000000710000000, 0x0000000710200000, 0x0000000710200000|100%| O|  |TAMS 0x0000000710200000, 0x0000000710000000| Untracked 
| 129|0x0000000710200000, 0x0000000710400000, 0x0000000710400000|100%| O|  |TAMS 0x0000000710400000, 0x0000000710200000| Untracked 
| 130|0x0000000710400000, 0x0000000710600000, 0x0000000710600000|100%| O|  |TAMS 0x0000000710600000, 0x0000000710400000| Complete 
| 131|0x0000000710600000, 0x0000000710800000, 0x0000000710800000|100%| O|  |TAMS 0x0000000710600000, 0x0000000710600000| Untracked 
| 132|0x0000000710800000, 0x0000000710a00000, 0x0000000710a00000|100%| O|  |TAMS 0x0000000710800000, 0x0000000710800000| Untracked 
| 133|0x0000000710a00000, 0x0000000710c00000, 0x0000000710c00000|100%| O|  |TAMS 0x0000000710c00000, 0x0000000710a00000| Untracked 
| 134|0x0000000710c00000, 0x0000000710e00000, 0x0000000710e00000|100%| O|  |TAMS 0x0000000710c00000, 0x0000000710c00000| Untracked 
| 135|0x0000000710e00000, 0x0000000711000000, 0x0000000711000000|100%| O|  |TAMS 0x0000000710e00000, 0x0000000710e00000| Untracked 
| 136|0x0000000711000000, 0x0000000711200000, 0x0000000711200000|100%| O|  |TAMS 0x0000000711000000, 0x0000000711000000| Untracked 
| 137|0x0000000711200000, 0x0000000711400000, 0x0000000711400000|100%| O|  |TAMS 0x0000000711400000, 0x0000000711200000| Untracked 
| 138|0x0000000711400000, 0x0000000711600000, 0x0000000711600000|100%| O|  |TAMS 0x0000000711600000, 0x0000000711400000| Untracked 
| 139|0x0000000711600000, 0x0000000711800000, 0x0000000711800000|100%| O|  |TAMS 0x0000000711800000, 0x0000000711600000| Untracked 
| 140|0x0000000711800000, 0x0000000711a00000, 0x0000000711a00000|100%| O|  |TAMS 0x0000000711a00000, 0x0000000711800000| Untracked 
| 141|0x0000000711a00000, 0x0000000711c00000, 0x0000000711c00000|100%| O|  |TAMS 0x0000000711c00000, 0x0000000711a00000| Untracked 
| 142|0x0000000711c00000, 0x0000000711e00000, 0x0000000711e00000|100%| O|  |TAMS 0x0000000711e00000, 0x0000000711c00000| Untracked 
| 143|0x0000000711e00000, 0x0000000712000000, 0x0000000712000000|100%| O|  |TAMS 0x0000000712000000, 0x0000000711e00000| Untracked 
| 144|0x0000000712000000, 0x0000000712200000, 0x0000000712200000|100%| O|  |TAMS 0x0000000712200000, 0x0000000712000000| Untracked 
| 145|0x0000000712200000, 0x0000000712400000, 0x0000000712400000|100%| O|  |TAMS 0x0000000712400000, 0x0000000712200000| Untracked 
| 146|0x0000000712400000, 0x0000000712600000, 0x0000000712600000|100%| O|  |TAMS 0x0000000712600000, 0x0000000712400000| Untracked 
| 147|0x0000000712600000, 0x0000000712800000, 0x0000000712800000|100%| O|  |TAMS 0x0000000712800000, 0x0000000712600000| Untracked 
| 148|0x0000000712800000, 0x0000000712a00000, 0x0000000712a00000|100%| O|  |TAMS 0x0000000712a00000, 0x0000000712800000| Untracked 
| 149|0x0000000712a00000, 0x0000000712c00000, 0x0000000712c00000|100%| O|  |TAMS 0x0000000712c00000, 0x0000000712a00000| Untracked 
| 150|0x0000000712c00000, 0x0000000712e00000, 0x0000000712e00000|100%| O|  |TAMS 0x0000000712e00000, 0x0000000712c00000| Untracked 
| 151|0x0000000712e00000, 0x0000000713000000, 0x0000000713000000|100%| O|  |TAMS 0x0000000713000000, 0x0000000712e00000| Untracked 
| 152|0x0000000713000000, 0x0000000713200000, 0x0000000713200000|100%| O|  |TAMS 0x0000000713200000, 0x0000000713000000| Untracked 
| 153|0x0000000713200000, 0x0000000713400000, 0x0000000713400000|100%| O|  |TAMS 0x0000000713400000, 0x0000000713200000| Untracked 
| 154|0x0000000713400000, 0x0000000713600000, 0x0000000713600000|100%| O|  |TAMS 0x0000000713600000, 0x0000000713400000| Untracked 
| 155|0x0000000713600000, 0x0000000713800000, 0x0000000713800000|100%| O|  |TAMS 0x0000000713800000, 0x0000000713600000| Untracked 
| 156|0x0000000713800000, 0x0000000713a00000, 0x0000000713a00000|100%| O|  |TAMS 0x0000000713a00000, 0x0000000713800000| Untracked 
| 157|0x0000000713a00000, 0x0000000713c00000, 0x0000000713c00000|100%| O|  |TAMS 0x0000000713c00000, 0x0000000713a00000| Complete 
| 158|0x0000000713c00000, 0x0000000713e00000, 0x0000000713e00000|100%| O|  |TAMS 0x0000000713e00000, 0x0000000713c00000| Untracked 
| 159|0x0000000713e00000, 0x0000000714000000, 0x0000000714000000|100%| O|  |TAMS 0x0000000714000000, 0x0000000713e00000| Untracked 
| 160|0x0000000714000000, 0x0000000714200000, 0x0000000714200000|100%| O|  |TAMS 0x0000000714000000, 0x0000000714000000| Untracked 
| 161|0x0000000714200000, 0x0000000714400000, 0x0000000714400000|100%| O|  |TAMS 0x0000000714400000, 0x0000000714200000| Untracked 
| 162|0x0000000714400000, 0x0000000714600000, 0x0000000714600000|100%| O|  |TAMS 0x0000000714600000, 0x0000000714400000| Untracked 
| 163|0x0000000714600000, 0x0000000714800000, 0x0000000714800000|100%| O|  |TAMS 0x0000000714800000, 0x0000000714600000| Untracked 
| 164|0x0000000714800000, 0x0000000714a00000, 0x0000000714a00000|100%| O|  |TAMS 0x0000000714a00000, 0x0000000714800000| Untracked 
| 165|0x0000000714a00000, 0x0000000714c00000, 0x0000000714c00000|100%| O|  |TAMS 0x0000000714c00000, 0x0000000714a00000| Untracked 
| 166|0x0000000714c00000, 0x0000000714e00000, 0x0000000714e00000|100%| O|  |TAMS 0x0000000714e00000, 0x0000000714c00000| Untracked 
| 167|0x0000000714e00000, 0x0000000715000000, 0x0000000715000000|100%| O|  |TAMS 0x0000000715000000, 0x0000000714e00000| Untracked 
| 168|0x0000000715000000, 0x0000000715200000, 0x0000000715200000|100%| O|  |TAMS 0x0000000715200000, 0x0000000715000000| Complete 
| 169|0x0000000715200000, 0x0000000715400000, 0x0000000715400000|100%| O|  |TAMS 0x0000000715200000, 0x0000000715200000| Untracked 
| 170|0x0000000715400000, 0x0000000715600000, 0x0000000715600000|100%| O|  |TAMS 0x0000000715600000, 0x0000000715400000| Untracked 
| 171|0x0000000715600000, 0x0000000715800000, 0x0000000715800000|100%| O|  |TAMS 0x0000000715600000, 0x0000000715600000| Untracked 
| 172|0x0000000715800000, 0x0000000715a00000, 0x0000000715a00000|100%| O|  |TAMS 0x0000000715800000, 0x0000000715800000| Untracked 
| 173|0x0000000715a00000, 0x0000000715c00000, 0x0000000715c00000|100%| O|  |TAMS 0x0000000715c00000, 0x0000000715a00000| Untracked 
| 174|0x0000000715c00000, 0x0000000715e00000, 0x0000000715e00000|100%| O|  |TAMS 0x0000000715e00000, 0x0000000715c00000| Untracked 
| 175|0x0000000715e00000, 0x0000000715e00000, 0x0000000716000000|  0%| F|  |TAMS 0x0000000715e00000, 0x0000000715e00000| Untracked 
| 176|0x0000000716000000, 0x0000000716200000, 0x0000000716200000|100%| O|  |TAMS 0x0000000716000000, 0x0000000716000000| Untracked 
| 177|0x0000000716200000, 0x0000000716400000, 0x0000000716400000|100%| O|  |TAMS 0x0000000716200000, 0x0000000716200000| Untracked 
| 178|0x0000000716400000, 0x0000000716600000, 0x0000000716600000|100%| O|  |TAMS 0x0000000716400000, 0x0000000716400000| Untracked 
| 179|0x0000000716600000, 0x0000000716800000, 0x0000000716800000|100%| O|  |TAMS 0x0000000716600000, 0x0000000716600000| Untracked 
| 180|0x0000000716800000, 0x0000000716a00000, 0x0000000716a00000|100%| O|  |TAMS 0x0000000716800000, 0x0000000716800000| Untracked 
| 181|0x0000000716a00000, 0x0000000716c00000, 0x0000000716c00000|100%| O|  |TAMS 0x0000000716a00000, 0x0000000716a00000| Untracked 
| 182|0x0000000716c00000, 0x0000000716e00000, 0x0000000716e00000|100%| O|  |TAMS 0x0000000716c00000, 0x0000000716c00000| Untracked 
| 183|0x0000000716e00000, 0x0000000717000000, 0x0000000717000000|100%| O|  |TAMS 0x0000000716e00000, 0x0000000716e00000| Untracked 
| 184|0x0000000717000000, 0x0000000717200000, 0x0000000717200000|100%| O|  |TAMS 0x0000000717000000, 0x0000000717000000| Untracked 
| 185|0x0000000717200000, 0x0000000717400000, 0x0000000717400000|100%| O|  |TAMS 0x0000000717200000, 0x0000000717200000| Untracked 
| 186|0x0000000717400000, 0x00000007175f4400, 0x0000000717600000| 97%| O|  |TAMS 0x0000000717400000, 0x0000000717400000| Untracked 
| 187|0x0000000717600000, 0x0000000717600000, 0x0000000717800000|  0%| F|  |TAMS 0x0000000717600000, 0x0000000717600000| Untracked 
| 188|0x0000000717800000, 0x0000000717800000, 0x0000000717a00000|  0%| F|  |TAMS 0x0000000717800000, 0x0000000717800000| Untracked 
| 189|0x0000000717a00000, 0x0000000717a00000, 0x0000000717c00000|  0%| F|  |TAMS 0x0000000717a00000, 0x0000000717a00000| Untracked 
| 190|0x0000000717c00000, 0x0000000717c00000, 0x0000000717e00000|  0%| F|  |TAMS 0x0000000717c00000, 0x0000000717c00000| Untracked 
| 191|0x0000000717e00000, 0x0000000718000000, 0x0000000718000000|100%| O|  |TAMS 0x0000000718000000, 0x0000000717e00000| Untracked 
| 192|0x0000000718000000, 0x0000000718000000, 0x0000000718200000|  0%| F|  |TAMS 0x0000000718000000, 0x0000000718000000| Untracked 
| 193|0x0000000718200000, 0x0000000718400000, 0x0000000718400000|100%| O|  |TAMS 0x0000000718400000, 0x0000000718200000| Untracked 
| 194|0x0000000718400000, 0x0000000718400000, 0x0000000718600000|  0%| F|  |TAMS 0x0000000718400000, 0x0000000718400000| Untracked 
| 195|0x0000000718600000, 0x0000000718600000, 0x0000000718800000|  0%| F|  |TAMS 0x0000000718600000, 0x0000000718600000| Untracked 
| 196|0x0000000718800000, 0x0000000718800000, 0x0000000718a00000|  0%| F|  |TAMS 0x0000000718800000, 0x0000000718800000| Untracked 
| 197|0x0000000718a00000, 0x0000000718a00000, 0x0000000718c00000|  0%| F|  |TAMS 0x0000000718a00000, 0x0000000718a00000| Untracked 
| 198|0x0000000718c00000, 0x0000000718c00000, 0x0000000718e00000|  0%| F|  |TAMS 0x0000000718c00000, 0x0000000718c00000| Untracked 
| 199|0x0000000718e00000, 0x0000000718e00000, 0x0000000719000000|  0%| F|  |TAMS 0x0000000718e00000, 0x0000000718e00000| Untracked 
| 200|0x0000000719000000, 0x0000000719000000, 0x0000000719200000|  0%| F|  |TAMS 0x0000000719000000, 0x0000000719000000| Untracked 
| 201|0x0000000719200000, 0x0000000719200000, 0x0000000719400000|  0%| F|  |TAMS 0x0000000719200000, 0x0000000719200000| Untracked 
| 202|0x0000000719400000, 0x0000000719600000, 0x0000000719600000|100%| O|  |TAMS 0x0000000719600000, 0x0000000719400000| Untracked 
| 203|0x0000000719600000, 0x0000000719600000, 0x0000000719800000|  0%| F|  |TAMS 0x0000000719600000, 0x0000000719600000| Untracked 
| 204|0x0000000719800000, 0x0000000719800000, 0x0000000719a00000|  0%| F|  |TAMS 0x0000000719800000, 0x0000000719800000| Untracked 
| 205|0x0000000719a00000, 0x0000000719a00000, 0x0000000719c00000|  0%| F|  |TAMS 0x0000000719a00000, 0x0000000719a00000| Untracked 
| 206|0x0000000719c00000, 0x0000000719c00000, 0x0000000719e00000|  0%| F|  |TAMS 0x0000000719c00000, 0x0000000719c00000| Untracked 
| 207|0x0000000719e00000, 0x0000000719e00000, 0x000000071a000000|  0%| F|  |TAMS 0x0000000719e00000, 0x0000000719e00000| Untracked 
| 208|0x000000071a000000, 0x000000071a200000, 0x000000071a200000|100%| O|  |TAMS 0x000000071a200000, 0x000000071a000000| Untracked 
| 209|0x000000071a200000, 0x000000071a200000, 0x000000071a400000|  0%| F|  |TAMS 0x000000071a200000, 0x000000071a200000| Untracked 
| 210|0x000000071a400000, 0x000000071a400000, 0x000000071a600000|  0%| F|  |TAMS 0x000000071a400000, 0x000000071a400000| Untracked 
| 211|0x000000071a600000, 0x000000071a600000, 0x000000071a800000|  0%| F|  |TAMS 0x000000071a600000, 0x000000071a600000| Untracked 
| 212|0x000000071a800000, 0x000000071a800000, 0x000000071aa00000|  0%| F|  |TAMS 0x000000071a800000, 0x000000071a800000| Untracked 
| 213|0x000000071aa00000, 0x000000071aa00000, 0x000000071ac00000|  0%| F|  |TAMS 0x000000071aa00000, 0x000000071aa00000| Untracked 
| 214|0x000000071ac00000, 0x000000071ac00000, 0x000000071ae00000|  0%| F|  |TAMS 0x000000071ac00000, 0x000000071ac00000| Untracked 
| 215|0x000000071ae00000, 0x000000071ae00000, 0x000000071b000000|  0%| F|  |TAMS 0x000000071ae00000, 0x000000071ae00000| Untracked 
| 216|0x000000071b000000, 0x000000071b000000, 0x000000071b200000|  0%| F|  |TAMS 0x000000071b000000, 0x000000071b000000| Untracked 
| 217|0x000000071b200000, 0x000000071b200000, 0x000000071b400000|  0%| F|  |TAMS 0x000000071b200000, 0x000000071b200000| Untracked 
| 218|0x000000071b400000, 0x000000071b400000, 0x000000071b600000|  0%| F|  |TAMS 0x000000071b400000, 0x000000071b400000| Untracked 
| 219|0x000000071b600000, 0x000000071b600000, 0x000000071b800000|  0%| F|  |TAMS 0x000000071b600000, 0x000000071b600000| Untracked 
| 220|0x000000071b800000, 0x000000071b800000, 0x000000071ba00000|  0%| F|  |TAMS 0x000000071b800000, 0x000000071b800000| Untracked 
| 221|0x000000071ba00000, 0x000000071ba00000, 0x000000071bc00000|  0%| F|  |TAMS 0x000000071ba00000, 0x000000071ba00000| Untracked 
| 222|0x000000071bc00000, 0x000000071bc00000, 0x000000071be00000|  0%| F|  |TAMS 0x000000071bc00000, 0x000000071bc00000| Untracked 
| 223|0x000000071be00000, 0x000000071be00000, 0x000000071c000000|  0%| F|  |TAMS 0x000000071be00000, 0x000000071be00000| Untracked 
| 224|0x000000071c000000, 0x000000071c000000, 0x000000071c200000|  0%| F|  |TAMS 0x000000071c000000, 0x000000071c000000| Untracked 
| 225|0x000000071c200000, 0x000000071c200000, 0x000000071c400000|  0%| F|  |TAMS 0x000000071c200000, 0x000000071c200000| Untracked 
| 226|0x000000071c400000, 0x000000071c400000, 0x000000071c600000|  0%| F|  |TAMS 0x000000071c400000, 0x000000071c400000| Untracked 
| 227|0x000000071c600000, 0x000000071c600000, 0x000000071c800000|  0%| F|  |TAMS 0x000000071c600000, 0x000000071c600000| Untracked 
| 228|0x000000071c800000, 0x000000071c800000, 0x000000071ca00000|  0%| F|  |TAMS 0x000000071c800000, 0x000000071c800000| Untracked 
| 229|0x000000071ca00000, 0x000000071ca00000, 0x000000071cc00000|  0%| F|  |TAMS 0x000000071ca00000, 0x000000071ca00000| Untracked 
| 230|0x000000071cc00000, 0x000000071cc00000, 0x000000071ce00000|  0%| F|  |TAMS 0x000000071cc00000, 0x000000071cc00000| Untracked 
| 231|0x000000071ce00000, 0x000000071ce00000, 0x000000071d000000|  0%| F|  |TAMS 0x000000071ce00000, 0x000000071ce00000| Untracked 
| 232|0x000000071d000000, 0x000000071d000000, 0x000000071d200000|  0%| F|  |TAMS 0x000000071d000000, 0x000000071d000000| Untracked 
| 233|0x000000071d200000, 0x000000071d200000, 0x000000071d400000|  0%| F|  |TAMS 0x000000071d200000, 0x000000071d200000| Untracked 
| 234|0x000000071d400000, 0x000000071d400000, 0x000000071d600000|  0%| F|  |TAMS 0x000000071d400000, 0x000000071d400000| Untracked 
| 235|0x000000071d600000, 0x000000071d600000, 0x000000071d800000|  0%| F|  |TAMS 0x000000071d600000, 0x000000071d600000| Untracked 
| 236|0x000000071d800000, 0x000000071d800000, 0x000000071da00000|  0%| F|  |TAMS 0x000000071d800000, 0x000000071d800000| Untracked 
| 237|0x000000071da00000, 0x000000071da00000, 0x000000071dc00000|  0%| F|  |TAMS 0x000000071da00000, 0x000000071da00000| Untracked 
| 238|0x000000071dc00000, 0x000000071dc00000, 0x000000071de00000|  0%| F|  |TAMS 0x000000071dc00000, 0x000000071dc00000| Untracked 
| 239|0x000000071de00000, 0x000000071de00000, 0x000000071e000000|  0%| F|  |TAMS 0x000000071de00000, 0x000000071de00000| Untracked 
| 240|0x000000071e000000, 0x000000071e000000, 0x000000071e200000|  0%| F|  |TAMS 0x000000071e000000, 0x000000071e000000| Untracked 
| 241|0x000000071e200000, 0x000000071e200000, 0x000000071e400000|  0%| F|  |TAMS 0x000000071e200000, 0x000000071e200000| Untracked 
| 242|0x000000071e400000, 0x000000071e400000, 0x000000071e600000|  0%| F|  |TAMS 0x000000071e400000, 0x000000071e400000| Untracked 
| 243|0x000000071e600000, 0x000000071e600000, 0x000000071e800000|  0%| F|  |TAMS 0x000000071e600000, 0x000000071e600000| Untracked 
| 244|0x000000071e800000, 0x000000071e800000, 0x000000071ea00000|  0%| F|  |TAMS 0x000000071e800000, 0x000000071e800000| Untracked 
| 245|0x000000071ea00000, 0x000000071ea00000, 0x000000071ec00000|  0%| F|  |TAMS 0x000000071ea00000, 0x000000071ea00000| Untracked 
| 246|0x000000071ec00000, 0x000000071ec00000, 0x000000071ee00000|  0%| F|  |TAMS 0x000000071ec00000, 0x000000071ec00000| Untracked 
| 247|0x000000071ee00000, 0x000000071ee00000, 0x000000071f000000|  0%| F|  |TAMS 0x000000071ee00000, 0x000000071ee00000| Untracked 
| 248|0x000000071f000000, 0x000000071f000000, 0x000000071f200000|  0%| F|  |TAMS 0x000000071f000000, 0x000000071f000000| Untracked 
| 249|0x000000071f200000, 0x000000071f200000, 0x000000071f400000|  0%| F|  |TAMS 0x000000071f200000, 0x000000071f200000| Untracked 
| 250|0x000000071f400000, 0x000000071f400000, 0x000000071f600000|  0%| F|  |TAMS 0x000000071f400000, 0x000000071f400000| Untracked 
| 251|0x000000071f600000, 0x000000071f600000, 0x000000071f800000|  0%| F|  |TAMS 0x000000071f600000, 0x000000071f600000| Untracked 
| 252|0x000000071f800000, 0x000000071f800000, 0x000000071fa00000|  0%| F|  |TAMS 0x000000071f800000, 0x000000071f800000| Untracked 
| 253|0x000000071fa00000, 0x000000071fa00000, 0x000000071fc00000|  0%| F|  |TAMS 0x000000071fa00000, 0x000000071fa00000| Untracked 
| 254|0x000000071fc00000, 0x000000071fc00000, 0x000000071fe00000|  0%| F|  |TAMS 0x000000071fc00000, 0x000000071fc00000| Untracked 
| 255|0x000000071fe00000, 0x000000071fe00000, 0x0000000720000000|  0%| F|  |TAMS 0x000000071fe00000, 0x000000071fe00000| Untracked 
| 256|0x0000000720000000, 0x0000000720000000, 0x0000000720200000|  0%| F|  |TAMS 0x0000000720000000, 0x0000000720000000| Untracked 
| 257|0x0000000720200000, 0x0000000720200000, 0x0000000720400000|  0%| F|  |TAMS 0x0000000720200000, 0x0000000720200000| Untracked 
| 258|0x0000000720400000, 0x0000000720400000, 0x0000000720600000|  0%| F|  |TAMS 0x0000000720400000, 0x0000000720400000| Untracked 
| 259|0x0000000720600000, 0x0000000720600000, 0x0000000720800000|  0%| F|  |TAMS 0x0000000720600000, 0x0000000720600000| Untracked 
| 260|0x0000000720800000, 0x0000000720800000, 0x0000000720a00000|  0%| F|  |TAMS 0x0000000720800000, 0x0000000720800000| Untracked 
| 261|0x0000000720a00000, 0x0000000720a00000, 0x0000000720c00000|  0%| F|  |TAMS 0x0000000720a00000, 0x0000000720a00000| Untracked 
| 262|0x0000000720c00000, 0x0000000720c00000, 0x0000000720e00000|  0%| F|  |TAMS 0x0000000720c00000, 0x0000000720c00000| Untracked 
| 263|0x0000000720e00000, 0x0000000720e00000, 0x0000000721000000|  0%| F|  |TAMS 0x0000000720e00000, 0x0000000720e00000| Untracked 
| 264|0x0000000721000000, 0x0000000721000000, 0x0000000721200000|  0%| F|  |TAMS 0x0000000721000000, 0x0000000721000000| Untracked 
| 265|0x0000000721200000, 0x0000000721200000, 0x0000000721400000|  0%| F|  |TAMS 0x0000000721200000, 0x0000000721200000| Untracked 
| 266|0x0000000721400000, 0x0000000721400000, 0x0000000721600000|  0%| F|  |TAMS 0x0000000721400000, 0x0000000721400000| Untracked 
| 267|0x0000000721600000, 0x0000000721600000, 0x0000000721800000|  0%| F|  |TAMS 0x0000000721600000, 0x0000000721600000| Untracked 
| 268|0x0000000721800000, 0x0000000721800000, 0x0000000721a00000|  0%| F|  |TAMS 0x0000000721800000, 0x0000000721800000| Untracked 
| 269|0x0000000721a00000, 0x0000000721a00000, 0x0000000721c00000|  0%| F|  |TAMS 0x0000000721a00000, 0x0000000721a00000| Untracked 
| 270|0x0000000721c00000, 0x0000000721c00000, 0x0000000721e00000|  0%| F|  |TAMS 0x0000000721c00000, 0x0000000721c00000| Untracked 
| 271|0x0000000721e00000, 0x0000000721e00000, 0x0000000722000000|  0%| F|  |TAMS 0x0000000721e00000, 0x0000000721e00000| Untracked 
| 272|0x0000000722000000, 0x0000000722000000, 0x0000000722200000|  0%| F|  |TAMS 0x0000000722000000, 0x0000000722000000| Untracked 
| 273|0x0000000722200000, 0x0000000722200000, 0x0000000722400000|  0%| F|  |TAMS 0x0000000722200000, 0x0000000722200000| Untracked 
| 274|0x0000000722400000, 0x0000000722400000, 0x0000000722600000|  0%| F|  |TAMS 0x0000000722400000, 0x0000000722400000| Untracked 
| 275|0x0000000722600000, 0x0000000722600000, 0x0000000722800000|  0%| F|  |TAMS 0x0000000722600000, 0x0000000722600000| Untracked 
| 276|0x0000000722800000, 0x0000000722800000, 0x0000000722a00000|  0%| F|  |TAMS 0x0000000722800000, 0x0000000722800000| Untracked 
| 277|0x0000000722a00000, 0x0000000722a00000, 0x0000000722c00000|  0%| F|  |TAMS 0x0000000722a00000, 0x0000000722a00000| Untracked 
| 278|0x0000000722c00000, 0x0000000722c00000, 0x0000000722e00000|  0%| F|  |TAMS 0x0000000722c00000, 0x0000000722c00000| Untracked 
| 279|0x0000000722e00000, 0x0000000722e00000, 0x0000000723000000|  0%| F|  |TAMS 0x0000000722e00000, 0x0000000722e00000| Untracked 
| 280|0x0000000723000000, 0x0000000723000000, 0x0000000723200000|  0%| F|  |TAMS 0x0000000723000000, 0x0000000723000000| Untracked 
| 281|0x0000000723200000, 0x0000000723200000, 0x0000000723400000|  0%| F|  |TAMS 0x0000000723200000, 0x0000000723200000| Untracked 
| 282|0x0000000723400000, 0x0000000723400000, 0x0000000723600000|  0%| F|  |TAMS 0x0000000723400000, 0x0000000723400000| Untracked 
| 283|0x0000000723600000, 0x0000000723600000, 0x0000000723800000|  0%| F|  |TAMS 0x0000000723600000, 0x0000000723600000| Untracked 
| 284|0x0000000723800000, 0x0000000723800000, 0x0000000723a00000|  0%| F|  |TAMS 0x0000000723800000, 0x0000000723800000| Untracked 
| 285|0x0000000723a00000, 0x0000000723a00000, 0x0000000723c00000|  0%| F|  |TAMS 0x0000000723a00000, 0x0000000723a00000| Untracked 
| 286|0x0000000723c00000, 0x0000000723c00000, 0x0000000723e00000|  0%| F|  |TAMS 0x0000000723c00000, 0x0000000723c00000| Untracked 
| 287|0x0000000723e00000, 0x0000000723e00000, 0x0000000724000000|  0%| F|  |TAMS 0x0000000723e00000, 0x0000000723e00000| Untracked 
| 288|0x0000000724000000, 0x0000000724000000, 0x0000000724200000|  0%| F|  |TAMS 0x0000000724000000, 0x0000000724000000| Untracked 
| 289|0x0000000724200000, 0x0000000724200000, 0x0000000724400000|  0%| F|  |TAMS 0x0000000724200000, 0x0000000724200000| Untracked 
| 290|0x0000000724400000, 0x0000000724400000, 0x0000000724600000|  0%| F|  |TAMS 0x0000000724400000, 0x0000000724400000| Untracked 
| 291|0x0000000724600000, 0x0000000724600000, 0x0000000724800000|  0%| F|  |TAMS 0x0000000724600000, 0x0000000724600000| Untracked 
| 292|0x0000000724800000, 0x0000000724800000, 0x0000000724a00000|  0%| F|  |TAMS 0x0000000724800000, 0x0000000724800000| Untracked 
| 293|0x0000000724a00000, 0x0000000724a00000, 0x0000000724c00000|  0%| F|  |TAMS 0x0000000724a00000, 0x0000000724a00000| Untracked 
| 294|0x0000000724c00000, 0x0000000724c00000, 0x0000000724e00000|  0%| F|  |TAMS 0x0000000724c00000, 0x0000000724c00000| Untracked 
| 295|0x0000000724e00000, 0x0000000724e00000, 0x0000000725000000|  0%| F|  |TAMS 0x0000000724e00000, 0x0000000724e00000| Untracked 
| 296|0x0000000725000000, 0x0000000725000000, 0x0000000725200000|  0%| F|  |TAMS 0x0000000725000000, 0x0000000725000000| Untracked 
| 297|0x0000000725200000, 0x0000000725200000, 0x0000000725400000|  0%| F|  |TAMS 0x0000000725200000, 0x0000000725200000| Untracked 
| 298|0x0000000725400000, 0x0000000725400000, 0x0000000725600000|  0%| F|  |TAMS 0x0000000725400000, 0x0000000725400000| Untracked 
| 299|0x0000000725600000, 0x0000000725600000, 0x0000000725800000|  0%| F|  |TAMS 0x0000000725600000, 0x0000000725600000| Untracked 
| 300|0x0000000725800000, 0x0000000725800000, 0x0000000725a00000|  0%| F|  |TAMS 0x0000000725800000, 0x0000000725800000| Untracked 
| 301|0x0000000725a00000, 0x0000000725a00000, 0x0000000725c00000|  0%| F|  |TAMS 0x0000000725a00000, 0x0000000725a00000| Untracked 
| 302|0x0000000725c00000, 0x0000000725c00000, 0x0000000725e00000|  0%| F|  |TAMS 0x0000000725c00000, 0x0000000725c00000| Untracked 
| 303|0x0000000725e00000, 0x0000000725e00000, 0x0000000726000000|  0%| F|  |TAMS 0x0000000725e00000, 0x0000000725e00000| Untracked 
| 304|0x0000000726000000, 0x0000000726000000, 0x0000000726200000|  0%| F|  |TAMS 0x0000000726000000, 0x0000000726000000| Untracked 
| 305|0x0000000726200000, 0x0000000726200000, 0x0000000726400000|  0%| F|  |TAMS 0x0000000726200000, 0x0000000726200000| Untracked 
| 306|0x0000000726400000, 0x0000000726400000, 0x0000000726600000|  0%| F|  |TAMS 0x0000000726400000, 0x0000000726400000| Untracked 
| 307|0x0000000726600000, 0x0000000726600000, 0x0000000726800000|  0%| F|  |TAMS 0x0000000726600000, 0x0000000726600000| Untracked 
| 308|0x0000000726800000, 0x0000000726800000, 0x0000000726a00000|  0%| F|  |TAMS 0x0000000726800000, 0x0000000726800000| Untracked 
| 309|0x0000000726a00000, 0x0000000726a00000, 0x0000000726c00000|  0%| F|  |TAMS 0x0000000726a00000, 0x0000000726a00000| Untracked 
| 310|0x0000000726c00000, 0x0000000726c00000, 0x0000000726e00000|  0%| F|  |TAMS 0x0000000726c00000, 0x0000000726c00000| Untracked 
| 311|0x0000000726e00000, 0x0000000726e00000, 0x0000000727000000|  0%| F|  |TAMS 0x0000000726e00000, 0x0000000726e00000| Untracked 
| 312|0x0000000727000000, 0x0000000727000000, 0x0000000727200000|  0%| F|  |TAMS 0x0000000727000000, 0x0000000727000000| Untracked 
| 313|0x0000000727200000, 0x0000000727200000, 0x0000000727400000|  0%| F|  |TAMS 0x0000000727200000, 0x0000000727200000| Untracked 
| 314|0x0000000727400000, 0x0000000727400000, 0x0000000727600000|  0%| F|  |TAMS 0x0000000727400000, 0x0000000727400000| Untracked 
| 315|0x0000000727600000, 0x0000000727600000, 0x0000000727800000|  0%| F|  |TAMS 0x0000000727600000, 0x0000000727600000| Untracked 
| 316|0x0000000727800000, 0x0000000727800000, 0x0000000727a00000|  0%| F|  |TAMS 0x0000000727800000, 0x0000000727800000| Untracked 
| 317|0x0000000727a00000, 0x0000000727a00000, 0x0000000727c00000|  0%| F|  |TAMS 0x0000000727a00000, 0x0000000727a00000| Untracked 
| 318|0x0000000727c00000, 0x0000000727c00000, 0x0000000727e00000|  0%| F|  |TAMS 0x0000000727c00000, 0x0000000727c00000| Untracked 
| 319|0x0000000727e00000, 0x0000000727e00000, 0x0000000728000000|  0%| F|  |TAMS 0x0000000727e00000, 0x0000000727e00000| Untracked 
| 320|0x0000000728000000, 0x0000000728000000, 0x0000000728200000|  0%| F|  |TAMS 0x0000000728000000, 0x0000000728000000| Untracked 
| 321|0x0000000728200000, 0x0000000728200000, 0x0000000728400000|  0%| F|  |TAMS 0x0000000728200000, 0x0000000728200000| Untracked 
| 322|0x0000000728400000, 0x0000000728400000, 0x0000000728600000|  0%| F|  |TAMS 0x0000000728400000, 0x0000000728400000| Untracked 
| 323|0x0000000728600000, 0x0000000728600000, 0x0000000728800000|  0%| F|  |TAMS 0x0000000728600000, 0x0000000728600000| Untracked 
| 324|0x0000000728800000, 0x0000000728800000, 0x0000000728a00000|  0%| F|  |TAMS 0x0000000728800000, 0x0000000728800000| Untracked 
| 325|0x0000000728a00000, 0x0000000728a00000, 0x0000000728c00000|  0%| F|  |TAMS 0x0000000728a00000, 0x0000000728a00000| Untracked 
| 326|0x0000000728c00000, 0x0000000728c00000, 0x0000000728e00000|  0%| F|  |TAMS 0x0000000728c00000, 0x0000000728c00000| Untracked 
| 327|0x0000000728e00000, 0x0000000728e00000, 0x0000000729000000|  0%| F|  |TAMS 0x0000000728e00000, 0x0000000728e00000| Untracked 
| 328|0x0000000729000000, 0x0000000729000000, 0x0000000729200000|  0%| F|  |TAMS 0x0000000729000000, 0x0000000729000000| Untracked 
| 329|0x0000000729200000, 0x0000000729200000, 0x0000000729400000|  0%| F|  |TAMS 0x0000000729200000, 0x0000000729200000| Untracked 
| 330|0x0000000729400000, 0x0000000729400000, 0x0000000729600000|  0%| F|  |TAMS 0x0000000729400000, 0x0000000729400000| Untracked 
| 331|0x0000000729600000, 0x0000000729600000, 0x0000000729800000|  0%| F|  |TAMS 0x0000000729600000, 0x0000000729600000| Untracked 
| 332|0x0000000729800000, 0x0000000729800000, 0x0000000729a00000|  0%| F|  |TAMS 0x0000000729800000, 0x0000000729800000| Untracked 
| 333|0x0000000729a00000, 0x0000000729a00000, 0x0000000729c00000|  0%| F|  |TAMS 0x0000000729a00000, 0x0000000729a00000| Untracked 
| 334|0x0000000729c00000, 0x0000000729c00000, 0x0000000729e00000|  0%| F|  |TAMS 0x0000000729c00000, 0x0000000729c00000| Untracked 
| 335|0x0000000729e00000, 0x0000000729e00000, 0x000000072a000000|  0%| F|  |TAMS 0x0000000729e00000, 0x0000000729e00000| Untracked 
| 336|0x000000072a000000, 0x000000072a000000, 0x000000072a200000|  0%| F|  |TAMS 0x000000072a000000, 0x000000072a000000| Untracked 
| 337|0x000000072a200000, 0x000000072a200000, 0x000000072a400000|  0%| F|  |TAMS 0x000000072a200000, 0x000000072a200000| Untracked 
| 338|0x000000072a400000, 0x000000072a400000, 0x000000072a600000|  0%| F|  |TAMS 0x000000072a400000, 0x000000072a400000| Untracked 
| 339|0x000000072a600000, 0x000000072a600000, 0x000000072a800000|  0%| F|  |TAMS 0x000000072a600000, 0x000000072a600000| Untracked 
| 340|0x000000072a800000, 0x000000072a800000, 0x000000072aa00000|  0%| F|  |TAMS 0x000000072a800000, 0x000000072a800000| Untracked 
| 341|0x000000072aa00000, 0x000000072aa00000, 0x000000072ac00000|  0%| F|  |TAMS 0x000000072aa00000, 0x000000072aa00000| Untracked 
| 342|0x000000072ac00000, 0x000000072ac00000, 0x000000072ae00000|  0%| F|  |TAMS 0x000000072ac00000, 0x000000072ac00000| Untracked 
| 343|0x000000072ae00000, 0x000000072ae00000, 0x000000072b000000|  0%| F|  |TAMS 0x000000072ae00000, 0x000000072ae00000| Untracked 
| 344|0x000000072b000000, 0x000000072b000000, 0x000000072b200000|  0%| F|  |TAMS 0x000000072b000000, 0x000000072b000000| Untracked 
| 345|0x000000072b200000, 0x000000072b200000, 0x000000072b400000|  0%| F|  |TAMS 0x000000072b200000, 0x000000072b200000| Untracked 
| 346|0x000000072b400000, 0x000000072b400000, 0x000000072b600000|  0%| F|  |TAMS 0x000000072b400000, 0x000000072b400000| Untracked 
| 347|0x000000072b600000, 0x000000072b600000, 0x000000072b800000|  0%| F|  |TAMS 0x000000072b600000, 0x000000072b600000| Untracked 
| 348|0x000000072b800000, 0x000000072b800000, 0x000000072ba00000|  0%| F|  |TAMS 0x000000072b800000, 0x000000072b800000| Untracked 
| 349|0x000000072ba00000, 0x000000072ba00000, 0x000000072bc00000|  0%| F|  |TAMS 0x000000072ba00000, 0x000000072ba00000| Untracked 
| 350|0x000000072bc00000, 0x000000072bc00000, 0x000000072be00000|  0%| F|  |TAMS 0x000000072bc00000, 0x000000072bc00000| Untracked 
| 351|0x000000072be00000, 0x000000072be00000, 0x000000072c000000|  0%| F|  |TAMS 0x000000072be00000, 0x000000072be00000| Untracked 
| 352|0x000000072c000000, 0x000000072c000000, 0x000000072c200000|  0%| F|  |TAMS 0x000000072c000000, 0x000000072c000000| Untracked 
| 353|0x000000072c200000, 0x000000072c200000, 0x000000072c400000|  0%| F|  |TAMS 0x000000072c200000, 0x000000072c200000| Untracked 
| 354|0x000000072c400000, 0x000000072c400000, 0x000000072c600000|  0%| F|  |TAMS 0x000000072c400000, 0x000000072c400000| Untracked 
| 355|0x000000072c600000, 0x000000072c600000, 0x000000072c800000|  0%| F|  |TAMS 0x000000072c600000, 0x000000072c600000| Untracked 
| 356|0x000000072c800000, 0x000000072c800000, 0x000000072ca00000|  0%| F|  |TAMS 0x000000072c800000, 0x000000072c800000| Untracked 
| 357|0x000000072ca00000, 0x000000072ca00000, 0x000000072cc00000|  0%| F|  |TAMS 0x000000072ca00000, 0x000000072ca00000| Untracked 
| 358|0x000000072cc00000, 0x000000072cc00000, 0x000000072ce00000|  0%| F|  |TAMS 0x000000072cc00000, 0x000000072cc00000| Untracked 
| 359|0x000000072ce00000, 0x000000072ce00000, 0x000000072d000000|  0%| F|  |TAMS 0x000000072ce00000, 0x000000072ce00000| Untracked 
| 360|0x000000072d000000, 0x000000072d000000, 0x000000072d200000|  0%| F|  |TAMS 0x000000072d000000, 0x000000072d000000| Untracked 
| 361|0x000000072d200000, 0x000000072d200000, 0x000000072d400000|  0%| F|  |TAMS 0x000000072d200000, 0x000000072d200000| Untracked 
| 362|0x000000072d400000, 0x000000072d400000, 0x000000072d600000|  0%| F|  |TAMS 0x000000072d400000, 0x000000072d400000| Untracked 
| 363|0x000000072d600000, 0x000000072d600000, 0x000000072d800000|  0%| F|  |TAMS 0x000000072d600000, 0x000000072d600000| Untracked 
| 364|0x000000072d800000, 0x000000072d800000, 0x000000072da00000|  0%| F|  |TAMS 0x000000072d800000, 0x000000072d800000| Untracked 
| 365|0x000000072da00000, 0x000000072da00000, 0x000000072dc00000|  0%| F|  |TAMS 0x000000072da00000, 0x000000072da00000| Untracked 
| 366|0x000000072dc00000, 0x000000072dc00000, 0x000000072de00000|  0%| F|  |TAMS 0x000000072dc00000, 0x000000072dc00000| Untracked 
| 367|0x000000072de00000, 0x000000072de00000, 0x000000072e000000|  0%| F|  |TAMS 0x000000072de00000, 0x000000072de00000| Untracked 
| 368|0x000000072e000000, 0x000000072e000000, 0x000000072e200000|  0%| F|  |TAMS 0x000000072e000000, 0x000000072e000000| Untracked 
| 369|0x000000072e200000, 0x000000072e400000, 0x000000072e400000|100%| O|  |TAMS 0x000000072e400000, 0x000000072e200000| Untracked 
| 370|0x000000072e400000, 0x000000072e600000, 0x000000072e600000|100%| O|  |TAMS 0x000000072e600000, 0x000000072e400000| Untracked 
| 371|0x000000072e600000, 0x000000072e600000, 0x000000072e800000|  0%| F|  |TAMS 0x000000072e600000, 0x000000072e600000| Untracked 
| 372|0x000000072e800000, 0x000000072e800000, 0x000000072ea00000|  0%| F|  |TAMS 0x000000072e800000, 0x000000072e800000| Untracked 
| 373|0x000000072ea00000, 0x000000072ea00000, 0x000000072ec00000|  0%| F|  |TAMS 0x000000072ea00000, 0x000000072ea00000| Untracked 
| 374|0x000000072ec00000, 0x000000072ec00000, 0x000000072ee00000|  0%| F|  |TAMS 0x000000072ec00000, 0x000000072ec00000| Untracked 
| 375|0x000000072ee00000, 0x000000072ee00000, 0x000000072f000000|  0%| F|  |TAMS 0x000000072ee00000, 0x000000072ee00000| Untracked 
| 376|0x000000072f000000, 0x000000072f000000, 0x000000072f200000|  0%| F|  |TAMS 0x000000072f000000, 0x000000072f000000| Untracked 
| 377|0x000000072f200000, 0x000000072f200000, 0x000000072f400000|  0%| F|  |TAMS 0x000000072f200000, 0x000000072f200000| Untracked 
| 378|0x000000072f400000, 0x000000072f400000, 0x000000072f600000|  0%| F|  |TAMS 0x000000072f400000, 0x000000072f400000| Untracked 
| 379|0x000000072f600000, 0x000000072f600000, 0x000000072f800000|  0%| F|  |TAMS 0x000000072f600000, 0x000000072f600000| Untracked 
| 380|0x000000072f800000, 0x000000072f800000, 0x000000072fa00000|  0%| F|  |TAMS 0x000000072f800000, 0x000000072f800000| Untracked 
| 381|0x000000072fa00000, 0x000000072fa00000, 0x000000072fc00000|  0%| F|  |TAMS 0x000000072fa00000, 0x000000072fa00000| Untracked 
| 382|0x000000072fc00000, 0x000000072fc00000, 0x000000072fe00000|  0%| F|  |TAMS 0x000000072fc00000, 0x000000072fc00000| Untracked 
| 383|0x000000072fe00000, 0x000000072fe00000, 0x0000000730000000|  0%| F|  |TAMS 0x000000072fe00000, 0x000000072fe00000| Untracked 
| 384|0x0000000730000000, 0x0000000730000000, 0x0000000730200000|  0%| F|  |TAMS 0x0000000730000000, 0x0000000730000000| Untracked 
| 385|0x0000000730200000, 0x0000000730200000, 0x0000000730400000|  0%| F|  |TAMS 0x0000000730200000, 0x0000000730200000| Untracked 
| 386|0x0000000730400000, 0x0000000730400000, 0x0000000730600000|  0%| F|  |TAMS 0x0000000730400000, 0x0000000730400000| Untracked 
| 387|0x0000000730600000, 0x0000000730600000, 0x0000000730800000|  0%| F|  |TAMS 0x0000000730600000, 0x0000000730600000| Untracked 
| 388|0x0000000730800000, 0x0000000730800000, 0x0000000730a00000|  0%| F|  |TAMS 0x0000000730800000, 0x0000000730800000| Untracked 
| 389|0x0000000730a00000, 0x0000000730a00000, 0x0000000730c00000|  0%| F|  |TAMS 0x0000000730a00000, 0x0000000730a00000| Untracked 
| 390|0x0000000730c00000, 0x0000000730c00000, 0x0000000730e00000|  0%| F|  |TAMS 0x0000000730c00000, 0x0000000730c00000| Untracked 
| 391|0x0000000730e00000, 0x0000000730e00000, 0x0000000731000000|  0%| F|  |TAMS 0x0000000730e00000, 0x0000000730e00000| Untracked 
| 392|0x0000000731000000, 0x0000000731000000, 0x0000000731200000|  0%| F|  |TAMS 0x0000000731000000, 0x0000000731000000| Untracked 
| 393|0x0000000731200000, 0x0000000731200000, 0x0000000731400000|  0%| F|  |TAMS 0x0000000731200000, 0x0000000731200000| Untracked 
| 394|0x0000000731400000, 0x0000000731400000, 0x0000000731600000|  0%| F|  |TAMS 0x0000000731400000, 0x0000000731400000| Untracked 
| 395|0x0000000731600000, 0x0000000731600000, 0x0000000731800000|  0%| F|  |TAMS 0x0000000731600000, 0x0000000731600000| Untracked 
| 396|0x0000000731800000, 0x0000000731800000, 0x0000000731a00000|  0%| F|  |TAMS 0x0000000731800000, 0x0000000731800000| Untracked 
| 397|0x0000000731a00000, 0x0000000731a00000, 0x0000000731c00000|  0%| F|  |TAMS 0x0000000731a00000, 0x0000000731a00000| Untracked 
| 398|0x0000000731c00000, 0x0000000731c00000, 0x0000000731e00000|  0%| F|  |TAMS 0x0000000731c00000, 0x0000000731c00000| Untracked 
| 399|0x0000000731e00000, 0x0000000731e00000, 0x0000000732000000|  0%| F|  |TAMS 0x0000000731e00000, 0x0000000731e00000| Untracked 
| 400|0x0000000732000000, 0x0000000732000000, 0x0000000732200000|  0%| F|  |TAMS 0x0000000732000000, 0x0000000732000000| Untracked 
| 401|0x0000000732200000, 0x0000000732200000, 0x0000000732400000|  0%| F|  |TAMS 0x0000000732200000, 0x0000000732200000| Untracked 
| 402|0x0000000732400000, 0x0000000732400000, 0x0000000732600000|  0%| F|  |TAMS 0x0000000732400000, 0x0000000732400000| Untracked 
| 403|0x0000000732600000, 0x0000000732600000, 0x0000000732800000|  0%| F|  |TAMS 0x0000000732600000, 0x0000000732600000| Untracked 
| 404|0x0000000732800000, 0x0000000732800000, 0x0000000732a00000|  0%| F|  |TAMS 0x0000000732800000, 0x0000000732800000| Untracked 
| 405|0x0000000732a00000, 0x0000000732a00000, 0x0000000732c00000|  0%| F|  |TAMS 0x0000000732a00000, 0x0000000732a00000| Untracked 
| 406|0x0000000732c00000, 0x0000000732c00000, 0x0000000732e00000|  0%| F|  |TAMS 0x0000000732c00000, 0x0000000732c00000| Untracked 
| 407|0x0000000732e00000, 0x0000000732e00000, 0x0000000733000000|  0%| F|  |TAMS 0x0000000732e00000, 0x0000000732e00000| Untracked 
| 408|0x0000000733000000, 0x0000000733000000, 0x0000000733200000|  0%| F|  |TAMS 0x0000000733000000, 0x0000000733000000| Untracked 
| 409|0x0000000733200000, 0x0000000733200000, 0x0000000733400000|  0%| F|  |TAMS 0x0000000733200000, 0x0000000733200000| Untracked 
| 410|0x0000000733400000, 0x0000000733400000, 0x0000000733600000|  0%| F|  |TAMS 0x0000000733400000, 0x0000000733400000| Untracked 
| 411|0x0000000733600000, 0x0000000733600000, 0x0000000733800000|  0%| F|  |TAMS 0x0000000733600000, 0x0000000733600000| Untracked 
| 412|0x0000000733800000, 0x0000000733800000, 0x0000000733a00000|  0%| F|  |TAMS 0x0000000733800000, 0x0000000733800000| Untracked 
| 413|0x0000000733a00000, 0x0000000733a00000, 0x0000000733c00000|  0%| F|  |TAMS 0x0000000733a00000, 0x0000000733a00000| Untracked 
| 414|0x0000000733c00000, 0x0000000733c00000, 0x0000000733e00000|  0%| F|  |TAMS 0x0000000733c00000, 0x0000000733c00000| Untracked 
| 415|0x0000000733e00000, 0x0000000733e00000, 0x0000000734000000|  0%| F|  |TAMS 0x0000000733e00000, 0x0000000733e00000| Untracked 
| 416|0x0000000734000000, 0x0000000734000000, 0x0000000734200000|  0%| F|  |TAMS 0x0000000734000000, 0x0000000734000000| Untracked 
| 417|0x0000000734200000, 0x0000000734200000, 0x0000000734400000|  0%| F|  |TAMS 0x0000000734200000, 0x0000000734200000| Untracked 
| 418|0x0000000734400000, 0x0000000734400000, 0x0000000734600000|  0%| F|  |TAMS 0x0000000734400000, 0x0000000734400000| Untracked 
| 419|0x0000000734600000, 0x0000000734600000, 0x0000000734800000|  0%| F|  |TAMS 0x0000000734600000, 0x0000000734600000| Untracked 
| 420|0x0000000734800000, 0x0000000734800000, 0x0000000734a00000|  0%| F|  |TAMS 0x0000000734800000, 0x0000000734800000| Untracked 
| 421|0x0000000734a00000, 0x0000000734a00000, 0x0000000734c00000|  0%| F|  |TAMS 0x0000000734a00000, 0x0000000734a00000| Untracked 
| 422|0x0000000734c00000, 0x0000000734c00000, 0x0000000734e00000|  0%| F|  |TAMS 0x0000000734c00000, 0x0000000734c00000| Untracked 
| 423|0x0000000734e00000, 0x0000000734e00000, 0x0000000735000000|  0%| F|  |TAMS 0x0000000734e00000, 0x0000000734e00000| Untracked 
| 424|0x0000000735000000, 0x0000000735000000, 0x0000000735200000|  0%| F|  |TAMS 0x0000000735000000, 0x0000000735000000| Untracked 
| 425|0x0000000735200000, 0x0000000735200000, 0x0000000735400000|  0%| F|  |TAMS 0x0000000735200000, 0x0000000735200000| Untracked 
| 426|0x0000000735400000, 0x0000000735400000, 0x0000000735600000|  0%| F|  |TAMS 0x0000000735400000, 0x0000000735400000| Untracked 
| 427|0x0000000735600000, 0x0000000735600000, 0x0000000735800000|  0%| F|  |TAMS 0x0000000735600000, 0x0000000735600000| Untracked 
| 428|0x0000000735800000, 0x0000000735800000, 0x0000000735a00000|  0%| F|  |TAMS 0x0000000735800000, 0x0000000735800000| Untracked 
| 429|0x0000000735a00000, 0x0000000735a00000, 0x0000000735c00000|  0%| F|  |TAMS 0x0000000735a00000, 0x0000000735a00000| Untracked 
| 430|0x0000000735c00000, 0x0000000735c00000, 0x0000000735e00000|  0%| F|  |TAMS 0x0000000735c00000, 0x0000000735c00000| Untracked 
| 431|0x0000000735e00000, 0x0000000735e00000, 0x0000000736000000|  0%| F|  |TAMS 0x0000000735e00000, 0x0000000735e00000| Untracked 
| 432|0x0000000736000000, 0x0000000736000000, 0x0000000736200000|  0%| F|  |TAMS 0x0000000736000000, 0x0000000736000000| Untracked 
| 433|0x0000000736200000, 0x0000000736200000, 0x0000000736400000|  0%| F|  |TAMS 0x0000000736200000, 0x0000000736200000| Untracked 
| 434|0x0000000736400000, 0x0000000736400000, 0x0000000736600000|  0%| F|  |TAMS 0x0000000736400000, 0x0000000736400000| Untracked 
| 435|0x0000000736600000, 0x0000000736600000, 0x0000000736800000|  0%| F|  |TAMS 0x0000000736600000, 0x0000000736600000| Untracked 
| 436|0x0000000736800000, 0x0000000736800000, 0x0000000736a00000|  0%| F|  |TAMS 0x0000000736800000, 0x0000000736800000| Untracked 
| 437|0x0000000736a00000, 0x0000000736a00000, 0x0000000736c00000|  0%| F|  |TAMS 0x0000000736a00000, 0x0000000736a00000| Untracked 
| 438|0x0000000736c00000, 0x0000000736c00000, 0x0000000736e00000|  0%| F|  |TAMS 0x0000000736c00000, 0x0000000736c00000| Untracked 
| 439|0x0000000736e00000, 0x0000000736e00000, 0x0000000737000000|  0%| F|  |TAMS 0x0000000736e00000, 0x0000000736e00000| Untracked 
| 440|0x0000000737000000, 0x0000000737000000, 0x0000000737200000|  0%| F|  |TAMS 0x0000000737000000, 0x0000000737000000| Untracked 
| 441|0x0000000737200000, 0x0000000737200000, 0x0000000737400000|  0%| F|  |TAMS 0x0000000737200000, 0x0000000737200000| Untracked 
| 442|0x0000000737400000, 0x0000000737400000, 0x0000000737600000|  0%| F|  |TAMS 0x0000000737400000, 0x0000000737400000| Untracked 
| 443|0x0000000737600000, 0x0000000737600000, 0x0000000737800000|  0%| F|  |TAMS 0x0000000737600000, 0x0000000737600000| Untracked 
| 444|0x0000000737800000, 0x0000000737800000, 0x0000000737a00000|  0%| F|  |TAMS 0x0000000737800000, 0x0000000737800000| Untracked 
| 445|0x0000000737a00000, 0x0000000737a00000, 0x0000000737c00000|  0%| F|  |TAMS 0x0000000737a00000, 0x0000000737a00000| Untracked 
| 446|0x0000000737c00000, 0x0000000737c00000, 0x0000000737e00000|  0%| F|  |TAMS 0x0000000737c00000, 0x0000000737c00000| Untracked 
| 447|0x0000000737e00000, 0x0000000737e00000, 0x0000000738000000|  0%| F|  |TAMS 0x0000000737e00000, 0x0000000737e00000| Untracked 
| 448|0x0000000738000000, 0x0000000738000000, 0x0000000738200000|  0%| F|  |TAMS 0x0000000738000000, 0x0000000738000000| Untracked 
| 449|0x0000000738200000, 0x0000000738200000, 0x0000000738400000|  0%| F|  |TAMS 0x0000000738200000, 0x0000000738200000| Untracked 
| 450|0x0000000738400000, 0x0000000738400000, 0x0000000738600000|  0%| F|  |TAMS 0x0000000738400000, 0x0000000738400000| Untracked 
| 451|0x0000000738600000, 0x0000000738600000, 0x0000000738800000|  0%| F|  |TAMS 0x0000000738600000, 0x0000000738600000| Untracked 
| 452|0x0000000738800000, 0x0000000738800000, 0x0000000738a00000|  0%| F|  |TAMS 0x0000000738800000, 0x0000000738800000| Untracked 
| 453|0x0000000738a00000, 0x0000000738a00000, 0x0000000738c00000|  0%| F|  |TAMS 0x0000000738a00000, 0x0000000738a00000| Untracked 
| 454|0x0000000738c00000, 0x0000000738c00000, 0x0000000738e00000|  0%| F|  |TAMS 0x0000000738c00000, 0x0000000738c00000| Untracked 
| 455|0x0000000738e00000, 0x0000000738e00000, 0x0000000739000000|  0%| F|  |TAMS 0x0000000738e00000, 0x0000000738e00000| Untracked 
| 456|0x0000000739000000, 0x0000000739000000, 0x0000000739200000|  0%| F|  |TAMS 0x0000000739000000, 0x0000000739000000| Untracked 
| 457|0x0000000739200000, 0x0000000739200000, 0x0000000739400000|  0%| F|  |TAMS 0x0000000739200000, 0x0000000739200000| Untracked 
| 458|0x0000000739400000, 0x0000000739400000, 0x0000000739600000|  0%| F|  |TAMS 0x0000000739400000, 0x0000000739400000| Untracked 
| 459|0x0000000739600000, 0x0000000739600000, 0x0000000739800000|  0%| F|  |TAMS 0x0000000739600000, 0x0000000739600000| Untracked 
| 460|0x0000000739800000, 0x0000000739800000, 0x0000000739a00000|  0%| F|  |TAMS 0x0000000739800000, 0x0000000739800000| Untracked 
| 461|0x0000000739a00000, 0x0000000739a00000, 0x0000000739c00000|  0%| F|  |TAMS 0x0000000739a00000, 0x0000000739a00000| Untracked 
| 462|0x0000000739c00000, 0x0000000739c00000, 0x0000000739e00000|  0%| F|  |TAMS 0x0000000739c00000, 0x0000000739c00000| Untracked 
| 463|0x0000000739e00000, 0x0000000739e00000, 0x000000073a000000|  0%| F|  |TAMS 0x0000000739e00000, 0x0000000739e00000| Untracked 
| 464|0x000000073a000000, 0x000000073a000000, 0x000000073a200000|  0%| F|  |TAMS 0x000000073a000000, 0x000000073a000000| Untracked 
| 465|0x000000073a200000, 0x000000073a200000, 0x000000073a400000|  0%| F|  |TAMS 0x000000073a200000, 0x000000073a200000| Untracked 
| 466|0x000000073a400000, 0x000000073a400000, 0x000000073a600000|  0%| F|  |TAMS 0x000000073a400000, 0x000000073a400000| Untracked 
| 467|0x000000073a600000, 0x000000073a600000, 0x000000073a800000|  0%| F|  |TAMS 0x000000073a600000, 0x000000073a600000| Untracked 
| 468|0x000000073a800000, 0x000000073a800000, 0x000000073aa00000|  0%| F|  |TAMS 0x000000073a800000, 0x000000073a800000| Untracked 
| 469|0x000000073aa00000, 0x000000073aa00000, 0x000000073ac00000|  0%| F|  |TAMS 0x000000073aa00000, 0x000000073aa00000| Untracked 
| 470|0x000000073ac00000, 0x000000073ac00000, 0x000000073ae00000|  0%| F|  |TAMS 0x000000073ac00000, 0x000000073ac00000| Untracked 
| 471|0x000000073ae00000, 0x000000073ae00000, 0x000000073b000000|  0%| F|  |TAMS 0x000000073ae00000, 0x000000073ae00000| Untracked 
| 472|0x000000073b000000, 0x000000073b000000, 0x000000073b200000|  0%| F|  |TAMS 0x000000073b000000, 0x000000073b000000| Untracked 
| 473|0x000000073b200000, 0x000000073b200000, 0x000000073b400000|  0%| F|  |TAMS 0x000000073b200000, 0x000000073b200000| Untracked 
| 474|0x000000073b400000, 0x000000073b400000, 0x000000073b600000|  0%| F|  |TAMS 0x000000073b400000, 0x000000073b400000| Untracked 
| 475|0x000000073b600000, 0x000000073b600000, 0x000000073b800000|  0%| F|  |TAMS 0x000000073b600000, 0x000000073b600000| Untracked 
| 476|0x000000073b800000, 0x000000073b800000, 0x000000073ba00000|  0%| F|  |TAMS 0x000000073b800000, 0x000000073b800000| Untracked 
| 477|0x000000073ba00000, 0x000000073ba00000, 0x000000073bc00000|  0%| F|  |TAMS 0x000000073ba00000, 0x000000073ba00000| Untracked 
| 478|0x000000073bc00000, 0x000000073bc00000, 0x000000073be00000|  0%| F|  |TAMS 0x000000073bc00000, 0x000000073bc00000| Untracked 
| 479|0x000000073be00000, 0x000000073be00000, 0x000000073c000000|  0%| F|  |TAMS 0x000000073be00000, 0x000000073be00000| Untracked 
| 480|0x000000073c000000, 0x000000073c000000, 0x000000073c200000|  0%| F|  |TAMS 0x000000073c000000, 0x000000073c000000| Untracked 
| 481|0x000000073c200000, 0x000000073c200000, 0x000000073c400000|  0%| F|  |TAMS 0x000000073c200000, 0x000000073c200000| Untracked 
| 482|0x000000073c400000, 0x000000073c400000, 0x000000073c600000|  0%| F|  |TAMS 0x000000073c400000, 0x000000073c400000| Untracked 
| 483|0x000000073c600000, 0x000000073c600000, 0x000000073c800000|  0%| F|  |TAMS 0x000000073c600000, 0x000000073c600000| Untracked 
| 484|0x000000073c800000, 0x000000073c800000, 0x000000073ca00000|  0%| F|  |TAMS 0x000000073c800000, 0x000000073c800000| Untracked 
| 485|0x000000073ca00000, 0x000000073ca00000, 0x000000073cc00000|  0%| F|  |TAMS 0x000000073ca00000, 0x000000073ca00000| Untracked 
| 486|0x000000073cc00000, 0x000000073cc00000, 0x000000073ce00000|  0%| F|  |TAMS 0x000000073cc00000, 0x000000073cc00000| Untracked 
| 487|0x000000073ce00000, 0x000000073ce00000, 0x000000073d000000|  0%| F|  |TAMS 0x000000073ce00000, 0x000000073ce00000| Untracked 
| 488|0x000000073d000000, 0x000000073d000000, 0x000000073d200000|  0%| F|  |TAMS 0x000000073d000000, 0x000000073d000000| Untracked 
| 489|0x000000073d200000, 0x000000073d200000, 0x000000073d400000|  0%| F|  |TAMS 0x000000073d200000, 0x000000073d200000| Untracked 
| 490|0x000000073d400000, 0x000000073d400000, 0x000000073d600000|  0%| F|  |TAMS 0x000000073d400000, 0x000000073d400000| Untracked 
| 491|0x000000073d600000, 0x000000073d600000, 0x000000073d800000|  0%| F|  |TAMS 0x000000073d600000, 0x000000073d600000| Untracked 
| 492|0x000000073d800000, 0x000000073d800000, 0x000000073da00000|  0%| F|  |TAMS 0x000000073d800000, 0x000000073d800000| Untracked 
| 493|0x000000073da00000, 0x000000073da00000, 0x000000073dc00000|  0%| F|  |TAMS 0x000000073da00000, 0x000000073da00000| Untracked 
| 494|0x000000073dc00000, 0x000000073dc00000, 0x000000073de00000|  0%| F|  |TAMS 0x000000073dc00000, 0x000000073dc00000| Untracked 
| 495|0x000000073de00000, 0x000000073de00000, 0x000000073e000000|  0%| F|  |TAMS 0x000000073de00000, 0x000000073de00000| Untracked 
| 496|0x000000073e000000, 0x000000073e000000, 0x000000073e200000|  0%| F|  |TAMS 0x000000073e000000, 0x000000073e000000| Untracked 
| 497|0x000000073e200000, 0x000000073e200000, 0x000000073e400000|  0%| F|  |TAMS 0x000000073e200000, 0x000000073e200000| Untracked 
| 498|0x000000073e400000, 0x000000073e400000, 0x000000073e600000|  0%| F|  |TAMS 0x000000073e400000, 0x000000073e400000| Untracked 
| 499|0x000000073e600000, 0x000000073e600000, 0x000000073e800000|  0%| F|  |TAMS 0x000000073e600000, 0x000000073e600000| Untracked 
| 500|0x000000073e800000, 0x000000073e800000, 0x000000073ea00000|  0%| F|  |TAMS 0x000000073e800000, 0x000000073e800000| Untracked 
| 501|0x000000073ea00000, 0x000000073ea00000, 0x000000073ec00000|  0%| F|  |TAMS 0x000000073ea00000, 0x000000073ea00000| Untracked 
| 502|0x000000073ec00000, 0x000000073ec00000, 0x000000073ee00000|  0%| F|  |TAMS 0x000000073ec00000, 0x000000073ec00000| Untracked 
| 503|0x000000073ee00000, 0x000000073ee00000, 0x000000073f000000|  0%| F|  |TAMS 0x000000073ee00000, 0x000000073ee00000| Untracked 
| 504|0x000000073f000000, 0x000000073f000000, 0x000000073f200000|  0%| F|  |TAMS 0x000000073f000000, 0x000000073f000000| Untracked 
| 505|0x000000073f200000, 0x000000073f200000, 0x000000073f400000|  0%| F|  |TAMS 0x000000073f200000, 0x000000073f200000| Untracked 
| 506|0x000000073f400000, 0x000000073f400000, 0x000000073f600000|  0%| F|  |TAMS 0x000000073f400000, 0x000000073f400000| Untracked 
| 507|0x000000073f600000, 0x000000073f600000, 0x000000073f800000|  0%| F|  |TAMS 0x000000073f600000, 0x000000073f600000| Untracked 
| 508|0x000000073f800000, 0x000000073f800000, 0x000000073fa00000|  0%| F|  |TAMS 0x000000073f800000, 0x000000073f800000| Untracked 
| 509|0x000000073fa00000, 0x000000073fa00000, 0x000000073fc00000|  0%| F|  |TAMS 0x000000073fa00000, 0x000000073fa00000| Untracked 
| 510|0x000000073fc00000, 0x000000073fc00000, 0x000000073fe00000|  0%| F|  |TAMS 0x000000073fc00000, 0x000000073fc00000| Untracked 
| 511|0x000000073fe00000, 0x000000073fe00000, 0x0000000740000000|  0%| F|  |TAMS 0x000000073fe00000, 0x000000073fe00000| Untracked 
| 512|0x0000000740000000, 0x0000000740000000, 0x0000000740200000|  0%| F|  |TAMS 0x0000000740000000, 0x0000000740000000| Untracked 
| 513|0x0000000740200000, 0x0000000740200000, 0x0000000740400000|  0%| F|  |TAMS 0x0000000740200000, 0x0000000740200000| Untracked 
| 514|0x0000000740400000, 0x0000000740400000, 0x0000000740600000|  0%| F|  |TAMS 0x0000000740400000, 0x0000000740400000| Untracked 
| 515|0x0000000740600000, 0x0000000740600000, 0x0000000740800000|  0%| F|  |TAMS 0x0000000740600000, 0x0000000740600000| Untracked 
| 516|0x0000000740800000, 0x0000000740800000, 0x0000000740a00000|  0%| F|  |TAMS 0x0000000740800000, 0x0000000740800000| Untracked 
| 517|0x0000000740a00000, 0x0000000740a00000, 0x0000000740c00000|  0%| F|  |TAMS 0x0000000740a00000, 0x0000000740a00000| Untracked 
| 518|0x0000000740c00000, 0x0000000740c00000, 0x0000000740e00000|  0%| F|  |TAMS 0x0000000740c00000, 0x0000000740c00000| Untracked 
| 519|0x0000000740e00000, 0x0000000740e00000, 0x0000000741000000|  0%| F|  |TAMS 0x0000000740e00000, 0x0000000740e00000| Untracked 
| 520|0x0000000741000000, 0x0000000741000000, 0x0000000741200000|  0%| F|  |TAMS 0x0000000741000000, 0x0000000741000000| Untracked 
| 521|0x0000000741200000, 0x0000000741200000, 0x0000000741400000|  0%| F|  |TAMS 0x0000000741200000, 0x0000000741200000| Untracked 
| 522|0x0000000741400000, 0x0000000741400000, 0x0000000741600000|  0%| F|  |TAMS 0x0000000741400000, 0x0000000741400000| Untracked 
| 523|0x0000000741600000, 0x0000000741600000, 0x0000000741800000|  0%| F|  |TAMS 0x0000000741600000, 0x0000000741600000| Untracked 
| 524|0x0000000741800000, 0x0000000741800000, 0x0000000741a00000|  0%| F|  |TAMS 0x0000000741800000, 0x0000000741800000| Untracked 
| 525|0x0000000741a00000, 0x0000000741a00000, 0x0000000741c00000|  0%| F|  |TAMS 0x0000000741a00000, 0x0000000741a00000| Untracked 
| 526|0x0000000741c00000, 0x0000000741c00000, 0x0000000741e00000|  0%| F|  |TAMS 0x0000000741c00000, 0x0000000741c00000| Untracked 
| 527|0x0000000741e00000, 0x0000000741e00000, 0x0000000742000000|  0%| F|  |TAMS 0x0000000741e00000, 0x0000000741e00000| Untracked 
| 528|0x0000000742000000, 0x0000000742000000, 0x0000000742200000|  0%| F|  |TAMS 0x0000000742000000, 0x0000000742000000| Untracked 
| 529|0x0000000742200000, 0x0000000742200000, 0x0000000742400000|  0%| F|  |TAMS 0x0000000742200000, 0x0000000742200000| Untracked 
| 530|0x0000000742400000, 0x0000000742400000, 0x0000000742600000|  0%| F|  |TAMS 0x0000000742400000, 0x0000000742400000| Untracked 
| 531|0x0000000742600000, 0x0000000742600000, 0x0000000742800000|  0%| F|  |TAMS 0x0000000742600000, 0x0000000742600000| Untracked 
| 532|0x0000000742800000, 0x0000000742800000, 0x0000000742a00000|  0%| F|  |TAMS 0x0000000742800000, 0x0000000742800000| Untracked 
| 533|0x0000000742a00000, 0x0000000742a00000, 0x0000000742c00000|  0%| F|  |TAMS 0x0000000742a00000, 0x0000000742a00000| Untracked 
| 534|0x0000000742c00000, 0x0000000742c00000, 0x0000000742e00000|  0%| F|  |TAMS 0x0000000742c00000, 0x0000000742c00000| Untracked 
| 535|0x0000000742e00000, 0x0000000742e00000, 0x0000000743000000|  0%| F|  |TAMS 0x0000000742e00000, 0x0000000742e00000| Untracked 
| 536|0x0000000743000000, 0x0000000743000000, 0x0000000743200000|  0%| F|  |TAMS 0x0000000743000000, 0x0000000743000000| Untracked 
| 537|0x0000000743200000, 0x0000000743200000, 0x0000000743400000|  0%| F|  |TAMS 0x0000000743200000, 0x0000000743200000| Untracked 
| 538|0x0000000743400000, 0x0000000743400000, 0x0000000743600000|  0%| F|  |TAMS 0x0000000743400000, 0x0000000743400000| Untracked 
| 539|0x0000000743600000, 0x0000000743600000, 0x0000000743800000|  0%| F|  |TAMS 0x0000000743600000, 0x0000000743600000| Untracked 
| 540|0x0000000743800000, 0x0000000743800000, 0x0000000743a00000|  0%| F|  |TAMS 0x0000000743800000, 0x0000000743800000| Untracked 
| 541|0x0000000743a00000, 0x0000000743a00000, 0x0000000743c00000|  0%| F|  |TAMS 0x0000000743a00000, 0x0000000743a00000| Untracked 
| 542|0x0000000743c00000, 0x0000000743c00000, 0x0000000743e00000|  0%| F|  |TAMS 0x0000000743c00000, 0x0000000743c00000| Untracked 
| 543|0x0000000743e00000, 0x0000000743e00000, 0x0000000744000000|  0%| F|  |TAMS 0x0000000743e00000, 0x0000000743e00000| Untracked 
| 544|0x0000000744000000, 0x0000000744000000, 0x0000000744200000|  0%| F|  |TAMS 0x0000000744000000, 0x0000000744000000| Untracked 
| 545|0x0000000744200000, 0x0000000744200000, 0x0000000744400000|  0%| F|  |TAMS 0x0000000744200000, 0x0000000744200000| Untracked 
| 546|0x0000000744400000, 0x0000000744400000, 0x0000000744600000|  0%| F|  |TAMS 0x0000000744400000, 0x0000000744400000| Untracked 
| 547|0x0000000744600000, 0x0000000744600000, 0x0000000744800000|  0%| F|  |TAMS 0x0000000744600000, 0x0000000744600000| Untracked 
| 548|0x0000000744800000, 0x0000000744800000, 0x0000000744a00000|  0%| F|  |TAMS 0x0000000744800000, 0x0000000744800000| Untracked 
| 549|0x0000000744a00000, 0x0000000744a00000, 0x0000000744c00000|  0%| F|  |TAMS 0x0000000744a00000, 0x0000000744a00000| Untracked 
| 550|0x0000000744c00000, 0x0000000744c00000, 0x0000000744e00000|  0%| F|  |TAMS 0x0000000744c00000, 0x0000000744c00000| Untracked 
| 551|0x0000000744e00000, 0x0000000744e00000, 0x0000000745000000|  0%| F|  |TAMS 0x0000000744e00000, 0x0000000744e00000| Untracked 
| 552|0x0000000745000000, 0x0000000745000000, 0x0000000745200000|  0%| F|  |TAMS 0x0000000745000000, 0x0000000745000000| Untracked 
| 553|0x0000000745200000, 0x0000000745200000, 0x0000000745400000|  0%| F|  |TAMS 0x0000000745200000, 0x0000000745200000| Untracked 
| 554|0x0000000745400000, 0x0000000745400000, 0x0000000745600000|  0%| F|  |TAMS 0x0000000745400000, 0x0000000745400000| Untracked 
| 555|0x0000000745600000, 0x0000000745600000, 0x0000000745800000|  0%| F|  |TAMS 0x0000000745600000, 0x0000000745600000| Untracked 
| 556|0x0000000745800000, 0x0000000745800000, 0x0000000745a00000|  0%| F|  |TAMS 0x0000000745800000, 0x0000000745800000| Untracked 
| 557|0x0000000745a00000, 0x0000000745a00000, 0x0000000745c00000|  0%| F|  |TAMS 0x0000000745a00000, 0x0000000745a00000| Untracked 
| 558|0x0000000745c00000, 0x0000000745c00000, 0x0000000745e00000|  0%| F|  |TAMS 0x0000000745c00000, 0x0000000745c00000| Untracked 
| 559|0x0000000745e00000, 0x0000000745e00000, 0x0000000746000000|  0%| F|  |TAMS 0x0000000745e00000, 0x0000000745e00000| Untracked 
| 560|0x0000000746000000, 0x0000000746000000, 0x0000000746200000|  0%| F|  |TAMS 0x0000000746000000, 0x0000000746000000| Untracked 
| 561|0x0000000746200000, 0x0000000746200000, 0x0000000746400000|  0%| F|  |TAMS 0x0000000746200000, 0x0000000746200000| Untracked 
| 562|0x0000000746400000, 0x0000000746400000, 0x0000000746600000|  0%| F|  |TAMS 0x0000000746400000, 0x0000000746400000| Untracked 
| 563|0x0000000746600000, 0x0000000746600000, 0x0000000746800000|  0%| F|  |TAMS 0x0000000746600000, 0x0000000746600000| Untracked 
| 564|0x0000000746800000, 0x0000000746800000, 0x0000000746a00000|  0%| F|  |TAMS 0x0000000746800000, 0x0000000746800000| Untracked 
| 565|0x0000000746a00000, 0x0000000746a00000, 0x0000000746c00000|  0%| F|  |TAMS 0x0000000746a00000, 0x0000000746a00000| Untracked 
| 566|0x0000000746c00000, 0x0000000746c00000, 0x0000000746e00000|  0%| F|  |TAMS 0x0000000746c00000, 0x0000000746c00000| Untracked 
| 567|0x0000000746e00000, 0x0000000746e00000, 0x0000000747000000|  0%| F|  |TAMS 0x0000000746e00000, 0x0000000746e00000| Untracked 
| 568|0x0000000747000000, 0x0000000747000000, 0x0000000747200000|  0%| F|  |TAMS 0x0000000747000000, 0x0000000747000000| Untracked 
| 569|0x0000000747200000, 0x0000000747200000, 0x0000000747400000|  0%| F|  |TAMS 0x0000000747200000, 0x0000000747200000| Untracked 
| 570|0x0000000747400000, 0x0000000747400000, 0x0000000747600000|  0%| F|  |TAMS 0x0000000747400000, 0x0000000747400000| Untracked 
| 571|0x0000000747600000, 0x0000000747600000, 0x0000000747800000|  0%| F|  |TAMS 0x0000000747600000, 0x0000000747600000| Untracked 
| 572|0x0000000747800000, 0x0000000747800000, 0x0000000747a00000|  0%| F|  |TAMS 0x0000000747800000, 0x0000000747800000| Untracked 
| 573|0x0000000747a00000, 0x0000000747a00000, 0x0000000747c00000|  0%| F|  |TAMS 0x0000000747a00000, 0x0000000747a00000| Untracked 
| 574|0x0000000747c00000, 0x0000000747c00000, 0x0000000747e00000|  0%| F|  |TAMS 0x0000000747c00000, 0x0000000747c00000| Untracked 
| 575|0x0000000747e00000, 0x0000000747e00000, 0x0000000748000000|  0%| F|  |TAMS 0x0000000747e00000, 0x0000000747e00000| Untracked 
| 576|0x0000000748000000, 0x0000000748000000, 0x0000000748200000|  0%| F|  |TAMS 0x0000000748000000, 0x0000000748000000| Untracked 
| 577|0x0000000748200000, 0x0000000748200000, 0x0000000748400000|  0%| F|  |TAMS 0x0000000748200000, 0x0000000748200000| Untracked 
| 578|0x0000000748400000, 0x0000000748400000, 0x0000000748600000|  0%| F|  |TAMS 0x0000000748400000, 0x0000000748400000| Untracked 
| 579|0x0000000748600000, 0x0000000748600000, 0x0000000748800000|  0%| F|  |TAMS 0x0000000748600000, 0x0000000748600000| Untracked 
| 580|0x0000000748800000, 0x0000000748800000, 0x0000000748a00000|  0%| F|  |TAMS 0x0000000748800000, 0x0000000748800000| Untracked 
| 581|0x0000000748a00000, 0x0000000748a00000, 0x0000000748c00000|  0%| F|  |TAMS 0x0000000748a00000, 0x0000000748a00000| Untracked 
| 582|0x0000000748c00000, 0x0000000748c00000, 0x0000000748e00000|  0%| F|  |TAMS 0x0000000748c00000, 0x0000000748c00000| Untracked 
| 583|0x0000000748e00000, 0x0000000748e00000, 0x0000000749000000|  0%| F|  |TAMS 0x0000000748e00000, 0x0000000748e00000| Untracked 
| 584|0x0000000749000000, 0x0000000749000000, 0x0000000749200000|  0%| F|  |TAMS 0x0000000749000000, 0x0000000749000000| Untracked 
| 585|0x0000000749200000, 0x0000000749200000, 0x0000000749400000|  0%| F|  |TAMS 0x0000000749200000, 0x0000000749200000| Untracked 
| 586|0x0000000749400000, 0x0000000749400000, 0x0000000749600000|  0%| F|  |TAMS 0x0000000749400000, 0x0000000749400000| Untracked 
| 587|0x0000000749600000, 0x0000000749600000, 0x0000000749800000|  0%| F|  |TAMS 0x0000000749600000, 0x0000000749600000| Untracked 
| 588|0x0000000749800000, 0x0000000749800000, 0x0000000749a00000|  0%| F|  |TAMS 0x0000000749800000, 0x0000000749800000| Untracked 
| 589|0x0000000749a00000, 0x0000000749a00000, 0x0000000749c00000|  0%| F|  |TAMS 0x0000000749a00000, 0x0000000749a00000| Untracked 
| 590|0x0000000749c00000, 0x0000000749c00000, 0x0000000749e00000|  0%| F|  |TAMS 0x0000000749c00000, 0x0000000749c00000| Untracked 
| 591|0x0000000749e00000, 0x0000000749e00000, 0x000000074a000000|  0%| F|  |TAMS 0x0000000749e00000, 0x0000000749e00000| Untracked 
| 592|0x000000074a000000, 0x000000074a000000, 0x000000074a200000|  0%| F|  |TAMS 0x000000074a000000, 0x000000074a000000| Untracked 
| 593|0x000000074a200000, 0x000000074a200000, 0x000000074a400000|  0%| F|  |TAMS 0x000000074a200000, 0x000000074a200000| Untracked 
| 594|0x000000074a400000, 0x000000074a400000, 0x000000074a600000|  0%| F|  |TAMS 0x000000074a400000, 0x000000074a400000| Untracked 
| 595|0x000000074a600000, 0x000000074a600000, 0x000000074a800000|  0%| F|  |TAMS 0x000000074a600000, 0x000000074a600000| Untracked 
| 596|0x000000074a800000, 0x000000074a800000, 0x000000074aa00000|  0%| F|  |TAMS 0x000000074a800000, 0x000000074a800000| Untracked 
| 597|0x000000074aa00000, 0x000000074aa00000, 0x000000074ac00000|  0%| F|  |TAMS 0x000000074aa00000, 0x000000074aa00000| Untracked 
| 598|0x000000074ac00000, 0x000000074ac00000, 0x000000074ae00000|  0%| F|  |TAMS 0x000000074ac00000, 0x000000074ac00000| Untracked 
| 599|0x000000074ae00000, 0x000000074ae00000, 0x000000074b000000|  0%| F|  |TAMS 0x000000074ae00000, 0x000000074ae00000| Untracked 
| 600|0x000000074b000000, 0x000000074b000000, 0x000000074b200000|  0%| F|  |TAMS 0x000000074b000000, 0x000000074b000000| Untracked 
| 601|0x000000074b200000, 0x000000074b200000, 0x000000074b400000|  0%| F|  |TAMS 0x000000074b200000, 0x000000074b200000| Untracked 
| 602|0x000000074b400000, 0x000000074b400000, 0x000000074b600000|  0%| F|  |TAMS 0x000000074b400000, 0x000000074b400000| Untracked 
| 603|0x000000074b600000, 0x000000074b600000, 0x000000074b800000|  0%| F|  |TAMS 0x000000074b600000, 0x000000074b600000| Untracked 
| 604|0x000000074b800000, 0x000000074b800000, 0x000000074ba00000|  0%| F|  |TAMS 0x000000074b800000, 0x000000074b800000| Untracked 
| 605|0x000000074ba00000, 0x000000074ba00000, 0x000000074bc00000|  0%| F|  |TAMS 0x000000074ba00000, 0x000000074ba00000| Untracked 
| 606|0x000000074bc00000, 0x000000074bc00000, 0x000000074be00000|  0%| F|  |TAMS 0x000000074bc00000, 0x000000074bc00000| Untracked 
| 607|0x000000074be00000, 0x000000074be00000, 0x000000074c000000|  0%| F|  |TAMS 0x000000074be00000, 0x000000074be00000| Untracked 
| 608|0x000000074c000000, 0x000000074c000000, 0x000000074c200000|  0%| F|  |TAMS 0x000000074c000000, 0x000000074c000000| Untracked 
| 609|0x000000074c200000, 0x000000074c200000, 0x000000074c400000|  0%| F|  |TAMS 0x000000074c200000, 0x000000074c200000| Untracked 
| 610|0x000000074c400000, 0x000000074c400000, 0x000000074c600000|  0%| F|  |TAMS 0x000000074c400000, 0x000000074c400000| Untracked 
| 611|0x000000074c600000, 0x000000074c600000, 0x000000074c800000|  0%| F|  |TAMS 0x000000074c600000, 0x000000074c600000| Untracked 
| 612|0x000000074c800000, 0x000000074c800000, 0x000000074ca00000|  0%| F|  |TAMS 0x000000074c800000, 0x000000074c800000| Untracked 
| 613|0x000000074ca00000, 0x000000074ca00000, 0x000000074cc00000|  0%| F|  |TAMS 0x000000074ca00000, 0x000000074ca00000| Untracked 
| 614|0x000000074cc00000, 0x000000074cc00000, 0x000000074ce00000|  0%| F|  |TAMS 0x000000074cc00000, 0x000000074cc00000| Untracked 
| 615|0x000000074ce00000, 0x000000074ce00000, 0x000000074d000000|  0%| F|  |TAMS 0x000000074ce00000, 0x000000074ce00000| Untracked 
| 616|0x000000074d000000, 0x000000074d000000, 0x000000074d200000|  0%| F|  |TAMS 0x000000074d000000, 0x000000074d000000| Untracked 
| 617|0x000000074d200000, 0x000000074d200000, 0x000000074d400000|  0%| F|  |TAMS 0x000000074d200000, 0x000000074d200000| Untracked 
| 618|0x000000074d400000, 0x000000074d400000, 0x000000074d600000|  0%| F|  |TAMS 0x000000074d400000, 0x000000074d400000| Untracked 
| 619|0x000000074d600000, 0x000000074d600000, 0x000000074d800000|  0%| F|  |TAMS 0x000000074d600000, 0x000000074d600000| Untracked 
| 620|0x000000074d800000, 0x000000074d800000, 0x000000074da00000|  0%| F|  |TAMS 0x000000074d800000, 0x000000074d800000| Untracked 
| 621|0x000000074da00000, 0x000000074da00000, 0x000000074dc00000|  0%| F|  |TAMS 0x000000074da00000, 0x000000074da00000| Untracked 
| 622|0x000000074dc00000, 0x000000074de00000, 0x000000074de00000|100%| S|CS|TAMS 0x000000074dc00000, 0x000000074dc00000| Complete 
| 623|0x000000074de00000, 0x000000074e000000, 0x000000074e000000|100%| S|CS|TAMS 0x000000074de00000, 0x000000074de00000| Complete 
| 624|0x000000074e000000, 0x000000074e200000, 0x000000074e200000|100%| S|CS|TAMS 0x000000074e000000, 0x000000074e000000| Complete 
| 625|0x000000074e200000, 0x000000074e400000, 0x000000074e400000|100%| S|CS|TAMS 0x000000074e200000, 0x000000074e200000| Complete 
| 626|0x000000074e400000, 0x000000074e600000, 0x000000074e600000|100%| S|CS|TAMS 0x000000074e400000, 0x000000074e400000| Complete 
| 627|0x000000074e600000, 0x000000074e600000, 0x000000074e800000|  0%| F|  |TAMS 0x000000074e600000, 0x000000074e600000| Untracked 
| 628|0x000000074e800000, 0x000000074e800000, 0x000000074ea00000|  0%| F|  |TAMS 0x000000074e800000, 0x000000074e800000| Untracked 
| 629|0x000000074ea00000, 0x000000074ea00000, 0x000000074ec00000|  0%| F|  |TAMS 0x000000074ea00000, 0x000000074ea00000| Untracked 
| 630|0x000000074ec00000, 0x000000074ec00000, 0x000000074ee00000|  0%| F|  |TAMS 0x000000074ec00000, 0x000000074ec00000| Untracked 
| 631|0x000000074ee00000, 0x000000074ee00000, 0x000000074f000000|  0%| F|  |TAMS 0x000000074ee00000, 0x000000074ee00000| Untracked 
| 632|0x000000074f000000, 0x000000074f000000, 0x000000074f200000|  0%| F|  |TAMS 0x000000074f000000, 0x000000074f000000| Untracked 
| 633|0x000000074f200000, 0x000000074f200000, 0x000000074f400000|  0%| F|  |TAMS 0x000000074f200000, 0x000000074f200000| Untracked 
| 634|0x000000074f400000, 0x000000074f400000, 0x000000074f600000|  0%| F|  |TAMS 0x000000074f400000, 0x000000074f400000| Untracked 
| 635|0x000000074f600000, 0x000000074f600000, 0x000000074f800000|  0%| F|  |TAMS 0x000000074f600000, 0x000000074f600000| Untracked 
| 636|0x000000074f800000, 0x000000074f800000, 0x000000074fa00000|  0%| F|  |TAMS 0x000000074f800000, 0x000000074f800000| Untracked 
| 637|0x000000074fa00000, 0x000000074fa00000, 0x000000074fc00000|  0%| F|  |TAMS 0x000000074fa00000, 0x000000074fa00000| Untracked 
| 638|0x000000074fc00000, 0x000000074fc00000, 0x000000074fe00000|  0%| F|  |TAMS 0x000000074fc00000, 0x000000074fc00000| Untracked 
| 639|0x000000074fe00000, 0x000000074fe00000, 0x0000000750000000|  0%| F|  |TAMS 0x000000074fe00000, 0x000000074fe00000| Untracked 
| 640|0x0000000750000000, 0x0000000750000000, 0x0000000750200000|  0%| F|  |TAMS 0x0000000750000000, 0x0000000750000000| Untracked 
| 641|0x0000000750200000, 0x0000000750200000, 0x0000000750400000|  0%| F|  |TAMS 0x0000000750200000, 0x0000000750200000| Untracked 
| 642|0x0000000750400000, 0x0000000750400000, 0x0000000750600000|  0%| F|  |TAMS 0x0000000750400000, 0x0000000750400000| Untracked 
| 723|0x000000075a600000, 0x000000075a600000, 0x000000075a800000|  0%| F|  |TAMS 0x000000075a600000, 0x000000075a600000| Untracked 
| 724|0x000000075a800000, 0x000000075a800000, 0x000000075aa00000|  0%| F|  |TAMS 0x000000075a800000, 0x000000075a800000| Untracked 
| 725|0x000000075aa00000, 0x000000075aa00000, 0x000000075ac00000|  0%| F|  |TAMS 0x000000075aa00000, 0x000000075aa00000| Untracked 
| 726|0x000000075ac00000, 0x000000075ac00000, 0x000000075ae00000|  0%| F|  |TAMS 0x000000075ac00000, 0x000000075ac00000| Untracked 
| 936|0x0000000775000000, 0x0000000775000000, 0x0000000775200000|  0%| F|  |TAMS 0x0000000775000000, 0x0000000775000000| Untracked 
| 937|0x0000000775200000, 0x0000000775200000, 0x0000000775400000|  0%| F|  |TAMS 0x0000000775200000, 0x0000000775200000| Untracked 
| 938|0x0000000775400000, 0x0000000775400000, 0x0000000775600000|  0%| F|  |TAMS 0x0000000775400000, 0x0000000775400000| Untracked 
| 939|0x0000000775600000, 0x0000000775600000, 0x0000000775800000|  0%| F|  |TAMS 0x0000000775600000, 0x0000000775600000| Untracked 
|1036|0x0000000781800000, 0x0000000781800000, 0x0000000781a00000|  0%| F|  |TAMS 0x0000000781800000, 0x0000000781800000| Untracked 
|1037|0x0000000781a00000, 0x0000000781a00000, 0x0000000781c00000|  0%| F|  |TAMS 0x0000000781a00000, 0x0000000781a00000| Untracked 
|1038|0x0000000781c00000, 0x0000000781c00000, 0x0000000781e00000|  0%| F|  |TAMS 0x0000000781c00000, 0x0000000781c00000| Untracked 
|1039|0x0000000781e00000, 0x0000000781e00000, 0x0000000782000000|  0%| F|  |TAMS 0x0000000781e00000, 0x0000000781e00000| Untracked 
|1040|0x0000000782000000, 0x0000000782000000, 0x0000000782200000|  0%| F|  |TAMS 0x0000000782000000, 0x0000000782000000| Untracked 
|1041|0x0000000782200000, 0x0000000782200000, 0x0000000782400000|  0%| F|  |TAMS 0x0000000782200000, 0x0000000782200000| Untracked 
|1042|0x0000000782400000, 0x0000000782400000, 0x0000000782600000|  0%| F|  |TAMS 0x0000000782400000, 0x0000000782400000| Untracked 
|1043|0x0000000782600000, 0x0000000782600000, 0x0000000782800000|  0%| F|  |TAMS 0x0000000782600000, 0x0000000782600000| Untracked 
|1201|0x0000000796200000, 0x0000000796200000, 0x0000000796400000|  0%| F|  |TAMS 0x0000000796200000, 0x0000000796200000| Untracked 

Card table byte_map: [0x000002e64e050000,0x000002e64e850000] _byte_map_base: 0x000002e64a850000

Marking Bits (Prev, Next): (CMBitMap*) 0x000002e636ce06d0, (CMBitMap*) 0x000002e636ce0690
 Prev Bits: [0x000002e653050000, 0x000002e657050000)
 Next Bits: [0x000002e64f050000, 0x000002e653050000)

Polling page: 0x000002e634c50000

Metaspace:

Usage:
  Non-class:    134.18 MB used.
      Class:     19.56 MB used.
       Both:    153.74 MB used.

Virtual space:
  Non-class space:      192.00 MB reserved,     135.62 MB ( 71%) committed,  3 nodes.
      Class space:        1.00 GB reserved,      21.00 MB (  2%) committed,  1 nodes.
             Both:        1.19 GB reserved,     156.62 MB ( 13%) committed. 

Chunk freelists:
   Non-Class:  8.07 MB
       Class:  11.22 MB
        Both:  19.29 MB

MaxMetaspaceSize: unlimited
CompressedClassSpaceSize: 1.00 GB
Initial GC threshold: 21.00 MB
Current GC threshold: 260.88 MB
CDS: on
MetaspaceReclaimPolicy: balanced
 - commit_granule_bytes: 65536.
 - commit_granule_words: 8192.
 - virtual_space_node_default_size: 8388608.
 - enlarge_chunks_in_place: 1.
 - new_chunks_are_fully_committed: 0.
 - uncommit_free_chunks: 1.
 - use_allocation_guard: 0.
 - handle_deallocations: 1.


Internal statistics:

num_allocs_failed_limit: 12.
num_arena_births: 4954.
num_arena_deaths: 476.
num_vsnodes_births: 4.
num_vsnodes_deaths: 0.
num_space_committed: 2503.
num_space_uncommitted: 0.
num_chunks_returned_to_freelist: 610.
num_chunks_taken_from_freelist: 13257.
num_chunk_merges: 238.
num_chunk_splits: 7592.
num_chunks_enlarged: 3611.
num_inconsistent_stats: 0.

CodeHeap 'non-profiled nmethods': size=120000Kb used=35956Kb max_used=35956Kb free=84043Kb
 bounds [0x000002e645ff0000, 0x000002e648310000, 0x000002e64d520000]
CodeHeap 'profiled nmethods': size=120000Kb used=67948Kb max_used=67948Kb free=52051Kb
 bounds [0x000002e63e520000, 0x000002e642780000, 0x000002e645a50000]
CodeHeap 'non-nmethods': size=5760Kb used=2566Kb max_used=2633Kb free=3193Kb
 bounds [0x000002e645a50000, 0x000002e645d00000, 0x000002e645ff0000]
 total_blobs=34530 nmethods=33415 adapters=1024
 compilation: enabled
              stopped_count=0, restarted_count=0
 full_count=0

Compilation events (20 events):
Event: 11119.778 Thread 0x000002e659a91390 44198       3       org.jetbrains.kotlin.gradle.plugin.mpp.compilationImpl.factory.DefaultKotlinCompilationDependencyConfigurationsFactory$WithRuntime::<init> (19 bytes)
Event: 11119.779 Thread 0x000002e659a91390 nmethod 44198 0x000002e64276a390 code [0x000002e64276a5c0, 0x000002e64276adb8]
Event: 11119.779 Thread 0x000002e659a91390 44199       3       org.jetbrains.kotlin.gradle.plugin.mpp.compilationImpl.factory.DefaultKotlinCompilationDependencyConfigurationsFactory$WithRuntime::<init> (17 bytes)
Event: 11119.780 Thread 0x000002e659a91390 nmethod 44199 0x000002e64276b090 code [0x000002e64276b2c0, 0x000002e64276b9f8]
Event: 11119.780 Thread 0x000002e659a91390 44200       3       org.jetbrains.kotlin.gradle.plugin.mpp.compilationImpl.factory.DefaultKotlinCompilationDependencyConfigurationsFactory::<init> (5 bytes)
Event: 11119.780 Thread 0x000002e659a91390 nmethod 44200 0x000002e64276bc90 code [0x000002e64276be40, 0x000002e64276bff8]
Event: 11119.780 Thread 0x000002e659a91390 44201       3       org.jetbrains.kotlin.gradle.plugin.mpp.compilationImpl.factory.DefaultKotlinCompilationDependencyConfigurationsFactory::<init> (5 bytes)
Event: 11119.780 Thread 0x000002e659a91390 nmethod 44201 0x000002e64276c110 code [0x000002e64276c2a0, 0x000002e64276c3f8]
Event: 11119.780 Thread 0x000002e659a91390 44194       3       com.android.build.api.artifact.impl.InAndOutDirectoryOperationRequestImpl::initializeTransform (54 bytes)
Event: 11119.782 Thread 0x000002e659a91390 nmethod 44194 0x000002e64276c490 code [0x000002e64276c7a0, 0x000002e64276d788]
Event: 11119.782 Thread 0x000002e659a91390 44195       3       com.android.build.api.artifact.impl.InAndOutDirectoryOperationRequestImpl$Companion::initializeInput (89 bytes)
Event: 11119.784 Thread 0x000002e659a91390 nmethod 44195 0x000002e64276de10 code [0x000002e64276e340, 0x000002e642770898]
Event: 11119.784 Thread 0x000002e659a91390 44203   !   3       org.jetbrains.kotlin.gradle.plugin.statistics.KotlinBuildStatisticsUtilsKt::collectProjectConfigurationTimeMetrics (685 bytes)
Event: 11119.791 Thread 0x000002e659a91390 nmethod 44203 0x000002e642771610 code [0x000002e642772000, 0x000002e642778358]
Event: 11120.293 Thread 0x000002e659a91390 44204       3       com.google.common.collect.ImmutableSet$Builder::<init> (31 bytes)
Event: 11120.294 Thread 0x000002e659a91390 nmethod 44204 0x000002e64277aa10 code [0x000002e64277ac00, 0x000002e64277b218]
Event: 11120.294 Thread 0x000002e659a91390 44205       3       com.google.common.collect.ImmutableSet$EmptySetBuilderImpl::instance (4 bytes)
Event: 11120.294 Thread 0x000002e659a91390 nmethod 44205 0x000002e640ab9790 code [0x000002e640ab9920, 0x000002e640ab9a18]
Event: 11120.308 Thread 0x000002e659a91390 44206       3       org.jetbrains.kotlin.gradle.utils.PluginManagerUtilsKt$isPluginApplied$3::<init> (12 bytes)
Event: 11120.309 Thread 0x000002e659a91390 nmethod 44206 0x000002e64277b410 code [0x000002e64277b5e0, 0x000002e64277bb48]

GC Heap History (20 events):
Event: 8095.659 GC heap after
{Heap after GC invocations=171 (full 0):
 garbage-first heap   total 1351680K, used 399924K [0x0000000700000000, 0x0000000800000000)
  region size 2048K, 4 young (8192K), 4 survivors (8192K)
 Metaspace       used 157046K, committed 160000K, reserved 1245184K
  class space    used 20087K, committed 21504K, reserved 1048576K
}
Event: 8101.943 GC heap before
{Heap before GC invocations=172 (full 0):
 garbage-first heap   total 1351680K, used 586292K [0x0000000700000000, 0x0000000800000000)
  region size 2048K, 107 young (219136K), 4 survivors (8192K)
 Metaspace       used 157205K, committed 160128K, reserved 1245184K
  class space    used 20063K, committed 21504K, reserved 1048576K
}
Event: 8102.024 GC heap after
{Heap after GC invocations=173 (full 0):
 garbage-first heap   total 1351680K, used 412727K [0x0000000700000000, 0x0000000800000000)
  region size 2048K, 14 young (28672K), 14 survivors (28672K)
 Metaspace       used 157205K, committed 160128K, reserved 1245184K
  class space    used 20063K, committed 21504K, reserved 1048576K
}
Event: 8102.536 GC heap before
{Heap before GC invocations=173 (full 0):
 garbage-first heap   total 1351680K, used 451639K [0x0000000700000000, 0x0000000800000000)
  region size 2048K, 33 young (67584K), 14 survivors (28672K)
 Metaspace       used 157214K, committed 160128K, reserved 1245184K
  class space    used 20063K, committed 21504K, reserved 1048576K
}
Event: 8102.678 GC heap after
{Heap after GC invocations=174 (full 0):
 garbage-first heap   total 1351680K, used 405216K [0x0000000700000000, 0x0000000800000000)
  region size 2048K, 5 young (10240K), 5 survivors (10240K)
 Metaspace       used 157214K, committed 160128K, reserved 1245184K
  class space    used 20063K, committed 21504K, reserved 1048576K
}
Event: 8104.907 GC heap before
{Heap before GC invocations=174 (full 0):
 garbage-first heap   total 1351680K, used 655072K [0x0000000700000000, 0x0000000800000000)
  region size 2048K, 127 young (260096K), 5 survivors (10240K)
 Metaspace       used 157317K, committed 160256K, reserved 1245184K
  class space    used 20064K, committed 21504K, reserved 1048576K
}
Event: 8104.977 GC heap after
{Heap after GC invocations=175 (full 0):
 garbage-first heap   total 1351680K, used 440320K [0x0000000700000000, 0x0000000800000000)
  region size 2048K, 16 young (32768K), 16 survivors (32768K)
 Metaspace       used 157317K, committed 160256K, reserved 1245184K
  class space    used 20064K, committed 21504K, reserved 1048576K
}
Event: 8105.871 GC heap before
{Heap before GC invocations=176 (full 0):
 garbage-first heap   total 1351680K, used 444416K [0x0000000700000000, 0x0000000800000000)
  region size 2048K, 33 young (67584K), 16 survivors (32768K)
 Metaspace       used 157327K, committed 160256K, reserved 1245184K
  class space    used 20064K, committed 21504K, reserved 1048576K
}
Event: 8105.975 GC heap after
{Heap after GC invocations=177 (full 0):
 garbage-first heap   total 1351680K, used 416170K [0x0000000700000000, 0x0000000800000000)
  region size 2048K, 3 young (6144K), 3 survivors (6144K)
 Metaspace       used 157327K, committed 160256K, reserved 1245184K
  class space    used 20064K, committed 21504K, reserved 1048576K
}
Event: 8106.964 GC heap before
{Heap before GC invocations=177 (full 0):
 garbage-first heap   total 1351680K, used 477610K [0x0000000700000000, 0x0000000800000000)
  region size 2048K, 33 young (67584K), 3 survivors (6144K)
 Metaspace       used 157352K, committed 160256K, reserved 1245184K
  class space    used 20066K, committed 21504K, reserved 1048576K
}
Event: 8106.996 GC heap after
{Heap after GC invocations=178 (full 0):
 garbage-first heap   total 1351680K, used 361252K [0x0000000700000000, 0x0000000800000000)
  region size 2048K, 3 young (6144K), 3 survivors (6144K)
 Metaspace       used 157352K, committed 160256K, reserved 1245184K
  class space    used 20066K, committed 21504K, reserved 1048576K
}
Event: 11111.685 GC heap before
{Heap before GC invocations=178 (full 0):
 garbage-first heap   total 1351680K, used 617251K [0x0000000700000000, 0x0000000800000000)
  region size 2048K, 130 young (266240K), 3 survivors (6144K)
 Metaspace       used 157405K, committed 160320K, reserved 1245184K
  class space    used 20066K, committed 21504K, reserved 1048576K
}
Event: 11112.829 GC heap after
{Heap after GC invocations=179 (full 0):
 garbage-first heap   total 1351680K, used 369043K [0x0000000700000000, 0x0000000800000000)
  region size 2048K, 7 young (14336K), 7 survivors (14336K)
 Metaspace       used 157405K, committed 160320K, reserved 1245184K
  class space    used 20066K, committed 21504K, reserved 1048576K
}
Event: 11117.462 GC heap before
{Heap before GC invocations=180 (full 0):
 garbage-first heap   total 1351680K, used 424339K [0x0000000700000000, 0x0000000800000000)
  region size 2048K, 33 young (67584K), 7 survivors (14336K)
 Metaspace       used 157180K, committed 160320K, reserved 1245184K
  class space    used 20027K, committed 21504K, reserved 1048576K
}
Event: 11117.531 GC heap after
{Heap after GC invocations=181 (full 0):
 garbage-first heap   total 1351680K, used 377674K [0x0000000700000000, 0x0000000800000000)
  region size 2048K, 5 young (10240K), 5 survivors (10240K)
 Metaspace       used 157180K, committed 160320K, reserved 1245184K
  class space    used 20027K, committed 21504K, reserved 1048576K
}
Event: 11118.348 GC heap before
{Heap before GC invocations=181 (full 0):
 garbage-first heap   total 1351680K, used 432970K [0x0000000700000000, 0x0000000800000000)
  region size 2048K, 33 young (67584K), 5 survivors (10240K)
 Metaspace       used 157312K, committed 160320K, reserved 1245184K
  class space    used 20027K, committed 21504K, reserved 1048576K
}
Event: 11118.404 GC heap after
{Heap after GC invocations=182 (full 0):
 garbage-first heap   total 1351680K, used 385950K [0x0000000700000000, 0x0000000800000000)
  region size 2048K, 5 young (10240K), 5 survivors (10240K)
 Metaspace       used 157312K, committed 160320K, reserved 1245184K
  class space    used 20027K, committed 21504K, reserved 1048576K
}
Event: 11119.194 GC heap before
{Heap before GC invocations=182 (full 0):
 garbage-first heap   total 1351680K, used 443294K [0x0000000700000000, 0x0000000800000000)
  region size 2048K, 33 young (67584K), 5 survivors (10240K)
 Metaspace       used 157321K, committed 160320K, reserved 1245184K
  class space    used 20027K, committed 21504K, reserved 1048576K
}
Event: 11119.257 GC heap after
{Heap after GC invocations=183 (full 0):
 garbage-first heap   total 1351680K, used 395233K [0x0000000700000000, 0x0000000800000000)
  region size 2048K, 5 young (10240K), 5 survivors (10240K)
 Metaspace       used 157321K, committed 160320K, reserved 1245184K
  class space    used 20027K, committed 21504K, reserved 1048576K
}
Event: 11120.309 GC heap before
{Heap before GC invocations=183 (full 0):
 garbage-first heap   total 1351680K, used 452577K [0x0000000700000000, 0x0000000800000000)
  region size 2048K, 33 young (67584K), 5 survivors (10240K)
 Metaspace       used 157432K, committed 160384K, reserved 1245184K
  class space    used 20027K, committed 21504K, reserved 1048576K
}

Deoptimization events (20 events):
Event: 11105.678 Thread 0x000002e6ae871d80 Uncommon trap: trap_request=0xffffffbe fr.pc=0x000002e6482d47fc relative=0x00000000000002dc
Event: 11105.678 Thread 0x000002e6ae871d80 Uncommon trap: reason=profile_predicate action=maybe_recompile pc=0x000002e6482d47fc method=sun.security.provider.HashDrbg.addBytes([BI[[B)V @ 36 c2
Event: 11105.678 Thread 0x000002e6ae871d80 DEOPT PACKING pc=0x000002e6482d47fc sp=0x000000f44c2fcd70
Event: 11105.678 Thread 0x000002e6ae871d80 DEOPT UNPACKING pc=0x000002e645aa23a3 sp=0x000000f44c2fccc0 mode 2
Event: 11105.678 Thread 0x000002e6ae871d80 Uncommon trap: trap_request=0xffffffbe fr.pc=0x000002e6482d47fc relative=0x00000000000002dc
Event: 11105.678 Thread 0x000002e6ae871d80 Uncommon trap: reason=profile_predicate action=maybe_recompile pc=0x000002e6482d47fc method=sun.security.provider.HashDrbg.addBytes([BI[[B)V @ 36 c2
Event: 11105.678 Thread 0x000002e6ae871d80 DEOPT PACKING pc=0x000002e6482d47fc sp=0x000000f44c2fcd70
Event: 11105.679 Thread 0x000002e6ae871d80 DEOPT UNPACKING pc=0x000002e645aa23a3 sp=0x000000f44c2fccc0 mode 2
Event: 11107.699 Thread 0x000002e6ae871d80 Uncommon trap: trap_request=0xffffffbe fr.pc=0x000002e6482d47fc relative=0x00000000000002dc
Event: 11107.699 Thread 0x000002e6ae871d80 Uncommon trap: reason=profile_predicate action=maybe_recompile pc=0x000002e6482d47fc method=sun.security.provider.HashDrbg.addBytes([BI[[B)V @ 36 c2
Event: 11107.699 Thread 0x000002e6ae871d80 DEOPT PACKING pc=0x000002e6482d47fc sp=0x000000f44c2f6f80
Event: 11107.699 Thread 0x000002e6ae871d80 DEOPT UNPACKING pc=0x000002e645aa23a3 sp=0x000000f44c2f6ed0 mode 2
Event: 11118.102 Thread 0x000002e6ae871d80 Uncommon trap: trap_request=0xffffffd6 fr.pc=0x000002e647fb4fec relative=0x00000000000010ec
Event: 11118.102 Thread 0x000002e6ae871d80 Uncommon trap: reason=array_check action=maybe_recompile pc=0x000002e647fb4fec method=java.util.ComparableTimSort.mergeLo(IIII)V @ 240 c2
Event: 11118.102 Thread 0x000002e6ae871d80 DEOPT PACKING pc=0x000002e647fb4fec sp=0x000000f44c2f88f0
Event: 11118.104 Thread 0x000002e6ae871d80 DEOPT UNPACKING pc=0x000002e645aa23a3 sp=0x000000f44c2f88a8 mode 2
Event: 11119.183 Thread 0x000002e6ae871d80 Uncommon trap: trap_request=0xffffffcc fr.pc=0x000002e6482fd648 relative=0x0000000000000e28
Event: 11119.183 Thread 0x000002e6ae871d80 Uncommon trap: reason=intrinsic_or_type_checked_inlining action=make_not_entrant pc=0x000002e6482fd648 method=java.util.ComparableTimSort.mergeLo(IIII)V @ 652 c2
Event: 11119.183 Thread 0x000002e6ae871d80 DEOPT PACKING pc=0x000002e6482fd648 sp=0x000000f44c2f88d0
Event: 11119.183 Thread 0x000002e6ae871d80 DEOPT UNPACKING pc=0x000002e645aa23a3 sp=0x000000f44c2f8898 mode 2

Classes unloaded (20 events):
Event: 11114.984 Thread 0x000002e659a4b900 Unloading class 0x000002e65c3ed400 'jdk/internal/reflect/GeneratedSerializationConstructorAccessor117'
Event: 11114.984 Thread 0x000002e659a4b900 Unloading class 0x000002e65c3ed000 'jdk/internal/reflect/GeneratedSerializationConstructorAccessor116'
Event: 11114.984 Thread 0x000002e659a4b900 Unloading class 0x000002e65c3ecc00 'jdk/internal/reflect/GeneratedSerializationConstructorAccessor115'
Event: 11114.984 Thread 0x000002e659a4b900 Unloading class 0x000002e65c3ec800 'jdk/internal/reflect/GeneratedSerializationConstructorAccessor114'
Event: 11114.984 Thread 0x000002e659a4b900 Unloading class 0x000002e65c3ec400 'jdk/internal/reflect/GeneratedSerializationConstructorAccessor113'
Event: 11114.984 Thread 0x000002e659a4b900 Unloading class 0x000002e65c3dc400 'jdk/internal/reflect/GeneratedSerializationConstructorAccessor112'
Event: 11114.984 Thread 0x000002e659a4b900 Unloading class 0x000002e65c3dc000 'jdk/internal/reflect/GeneratedSerializationConstructorAccessor111'
Event: 11114.984 Thread 0x000002e659a4b900 Unloading class 0x000002e65c383800 'jdk/internal/reflect/GeneratedMethodAccessor552'
Event: 11114.985 Thread 0x000002e659a4b900 Unloading class 0x000002e65c383400 'jdk/internal/reflect/GeneratedSerializationConstructorAccessor110'
Event: 11114.985 Thread 0x000002e659a4b900 Unloading class 0x000002e65c382c00 'jdk/internal/reflect/GeneratedMethodAccessor550'
Event: 11114.985 Thread 0x000002e659a4b900 Unloading class 0x000002e65c382800 'jdk/internal/reflect/GeneratedSerializationConstructorAccessor109'
Event: 11114.985 Thread 0x000002e659a4b900 Unloading class 0x000002e65c382400 'jdk/internal/reflect/GeneratedSerializationConstructorAccessor108'
Event: 11114.985 Thread 0x000002e659a4b900 Unloading class 0x000002e65c382000 'jdk/internal/reflect/GeneratedSerializationConstructorAccessor107'
Event: 11114.985 Thread 0x000002e659a4b900 Unloading class 0x000002e65c381c00 'jdk/internal/reflect/GeneratedMethodAccessor549'
Event: 11114.985 Thread 0x000002e659a4b900 Unloading class 0x000002e65c381400 'jdk/internal/reflect/GeneratedSerializationConstructorAccessor106'
Event: 11114.985 Thread 0x000002e659a4b900 Unloading class 0x000002e65c381000 'jdk/internal/reflect/GeneratedSerializationConstructorAccessor105'
Event: 11114.985 Thread 0x000002e659a4b900 Unloading class 0x000002e65c380c00 'jdk/internal/reflect/GeneratedSerializationConstructorAccessor104'
Event: 11114.985 Thread 0x000002e659a4b900 Unloading class 0x000002e65c380800 'jdk/internal/reflect/GeneratedSerializationConstructorAccessor103'
Event: 11114.985 Thread 0x000002e659a4b900 Unloading class 0x000002e65c380400 'jdk/internal/reflect/GeneratedSerializationConstructorAccessor102'
Event: 11114.985 Thread 0x000002e659a4b900 Unloading class 0x000002e65c380000 'jdk/internal/reflect/GeneratedSerializationConstructorAccessor101'

Classes redefined (0 events):
No events

Internal exceptions (20 events):
Event: 11108.871 Thread 0x000002e6ae871d80 Exception <a 'sun/nio/fs/WindowsException'{0x0000000744b2e500}> (0x0000000744b2e500) 
thrown [s\open\src\hotspot\share\prims\jni.cpp, line 516]
Event: 11108.872 Thread 0x000002e6ae871d80 Exception <a 'sun/nio/fs/WindowsException'{0x0000000744b2e788}> (0x0000000744b2e788) 
thrown [s\open\src\hotspot\share\prims\jni.cpp, line 516]
Event: 11108.874 Thread 0x000002e6ae871d80 Exception <a 'sun/nio/fs/WindowsException'{0x0000000744b317c0}> (0x0000000744b317c0) 
thrown [s\open\src\hotspot\share\prims\jni.cpp, line 516]
Event: 11108.875 Thread 0x000002e6ae871d80 Exception <a 'sun/nio/fs/WindowsException'{0x0000000744b31b40}> (0x0000000744b31b40) 
thrown [s\open\src\hotspot\share\prims\jni.cpp, line 516]
Event: 11108.875 Thread 0x000002e6ae871d80 Exception <a 'sun/nio/fs/WindowsException'{0x0000000744b35700}> (0x0000000744b35700) 
thrown [s\open\src\hotspot\share\prims\jni.cpp, line 516]
Event: 11108.875 Thread 0x000002e6ae871d80 Exception <a 'sun/nio/fs/WindowsException'{0x0000000744b35a80}> (0x0000000744b35a80) 
thrown [s\open\src\hotspot\share\prims\jni.cpp, line 516]
Event: 11111.497 Thread 0x000002e6a5bda970 Exception <a 'sun/nio/fs/WindowsException'{0x0000000742d89670}> (0x0000000742d89670) 
thrown [s\open\src\hotspot\share\prims\jni.cpp, line 516]
Event: 11111.498 Thread 0x000002e6a5bda970 Exception <a 'sun/nio/fs/WindowsException'{0x0000000742d8b5e0}> (0x0000000742d8b5e0) 
thrown [s\open\src\hotspot\share\prims\jni.cpp, line 516]
Event: 11111.499 Thread 0x000002e6a5bda970 Exception <a 'sun/nio/fs/WindowsException'{0x0000000742d8d778}> (0x0000000742d8d778) 
thrown [s\open\src\hotspot\share\prims\jni.cpp, line 516]
Event: 11111.499 Thread 0x000002e6a5bda970 Exception <a 'sun/nio/fs/WindowsException'{0x0000000742d8f330}> (0x0000000742d8f330) 
thrown [s\open\src\hotspot\share\prims\jni.cpp, line 516]
Event: 11111.506 Thread 0x000002e6a5bda970 Exception <a 'sun/nio/fs/WindowsException'{0x0000000742d980e8}> (0x0000000742d980e8) 
thrown [s\open\src\hotspot\share\prims\jni.cpp, line 516]
Event: 11111.571 Thread 0x000002e6a5bda460 Exception <a 'sun/nio/fs/WindowsException'{0x0000000742bd9e28}> (0x0000000742bd9e28) 
thrown [s\open\src\hotspot\share\prims\jni.cpp, line 516]
Event: 11111.575 Thread 0x000002e6a5bda460 Exception <a 'sun/nio/fs/WindowsException'{0x0000000742bdbe40}> (0x0000000742bdbe40) 
thrown [s\open\src\hotspot\share\prims\jni.cpp, line 516]
Event: 11111.575 Thread 0x000002e6a5bda460 Exception <a 'sun/nio/fs/WindowsException'{0x0000000742bddda8}> (0x0000000742bddda8) 
thrown [s\open\src\hotspot\share\prims\jni.cpp, line 516]
Event: 11111.577 Thread 0x000002e6a5bda460 Exception <a 'sun/nio/fs/WindowsException'{0x0000000742bdf9d8}> (0x0000000742bdf9d8) 
thrown [s\open\src\hotspot\share\prims\jni.cpp, line 516]
Event: 11113.732 Thread 0x000002e6adff6e90 Exception <a 'sun/nio/fs/WindowsException'{0x0000000781976990}> (0x0000000781976990) 
thrown [s\open\src\hotspot\share\prims\jni.cpp, line 516]
Event: 11113.735 Thread 0x000002e6adff6e90 Exception <a 'sun/nio/fs/WindowsException'{0x0000000781978cf8}> (0x0000000781978cf8) 
thrown [s\open\src\hotspot\share\prims\jni.cpp, line 516]
Event: 11113.735 Thread 0x000002e6adff6e90 Exception <a 'sun/nio/fs/WindowsException'{0x000000078197af90}> (0x000000078197af90) 
thrown [s\open\src\hotspot\share\prims\jni.cpp, line 516]
Event: 11113.736 Thread 0x000002e6adff6e90 Exception <a 'sun/nio/fs/WindowsException'{0x000000078197cf20}> (0x000000078197cf20) 
thrown [s\open\src\hotspot\share\prims\jni.cpp, line 516]
Event: 11114.169 Thread 0x000002e6ae871d80 Exception <a 'sun/nio/fs/WindowsException'{0x000000075a648bc0}> (0x000000075a648bc0) 
thrown [s\open\src\hotspot\share\prims\jni.cpp, line 516]

VM Operations (20 events):
Event: 11110.636 Executing VM operation: Cleanup done
Event: 11111.650 Executing VM operation: Cleanup
Event: 11111.650 Executing VM operation: Cleanup done
Event: 11111.684 Executing VM operation: G1TryInitiateConcMark
Event: 11112.829 Executing VM operation: G1TryInitiateConcMark done
Event: 11113.837 Executing VM operation: Cleanup
Event: 11113.853 Executing VM operation: Cleanup done
Event: 11114.866 Executing VM operation: Cleanup
Event: 11114.873 Executing VM operation: Cleanup done
Event: 11114.966 Executing VM operation: G1Concurrent
Event: 11116.693 Executing VM operation: G1Concurrent done
Event: 11117.082 Executing VM operation: G1Concurrent
Event: 11117.415 Executing VM operation: G1Concurrent done
Event: 11117.436 Executing VM operation: G1CollectForAllocation
Event: 11117.531 Executing VM operation: G1CollectForAllocation done
Event: 11118.348 Executing VM operation: G1CollectForAllocation
Event: 11118.405 Executing VM operation: G1CollectForAllocation done
Event: 11119.194 Executing VM operation: G1CollectForAllocation
Event: 11119.257 Executing VM operation: G1CollectForAllocation done
Event: 11120.309 Executing VM operation: G1CollectForAllocation

Events (20 events):
Event: 11113.962 Thread 0x000002e6a5190f20 Thread added: 0x000002e6a5190f20
Event: 11113.963 Thread 0x000002e6a5196a40 Thread added: 0x000002e6a5196a40
Event: 11113.964 Thread 0x000002e6a5191430 Thread added: 0x000002e6a5191430
Event: 11114.305 Thread 0x000002e6a518f5d0 Thread added: 0x000002e6a518f5d0
Event: 11114.475 Thread 0x000002e6a5198390 Thread added: 0x000002e6a5198390
Event: 11116.974 Thread 0x000002e6a51950f0 Thread added: 0x000002e6a51950f0
Event: 11116.974 Thread 0x000002e6a5197460 Thread added: 0x000002e6a5197460
Event: 11116.974 Thread 0x000002e6a5197970 Thread added: 0x000002e6a5197970
Event: 11116.975 Thread 0x000002e6a5197e80 Thread added: 0x000002e6a5197e80
Event: 11116.975 Thread 0x000002e6a51988a0 Thread added: 0x000002e6a51988a0
Event: 11116.975 Thread 0x000002e6a5198db0 Thread added: 0x000002e6a5198db0
Event: 11116.975 Thread 0x000002e6a5191940 Thread added: 0x000002e6a5191940
Event: 11117.059 Thread 0x000002e6a58bb7b0 Thread added: 0x000002e6a58bb7b0
Event: 11117.061 Thread 0x000002e6a58bad90 Thread added: 0x000002e6a58bad90
Event: 11117.061 Thread 0x000002e6a58be540 Thread added: 0x000002e6a58be540
Event: 11117.062 Thread 0x000002e6a58bb2a0 Thread added: 0x000002e6a58bb2a0
Event: 11117.062 Thread 0x000002e6a58bdb20 Thread added: 0x000002e6a58bdb20
Event: 11118.786 Thread 0x000002e6a5bde490 Thread added: 0x000002e6a5bde490
Event: 11118.804 Thread 0x000002e6a46385d0 Thread added: 0x000002e6a46385d0
Event: 11118.804 Thread 0x000002e6a4639a10 Thread added: 0x000002e6a4639a10


Dynamic libraries:
0x00007ff77d980000 - 0x00007ff77d990000 	C:\Program Files\Java\jdk-17\bin\java.exe
0x00007ffd2e3f0000 - 0x00007ffd2e607000 	C:\WINDOWS\SYSTEM32\ntdll.dll
0x00007ffd2dfd0000 - 0x00007ffd2e094000 	C:\WINDOWS\System32\KERNEL32.DLL
0x00007ffd2bcb0000 - 0x00007ffd2c080000 	C:\WINDOWS\System32\KERNELBASE.dll
0x00007ffd2b760000 - 0x00007ffd2b871000 	C:\WINDOWS\System32\ucrtbase.dll
0x00007ffd26e30000 - 0x00007ffd26e49000 	C:\Program Files\Java\jdk-17\bin\jli.dll
0x00007ffd1dc00000 - 0x00007ffd1dc1b000 	C:\Program Files\Java\jdk-17\bin\VCRUNTIME140.dll
0x00007ffd2dd20000 - 0x00007ffd2ddd1000 	C:\WINDOWS\System32\ADVAPI32.dll
0x00007ffd2e1d0000 - 0x00007ffd2e277000 	C:\WINDOWS\System32\msvcrt.dll
0x00007ffd2e300000 - 0x00007ffd2e3a8000 	C:\WINDOWS\System32\sechost.dll
0x00007ffd2bc80000 - 0x00007ffd2bca8000 	C:\WINDOWS\System32\bcrypt.dll
0x00007ffd2c0b0000 - 0x00007ffd2c1c8000 	C:\WINDOWS\System32\RPCRT4.dll
0x00007ffd2d2b0000 - 0x00007ffd2d461000 	C:\WINDOWS\System32\USER32.dll
0x00007ffd2bc50000 - 0x00007ffd2bc76000 	C:\WINDOWS\System32\win32u.dll
0x00007ffd14f20000 - 0x00007ffd151bc000 	C:\WINDOWS\WinSxS\amd64_microsoft.windows.common-controls_6595b64144ccf1df_6.0.22621.5840_none_2710ea077384a4fe\COMCTL32.dll
0x00007ffd2c080000 - 0x00007ffd2c0a9000 	C:\WINDOWS\System32\GDI32.dll
0x00007ffd2b880000 - 0x00007ffd2b9a3000 	C:\WINDOWS\System32\gdi32full.dll
0x00007ffd2bbb0000 - 0x00007ffd2bc4a000 	C:\WINDOWS\System32\msvcp_win.dll
0x00007ffd224c0000 - 0x00007ffd224ca000 	C:\WINDOWS\SYSTEM32\VERSION.dll
0x00007ffd2ddf0000 - 0x00007ffd2de21000 	C:\WINDOWS\System32\IMM32.DLL
0x00007ffd20a40000 - 0x00007ffd20a4c000 	C:\Program Files\Java\jdk-17\bin\vcruntime140_1.dll
0x00007ffcaa950000 - 0x00007ffcaa9de000 	C:\Program Files\Java\jdk-17\bin\msvcp140.dll
0x00007ffc52160000 - 0x00007ffc52d40000 	C:\Program Files\Java\jdk-17\bin\server\jvm.dll
0x00007ffd2d290000 - 0x00007ffd2d298000 	C:\WINDOWS\System32\PSAPI.DLL
0x00007ffd0a320000 - 0x00007ffd0a329000 	C:\WINDOWS\SYSTEM32\WSOCK32.dll
0x00007ffd26c50000 - 0x00007ffd26c84000 	C:\WINDOWS\SYSTEM32\WINMM.dll
0x00007ffd2ca60000 - 0x00007ffd2cad1000 	C:\WINDOWS\System32\WS2_32.dll
0x00007ffd2a4c0000 - 0x00007ffd2a4d8000 	C:\WINDOWS\SYSTEM32\kernel.appcore.dll
0x00007ffd1fd30000 - 0x00007ffd1fd3a000 	C:\Program Files\Java\jdk-17\bin\jimage.dll
0x00007ffd23ea0000 - 0x00007ffd240d3000 	C:\WINDOWS\SYSTEM32\DBGHELP.DLL
0x00007ffd2cdf0000 - 0x00007ffd2d181000 	C:\WINDOWS\System32\combase.dll
0x00007ffd2e0a0000 - 0x00007ffd2e178000 	C:\WINDOWS\System32\OLEAUT32.dll
0x00007ffd0c0a0000 - 0x00007ffd0c0d2000 	C:\WINDOWS\SYSTEM32\dbgcore.DLL
0x00007ffd2b660000 - 0x00007ffd2b6db000 	C:\WINDOWS\System32\bcryptPrimitives.dll
0x00007ffcd37c0000 - 0x00007ffcd37ce000 	C:\Program Files\Java\jdk-17\bin\instrument.dll
0x00007ffcdff40000 - 0x00007ffcdff65000 	C:\Program Files\Java\jdk-17\bin\java.dll
0x00007ffca8a10000 - 0x00007ffca8ae7000 	C:\Program Files\Java\jdk-17\bin\jsvml.dll
0x00007ffd2d470000 - 0x00007ffd2dd11000 	C:\WINDOWS\System32\SHELL32.dll
0x00007ffd2b9b0000 - 0x00007ffd2baef000 	C:\WINDOWS\System32\wintypes.dll
0x00007ffd293c0000 - 0x00007ffd29cda000 	C:\WINDOWS\SYSTEM32\windows.storage.dll
0x00007ffd2c1f0000 - 0x00007ffd2c2fa000 	C:\WINDOWS\System32\SHCORE.dll
0x00007ffd2c4c0000 - 0x00007ffd2c529000 	C:\WINDOWS\System32\shlwapi.dll
0x00007ffd2b420000 - 0x00007ffd2b445000 	C:\WINDOWS\SYSTEM32\profapi.dll
0x00007ffcd37d0000 - 0x00007ffcd37e8000 	C:\Program Files\Java\jdk-17\bin\zip.dll
0x00007ffd13c60000 - 0x00007ffd13c79000 	C:\Program Files\Java\jdk-17\bin\net.dll
0x00007ffd28120000 - 0x00007ffd2824c000 	C:\WINDOWS\SYSTEM32\WINHTTP.dll
0x00007ffd2a9a0000 - 0x00007ffd2aa09000 	C:\WINDOWS\system32\mswsock.dll
0x00007ffcda1c0000 - 0x00007ffcda1d6000 	C:\Program Files\Java\jdk-17\bin\nio.dll
0x00007ffd1db10000 - 0x00007ffd1db20000 	C:\Program Files\Java\jdk-17\bin\verify.dll
0x00007ffcaa7c0000 - 0x00007ffcaa7e7000 	C:\Users\NAGARAJU\.gradle\native\1def1411415f61bf3af743bc5b6707747c0891f09f0c88961ee8f79bc544acac\windows-amd64\native-platform.dll
0x00007ffc92c70000 - 0x00007ffc92ce8000 	C:\Users\NAGARAJU\.gradle\native\0.2.7\x86_64-windows-gnu\gradle-fileevents.dll
0x00007ffce5eb0000 - 0x00007ffce5eba000 	C:\Program Files\Java\jdk-17\bin\management.dll
0x00007ffcdff30000 - 0x00007ffcdff3b000 	C:\Program Files\Java\jdk-17\bin\management_ext.dll
0x00007ffd29f40000 - 0x00007ffd29f6d000 	C:\WINDOWS\SYSTEM32\IPHLPAPI.DLL
0x00007ffd2cde0000 - 0x00007ffd2cde9000 	C:\WINDOWS\System32\NSI.dll
0x00007ffd27100000 - 0x00007ffd27119000 	C:\WINDOWS\SYSTEM32\dhcpcsvc6.DLL
0x00007ffd26f30000 - 0x00007ffd26f4f000 	C:\WINDOWS\SYSTEM32\dhcpcsvc.DLL
0x00007ffd29fb0000 - 0x00007ffd2a0a8000 	C:\WINDOWS\SYSTEM32\DNSAPI.dll
0x00007ffd2abf0000 - 0x00007ffd2ac0b000 	C:\WINDOWS\SYSTEM32\CRYPTSP.dll
0x00007ffd2a420000 - 0x00007ffd2a457000 	C:\WINDOWS\system32\rsaenh.dll
0x00007ffd2aa90000 - 0x00007ffd2aab8000 	C:\WINDOWS\SYSTEM32\USERENV.dll
0x00007ffd2ac10000 - 0x00007ffd2ac1c000 	C:\WINDOWS\SYSTEM32\CRYPTBASE.dll
0x00007ffcdb700000 - 0x00007ffcdb70e000 	C:\Program Files\Java\jdk-17\bin\sunmscapi.dll
0x00007ffd2b4f0000 - 0x00007ffd2b658000 	C:\WINDOWS\System32\CRYPT32.dll
0x00007ffd2adb0000 - 0x00007ffd2addd000 	C:\WINDOWS\SYSTEM32\ncrypt.dll
0x00007ffd2ad70000 - 0x00007ffd2ada7000 	C:\WINDOWS\SYSTEM32\NTASN1.dll
0x00007ffccef50000 - 0x00007ffccef58000 	C:\WINDOWS\system32\wshunix.dll
0x00007ffd270f0000 - 0x00007ffd270fa000 	C:\Windows\System32\rasadhlp.dll
0x00007ffd239a0000 - 0x00007ffd23a24000 	C:\WINDOWS\System32\fwpuclnt.dll
0x00007ffd26aa0000 - 0x00007ffd26b37000 	C:\WINDOWS\system32\apphelp.dll
0x00007ffd2a5d0000 - 0x00007ffd2a604000 	C:\WINDOWS\SYSTEM32\ntmarta.dll

dbghelp: loaded successfully - version: 4.0.5 - missing functions: none
symbol engine: initialized successfully - sym options: 0x614 - pdb path: .;C:\Program Files\Java\jdk-17\bin;C:\WINDOWS\SYSTEM32;C:\WINDOWS\WinSxS\amd64_microsoft.windows.common-controls_6595b64144ccf1df_6.0.22621.5840_none_2710ea077384a4fe;C:\Program Files\Java\jdk-17\bin\server;C:\Users\NAGARAJU\.gradle\native\1def1411415f61bf3af743bc5b6707747c0891f09f0c88961ee8f79bc544acac\windows-amd64;C:\Users\NAGARAJU\.gradle\native\0.2.7\x86_64-windows-gnu

VM Arguments:
jvm_args: --add-opens=java.base/java.lang=ALL-UNNAMED --add-opens=java.base/java.lang.invoke=ALL-UNNAMED --add-opens=java.base/java.util=ALL-UNNAMED --add-opens=java.prefs/java.util.prefs=ALL-UNNAMED --add-exports=jdk.compiler/com.sun.tools.javac.api=ALL-UNNAMED --add-exports=jdk.compiler/com.sun.tools.javac.util=ALL-UNNAMED --add-opens=java.base/java.util=ALL-UNNAMED --add-opens=java.prefs/java.util.prefs=ALL-UNNAMED --add-opens=java.base/java.nio.charset=ALL-UNNAMED --add-opens=java.base/java.net=ALL-UNNAMED --add-opens=java.base/java.util.concurrent.atomic=ALL-UNNAMED --add-opens=java.xml/javax.xml.namespace=ALL-UNNAMED -Xmx4096m -Dfile.encoding=UTF-8 -Duser.country=IN -Duser.language=en -Duser.variant -javaagent:C:\Users\NAGARAJU\.gradle\wrapper\dists\gradle-8.14.1-bin\baw1sv0jfoi8rxs14qo3h49cs\gradle-8.14.1\lib\agents\gradle-instrumentation-agent-8.14.1.jar 
java_command: org.gradle.launcher.daemon.bootstrap.GradleDaemon 8.14.1
java_class_path (initial): C:\Users\NAGARAJU\.gradle\wrapper\dists\gradle-8.14.1-bin\baw1sv0jfoi8rxs14qo3h49cs\gradle-8.14.1\lib\gradle-daemon-main-8.14.1.jar
Launcher Type: SUN_STANDARD

[Global flags]
     intx CICompilerCount                          = 4                                         {product} {ergonomic}
     uint ConcGCThreads                            = 2                                         {product} {ergonomic}
     uint G1ConcRefinementThreads                  = 8                                         {product} {ergonomic}
   size_t G1HeapRegionSize                         = 2097152                                   {product} {ergonomic}
    uintx GCDrainStackTargetSize                   = 64                                        {product} {ergonomic}
   size_t InitialHeapSize                          = 123731968                                 {product} {ergonomic}
   size_t MarkStackSize                            = 4194304                                   {product} {ergonomic}
   size_t MaxHeapSize                              = 4294967296                                {product} {command line}
   size_t MaxNewSize                               = 2575302656                                {product} {ergonomic}
   size_t MinHeapDeltaBytes                        = 2097152                                   {product} {ergonomic}
   size_t MinHeapSize                              = 8388608                                   {product} {ergonomic}
    uintx NonNMethodCodeHeapSize                   = 5839372                                {pd product} {ergonomic}
    uintx NonProfiledCodeHeapSize                  = 122909434                              {pd product} {ergonomic}
    uintx ProfiledCodeHeapSize                     = 122909434                              {pd product} {ergonomic}
    uintx ReservedCodeCacheSize                    = 251658240                              {pd product} {ergonomic}
     bool SegmentedCodeCache                       = true                                      {product} {ergonomic}
   size_t SoftMaxHeapSize                          = 4294967296                             {manageable} {ergonomic}
     bool UseCompressedClassPointers               = true                           {product lp64_product} {ergonomic}
     bool UseCompressedOops                        = true                           {product lp64_product} {ergonomic}
     bool UseG1GC                                  = true                                      {product} {ergonomic}
     bool UseLargePagesIndividualAllocation        = false                                  {pd product} {ergonomic}

Logging:
Log output configuration:
 #0: stdout all=warning uptime,level,tags
 #1: stderr all=off uptime,level,tags

Environment Variables:
JAVA_HOME=C:\Program Files\Java\jdk-17
PATH=C:\zynnative\DocApp-CLI\node_modules\.bin;C:\zynnative\DocApp-CLI\node_modules\.bin;C:\zynnative\node_modules\.bin;C:\node_modules\.bin;C:\Users\NAGARAJU\AppData\Roaming\npm\node_modules\npm\node_modules\@npmcli\run-script\lib\node-gyp-bin;C:\Program Files\Eclipse Adoptium\jdk-11.0.26.4-hotspot\bin;C:\Program Files\Eclipse Adoptium\jdk-17.0.14.7-hotspot\bin;C:\Program Files\Java\jdk-17\bin;C:\Program Files\nodejs;E:\Android\Sdk\platform-tools;E:\Android\Sdk\emulator;E:\Android\Sdk\cmdline-tools\latest\bin;E:\Android\Sdk\platform-tools;E:\Android\Sdk\emulator;E:\Android\Sdk\cmdline-tools\latest\bin;C:\Users\NAGARAJU\AppData\Local\Android\Sdk\platform-tools;C:\Users\NAGARAJU\AppData\Local\Android\Sdk\emulator;C:\Users\NAGARAJU\AppData\Local\Android\Sdk\cmdline-tools\latest\bin;C:\Users\NAGARAJU\AppData\Local\Android\Sdk\platform-tools;C:\Users\NAGARAJU\AppData\Local\Android\Sdk\platform-tools;C:\Users\NAGARAJU\AppData\Local\Android\Sdk\platform-tools;C:\Users\NAGARAJU\AppData\Local\Android\Sdk\emulator;C:\Users\NAGARAJU\AppData\Local\Android\Sdk\cmdline-tools\latest\bin;C:\Users\NAGARAJU\AppData\Local\Android\Sdk\platform-tools;C:\Users\NAGARAJU\AppData\Local\Android\Sdk\emulator;C:\Users\NAGARAJU\AppData\Local\Android\Sdk\cmdline-tools\latest\bin;C:\Users\NAGARAJU\AppData\Local\Android\Sdk\platform-tools;C:\Users\NAGARAJU\AppData\Local\Android\Sdk\emulator;C:\Users\NAGARAJU\AppData\Local\Android\Sdk\cmdline-tools\latest\bin;C:\Program Files\Eclipse Adoptium\jdk-11.0.26.4-hotspot\bin;C:\Program Files\Eclipse Adoptium\jdk-17.0.14.7-hotspot\bin;C:\Program Files\Java\jdk-17\bin;C:\Program Files\nodejs;E:\Android\Sdk\platform-tools;E:\Android\Sdk\emulator;E:\Android\Sdk\cmdline-tools\latest\bin;E:\Android\Sdk\platform-tools;E:\Android\Sdk\emulator;E:\Android\Sdk\cmdline-tools\latest\bin;C:\Users\NAGARAJU\AppData\Local\Android\Sdk\platform-tools;C:\Users\NAGARAJU\AppData\Local\Android\Sdk\emulator;C:\Users\NAGARAJU\AppData\Local\Android\Sdk\cmdline-tools\latest\bin;C:\Us
USERNAME=NAGARAJU
OS=Windows_NT
PROCESSOR_IDENTIFIER=AMD64 Family 23 Model 104 Stepping 1, AuthenticAMD



---------------  S Y S T E M  ---------------

OS:
 Windows 11 , 64 bit Build 22621 (10.0.22621.5415)
OS uptime: 3 days 3:18 hours

CPU: total 8 (initial active 8) (8 cores per cpu, 2 threads per core) family 23 model 104 stepping 1 microcode 0x0, cx8, cmov, fxsr, ht, mmx, 3dnowpref, sse, sse2, sse3, ssse3, sse4a, sse4.1, sse4.2, popcnt, lzcnt, tsc, tscinvbit, avx, avx2, aes, clmul, bmi1, bmi2, adx, sha, fma, vzeroupper, clflush, clflushopt

Memory: 4k page, system-wide physical 7502M (245M free)
TotalPageFile size 28003M (AvailPageFile size 116M)
current process WorkingSet (physical memory assigned to process): 816M, peak: 1483M
current process commit charge ("private bytes"): 1904M, peak: 3012M

vm_info: Java HotSpot(TM) 64-Bit Server VM (17.0.12+8-LTS-286) for windows-amd64 JRE (17.0.12+8-LTS-286), built on Jun  5 2024 06:46:59 by "mach5one" with MS VC++ 17.6 (VS2022)

END.
