#
# There is insufficient memory for the Java Runtime Environment to continue.
# Native memory allocation (mmap) failed to map 9207808 bytes for G1 virtual space
# Possible reasons:
#   The system is out of physical RAM or swap space
#   The process is running with CompressedOops enabled, and the Java Heap may be blocking the growth of the native heap
# Possible solutions:
#   Reduce memory load on the system
#   Increase physical memory or swap space
#   Check if swap backing store is full
#   Decrease Java heap size (-Xmx/-Xms)
#   Decrease number of Java threads
#   Decrease Java thread stack sizes (-Xss)
#   Set larger code cache with -XX:ReservedCodeCacheSize=
#   JVM is running with Zero Based Compressed Oops mode in which the Java heap is
#     placed in the first 32GB address space. The Java Heap base address is the
#     maximum limit for the native heap growth. Please use -XX:HeapBaseMinAddress
#     to set the Java Heap base and to place the Java Heap above 32GB virtual address.
# This output file may be truncated or incomplete.
#
#  Out of Memory Error (os_windows.cpp:3548), pid=13060, tid=13404
#
# JRE version: Java(TM) SE Runtime Environment (17.0.12+8) (build 17.0.12+8-LTS-286)
# Java VM: Java HotSpot(TM) 64-Bit Server VM (17.0.12+8-LTS-286, mixed mode, sharing, tiered, compressed oops, compressed class ptrs, g1 gc, windows-amd64)
# No core dump will be written. Minidumps are not enabled by default on client versions of Windows
#

---------------  S U M M A R Y ------------

Command Line: --add-opens=java.base/java.lang=ALL-UNNAMED --add-opens=java.base/java.lang.invoke=ALL-UNNAMED --add-opens=java.base/java.util=ALL-UNNAMED --add-opens=java.prefs/java.util.prefs=ALL-UNNAMED --add-exports=jdk.compiler/com.sun.tools.javac.api=ALL-UNNAMED --add-exports=jdk.compiler/com.sun.tools.javac.util=ALL-UNNAMED --add-opens=java.base/java.util=ALL-UNNAMED --add-opens=java.prefs/java.util.prefs=ALL-UNNAMED --add-opens=java.base/java.nio.charset=ALL-UNNAMED --add-opens=java.base/java.net=ALL-UNNAMED --add-opens=java.base/java.util.concurrent.atomic=ALL-UNNAMED --add-opens=java.xml/javax.xml.namespace=ALL-UNNAMED -Xmx4096m -Dfile.encoding=UTF-8 -Duser.country=IN -Duser.language=en -Duser.variant -javaagent:C:\Users\NAGARAJU\.gradle\wrapper\dists\gradle-8.14.1-bin\baw1sv0jfoi8rxs14qo3h49cs\gradle-8.14.1\lib\agents\gradle-instrumentation-agent-8.14.1.jar org.gradle.launcher.daemon.bootstrap.GradleDaemon 8.14.1

Host: AMD Ryzen 3 5300U with Radeon Graphics         , 8 cores, 7G,  Windows 11 , 64 bit Build 22621 (10.0.22621.5415)
Time: Mon Jun 29 18:57:51 2026 India Standard Time elapsed time: 16259.698820 seconds (0d 4h 30m 59s)

---------------  T H R E A D  ---------------

Current thread (0x00000252bce8ab30):  VMThread "VM Thread" [stack: 0x000000bc63800000,0x000000bc63900000] [id=13404]

Stack: [0x000000bc63800000,0x000000bc63900000]
Native frames: (J=compiled Java code, j=interpreted, Vv=VM code, C=native code)
V  [jvm.dll+0x67a04a]
V  [jvm.dll+0x7da4ed]
V  [jvm.dll+0x7dbe33]
V  [jvm.dll+0x7dc4a3]
V  [jvm.dll+0x24508f]
V  [jvm.dll+0x677089]
V  [jvm.dll+0x66bd32]
V  [jvm.dll+0x301fa6]
V  [jvm.dll+0x309546]
V  [jvm.dll+0x359d43]
V  [jvm.dll+0x359f5f]
V  [jvm.dll+0x2d9078]
V  [jvm.dll+0x2d74ad]
V  [jvm.dll+0x2d6afc]
V  [jvm.dll+0x31a65b]
V  [jvm.dll+0x7e0d9b]
V  [jvm.dll+0x7e1ad4]
V  [jvm.dll+0x7e1fed]
V  [jvm.dll+0x7e23c4]
V  [jvm.dll+0x7e2490]
V  [jvm.dll+0x78abea]
V  [jvm.dll+0x678f35]
C  [ucrtbase.dll+0x29333]
C  [KERNEL32.DLL+0x1259d]
C  [ntdll.dll+0x5af78]

VM_Operation (0x000000bc680fb1b0): G1CollectForAllocation, mode: safepoint, requested by thread 0x000002528de830b0


---------------  P R O C E S S  ---------------

Threads class SMR info:
_java_thread_list=0x00000252922a5d30, length=153, elements={
0x000002529a0952d0, 0x00000252bce8f1f0, 0x00000252bce8ff80, 0x00000252bce9fdb0,
0x00000252bcea0680, 0x00000252bcea2f60, 0x00000252bcea3830, 0x00000252bcea4430,
0x00000252bceaa650, 0x00000252bceacf70, 0x00000252bce7b440, 0x00000252fe165150,
0x00000252844d2c50, 0x00000252fe6479a0, 0x00000252846da9e0, 0x00000252ff8e5d60,
0x00000252ff8e4410, 0x00000252ff8e71a0, 0x00000252ff8e4e30, 0x00000252870239d0,
0x0000025287021150, 0x0000025287026760, 0x00000252fe2d58f0, 0x0000025286ba2060,
0x0000025286ba5300, 0x0000025286ba3ec0, 0x0000025286ba2f90, 0x0000025286ba6740,
0x0000025286ba2570, 0x0000025286ba2a80, 0x000002528d861280, 0x00000252855b6d90,
0x0000025291d3ca50, 0x0000025291d3e3a0, 0x0000025290469d60, 0x00000252926f31f0,
0x000002528f692070, 0x000002528f6948f0, 0x000002528f694e00, 0x00000252fe2d7240,
0x00000252fe2dbe30, 0x00000252fe2db920, 0x00000252fe2dc850, 0x0000025291d3cf60,
0x00000252926f1390, 0x00000252926f4120, 0x000002529046bbc0, 0x000002529046ac90,
0x0000025292e7cd20, 0x0000025292e7e670, 0x00000252926f3700, 0x00000252926f4630,
0x00000252926f1db0, 0x00000252926f18a0, 0x00000252926f0e80, 0x00000252926f22c0,
0x00000252926f27d0, 0x000002528de844f0, 0x000002528de835c0, 0x0000025292e7eb80,
0x0000025292e7d740, 0x0000025292e804d0, 0x0000025292e7f090, 0x0000025292e7dc50,
0x0000025292e7f5a0, 0x0000025292e7e160, 0x0000025292e7fab0, 0x0000025290469850,
0x000002528f692580, 0x00000252ff492970, 0x00000252ff491020, 0x000002528f693ed0,
0x0000025291d3d980, 0x000002529219e9c0, 0x00000252fe2db410, 0x000002528de84f10,
0x000002528de830b0, 0x000002528de83ad0, 0x000002528de85420, 0x000002528de83fe0,
0x000002528de86350, 0x000002528de84a00, 0x00000252fe2daf00, 0x00000252fe2d53e0,
0x00000252fe2dcd60, 0x00000252fe2d95b0, 0x00000252fe2d6310, 0x00000252fe2d6820,
0x00000252fe2d7750, 0x00000252fe2d9fd0, 0x00000252fe2d7c60, 0x00000252fe2d8170,
0x00000252fe2d8680, 0x000002528f695310, 0x000002528f695820, 0x000002528f692a90,
0x000002528f692fa0, 0x00000252fe2d8b90, 0x000002529046b6b0, 0x000002529046c0d0,
0x000002528f6934b0, 0x000002528f6939c0, 0x0000025291821a40, 0x00000252918247d0,
0x0000025291821f50, 0x0000025291d3f7e0, 0x0000025291d3fcf0, 0x0000025291d3c540,
0x0000025291d3de90, 0x0000025291d3e8b0, 0x0000025291d3edc0, 0x0000025291d3f2d0,
0x000002528ee3e660, 0x000002528ee3f590, 0x000002528ee3ffb0, 0x000002528ee3dc40,
0x000002528ee3e150, 0x000002528ee3eb70, 0x000002528ee3f080, 0x000002528de85930,
0x000002528de85e40, 0x000002528de86860, 0x00000252904954d0, 0x000002528ee3faa0,
0x000002528ee404c0, 0x000002528ee409d0, 0x000002528ee40ee0, 0x000002528ee3d730,
0x000002528e9e8f40, 0x000002528e9e9e70, 0x000002528e9e70e0, 0x000002528e9ea380,
0x000002529219d070, 0x000002528e9e8520, 0x000002528e9e75f0, 0x000002528e9e9450,
0x000002528e9ea890, 0x000002528e9e7b00, 0x000002528e9e8a30, 0x000002528e9e9960,
0x000002528e9e8010, 0x000002528f27bba0, 0x000002528d1368b0, 0x000002528d134f60,
0x000002528d1372d0, 0x000002528d1377e0, 0x000002528d135980, 0x000002528f27e420,
0x000002528f27e930, 0x000002528f27c5c0, 0x00000252fe2d90a0, 0x00000252fe2d9ac0,
0x00000252fe2da4e0
}

Java Threads: ( => current thread )
  0x000002529a0952d0 JavaThread "main" [_thread_blocked, id=17428, stack(0x000000bc63200000,0x000000bc63300000)]
  0x00000252bce8f1f0 JavaThread "Reference Handler" daemon [_thread_blocked, id=16232, stack(0x000000bc63900000,0x000000bc63a00000)]
  0x00000252bce8ff80 JavaThread "Finalizer" daemon [_thread_blocked, id=13324, stack(0x000000bc63a00000,0x000000bc63b00000)]
  0x00000252bce9fdb0 JavaThread "Signal Dispatcher" daemon [_thread_blocked, id=2532, stack(0x000000bc63b00000,0x000000bc63c00000)]
  0x00000252bcea0680 JavaThread "Attach Listener" daemon [_thread_blocked, id=12992, stack(0x000000bc63c00000,0x000000bc63d00000)]
  0x00000252bcea2f60 JavaThread "Service Thread" daemon [_thread_blocked, id=10728, stack(0x000000bc63d00000,0x000000bc63e00000)]
  0x00000252bcea3830 JavaThread "Monitor Deflation Thread" daemon [_thread_blocked, id=17440, stack(0x000000bc63e00000,0x000000bc63f00000)]
  0x00000252bcea4430 JavaThread "C2 CompilerThread0" daemon [_thread_blocked, id=13396, stack(0x000000bc63f00000,0x000000bc64000000)]
  0x00000252bceaa650 JavaThread "C1 CompilerThread0" daemon [_thread_blocked, id=16180, stack(0x000000bc64000000,0x000000bc64100000)]
  0x00000252bceacf70 JavaThread "Sweeper thread" daemon [_thread_blocked, id=17276, stack(0x000000bc64100000,0x000000bc64200000)]
  0x00000252bce7b440 JavaThread "Common-Cleaner" daemon [_thread_blocked, id=17508, stack(0x000000bc64200000,0x000000bc64300000)]
  0x00000252fe165150 JavaThread "Notification Thread" daemon [_thread_blocked, id=17708, stack(0x000000bc64400000,0x000000bc64500000)]
  0x00000252844d2c50 JavaThread "Daemon health stats" [_thread_blocked, id=13388, stack(0x000000bc64300000,0x000000bc64400000)]
  0x00000252fe6479a0 JavaThread "Incoming local TCP Connector on port 53739" [_thread_in_native, id=11872, stack(0x000000bc64a00000,0x000000bc64b00000)]
  0x00000252846da9e0 JavaThread "Daemon periodic checks" [_thread_blocked, id=17448, stack(0x000000bc64b00000,0x000000bc64c00000)]
  0x00000252ff8e5d60 JavaThread "Cache worker for journal cache (C:\Users\NAGARAJU\.gradle\caches\journal-1)" [_thread_blocked, id=11684, stack(0x000000bc65400000,0x000000bc65500000)]
  0x00000252ff8e4410 JavaThread "File lock request listener" [_thread_in_native, id=20260, stack(0x000000bc65500000,0x000000bc65600000)]
  0x00000252ff8e71a0 JavaThread "Cache worker for file hash cache (C:\Users\NAGARAJU\.gradle\caches\8.14.1\fileHashes)" [_thread_blocked, id=19600, stack(0x000000bc65600000,0x000000bc65700000)]
  0x00000252ff8e4e30 JavaThread "File watcher server" daemon [_thread_blocked, id=17684, stack(0x000000bc65d00000,0x000000bc65e00000)]
  0x00000252870239d0 JavaThread "File watcher consumer" daemon [_thread_blocked, id=21044, stack(0x000000bc65e00000,0x000000bc65f00000)]
  0x0000025287021150 JavaThread "jar transforms" [_thread_blocked, id=20584, stack(0x000000bc65f00000,0x000000bc66000000)]
  0x0000025287026760 JavaThread "Cache worker for file content cache (C:\Users\NAGARAJU\.gradle\caches\8.14.1\fileContent)" [_thread_blocked, id=9320, stack(0x000000bc66100000,0x000000bc66200000)]
  0x00000252fe2d58f0 JavaThread "Memory manager" [_thread_blocked, id=8132, stack(0x000000bc68100000,0x000000bc68200000)]
  0x0000025286ba2060 JavaThread "jar transforms Thread 2" [_thread_blocked, id=11364, stack(0x000000bc6c700000,0x000000bc6c800000)]
  0x0000025286ba5300 JavaThread "jar transforms Thread 3" [_thread_blocked, id=20372, stack(0x000000bc6c800000,0x000000bc6c900000)]
  0x0000025286ba3ec0 JavaThread "jar transforms Thread 4" [_thread_blocked, id=5068, stack(0x000000bc6cc00000,0x000000bc6cd00000)]
  0x0000025286ba2f90 JavaThread "jar transforms Thread 5" [_thread_blocked, id=20740, stack(0x000000bc6cd00000,0x000000bc6ce00000)]
  0x0000025286ba6740 JavaThread "jar transforms Thread 6" [_thread_blocked, id=11584, stack(0x000000bc6ce00000,0x000000bc6cf00000)]
  0x0000025286ba2570 JavaThread "jar transforms Thread 7" [_thread_blocked, id=8612, stack(0x000000bc6d300000,0x000000bc6d400000)]
  0x0000025286ba2a80 JavaThread "jar transforms Thread 8" [_thread_blocked, id=1976, stack(0x000000bc6d400000,0x000000bc6d500000)]
  0x000002528d861280 JavaThread "pool-3-thread-1" [_thread_blocked, id=13452, stack(0x000000bc6d600000,0x000000bc6d700000)]
  0x00000252855b6d90 JavaThread "pool-8-thread-1" [_thread_blocked, id=23744, stack(0x000000bc6bf00000,0x000000bc6c000000)]
  0x0000025291d3ca50 JavaThread "pool-11-thread-1" [_thread_blocked, id=26396, stack(0x000000bc6d100000,0x000000bc6d200000)]
  0x0000025291d3e3a0 JavaThread "pool-16-thread-1" [_thread_blocked, id=28932, stack(0x000000bc6d200000,0x000000bc6d300000)]
  0x0000025290469d60 JavaThread "pool-19-thread-1" [_thread_blocked, id=24484, stack(0x000000bc6d700000,0x000000bc6d800000)]
  0x00000252926f31f0 JavaThread "Daemon Thread 6" [_thread_blocked, id=25764, stack(0x000000bc64c00000,0x000000bc64d00000)]
  0x000002528f692070 JavaThread "Handler for socket connection from /127.0.0.1:53739 to /127.0.0.1:53463" [_thread_in_native, id=3980, stack(0x000000bc64d00000,0x000000bc64e00000)]
  0x000002528f6948f0 JavaThread "Cancel handler" [_thread_blocked, id=23800, stack(0x000000bc64e00000,0x000000bc64f00000)]
  0x000002528f694e00 JavaThread "Daemon worker Thread 6" [_thread_blocked, id=27148, stack(0x000000bc64f00000,0x000000bc65000000)]
  0x00000252fe2d7240 JavaThread "Asynchronous log dispatcher for DefaultDaemonConnection: socket connection from /127.0.0.1:53739 to /127.0.0.1:53463" [_thread_blocked, id=26784, stack(0x000000bc65000000,0x000000bc65100000)]
  0x00000252fe2dbe30 JavaThread "Stdin handler" [_thread_blocked, id=24244, stack(0x000000bc65100000,0x000000bc65200000)]
  0x00000252fe2db920 JavaThread "Daemon client event forwarder" [_thread_blocked, id=632, stack(0x000000bc65200000,0x000000bc65300000)]
  0x00000252fe2dc850 JavaThread "Cache worker for file hash cache (C:\zynnative\DocApp-CLI\android\.gradle\8.14.1\fileHashes)" [_thread_blocked, id=2868, stack(0x000000bc65300000,0x000000bc65400000)]
  0x0000025291d3cf60 JavaThread "Cache worker for Build Output Cleanup Cache (C:\zynnative\DocApp-CLI\android\.gradle\buildOutputCleanup)" [_thread_blocked, id=3976, stack(0x000000bc65a00000,0x000000bc65b00000)]
  0x00000252926f1390 JavaThread "Cache worker for checksums cache (C:\zynnative\DocApp-CLI\android\.gradle\8.14.1\checksums)" [_thread_blocked, id=17100, stack(0x000000bc65b00000,0x000000bc65c00000)]
  0x00000252926f4120 JavaThread "Cache worker for cache directory md-supplier (C:\Users\NAGARAJU\.gradle\caches\8.14.1\md-supplier)" [_thread_blocked, id=16688, stack(0x000000bc66000000,0x000000bc66100000)]
  0x000002529046bbc0 JavaThread "Cache worker for cache directory md-rule (C:\Users\NAGARAJU\.gradle\caches\8.14.1\md-rule)" [_thread_blocked, id=17360, stack(0x000000bc66200000,0x000000bc66300000)]
  0x000002529046ac90 JavaThread "Cache worker for Build Output Cleanup Cache (C:\zynnative\DocApp-CLI\node_modules\@react-native\gradle-plugin\.gradle\buildOutputCleanup)" [_thread_blocked, id=23376, stack(0x000000bc66300000,0x000000bc66400000)]
  0x0000025292e7cd20 JavaThread "Unconstrained build operations" [_thread_blocked, id=14696, stack(0x000000bc66400000,0x000000bc66500000)]
  0x0000025292e7e670 JavaThread "Unconstrained build operations Thread 2" [_thread_blocked, id=23024, stack(0x000000bc66500000,0x000000bc66600000)]
  0x00000252926f3700 JavaThread "Unconstrained build operations Thread 3" [_thread_blocked, id=23148, stack(0x000000bc66600000,0x000000bc66700000)]
  0x00000252926f4630 JavaThread "Unconstrained build operations Thread 4" [_thread_blocked, id=20364, stack(0x000000bc66700000,0x000000bc66800000)]
  0x00000252926f1db0 JavaThread "Unconstrained build operations Thread 5" [_thread_blocked, id=22832, stack(0x000000bc66800000,0x000000bc66900000)]
  0x00000252926f18a0 JavaThread "Unconstrained build operations Thread 6" [_thread_blocked, id=19908, stack(0x000000bc66900000,0x000000bc66a00000)]
  0x00000252926f0e80 JavaThread "Unconstrained build operations Thread 7" [_thread_blocked, id=23924, stack(0x000000bc66a00000,0x000000bc66b00000)]
  0x00000252926f22c0 JavaThread "Unconstrained build operations Thread 8" [_thread_blocked, id=22244, stack(0x000000bc66b00000,0x000000bc66c00000)]
  0x00000252926f27d0 JavaThread "Unconstrained build operations Thread 9" [_thread_blocked, id=16912, stack(0x000000bc66c00000,0x000000bc66d00000)]
  0x000002528de844f0 JavaThread "Unconstrained build operations Thread 10" [_thread_blocked, id=21028, stack(0x000000bc66d00000,0x000000bc66e00000)]
  0x000002528de835c0 JavaThread "Unconstrained build operations Thread 11" [_thread_blocked, id=12892, stack(0x000000bc66e00000,0x000000bc66f00000)]
  0x0000025292e7eb80 JavaThread "Unconstrained build operations Thread 12" [_thread_blocked, id=22156, stack(0x000000bc66f00000,0x000000bc67000000)]
  0x0000025292e7d740 JavaThread "Unconstrained build operations Thread 13" [_thread_blocked, id=12956, stack(0x000000bc67000000,0x000000bc67100000)]
  0x0000025292e804d0 JavaThread "Unconstrained build operations Thread 14" [_thread_blocked, id=19900, stack(0x000000bc67100000,0x000000bc67200000)]
  0x0000025292e7f090 JavaThread "Unconstrained build operations Thread 15" [_thread_blocked, id=25208, stack(0x000000bc67200000,0x000000bc67300000)]
  0x0000025292e7dc50 JavaThread "Unconstrained build operations Thread 16" [_thread_blocked, id=28292, stack(0x000000bc67300000,0x000000bc67400000)]
  0x0000025292e7f5a0 JavaThread "Unconstrained build operations Thread 17" [_thread_blocked, id=20008, stack(0x000000bc67400000,0x000000bc67500000)]
  0x0000025292e7e160 JavaThread "Unconstrained build operations Thread 18" [_thread_blocked, id=28584, stack(0x000000bc67500000,0x000000bc67600000)]
  0x0000025292e7fab0 JavaThread "build event listener" [_thread_blocked, id=28096, stack(0x000000bc67600000,0x000000bc67700000)]
  0x0000025290469850 JavaThread "ForkJoinPool.commonPool-worker-36" daemon [_thread_blocked, id=21272, stack(0x000000bc67700000,0x000000bc67800000)]
  0x000002528f692580 JavaThread "ForkJoinPool.commonPool-worker-37" daemon [_thread_blocked, id=22520, stack(0x000000bc67800000,0x000000bc67900000)]
  0x00000252ff492970 JavaThread "ForkJoinPool.commonPool-worker-38" daemon [_thread_blocked, id=19848, stack(0x000000bc67900000,0x000000bc67a00000)]
  0x00000252ff491020 JavaThread "ForkJoinPool.commonPool-worker-40" daemon [_thread_blocked, id=28072, stack(0x000000bc67a00000,0x000000bc67b00000)]
  0x000002528f693ed0 JavaThread "ForkJoinPool.commonPool-worker-39" daemon [_thread_blocked, id=19656, stack(0x000000bc67b00000,0x000000bc67c00000)]
  0x0000025291d3d980 JavaThread "ForkJoinPool.commonPool-worker-41" daemon [_thread_blocked, id=26820, stack(0x000000bc67c00000,0x000000bc67d00000)]
  0x000002529219e9c0 JavaThread "ForkJoinPool.commonPool-worker-42" daemon [_thread_blocked, id=27252, stack(0x000000bc67d00000,0x000000bc67e00000)]
  0x00000252fe2db410 JavaThread "included builds" [_thread_blocked, id=25156, stack(0x000000bc67e00000,0x000000bc67f00000)]
  0x000002528de84f10 JavaThread "Execution worker" [_thread_blocked, id=20028, stack(0x000000bc67f00000,0x000000bc68000000)]
  0x000002528de830b0 JavaThread "Execution worker Thread 2" [_thread_blocked, id=25732, stack(0x000000bc68000000,0x000000bc68100000)]
  0x000002528de83ad0 JavaThread "Execution worker Thread 3" [_thread_blocked, id=26496, stack(0x000000bc68200000,0x000000bc68300000)]
  0x000002528de85420 JavaThread "Execution worker Thread 4" [_thread_blocked, id=25908, stack(0x000000bc68300000,0x000000bc68400000)]
  0x000002528de83fe0 JavaThread "Execution worker Thread 5" [_thread_blocked, id=9052, stack(0x000000bc68400000,0x000000bc68500000)]
  0x000002528de86350 JavaThread "Execution worker Thread 6" [_thread_blocked, id=2560, stack(0x000000bc68500000,0x000000bc68600000)]
  0x000002528de84a00 JavaThread "Execution worker Thread 7" [_thread_blocked, id=25788, stack(0x000000bc68600000,0x000000bc68700000)]
  0x00000252fe2daf00 JavaThread "Cache worker for execution history cache (C:\zynnative\DocApp-CLI\node_modules\@react-native\gradle-plugin\.gradle\8.14.1\executionHistory)" [_thread_blocked, id=2628, stack(0x000000bc68700000,0x000000bc68800000)]
  0x00000252fe2d53e0 JavaThread "Unconstrained build operations Thread 19" [_thread_blocked, id=25680, stack(0x000000bc68800000,0x000000bc68900000)]
  0x00000252fe2dcd60 JavaThread "Unconstrained build operations Thread 20" [_thread_blocked, id=18256, stack(0x000000bc68900000,0x000000bc68a00000)]
  0x00000252fe2d95b0 JavaThread "Unconstrained build operations Thread 21" [_thread_blocked, id=7544, stack(0x000000bc68a00000,0x000000bc68b00000)]
  0x00000252fe2d6310 JavaThread "Unconstrained build operations Thread 22" [_thread_blocked, id=23056, stack(0x000000bc68b00000,0x000000bc68c00000)]
  0x00000252fe2d6820 JavaThread "Unconstrained build operations Thread 23" [_thread_blocked, id=29312, stack(0x000000bc68c00000,0x000000bc68d00000)]
  0x00000252fe2d7750 JavaThread "Unconstrained build operations Thread 24" [_thread_blocked, id=11124, stack(0x000000bc68d00000,0x000000bc68e00000)]
  0x00000252fe2d9fd0 JavaThread "Unconstrained build operations Thread 25" [_thread_blocked, id=17716, stack(0x000000bc68e00000,0x000000bc68f00000)]
  0x00000252fe2d7c60 JavaThread "Unconstrained build operations Thread 26" [_thread_blocked, id=27944, stack(0x000000bc68f00000,0x000000bc69000000)]
  0x00000252fe2d8170 JavaThread "Unconstrained build operations Thread 27" [_thread_blocked, id=23768, stack(0x000000bc69000000,0x000000bc69100000)]
  0x00000252fe2d8680 JavaThread "Unconstrained build operations Thread 28" [_thread_blocked, id=24336, stack(0x000000bc69100000,0x000000bc69200000)]
  0x000002528f695310 JavaThread "Unconstrained build operations Thread 29" [_thread_blocked, id=28792, stack(0x000000bc69200000,0x000000bc69300000)]
  0x000002528f695820 JavaThread "Unconstrained build operations Thread 30" [_thread_blocked, id=8712, stack(0x000000bc69300000,0x000000bc69400000)]
  0x000002528f692a90 JavaThread "Unconstrained build operations Thread 31" [_thread_blocked, id=17856, stack(0x000000bc69400000,0x000000bc69500000)]
  0x000002528f692fa0 JavaThread "Unconstrained build operations Thread 32" [_thread_blocked, id=10160, stack(0x000000bc69500000,0x000000bc69600000)]
  0x00000252fe2d8b90 JavaThread "Unconstrained build operations Thread 33" [_thread_blocked, id=29328, stack(0x000000bc69600000,0x000000bc69700000)]
  0x000002529046b6b0 JavaThread "Unconstrained build operations Thread 34" [_thread_blocked, id=23684, stack(0x000000bc69700000,0x000000bc69800000)]
  0x000002529046c0d0 JavaThread "Unconstrained build operations Thread 35" [_thread_blocked, id=8984, stack(0x000000bc69800000,0x000000bc69900000)]
  0x000002528f6934b0 JavaThread "Unconstrained build operations Thread 36" [_thread_blocked, id=27152, stack(0x000000bc69900000,0x000000bc69a00000)]
  0x000002528f6939c0 JavaThread "Unconstrained build operations Thread 37" [_thread_blocked, id=10360, stack(0x000000bc69a00000,0x000000bc69b00000)]
  0x0000025291821a40 JavaThread "Unconstrained build operations Thread 38" [_thread_blocked, id=15260, stack(0x000000bc69b00000,0x000000bc69c00000)]
  0x00000252918247d0 JavaThread "Unconstrained build operations Thread 39" [_thread_blocked, id=28104, stack(0x000000bc69c00000,0x000000bc69d00000)]
  0x0000025291821f50 JavaThread "Unconstrained build operations Thread 40" [_thread_blocked, id=28068, stack(0x000000bc69d00000,0x000000bc69e00000)]
  0x0000025291d3f7e0 JavaThread "Unconstrained build operations Thread 41" [_thread_blocked, id=26956, stack(0x000000bc69e00000,0x000000bc69f00000)]
  0x0000025291d3fcf0 JavaThread "Unconstrained build operations Thread 42" [_thread_blocked, id=20392, stack(0x000000bc69f00000,0x000000bc6a000000)]
  0x0000025291d3c540 JavaThread "Unconstrained build operations Thread 43" [_thread_blocked, id=3512, stack(0x000000bc6a000000,0x000000bc6a100000)]
  0x0000025291d3de90 JavaThread "Unconstrained build operations Thread 44" [_thread_blocked, id=26412, stack(0x000000bc6a100000,0x000000bc6a200000)]
  0x0000025291d3e8b0 JavaThread "Unconstrained build operations Thread 45" [_thread_blocked, id=3636, stack(0x000000bc6a200000,0x000000bc6a300000)]
  0x0000025291d3edc0 JavaThread "Unconstrained build operations Thread 46" [_thread_blocked, id=23828, stack(0x000000bc6a300000,0x000000bc6a400000)]
  0x0000025291d3f2d0 JavaThread "Unconstrained build operations Thread 47" [_thread_blocked, id=11220, stack(0x000000bc6a400000,0x000000bc6a500000)]
  0x000002528ee3e660 JavaThread "Unconstrained build operations Thread 48" [_thread_blocked, id=17512, stack(0x000000bc6a500000,0x000000bc6a600000)]
  0x000002528ee3f590 JavaThread "Unconstrained build operations Thread 49" [_thread_blocked, id=29632, stack(0x000000bc6a600000,0x000000bc6a700000)]
  0x000002528ee3ffb0 JavaThread "Unconstrained build operations Thread 50" [_thread_blocked, id=816, stack(0x000000bc6a700000,0x000000bc6a800000)]
  0x000002528ee3dc40 JavaThread "Unconstrained build operations Thread 51" [_thread_blocked, id=17628, stack(0x000000bc6a800000,0x000000bc6a900000)]
  0x000002528ee3e150 JavaThread "Unconstrained build operations Thread 52" [_thread_blocked, id=24588, stack(0x000000bc6a900000,0x000000bc6aa00000)]
  0x000002528ee3eb70 JavaThread "Unconstrained build operations Thread 53" [_thread_blocked, id=27356, stack(0x000000bc6aa00000,0x000000bc6ab00000)]
  0x000002528ee3f080 JavaThread "Unconstrained build operations Thread 54" [_thread_blocked, id=17832, stack(0x000000bc6ab00000,0x000000bc6ac00000)]
  0x000002528de85930 JavaThread "Unconstrained build operations Thread 55" [_thread_blocked, id=26528, stack(0x000000bc6ac00000,0x000000bc6ad00000)]
  0x000002528de85e40 JavaThread "Unconstrained build operations Thread 56" [_thread_blocked, id=3332, stack(0x000000bc6ad00000,0x000000bc6ae00000)]
  0x000002528de86860 JavaThread "Unconstrained build operations Thread 57" [_thread_blocked, id=8392, stack(0x000000bc6ae00000,0x000000bc6af00000)]
  0x00000252904954d0 JavaThread "Unconstrained build operations Thread 58" [_thread_blocked, id=19728, stack(0x000000bc6af00000,0x000000bc6b000000)]
  0x000002528ee3faa0 JavaThread "Unconstrained build operations Thread 59" [_thread_blocked, id=3372, stack(0x000000bc6b000000,0x000000bc6b100000)]
  0x000002528ee404c0 JavaThread "Unconstrained build operations Thread 60" [_thread_blocked, id=10856, stack(0x000000bc6b100000,0x000000bc6b200000)]
  0x000002528ee409d0 JavaThread "Unconstrained build operations Thread 61" [_thread_blocked, id=17876, stack(0x000000bc6b200000,0x000000bc6b300000)]
  0x000002528ee40ee0 JavaThread "Unconstrained build operations Thread 62" [_thread_blocked, id=18464, stack(0x000000bc6b300000,0x000000bc6b400000)]
  0x000002528ee3d730 JavaThread "Unconstrained build operations Thread 63" [_thread_blocked, id=11840, stack(0x000000bc6b400000,0x000000bc6b500000)]
  0x000002528e9e8f40 JavaThread "Unconstrained build operations Thread 64" [_thread_blocked, id=7188, stack(0x000000bc6b500000,0x000000bc6b600000)]
  0x000002528e9e9e70 JavaThread "Unconstrained build operations Thread 65" [_thread_blocked, id=25044, stack(0x000000bc6b600000,0x000000bc6b700000)]
  0x000002528e9e70e0 JavaThread "Unconstrained build operations Thread 66" [_thread_blocked, id=16336, stack(0x000000bc6b700000,0x000000bc6b800000)]
  0x000002528e9ea380 JavaThread "Unconstrained build operations Thread 67" [_thread_blocked, id=9772, stack(0x000000bc6b800000,0x000000bc6b900000)]
  0x000002529219d070 JavaThread "Unconstrained build operations Thread 68" [_thread_blocked, id=22256, stack(0x000000bc6b900000,0x000000bc6ba00000)]
  0x000002528e9e8520 JavaThread "build event listener" [_thread_blocked, id=28868, stack(0x000000bc6ba00000,0x000000bc6bb00000)]
  0x000002528e9e75f0 JavaThread "Problems report writer" [_thread_blocked, id=23308, stack(0x000000bc6bb00000,0x000000bc6bc00000)]
  0x000002528e9e9450 JavaThread "Unconstrained build operations Thread 69" [_thread_blocked, id=22748, stack(0x000000bc6bc00000,0x000000bc6bd00000)]
  0x000002528e9ea890 JavaThread "Unconstrained build operations Thread 70" [_thread_blocked, id=27528, stack(0x000000bc6bd00000,0x000000bc6be00000)]
  0x000002528e9e7b00 JavaThread "Unconstrained build operations Thread 71" [_thread_blocked, id=2652, stack(0x000000bc6be00000,0x000000bc6bf00000)]
  0x000002528e9e8a30 JavaThread "Unconstrained build operations Thread 72" [_thread_blocked, id=23300, stack(0x000000bc6c000000,0x000000bc6c100000)]
  0x000002528e9e9960 JavaThread "Unconstrained build operations Thread 73" [_thread_blocked, id=27672, stack(0x000000bc6c100000,0x000000bc6c200000)]
  0x000002528e9e8010 JavaThread "Unconstrained build operations Thread 74" [_thread_blocked, id=3228, stack(0x000000bc6c200000,0x000000bc6c300000)]
  0x000002528f27bba0 JavaThread "Unconstrained build operations Thread 75" [_thread_blocked, id=15116, stack(0x000000bc6c300000,0x000000bc6c400000)]
  0x000002528d1368b0 JavaThread "Unconstrained build operations Thread 76" [_thread_blocked, id=19640, stack(0x000000bc6c400000,0x000000bc6c500000)]
  0x000002528d134f60 JavaThread "Unconstrained build operations Thread 77" [_thread_blocked, id=19724, stack(0x000000bc6c500000,0x000000bc6c600000)]
  0x000002528d1372d0 JavaThread "Unconstrained build operations Thread 78" [_thread_blocked, id=17840, stack(0x000000bc6c600000,0x000000bc6c700000)]
  0x000002528d1377e0 JavaThread "Unconstrained build operations Thread 79" [_thread_blocked, id=28468, stack(0x000000bc6c900000,0x000000bc6ca00000)]
  0x000002528d135980 JavaThread "Unconstrained build operations Thread 80" [_thread_blocked, id=19708, stack(0x000000bc6ca00000,0x000000bc6cb00000)]
  0x000002528f27e420 JavaThread "Exec process Thread 16" [_thread_blocked, id=26276, stack(0x000000bc6cb00000,0x000000bc6cc00000)]
  0x000002528f27e930 JavaThread "Exec process Thread 17" [_thread_blocked, id=23772, stack(0x000000bc6cf00000,0x000000bc6d000000)]
  0x000002528f27c5c0 JavaThread "Exec process Thread 18" [_thread_blocked, id=10504, stack(0x000000bc6d000000,0x000000bc6d100000)]
  0x00000252fe2d90a0 JavaThread "pool-22-thread-1" [_thread_blocked, id=2928, stack(0x000000bc6d800000,0x000000bc6d900000)]
  0x00000252fe2d9ac0 JavaThread "build event listener" [_thread_blocked, id=29296, stack(0x000000bc6dc00000,0x000000bc6dd00000)]
  0x00000252fe2da4e0 JavaThread "Cache worker for execution history cache (C:\zynnative\DocApp-CLI\android\.gradle\8.14.1\executionHistory)" [_thread_blocked, id=28400, stack(0x000000bc6dd00000,0x000000bc6de00000)]

Other Threads:
=>0x00000252bce8ab30 VMThread "VM Thread" [stack: 0x000000bc63800000,0x000000bc63900000] [id=13404]
  0x000002529a095f60 WatcherThread [stack: 0x000000bc64500000,0x000000bc64600000] [id=17232]
  0x000002529a102d30 GCTaskThread "GC Thread#0" [stack: 0x000000bc63300000,0x000000bc63400000] [id=5436]
  0x00000252fe3fd3c0 GCTaskThread "GC Thread#1" [stack: 0x000000bc64600000,0x000000bc64700000] [id=14712]
  0x00000252fe3fe8d0 GCTaskThread "GC Thread#2" [stack: 0x000000bc64700000,0x000000bc64800000] [id=13920]
  0x00000252feb6f1b0 GCTaskThread "GC Thread#3" [stack: 0x000000bc64800000,0x000000bc64900000] [id=19612]
  0x00000252ff6fa370 GCTaskThread "GC Thread#4" [stack: 0x000000bc64900000,0x000000bc64a00000] [id=18696]
  0x0000025284b149d0 GCTaskThread "GC Thread#5" [stack: 0x000000bc65700000,0x000000bc65800000] [id=13548]
  0x0000025284fcecf0 GCTaskThread "GC Thread#6" [stack: 0x000000bc65800000,0x000000bc65900000] [id=14008]
  0x0000025284b0b970 GCTaskThread "GC Thread#7" [stack: 0x000000bc65900000,0x000000bc65a00000] [id=7692]
  0x000002529a113b90 ConcurrentGCThread "G1 Main Marker" [stack: 0x000000bc63400000,0x000000bc63500000] [id=2816]
  0x000002529a1144b0 ConcurrentGCThread "G1 Conc#0" [stack: 0x000000bc63500000,0x000000bc63600000] [id=17992]
  0x00000252860bfdf0 ConcurrentGCThread "G1 Conc#1" [stack: 0x000000bc65c00000,0x000000bc65d00000] [id=18356]
  0x000002529a14e1a0 ConcurrentGCThread "G1 Refine#0" [stack: 0x000000bc63600000,0x000000bc63700000] [id=5836]
  0x0000025287ee8360 ConcurrentGCThread "G1 Refine#1" [stack: 0x000000bc6d500000,0x000000bc6d600000] [id=10888]
  0x000002528774e4f0 ConcurrentGCThread "G1 Refine#2" [stack: 0x000000bc62f00000,0x000000bc63000000] [id=21712]
  0x000002528ff6c6b0 ConcurrentGCThread "G1 Refine#3" [stack: 0x000000bc63000000,0x000000bc63100000] [id=21744]
  0x000002528ff6a950 ConcurrentGCThread "G1 Refine#4" [stack: 0x000000bc63100000,0x000000bc63200000] [id=21268]
  0x000002528eceb240 ConcurrentGCThread "G1 Refine#5" [stack: 0x000000bc6d900000,0x000000bc6da00000] [id=22168]
  0x0000025292e990c0 ConcurrentGCThread "G1 Refine#6" [stack: 0x000000bc6da00000,0x000000bc6db00000] [id=820]
  0x0000025292660070 ConcurrentGCThread "G1 Refine#7" [stack: 0x000000bc6db00000,0x000000bc6dc00000] [id=24228]
  0x000002529a14eae0 ConcurrentGCThread "G1 Service" [stack: 0x000000bc63700000,0x000000bc63800000] [id=3844]

Threads with active compile tasks:

VM state: at safepoint (normal execution)

VM Mutex/Monitor currently owned by a thread:  ([mutex/lock_event])
[0x000002529a08f9a0] Threads_lock - owner thread: 0x00000252bce8ab30
[0x000002529a08fac0] Heap_lock - owner thread: 0x000002528de830b0

Heap address: 0x0000000700000000, size: 4096 MB, Compressed Oops mode: Zero based, Oop shift amount: 3

CDS archive(s) mapped at: [0x00000252bd000000-0x00000252bdbd0000-0x00000252bdbd0000), size 12386304, SharedBaseAddress: 0x00000252bd000000, ArchiveRelocationMode: 1.
Compressed class space mapped at: 0x00000252be000000-0x00000252fe000000, reserved size: 1073741824
Narrow klass base: 0x00000252bd000000, Narrow klass shift: 0, Narrow klass range: 0x100000000

GC Precious Log:
 CPUs: 8 total, 8 available
 Memory: 7502M
 Large Page Support: Disabled
 NUMA Support: Disabled
 Compressed Oops: Enabled (Zero based)
 Heap Region Size: 2M
 Heap Min Capacity: 8M
 Heap Initial Capacity: 118M
 Heap Max Capacity: 4G
 Pre-touch: Disabled
 Parallel Workers: 8
 Concurrent Workers: 2
 Concurrent Refinement Workers: 8
 Periodic GC: Disabled

Heap:
 garbage-first heap   total 1325056K, used 381452K [0x0000000700000000, 0x0000000800000000)
  region size 2048K, 10 young (20480K), 10 survivors (20480K)
 Metaspace       used 154000K, committed 156544K, reserved 1245184K
  class space    used 19794K, committed 20992K, reserved 1048576K

Heap Regions: E=young(eden), S=young(survivor), O=old, HS=humongous(starts), HC=humongous(continues), CS=collection set, F=free, OA=open archive, CA=closed archive, TAMS=top-at-mark-start (previous, next)
|   0|0x0000000700000000, 0x0000000700200000, 0x0000000700200000|100%|HS|  |TAMS 0x0000000700200000, 0x0000000700200000| Complete 
|   1|0x0000000700200000, 0x0000000700400000, 0x0000000700400000|100%|HC|  |TAMS 0x0000000700400000, 0x0000000700400000| Complete 
|   2|0x0000000700400000, 0x0000000700600000, 0x0000000700600000|100%| O|  |TAMS 0x0000000700600000, 0x0000000700600000| Untracked 
|   3|0x0000000700600000, 0x0000000700800000, 0x0000000700800000|100%| O|  |TAMS 0x0000000700800000, 0x0000000700800000| Untracked 
|   4|0x0000000700800000, 0x0000000700a00000, 0x0000000700a00000|100%| O|  |TAMS 0x0000000700a00000, 0x0000000700a00000| Untracked 
|   5|0x0000000700a00000, 0x0000000700c00000, 0x0000000700c00000|100%| O|  |TAMS 0x0000000700c00000, 0x0000000700c00000| Untracked 
|   6|0x0000000700c00000, 0x0000000700e00000, 0x0000000700e00000|100%| O|  |TAMS 0x0000000700e00000, 0x0000000700e00000| Untracked 
|   7|0x0000000700e00000, 0x0000000701000000, 0x0000000701000000|100%| O|  |TAMS 0x0000000701000000, 0x0000000701000000| Untracked 
|   8|0x0000000701000000, 0x0000000701200000, 0x0000000701200000|100%| O|  |TAMS 0x0000000701200000, 0x0000000701200000| Untracked 
|   9|0x0000000701200000, 0x0000000701400000, 0x0000000701400000|100%| O|  |TAMS 0x0000000701400000, 0x0000000701400000| Untracked 
|  10|0x0000000701400000, 0x0000000701600000, 0x0000000701600000|100%| O|  |TAMS 0x0000000701600000, 0x0000000701600000| Untracked 
|  11|0x0000000701600000, 0x0000000701800000, 0x0000000701800000|100%| O|  |TAMS 0x0000000701800000, 0x0000000701800000| Untracked 
|  12|0x0000000701800000, 0x0000000701a00000, 0x0000000701a00000|100%| O|  |TAMS 0x0000000701a00000, 0x0000000701a00000| Untracked 
|  13|0x0000000701a00000, 0x0000000701c00000, 0x0000000701c00000|100%| O|  |TAMS 0x0000000701c00000, 0x0000000701c00000| Untracked 
|  14|0x0000000701c00000, 0x0000000701e00000, 0x0000000701e00000|100%| O|  |TAMS 0x0000000701e00000, 0x0000000701e00000| Untracked 
|  15|0x0000000701e00000, 0x0000000702000000, 0x0000000702000000|100%| O|  |TAMS 0x0000000702000000, 0x0000000702000000| Untracked 
|  16|0x0000000702000000, 0x0000000702200000, 0x0000000702200000|100%| O|  |TAMS 0x0000000702200000, 0x0000000702200000| Untracked 
|  17|0x0000000702200000, 0x0000000702400000, 0x0000000702400000|100%| O|  |TAMS 0x0000000702400000, 0x0000000702400000| Untracked 
|  18|0x0000000702400000, 0x0000000702600000, 0x0000000702600000|100%| O|  |TAMS 0x0000000702600000, 0x0000000702600000| Untracked 
|  19|0x0000000702600000, 0x0000000702800000, 0x0000000702800000|100%| O|  |TAMS 0x0000000702800000, 0x0000000702800000| Untracked 
|  20|0x0000000702800000, 0x0000000702a00000, 0x0000000702a00000|100%| O|  |TAMS 0x0000000702a00000, 0x0000000702a00000| Untracked 
|  21|0x0000000702a00000, 0x0000000702c00000, 0x0000000702c00000|100%| O|  |TAMS 0x0000000702c00000, 0x0000000702c00000| Untracked 
|  22|0x0000000702c00000, 0x0000000702e00000, 0x0000000702e00000|100%| O|  |TAMS 0x0000000702e00000, 0x0000000702e00000| Untracked 
|  23|0x0000000702e00000, 0x0000000703000000, 0x0000000703000000|100%| O|  |TAMS 0x0000000702e00000, 0x0000000703000000| Untracked 
|  24|0x0000000703000000, 0x0000000703200000, 0x0000000703200000|100%|HS|  |TAMS 0x0000000703200000, 0x0000000703200000| Complete 
|  25|0x0000000703200000, 0x0000000703400000, 0x0000000703400000|100%|HC|  |TAMS 0x0000000703400000, 0x0000000703400000| Complete 
|  26|0x0000000703400000, 0x0000000703600000, 0x0000000703600000|100%|HS|  |TAMS 0x0000000703600000, 0x0000000703600000| Complete 
|  27|0x0000000703600000, 0x0000000703800000, 0x0000000703800000|100%|HC|  |TAMS 0x0000000703800000, 0x0000000703800000| Complete 
|  28|0x0000000703800000, 0x0000000703a00000, 0x0000000703a00000|100%| O|  |TAMS 0x0000000703a00000, 0x0000000703a00000| Untracked 
|  29|0x0000000703a00000, 0x0000000703c00000, 0x0000000703c00000|100%| O|  |TAMS 0x0000000703c00000, 0x0000000703c00000| Untracked 
|  30|0x0000000703c00000, 0x0000000703e00000, 0x0000000703e00000|100%| O|  |TAMS 0x0000000703e00000, 0x0000000703e00000| Untracked 
|  31|0x0000000703e00000, 0x0000000704000000, 0x0000000704000000|100%| O|  |TAMS 0x0000000704000000, 0x0000000704000000| Untracked 
|  32|0x0000000704000000, 0x0000000704200000, 0x0000000704200000|100%| O|  |TAMS 0x0000000704200000, 0x0000000704200000| Untracked 
|  33|0x0000000704200000, 0x0000000704400000, 0x0000000704400000|100%| O|  |TAMS 0x0000000704400000, 0x0000000704400000| Untracked 
|  34|0x0000000704400000, 0x0000000704600000, 0x0000000704600000|100%| O|  |TAMS 0x0000000704600000, 0x0000000704600000| Untracked 
|  35|0x0000000704600000, 0x0000000704800000, 0x0000000704800000|100%| O|  |TAMS 0x0000000704800000, 0x0000000704800000| Untracked 
|  36|0x0000000704800000, 0x0000000704a00000, 0x0000000704a00000|100%| O|  |TAMS 0x0000000704a00000, 0x0000000704a00000| Untracked 
|  37|0x0000000704a00000, 0x0000000704c00000, 0x0000000704c00000|100%| O|  |TAMS 0x0000000704a00000, 0x0000000704c00000| Untracked 
|  38|0x0000000704c00000, 0x0000000704e00000, 0x0000000704e00000|100%| O|  |TAMS 0x0000000704e00000, 0x0000000704e00000| Untracked 
|  39|0x0000000704e00000, 0x0000000705000000, 0x0000000705000000|100%| O|  |TAMS 0x0000000705000000, 0x0000000705000000| Untracked 
|  40|0x0000000705000000, 0x0000000705200000, 0x0000000705200000|100%| O|  |TAMS 0x0000000705200000, 0x0000000705200000| Untracked 
|  41|0x0000000705200000, 0x0000000705400000, 0x0000000705400000|100%| O|  |TAMS 0x0000000705400000, 0x0000000705400000| Untracked 
|  42|0x0000000705400000, 0x0000000705600000, 0x0000000705600000|100%| O|  |TAMS 0x0000000705600000, 0x0000000705600000| Untracked 
|  43|0x0000000705600000, 0x0000000705800000, 0x0000000705800000|100%| O|  |TAMS 0x0000000705800000, 0x0000000705800000| Untracked 
|  44|0x0000000705800000, 0x0000000705a00000, 0x0000000705a00000|100%| O|  |TAMS 0x0000000705a00000, 0x0000000705a00000| Untracked 
|  45|0x0000000705a00000, 0x0000000705c00000, 0x0000000705c00000|100%| O|  |TAMS 0x0000000705c00000, 0x0000000705c00000| Untracked 
|  46|0x0000000705c00000, 0x0000000705e00000, 0x0000000705e00000|100%| O|  |TAMS 0x0000000705e00000, 0x0000000705e00000| Untracked 
|  47|0x0000000705e00000, 0x0000000706000000, 0x0000000706000000|100%| O|  |TAMS 0x0000000706000000, 0x0000000706000000| Untracked 
|  48|0x0000000706000000, 0x0000000706200000, 0x0000000706200000|100%| O|  |TAMS 0x0000000706200000, 0x0000000706200000| Untracked 
|  49|0x0000000706200000, 0x0000000706400000, 0x0000000706400000|100%| O|  |TAMS 0x0000000706400000, 0x0000000706400000| Untracked 
|  50|0x0000000706400000, 0x0000000706600000, 0x0000000706600000|100%| O|  |TAMS 0x0000000706600000, 0x0000000706600000| Untracked 
|  51|0x0000000706600000, 0x0000000706800000, 0x0000000706800000|100%| O|  |TAMS 0x0000000706800000, 0x0000000706800000| Untracked 
|  52|0x0000000706800000, 0x0000000706a00000, 0x0000000706a00000|100%|HS|  |TAMS 0x0000000706a00000, 0x0000000706a00000| Complete 
|  53|0x0000000706a00000, 0x0000000706c00000, 0x0000000706c00000|100%|HC|  |TAMS 0x0000000706c00000, 0x0000000706c00000| Complete 
|  54|0x0000000706c00000, 0x0000000706e00000, 0x0000000706e00000|100%| O|  |TAMS 0x0000000706e00000, 0x0000000706e00000| Untracked 
|  55|0x0000000706e00000, 0x0000000707000000, 0x0000000707000000|100%| O|  |TAMS 0x0000000707000000, 0x0000000707000000| Untracked 
|  56|0x0000000707000000, 0x0000000707200000, 0x0000000707200000|100%| O|  |TAMS 0x0000000707200000, 0x0000000707200000| Untracked 
|  57|0x0000000707200000, 0x0000000707400000, 0x0000000707400000|100%| O|  |TAMS 0x0000000707400000, 0x0000000707400000| Untracked 
|  58|0x0000000707400000, 0x0000000707600000, 0x0000000707600000|100%| O|  |TAMS 0x0000000707600000, 0x0000000707600000| Untracked 
|  59|0x0000000707600000, 0x0000000707800000, 0x0000000707800000|100%| O|  |TAMS 0x0000000707800000, 0x0000000707800000| Untracked 
|  60|0x0000000707800000, 0x0000000707a00000, 0x0000000707a00000|100%|HS|  |TAMS 0x0000000707a00000, 0x0000000707a00000| Complete 
|  61|0x0000000707a00000, 0x0000000707c00000, 0x0000000707c00000|100%|HS|  |TAMS 0x0000000707c00000, 0x0000000707c00000| Complete 
|  62|0x0000000707c00000, 0x0000000707e00000, 0x0000000707e00000|100%|HC|  |TAMS 0x0000000707e00000, 0x0000000707e00000| Complete 
|  63|0x0000000707e00000, 0x0000000708000000, 0x0000000708000000|100%| O|  |TAMS 0x0000000708000000, 0x0000000708000000| Untracked 
|  64|0x0000000708000000, 0x0000000708200000, 0x0000000708200000|100%| O|  |TAMS 0x0000000708200000, 0x0000000708200000| Untracked 
|  65|0x0000000708200000, 0x0000000708400000, 0x0000000708400000|100%| O|  |TAMS 0x0000000708400000, 0x0000000708400000| Untracked 
|  66|0x0000000708400000, 0x0000000708600000, 0x0000000708600000|100%| O|  |TAMS 0x0000000708400000, 0x0000000708600000| Untracked 
|  67|0x0000000708600000, 0x0000000708800000, 0x0000000708800000|100%| O|  |TAMS 0x0000000708600000, 0x0000000708800000| Untracked 
|  68|0x0000000708800000, 0x0000000708a00000, 0x0000000708a00000|100%| O|  |TAMS 0x0000000708a00000, 0x0000000708a00000| Untracked 
|  69|0x0000000708a00000, 0x0000000708c00000, 0x0000000708c00000|100%| O|  |TAMS 0x0000000708c00000, 0x0000000708c00000| Untracked 
|  70|0x0000000708c00000, 0x0000000708e00000, 0x0000000708e00000|100%| O|  |TAMS 0x0000000708e00000, 0x0000000708e00000| Untracked 
|  71|0x0000000708e00000, 0x0000000709000000, 0x0000000709000000|100%| O|  |TAMS 0x0000000709000000, 0x0000000709000000| Untracked 
|  72|0x0000000709000000, 0x0000000709200000, 0x0000000709200000|100%| O|  |TAMS 0x0000000709000000, 0x0000000709200000| Untracked 
|  73|0x0000000709200000, 0x0000000709400000, 0x0000000709400000|100%| O|  |TAMS 0x0000000709400000, 0x0000000709400000| Untracked 
|  74|0x0000000709400000, 0x0000000709600000, 0x0000000709600000|100%| O|  |TAMS 0x0000000709400000, 0x0000000709600000| Untracked 
|  75|0x0000000709600000, 0x0000000709800000, 0x0000000709800000|100%| O|  |TAMS 0x0000000709600000, 0x0000000709800000| Untracked 
|  76|0x0000000709800000, 0x0000000709a00000, 0x0000000709a00000|100%| O|  |TAMS 0x0000000709800000, 0x0000000709a00000| Untracked 
|  77|0x0000000709a00000, 0x0000000709c00000, 0x0000000709c00000|100%|HS|  |TAMS 0x0000000709c00000, 0x0000000709c00000| Complete 
|  78|0x0000000709c00000, 0x0000000709e00000, 0x0000000709e00000|100%| O|  |TAMS 0x0000000709c00000, 0x0000000709e00000| Untracked 
|  79|0x0000000709e00000, 0x000000070a000000, 0x000000070a000000|100%| O|  |TAMS 0x0000000709e00000, 0x000000070a000000| Untracked 
|  80|0x000000070a000000, 0x000000070a200000, 0x000000070a200000|100%| O|  |TAMS 0x000000070a200000, 0x000000070a200000| Untracked 
|  81|0x000000070a200000, 0x000000070a400000, 0x000000070a400000|100%| O|  |TAMS 0x000000070a400000, 0x000000070a400000| Untracked 
|  82|0x000000070a400000, 0x000000070a600000, 0x000000070a600000|100%| O|  |TAMS 0x000000070a600000, 0x000000070a600000| Untracked 
|  83|0x000000070a600000, 0x000000070a800000, 0x000000070a800000|100%| O|  |TAMS 0x000000070a800000, 0x000000070a800000| Untracked 
|  84|0x000000070a800000, 0x000000070aa00000, 0x000000070aa00000|100%| O|  |TAMS 0x000000070aa00000, 0x000000070aa00000| Untracked 
|  85|0x000000070aa00000, 0x000000070ac00000, 0x000000070ac00000|100%| O|  |TAMS 0x000000070ac00000, 0x000000070ac00000| Untracked 
|  86|0x000000070ac00000, 0x000000070ae00000, 0x000000070ae00000|100%| O|  |TAMS 0x000000070ae00000, 0x000000070ae00000| Untracked 
|  87|0x000000070ae00000, 0x000000070b000000, 0x000000070b000000|100%| O|  |TAMS 0x000000070ae00000, 0x000000070b000000| Untracked 
|  88|0x000000070b000000, 0x000000070b200000, 0x000000070b200000|100%| O|  |TAMS 0x000000070b000000, 0x000000070b200000| Untracked 
|  89|0x000000070b200000, 0x000000070b400000, 0x000000070b400000|100%| O|  |TAMS 0x000000070b200000, 0x000000070b400000| Untracked 
|  90|0x000000070b400000, 0x000000070b600000, 0x000000070b600000|100%| O|  |TAMS 0x000000070b600000, 0x000000070b600000| Untracked 
|  91|0x000000070b600000, 0x000000070b800000, 0x000000070b800000|100%| O|  |TAMS 0x000000070b800000, 0x000000070b800000| Untracked 
|  92|0x000000070b800000, 0x000000070ba00000, 0x000000070ba00000|100%| O|  |TAMS 0x000000070ba00000, 0x000000070ba00000| Untracked 
|  93|0x000000070ba00000, 0x000000070bc00000, 0x000000070bc00000|100%| O|  |TAMS 0x000000070bc00000, 0x000000070bc00000| Untracked 
|  94|0x000000070bc00000, 0x000000070be00000, 0x000000070be00000|100%| O|  |TAMS 0x000000070be00000, 0x000000070be00000| Untracked 
|  95|0x000000070be00000, 0x000000070c000000, 0x000000070c000000|100%| O|  |TAMS 0x000000070c000000, 0x000000070c000000| Untracked 
|  96|0x000000070c000000, 0x000000070c200000, 0x000000070c200000|100%| O|  |TAMS 0x000000070c000000, 0x000000070c200000| Untracked 
|  97|0x000000070c200000, 0x000000070c400000, 0x000000070c400000|100%| O|  |TAMS 0x000000070c400000, 0x000000070c400000| Untracked 
|  98|0x000000070c400000, 0x000000070c4f9800, 0x000000070c600000| 48%| O|  |TAMS 0x000000070c400000, 0x000000070c4f9800| Untracked 
|  99|0x000000070c600000, 0x000000070c800000, 0x000000070c800000|100%| O|  |TAMS 0x000000070c800000, 0x000000070c800000| Untracked 
| 100|0x000000070c800000, 0x000000070ca00000, 0x000000070ca00000|100%| O|  |TAMS 0x000000070ca00000, 0x000000070ca00000| Untracked 
| 101|0x000000070ca00000, 0x000000070ca00000, 0x000000070cc00000|  0%| F|  |TAMS 0x000000070ca00000, 0x000000070ca00000| Untracked 
| 102|0x000000070cc00000, 0x000000070cc00000, 0x000000070ce00000|  0%| F|  |TAMS 0x000000070cc00000, 0x000000070cc00000| Untracked 
| 103|0x000000070ce00000, 0x000000070ce00000, 0x000000070d000000|  0%| F|  |TAMS 0x000000070ce00000, 0x000000070ce00000| Untracked 
| 104|0x000000070d000000, 0x000000070d200000, 0x000000070d200000|100%| O|  |TAMS 0x000000070d000000, 0x000000070d200000| Untracked 
| 105|0x000000070d200000, 0x000000070d200000, 0x000000070d400000|  0%| F|  |TAMS 0x000000070d200000, 0x000000070d200000| Untracked 
| 106|0x000000070d400000, 0x000000070d600000, 0x000000070d600000|100%| O|  |TAMS 0x000000070d600000, 0x000000070d600000| Untracked 
| 107|0x000000070d600000, 0x000000070d800000, 0x000000070d800000|100%| O|  |TAMS 0x000000070d800000, 0x000000070d800000| Untracked 
| 108|0x000000070d800000, 0x000000070da00000, 0x000000070da00000|100%| O|  |TAMS 0x000000070da00000, 0x000000070da00000| Untracked 
| 109|0x000000070da00000, 0x000000070dc00000, 0x000000070dc00000|100%| O|  |TAMS 0x000000070dc00000, 0x000000070dc00000| Untracked 
| 110|0x000000070dc00000, 0x000000070dc00000, 0x000000070de00000|  0%| F|  |TAMS 0x000000070dc00000, 0x000000070dc00000| Untracked 
| 111|0x000000070de00000, 0x000000070de00000, 0x000000070e000000|  0%| F|  |TAMS 0x000000070de00000, 0x000000070de00000| Untracked 
| 112|0x000000070e000000, 0x000000070e200000, 0x000000070e200000|100%| O|  |TAMS 0x000000070e000000, 0x000000070e200000| Untracked 
| 113|0x000000070e200000, 0x000000070e200000, 0x000000070e400000|  0%| F|  |TAMS 0x000000070e200000, 0x000000070e200000| Untracked 
| 114|0x000000070e400000, 0x000000070e600000, 0x000000070e600000|100%| O|  |TAMS 0x000000070e600000, 0x000000070e600000| Untracked 
| 115|0x000000070e600000, 0x000000070e600000, 0x000000070e800000|  0%| F|  |TAMS 0x000000070e600000, 0x000000070e600000| Untracked 
| 116|0x000000070e800000, 0x000000070ea00000, 0x000000070ea00000|100%| O|  |TAMS 0x000000070ea00000, 0x000000070ea00000| Untracked 
| 117|0x000000070ea00000, 0x000000070ec00000, 0x000000070ec00000|100%| O|  |TAMS 0x000000070ec00000, 0x000000070ec00000| Untracked 
| 118|0x000000070ec00000, 0x000000070ec00000, 0x000000070ee00000|  0%| F|  |TAMS 0x000000070ec00000, 0x000000070ec00000| Untracked 
| 119|0x000000070ee00000, 0x000000070ee00000, 0x000000070f000000|  0%| F|  |TAMS 0x000000070ee00000, 0x000000070ee00000| Untracked 
| 120|0x000000070f000000, 0x000000070f000000, 0x000000070f200000|  0%| F|  |TAMS 0x000000070f000000, 0x000000070f000000| Untracked 
| 121|0x000000070f200000, 0x000000070f200000, 0x000000070f400000|  0%| F|  |TAMS 0x000000070f200000, 0x000000070f200000| Untracked 
| 122|0x000000070f400000, 0x000000070f400000, 0x000000070f600000|  0%| F|  |TAMS 0x000000070f400000, 0x000000070f400000| Untracked 
| 123|0x000000070f600000, 0x000000070f600000, 0x000000070f800000|  0%| F|  |TAMS 0x000000070f600000, 0x000000070f600000| Untracked 
| 124|0x000000070f800000, 0x000000070fa00000, 0x000000070fa00000|100%| O|  |TAMS 0x000000070fa00000, 0x000000070fa00000| Untracked 
| 125|0x000000070fa00000, 0x000000070fc00000, 0x000000070fc00000|100%| O|  |TAMS 0x000000070fa00000, 0x000000070fc00000| Untracked 
| 126|0x000000070fc00000, 0x000000070fc00000, 0x000000070fe00000|  0%| F|  |TAMS 0x000000070fc00000, 0x000000070fc00000| Untracked 
| 127|0x000000070fe00000, 0x000000070fe00000, 0x0000000710000000|  0%| F|  |TAMS 0x000000070fe00000, 0x000000070fe00000| Untracked 
| 128|0x0000000710000000, 0x0000000710000000, 0x0000000710200000|  0%| F|  |TAMS 0x0000000710000000, 0x0000000710000000| Untracked 
| 129|0x0000000710200000, 0x0000000710400000, 0x0000000710400000|100%| O|  |TAMS 0x0000000710200000, 0x0000000710400000| Untracked 
| 130|0x0000000710400000, 0x0000000710600000, 0x0000000710600000|100%| O|  |TAMS 0x0000000710600000, 0x0000000710600000| Untracked 
| 131|0x0000000710600000, 0x0000000710600000, 0x0000000710800000|  0%| F|  |TAMS 0x0000000710600000, 0x0000000710600000| Untracked 
| 132|0x0000000710800000, 0x0000000710800000, 0x0000000710a00000|  0%| F|  |TAMS 0x0000000710800000, 0x0000000710800000| Untracked 
| 133|0x0000000710a00000, 0x0000000710a00000, 0x0000000710c00000|  0%| F|  |TAMS 0x0000000710a00000, 0x0000000710a00000| Untracked 
| 134|0x0000000710c00000, 0x0000000710e00000, 0x0000000710e00000|100%| O|  |TAMS 0x0000000710e00000, 0x0000000710e00000| Untracked 
| 135|0x0000000710e00000, 0x0000000711000000, 0x0000000711000000|100%| O|  |TAMS 0x0000000710e00000, 0x0000000711000000| Untracked 
| 136|0x0000000711000000, 0x0000000711200000, 0x0000000711200000|100%| O|  |TAMS 0x0000000711000000, 0x0000000711200000| Untracked 
| 137|0x0000000711200000, 0x0000000711200000, 0x0000000711400000|  0%| F|  |TAMS 0x0000000711200000, 0x0000000711200000| Untracked 
| 138|0x0000000711400000, 0x0000000711600000, 0x0000000711600000|100%| O|  |TAMS 0x0000000711600000, 0x0000000711600000| Untracked 
| 139|0x0000000711600000, 0x0000000711600000, 0x0000000711800000|  0%| F|  |TAMS 0x0000000711600000, 0x0000000711600000| Untracked 
| 140|0x0000000711800000, 0x0000000711a00000, 0x0000000711a00000|100%| O|  |TAMS 0x0000000711800000, 0x0000000711a00000| Untracked 
| 141|0x0000000711a00000, 0x0000000711c00000, 0x0000000711c00000|100%| O|  |TAMS 0x0000000711c00000, 0x0000000711c00000| Untracked 
| 142|0x0000000711c00000, 0x0000000711e00000, 0x0000000711e00000|100%| O|  |TAMS 0x0000000711e00000, 0x0000000711e00000| Untracked 
| 143|0x0000000711e00000, 0x0000000711e00000, 0x0000000712000000|  0%| F|  |TAMS 0x0000000711e00000, 0x0000000711e00000| Untracked 
| 144|0x0000000712000000, 0x0000000712200000, 0x0000000712200000|100%| O|  |TAMS 0x0000000712000000, 0x0000000712200000| Untracked 
| 145|0x0000000712200000, 0x0000000712400000, 0x0000000712400000|100%| O|  |TAMS 0x0000000712200000, 0x0000000712400000| Untracked 
| 146|0x0000000712400000, 0x0000000712600000, 0x0000000712600000|100%| O|  |TAMS 0x0000000712600000, 0x0000000712600000| Untracked 
| 147|0x0000000712600000, 0x0000000712800000, 0x0000000712800000|100%| O|  |TAMS 0x0000000712600000, 0x0000000712800000| Untracked 
| 148|0x0000000712800000, 0x0000000712800000, 0x0000000712a00000|  0%| F|  |TAMS 0x0000000712800000, 0x0000000712800000| Untracked 
| 149|0x0000000712a00000, 0x0000000712a00000, 0x0000000712c00000|  0%| F|  |TAMS 0x0000000712a00000, 0x0000000712a00000| Untracked 
| 150|0x0000000712c00000, 0x0000000712e00000, 0x0000000712e00000|100%| O|  |TAMS 0x0000000712e00000, 0x0000000712e00000| Untracked 
| 151|0x0000000712e00000, 0x0000000712e00000, 0x0000000713000000|  0%| F|  |TAMS 0x0000000712e00000, 0x0000000712e00000| Untracked 
| 152|0x0000000713000000, 0x0000000713000000, 0x0000000713200000|  0%| F|  |TAMS 0x0000000713000000, 0x0000000713000000| Untracked 
| 153|0x0000000713200000, 0x0000000713400000, 0x0000000713400000|100%| O|  |TAMS 0x0000000713200000, 0x0000000713400000| Untracked 
| 154|0x0000000713400000, 0x0000000713400000, 0x0000000713600000|  0%| F|  |TAMS 0x0000000713400000, 0x0000000713400000| Untracked 
| 155|0x0000000713600000, 0x0000000713800000, 0x0000000713800000|100%| O|  |TAMS 0x0000000713800000, 0x0000000713800000| Untracked 
| 156|0x0000000713800000, 0x0000000713800000, 0x0000000713a00000|  0%| F|  |TAMS 0x0000000713800000, 0x0000000713800000| Untracked 
| 157|0x0000000713a00000, 0x0000000713c00000, 0x0000000713c00000|100%| O|  |TAMS 0x0000000713a00000, 0x0000000713c00000| Untracked 
| 158|0x0000000713c00000, 0x0000000713e00000, 0x0000000713e00000|100%| O|  |TAMS 0x0000000713e00000, 0x0000000713e00000| Untracked 
| 159|0x0000000713e00000, 0x0000000714000000, 0x0000000714000000|100%| O|  |TAMS 0x0000000714000000, 0x0000000714000000| Untracked 
| 160|0x0000000714000000, 0x0000000714200000, 0x0000000714200000|100%| O|  |TAMS 0x0000000714200000, 0x0000000714200000| Untracked 
| 161|0x0000000714200000, 0x0000000714400000, 0x0000000714400000|100%| O|  |TAMS 0x0000000714200000, 0x0000000714400000| Untracked 
| 162|0x0000000714400000, 0x0000000714600000, 0x0000000714600000|100%| O|  |TAMS 0x0000000714400000, 0x0000000714600000| Untracked 
| 163|0x0000000714600000, 0x0000000714800000, 0x0000000714800000|100%| O|  |TAMS 0x0000000714800000, 0x0000000714800000| Untracked 
| 164|0x0000000714800000, 0x0000000714a00000, 0x0000000714a00000|100%| O|  |TAMS 0x0000000714a00000, 0x0000000714a00000| Untracked 
| 165|0x0000000714a00000, 0x0000000714c00000, 0x0000000714c00000|100%| O|  |TAMS 0x0000000714a00000, 0x0000000714c00000| Untracked 
| 166|0x0000000714c00000, 0x0000000714e00000, 0x0000000714e00000|100%| O|  |TAMS 0x0000000714c00000, 0x0000000714e00000| Untracked 
| 167|0x0000000714e00000, 0x0000000715000000, 0x0000000715000000|100%| O|  |TAMS 0x0000000714e00000, 0x0000000715000000| Untracked 
| 168|0x0000000715000000, 0x0000000715200000, 0x0000000715200000|100%| O|  |TAMS 0x0000000715200000, 0x0000000715200000| Untracked 
| 169|0x0000000715200000, 0x0000000715200000, 0x0000000715400000|  0%| F|  |TAMS 0x0000000715200000, 0x0000000715200000| Untracked 
| 170|0x0000000715400000, 0x0000000715600000, 0x0000000715600000|100%| O|  |TAMS 0x0000000715600000, 0x0000000715600000| Untracked 
| 171|0x0000000715600000, 0x0000000715800000, 0x0000000715800000|100%| O|  |TAMS 0x0000000715800000, 0x0000000715800000| Untracked 
| 172|0x0000000715800000, 0x0000000715800000, 0x0000000715a00000|  0%| F|  |TAMS 0x0000000715800000, 0x0000000715800000| Untracked 
| 173|0x0000000715a00000, 0x0000000715a00000, 0x0000000715c00000|  0%| F|  |TAMS 0x0000000715a00000, 0x0000000715a00000| Untracked 
| 174|0x0000000715c00000, 0x0000000715e00000, 0x0000000715e00000|100%| O|  |TAMS 0x0000000715e00000, 0x0000000715e00000| Untracked 
| 175|0x0000000715e00000, 0x0000000716000000, 0x0000000716000000|100%| O|  |TAMS 0x0000000715e00000, 0x0000000716000000| Untracked 
| 176|0x0000000716000000, 0x0000000716200000, 0x0000000716200000|100%| O|  |TAMS 0x0000000716200000, 0x0000000716200000| Untracked 
| 177|0x0000000716200000, 0x0000000716400000, 0x0000000716400000|100%| O|  |TAMS 0x0000000716400000, 0x0000000716400000| Untracked 
| 178|0x0000000716400000, 0x0000000716600000, 0x0000000716600000|100%| O|  |TAMS 0x0000000716600000, 0x0000000716600000| Untracked 
| 179|0x0000000716600000, 0x0000000716800000, 0x0000000716800000|100%| O|  |TAMS 0x0000000716800000, 0x0000000716800000| Untracked 
| 180|0x0000000716800000, 0x0000000716800000, 0x0000000716a00000|  0%| F|  |TAMS 0x0000000716800000, 0x0000000716800000| Untracked 
| 181|0x0000000716a00000, 0x0000000716c00000, 0x0000000716c00000|100%| O|  |TAMS 0x0000000716c00000, 0x0000000716c00000| Untracked 
| 182|0x0000000716c00000, 0x0000000716c00000, 0x0000000716e00000|  0%| F|  |TAMS 0x0000000716c00000, 0x0000000716c00000| Untracked 
| 183|0x0000000716e00000, 0x0000000717000000, 0x0000000717000000|100%| O|  |TAMS 0x0000000717000000, 0x0000000717000000| Untracked 
| 184|0x0000000717000000, 0x0000000717000000, 0x0000000717200000|  0%| F|  |TAMS 0x0000000717000000, 0x0000000717000000| Untracked 
| 185|0x0000000717200000, 0x0000000717200000, 0x0000000717400000|  0%| F|  |TAMS 0x0000000717200000, 0x0000000717200000| Untracked 
| 186|0x0000000717400000, 0x0000000717600000, 0x0000000717600000|100%| O|  |TAMS 0x0000000717450000, 0x0000000717600000| Untracked 
| 187|0x0000000717600000, 0x0000000717800000, 0x0000000717800000|100%| O|  |TAMS 0x0000000717600000, 0x0000000717800000| Untracked 
| 188|0x0000000717800000, 0x0000000717800000, 0x0000000717a00000|  0%| F|  |TAMS 0x0000000717800000, 0x0000000717800000| Untracked 
| 189|0x0000000717a00000, 0x0000000717c00000, 0x0000000717c00000|100%| O|  |TAMS 0x0000000717a00000, 0x0000000717c00000| Untracked 
| 190|0x0000000717c00000, 0x0000000717e00000, 0x0000000717e00000|100%| O|  |TAMS 0x0000000717c00000, 0x0000000717e00000| Untracked 
| 191|0x0000000717e00000, 0x0000000718000000, 0x0000000718000000|100%| O|  |TAMS 0x0000000717e00000, 0x0000000718000000| Untracked 
| 192|0x0000000718000000, 0x0000000718200000, 0x0000000718200000|100%| O|  |TAMS 0x0000000718000000, 0x0000000718200000| Untracked 
| 193|0x0000000718200000, 0x0000000718200000, 0x0000000718400000|  0%| F|  |TAMS 0x0000000718200000, 0x0000000718200000| Untracked 
| 194|0x0000000718400000, 0x0000000718600000, 0x0000000718600000|100%| O|  |TAMS 0x0000000718400000, 0x0000000718600000| Untracked 
| 195|0x0000000718600000, 0x0000000718800000, 0x0000000718800000|100%| O|  |TAMS 0x0000000718600000, 0x0000000718800000| Untracked 
| 196|0x0000000718800000, 0x0000000718a00000, 0x0000000718a00000|100%| O|  |TAMS 0x0000000718800000, 0x0000000718a00000| Untracked 
| 197|0x0000000718a00000, 0x0000000718c00000, 0x0000000718c00000|100%| O|  |TAMS 0x0000000718a00000, 0x0000000718c00000| Untracked 
| 198|0x0000000718c00000, 0x0000000718e00000, 0x0000000718e00000|100%| O|  |TAMS 0x0000000718c00000, 0x0000000718e00000| Untracked 
| 199|0x0000000718e00000, 0x0000000719000000, 0x0000000719000000|100%| O|  |TAMS 0x0000000718e00000, 0x0000000719000000| Untracked 
| 200|0x0000000719000000, 0x0000000719200000, 0x0000000719200000|100%| O|  |TAMS 0x0000000719000000, 0x0000000719200000| Untracked 
| 201|0x0000000719200000, 0x0000000719400000, 0x0000000719400000|100%| O|  |TAMS 0x0000000719200000, 0x0000000719400000| Untracked 
| 202|0x0000000719400000, 0x0000000719600000, 0x0000000719600000|100%| O|  |TAMS 0x0000000719400000, 0x0000000719600000| Untracked 
| 203|0x0000000719600000, 0x0000000719800000, 0x0000000719800000|100%| O|  |TAMS 0x0000000719600000, 0x0000000719800000| Untracked 
| 204|0x0000000719800000, 0x0000000719a00000, 0x0000000719a00000|100%| O|  |TAMS 0x0000000719800000, 0x0000000719a00000| Untracked 
| 205|0x0000000719a00000, 0x0000000719c00000, 0x0000000719c00000|100%| O|  |TAMS 0x0000000719a00000, 0x0000000719c00000| Untracked 
| 206|0x0000000719c00000, 0x0000000719e00000, 0x0000000719e00000|100%| O|  |TAMS 0x0000000719c00000, 0x0000000719e00000| Untracked 
| 207|0x0000000719e00000, 0x0000000719e00000, 0x000000071a000000|  0%| F|  |TAMS 0x0000000719e00000, 0x0000000719e00000| Untracked 
| 208|0x000000071a000000, 0x000000071a200000, 0x000000071a200000|100%| O|  |TAMS 0x000000071a200000, 0x000000071a200000| Untracked 
| 209|0x000000071a200000, 0x000000071a200000, 0x000000071a400000|  0%| F|  |TAMS 0x000000071a200000, 0x000000071a200000| Untracked 
| 210|0x000000071a400000, 0x000000071a400000, 0x000000071a600000|  0%| F|  |TAMS 0x000000071a400000, 0x000000071a400000| Untracked 
| 211|0x000000071a600000, 0x000000071a600000, 0x000000071a800000|  0%| F|  |TAMS 0x000000071a600000, 0x000000071a600000| Untracked 
| 212|0x000000071a800000, 0x000000071a800000, 0x000000071aa00000|  0%| F|  |TAMS 0x000000071a800000, 0x000000071a800000| Untracked 
| 213|0x000000071aa00000, 0x000000071aa00000, 0x000000071ac00000|  0%| F|  |TAMS 0x000000071aa00000, 0x000000071aa00000| Untracked 
| 214|0x000000071ac00000, 0x000000071ac00000, 0x000000071ae00000|  0%| F|  |TAMS 0x000000071ac00000, 0x000000071ac00000| Untracked 
| 215|0x000000071ae00000, 0x000000071b000000, 0x000000071b000000|100%| O|  |TAMS 0x000000071b000000, 0x000000071b000000| Untracked 
| 216|0x000000071b000000, 0x000000071b000000, 0x000000071b200000|  0%| F|  |TAMS 0x000000071b000000, 0x000000071b000000| Untracked 
| 217|0x000000071b200000, 0x000000071b200000, 0x000000071b400000|  0%| F|  |TAMS 0x000000071b200000, 0x000000071b200000| Untracked 
| 218|0x000000071b400000, 0x000000071b600000, 0x000000071b600000|100%| O|  |TAMS 0x000000071b600000, 0x000000071b600000| Untracked 
| 219|0x000000071b600000, 0x000000071b600000, 0x000000071b800000|  0%| F|  |TAMS 0x000000071b600000, 0x000000071b600000| Untracked 
| 220|0x000000071b800000, 0x000000071ba00000, 0x000000071ba00000|100%| O|  |TAMS 0x000000071ba00000, 0x000000071ba00000| Untracked 
| 221|0x000000071ba00000, 0x000000071bc00000, 0x000000071bc00000|100%| O|  |TAMS 0x000000071bc00000, 0x000000071bc00000| Untracked 
| 222|0x000000071bc00000, 0x000000071bc00000, 0x000000071be00000|  0%| F|  |TAMS 0x000000071bc00000, 0x000000071bc00000| Untracked 
| 223|0x000000071be00000, 0x000000071c000000, 0x000000071c000000|100%| O|  |TAMS 0x000000071c000000, 0x000000071c000000| Untracked 
| 224|0x000000071c000000, 0x000000071c000000, 0x000000071c200000|  0%| F|  |TAMS 0x000000071c000000, 0x000000071c000000| Untracked 
| 225|0x000000071c200000, 0x000000071c200000, 0x000000071c400000|  0%| F|  |TAMS 0x000000071c200000, 0x000000071c200000| Untracked 
| 226|0x000000071c400000, 0x000000071c400000, 0x000000071c600000|  0%| F|  |TAMS 0x000000071c400000, 0x000000071c400000| Untracked 
| 227|0x000000071c600000, 0x000000071c600000, 0x000000071c800000|  0%| F|  |TAMS 0x000000071c600000, 0x000000071c600000| Untracked 
| 228|0x000000071c800000, 0x000000071c800000, 0x000000071ca00000|  0%| F|  |TAMS 0x000000071c800000, 0x000000071c800000| Untracked 
| 229|0x000000071ca00000, 0x000000071ca00000, 0x000000071cc00000|  0%| F|  |TAMS 0x000000071ca00000, 0x000000071ca00000| Untracked 
| 230|0x000000071cc00000, 0x000000071cc00000, 0x000000071ce00000|  0%| F|  |TAMS 0x000000071cc00000, 0x000000071cc00000| Untracked 
| 231|0x000000071ce00000, 0x000000071ce00000, 0x000000071d000000|  0%| F|  |TAMS 0x000000071ce00000, 0x000000071ce00000| Untracked 
| 232|0x000000071d000000, 0x000000071d000000, 0x000000071d200000|  0%| F|  |TAMS 0x000000071d000000, 0x000000071d000000| Untracked 
| 233|0x000000071d200000, 0x000000071d200000, 0x000000071d400000|  0%| F|  |TAMS 0x000000071d200000, 0x000000071d200000| Untracked 
| 234|0x000000071d400000, 0x000000071d400000, 0x000000071d600000|  0%| F|  |TAMS 0x000000071d400000, 0x000000071d400000| Untracked 
| 235|0x000000071d600000, 0x000000071d600000, 0x000000071d800000|  0%| F|  |TAMS 0x000000071d600000, 0x000000071d600000| Untracked 
| 236|0x000000071d800000, 0x000000071d800000, 0x000000071da00000|  0%| F|  |TAMS 0x000000071d800000, 0x000000071d800000| Untracked 
| 237|0x000000071da00000, 0x000000071dc00000, 0x000000071dc00000|100%| O|  |TAMS 0x000000071dc00000, 0x000000071dc00000| Untracked 
| 238|0x000000071dc00000, 0x000000071de00000, 0x000000071de00000|100%| O|  |TAMS 0x000000071de00000, 0x000000071de00000| Untracked 
| 239|0x000000071de00000, 0x000000071de00000, 0x000000071e000000|  0%| F|  |TAMS 0x000000071de00000, 0x000000071de00000| Untracked 
| 240|0x000000071e000000, 0x000000071e000000, 0x000000071e200000|  0%| F|  |TAMS 0x000000071e000000, 0x000000071e000000| Untracked 
| 241|0x000000071e200000, 0x000000071e200000, 0x000000071e400000|  0%| F|  |TAMS 0x000000071e200000, 0x000000071e200000| Untracked 
| 242|0x000000071e400000, 0x000000071e400000, 0x000000071e600000|  0%| F|  |TAMS 0x000000071e400000, 0x000000071e400000| Untracked 
| 243|0x000000071e600000, 0x000000071e600000, 0x000000071e800000|  0%| F|  |TAMS 0x000000071e600000, 0x000000071e600000| Untracked 
| 244|0x000000071e800000, 0x000000071e800000, 0x000000071ea00000|  0%| F|  |TAMS 0x000000071e800000, 0x000000071e800000| Untracked 
| 245|0x000000071ea00000, 0x000000071ea00000, 0x000000071ec00000|  0%| F|  |TAMS 0x000000071ea00000, 0x000000071ea00000| Untracked 
| 246|0x000000071ec00000, 0x000000071ec00000, 0x000000071ee00000|  0%| F|  |TAMS 0x000000071ec00000, 0x000000071ec00000| Untracked 
| 247|0x000000071ee00000, 0x000000071ee00000, 0x000000071f000000|  0%| F|  |TAMS 0x000000071ee00000, 0x000000071ee00000| Untracked 
| 248|0x000000071f000000, 0x000000071f000000, 0x000000071f200000|  0%| F|  |TAMS 0x000000071f000000, 0x000000071f000000| Untracked 
| 249|0x000000071f200000, 0x000000071f200000, 0x000000071f400000|  0%| F|  |TAMS 0x000000071f200000, 0x000000071f200000| Untracked 
| 250|0x000000071f400000, 0x000000071f400000, 0x000000071f600000|  0%| F|  |TAMS 0x000000071f400000, 0x000000071f400000| Untracked 
| 251|0x000000071f600000, 0x000000071f600000, 0x000000071f800000|  0%| F|  |TAMS 0x000000071f600000, 0x000000071f600000| Untracked 
| 252|0x000000071f800000, 0x000000071f800000, 0x000000071fa00000|  0%| F|  |TAMS 0x000000071f800000, 0x000000071f800000| Untracked 
| 253|0x000000071fa00000, 0x000000071fa00000, 0x000000071fc00000|  0%| F|  |TAMS 0x000000071fa00000, 0x000000071fa00000| Untracked 
| 254|0x000000071fc00000, 0x000000071fc00000, 0x000000071fe00000|  0%| F|  |TAMS 0x000000071fc00000, 0x000000071fc00000| Untracked 
| 255|0x000000071fe00000, 0x000000071fe00000, 0x0000000720000000|  0%| F|  |TAMS 0x000000071fe00000, 0x000000071fe00000| Untracked 
| 256|0x0000000720000000, 0x0000000720000000, 0x0000000720200000|  0%| F|  |TAMS 0x0000000720000000, 0x0000000720000000| Untracked 
| 257|0x0000000720200000, 0x0000000720200000, 0x0000000720400000|  0%| F|  |TAMS 0x0000000720200000, 0x0000000720200000| Untracked 
| 258|0x0000000720400000, 0x0000000720400000, 0x0000000720600000|  0%| F|  |TAMS 0x0000000720400000, 0x0000000720400000| Untracked 
| 259|0x0000000720600000, 0x0000000720600000, 0x0000000720800000|  0%| F|  |TAMS 0x0000000720600000, 0x0000000720600000| Untracked 
| 260|0x0000000720800000, 0x0000000720800000, 0x0000000720a00000|  0%| F|  |TAMS 0x0000000720800000, 0x0000000720800000| Untracked 
| 261|0x0000000720a00000, 0x0000000720a00000, 0x0000000720c00000|  0%| F|  |TAMS 0x0000000720a00000, 0x0000000720a00000| Untracked 
| 262|0x0000000720c00000, 0x0000000720c00000, 0x0000000720e00000|  0%| F|  |TAMS 0x0000000720c00000, 0x0000000720c00000| Untracked 
| 263|0x0000000720e00000, 0x0000000720e00000, 0x0000000721000000|  0%| F|  |TAMS 0x0000000720e00000, 0x0000000720e00000| Untracked 
| 264|0x0000000721000000, 0x0000000721000000, 0x0000000721200000|  0%| F|  |TAMS 0x0000000721000000, 0x0000000721000000| Untracked 
| 265|0x0000000721200000, 0x0000000721200000, 0x0000000721400000|  0%| F|  |TAMS 0x0000000721200000, 0x0000000721200000| Untracked 
| 266|0x0000000721400000, 0x0000000721400000, 0x0000000721600000|  0%| F|  |TAMS 0x0000000721400000, 0x0000000721400000| Untracked 
| 267|0x0000000721600000, 0x0000000721600000, 0x0000000721800000|  0%| F|  |TAMS 0x0000000721600000, 0x0000000721600000| Untracked 
| 268|0x0000000721800000, 0x0000000721800000, 0x0000000721a00000|  0%| F|  |TAMS 0x0000000721800000, 0x0000000721800000| Untracked 
| 269|0x0000000721a00000, 0x0000000721a00000, 0x0000000721c00000|  0%| F|  |TAMS 0x0000000721a00000, 0x0000000721a00000| Untracked 
| 270|0x0000000721c00000, 0x0000000721c00000, 0x0000000721e00000|  0%| F|  |TAMS 0x0000000721c00000, 0x0000000721c00000| Untracked 
| 271|0x0000000721e00000, 0x0000000721e00000, 0x0000000722000000|  0%| F|  |TAMS 0x0000000721e00000, 0x0000000721e00000| Untracked 
| 272|0x0000000722000000, 0x0000000722000000, 0x0000000722200000|  0%| F|  |TAMS 0x0000000722000000, 0x0000000722000000| Untracked 
| 273|0x0000000722200000, 0x0000000722200000, 0x0000000722400000|  0%| F|  |TAMS 0x0000000722200000, 0x0000000722200000| Untracked 
| 274|0x0000000722400000, 0x0000000722400000, 0x0000000722600000|  0%| F|  |TAMS 0x0000000722400000, 0x0000000722400000| Untracked 
| 275|0x0000000722600000, 0x0000000722600000, 0x0000000722800000|  0%| F|  |TAMS 0x0000000722600000, 0x0000000722600000| Untracked 
| 276|0x0000000722800000, 0x0000000722800000, 0x0000000722a00000|  0%| F|  |TAMS 0x0000000722800000, 0x0000000722800000| Untracked 
| 277|0x0000000722a00000, 0x0000000722a00000, 0x0000000722c00000|  0%| F|  |TAMS 0x0000000722a00000, 0x0000000722a00000| Untracked 
| 278|0x0000000722c00000, 0x0000000722c00000, 0x0000000722e00000|  0%| F|  |TAMS 0x0000000722c00000, 0x0000000722c00000| Untracked 
| 279|0x0000000722e00000, 0x0000000722e00000, 0x0000000723000000|  0%| F|  |TAMS 0x0000000722e00000, 0x0000000722e00000| Untracked 
| 280|0x0000000723000000, 0x0000000723000000, 0x0000000723200000|  0%| F|  |TAMS 0x0000000723000000, 0x0000000723000000| Untracked 
| 281|0x0000000723200000, 0x0000000723200000, 0x0000000723400000|  0%| F|  |TAMS 0x0000000723200000, 0x0000000723200000| Untracked 
| 282|0x0000000723400000, 0x0000000723400000, 0x0000000723600000|  0%| F|  |TAMS 0x0000000723400000, 0x0000000723400000| Untracked 
| 283|0x0000000723600000, 0x0000000723600000, 0x0000000723800000|  0%| F|  |TAMS 0x0000000723600000, 0x0000000723600000| Untracked 
| 284|0x0000000723800000, 0x0000000723800000, 0x0000000723a00000|  0%| F|  |TAMS 0x0000000723800000, 0x0000000723800000| Untracked 
| 285|0x0000000723a00000, 0x0000000723a00000, 0x0000000723c00000|  0%| F|  |TAMS 0x0000000723a00000, 0x0000000723a00000| Untracked 
| 286|0x0000000723c00000, 0x0000000723c00000, 0x0000000723e00000|  0%| F|  |TAMS 0x0000000723c00000, 0x0000000723c00000| Untracked 
| 287|0x0000000723e00000, 0x0000000723e00000, 0x0000000724000000|  0%| F|  |TAMS 0x0000000723e00000, 0x0000000723e00000| Untracked 
| 288|0x0000000724000000, 0x0000000724000000, 0x0000000724200000|  0%| F|  |TAMS 0x0000000724000000, 0x0000000724000000| Untracked 
| 289|0x0000000724200000, 0x0000000724200000, 0x0000000724400000|  0%| F|  |TAMS 0x0000000724200000, 0x0000000724200000| Untracked 
| 290|0x0000000724400000, 0x0000000724400000, 0x0000000724600000|  0%| F|  |TAMS 0x0000000724400000, 0x0000000724400000| Untracked 
| 291|0x0000000724600000, 0x0000000724600000, 0x0000000724800000|  0%| F|  |TAMS 0x0000000724600000, 0x0000000724600000| Untracked 
| 292|0x0000000724800000, 0x0000000724800000, 0x0000000724a00000|  0%| F|  |TAMS 0x0000000724800000, 0x0000000724800000| Untracked 
| 293|0x0000000724a00000, 0x0000000724a00000, 0x0000000724c00000|  0%| F|  |TAMS 0x0000000724a00000, 0x0000000724a00000| Untracked 
| 294|0x0000000724c00000, 0x0000000724c00000, 0x0000000724e00000|  0%| F|  |TAMS 0x0000000724c00000, 0x0000000724c00000| Untracked 
| 295|0x0000000724e00000, 0x0000000724e00000, 0x0000000725000000|  0%| F|  |TAMS 0x0000000724e00000, 0x0000000724e00000| Untracked 
| 296|0x0000000725000000, 0x0000000725000000, 0x0000000725200000|  0%| F|  |TAMS 0x0000000725000000, 0x0000000725000000| Untracked 
| 297|0x0000000725200000, 0x0000000725200000, 0x0000000725400000|  0%| F|  |TAMS 0x0000000725200000, 0x0000000725200000| Untracked 
| 298|0x0000000725400000, 0x0000000725400000, 0x0000000725600000|  0%| F|  |TAMS 0x0000000725400000, 0x0000000725400000| Untracked 
| 299|0x0000000725600000, 0x0000000725600000, 0x0000000725800000|  0%| F|  |TAMS 0x0000000725600000, 0x0000000725600000| Untracked 
| 300|0x0000000725800000, 0x0000000725800000, 0x0000000725a00000|  0%| F|  |TAMS 0x0000000725800000, 0x0000000725800000| Untracked 
| 301|0x0000000725a00000, 0x0000000725a00000, 0x0000000725c00000|  0%| F|  |TAMS 0x0000000725a00000, 0x0000000725a00000| Untracked 
| 302|0x0000000725c00000, 0x0000000725c00000, 0x0000000725e00000|  0%| F|  |TAMS 0x0000000725c00000, 0x0000000725c00000| Untracked 
| 303|0x0000000725e00000, 0x0000000725e00000, 0x0000000726000000|  0%| F|  |TAMS 0x0000000725e00000, 0x0000000725e00000| Untracked 
| 304|0x0000000726000000, 0x0000000726000000, 0x0000000726200000|  0%| F|  |TAMS 0x0000000726000000, 0x0000000726000000| Untracked 
| 305|0x0000000726200000, 0x0000000726200000, 0x0000000726400000|  0%| F|  |TAMS 0x0000000726200000, 0x0000000726200000| Untracked 
| 306|0x0000000726400000, 0x0000000726400000, 0x0000000726600000|  0%| F|  |TAMS 0x0000000726400000, 0x0000000726400000| Untracked 
| 307|0x0000000726600000, 0x0000000726600000, 0x0000000726800000|  0%| F|  |TAMS 0x0000000726600000, 0x0000000726600000| Untracked 
| 308|0x0000000726800000, 0x0000000726800000, 0x0000000726a00000|  0%| F|  |TAMS 0x0000000726800000, 0x0000000726800000| Untracked 
| 309|0x0000000726a00000, 0x0000000726a00000, 0x0000000726c00000|  0%| F|  |TAMS 0x0000000726a00000, 0x0000000726a00000| Untracked 
| 310|0x0000000726c00000, 0x0000000726c00000, 0x0000000726e00000|  0%| F|  |TAMS 0x0000000726c00000, 0x0000000726c00000| Untracked 
| 311|0x0000000726e00000, 0x0000000726e00000, 0x0000000727000000|  0%| F|  |TAMS 0x0000000726e00000, 0x0000000726e00000| Untracked 
| 312|0x0000000727000000, 0x0000000727000000, 0x0000000727200000|  0%| F|  |TAMS 0x0000000727000000, 0x0000000727000000| Untracked 
| 313|0x0000000727200000, 0x0000000727200000, 0x0000000727400000|  0%| F|  |TAMS 0x0000000727200000, 0x0000000727200000| Untracked 
| 314|0x0000000727400000, 0x0000000727400000, 0x0000000727600000|  0%| F|  |TAMS 0x0000000727400000, 0x0000000727400000| Untracked 
| 315|0x0000000727600000, 0x0000000727600000, 0x0000000727800000|  0%| F|  |TAMS 0x0000000727600000, 0x0000000727600000| Untracked 
| 316|0x0000000727800000, 0x0000000727800000, 0x0000000727a00000|  0%| F|  |TAMS 0x0000000727800000, 0x0000000727800000| Untracked 
| 317|0x0000000727a00000, 0x0000000727a00000, 0x0000000727c00000|  0%| F|  |TAMS 0x0000000727a00000, 0x0000000727a00000| Untracked 
| 318|0x0000000727c00000, 0x0000000727c00000, 0x0000000727e00000|  0%| F|  |TAMS 0x0000000727c00000, 0x0000000727c00000| Untracked 
| 319|0x0000000727e00000, 0x0000000727e00000, 0x0000000728000000|  0%| F|  |TAMS 0x0000000727e00000, 0x0000000727e00000| Untracked 
| 320|0x0000000728000000, 0x0000000728000000, 0x0000000728200000|  0%| F|  |TAMS 0x0000000728000000, 0x0000000728000000| Untracked 
| 321|0x0000000728200000, 0x0000000728200000, 0x0000000728400000|  0%| F|  |TAMS 0x0000000728200000, 0x0000000728200000| Untracked 
| 322|0x0000000728400000, 0x0000000728400000, 0x0000000728600000|  0%| F|  |TAMS 0x0000000728400000, 0x0000000728400000| Untracked 
| 323|0x0000000728600000, 0x0000000728600000, 0x0000000728800000|  0%| F|  |TAMS 0x0000000728600000, 0x0000000728600000| Untracked 
| 324|0x0000000728800000, 0x0000000728800000, 0x0000000728a00000|  0%| F|  |TAMS 0x0000000728800000, 0x0000000728800000| Untracked 
| 325|0x0000000728a00000, 0x0000000728a00000, 0x0000000728c00000|  0%| F|  |TAMS 0x0000000728a00000, 0x0000000728a00000| Untracked 
| 326|0x0000000728c00000, 0x0000000728c00000, 0x0000000728e00000|  0%| F|  |TAMS 0x0000000728c00000, 0x0000000728c00000| Untracked 
| 327|0x0000000728e00000, 0x0000000728e00000, 0x0000000729000000|  0%| F|  |TAMS 0x0000000728e00000, 0x0000000728e00000| Untracked 
| 328|0x0000000729000000, 0x0000000729000000, 0x0000000729200000|  0%| F|  |TAMS 0x0000000729000000, 0x0000000729000000| Untracked 
| 329|0x0000000729200000, 0x0000000729200000, 0x0000000729400000|  0%| F|  |TAMS 0x0000000729200000, 0x0000000729200000| Untracked 
| 330|0x0000000729400000, 0x0000000729400000, 0x0000000729600000|  0%| F|  |TAMS 0x0000000729400000, 0x0000000729400000| Untracked 
| 331|0x0000000729600000, 0x0000000729600000, 0x0000000729800000|  0%| F|  |TAMS 0x0000000729600000, 0x0000000729600000| Untracked 
| 332|0x0000000729800000, 0x0000000729800000, 0x0000000729a00000|  0%| F|  |TAMS 0x0000000729800000, 0x0000000729800000| Untracked 
| 333|0x0000000729a00000, 0x0000000729a00000, 0x0000000729c00000|  0%| F|  |TAMS 0x0000000729a00000, 0x0000000729a00000| Untracked 
| 334|0x0000000729c00000, 0x0000000729c00000, 0x0000000729e00000|  0%| F|  |TAMS 0x0000000729c00000, 0x0000000729c00000| Untracked 
| 335|0x0000000729e00000, 0x0000000729e00000, 0x000000072a000000|  0%| F|  |TAMS 0x0000000729e00000, 0x0000000729e00000| Untracked 
| 336|0x000000072a000000, 0x000000072a000000, 0x000000072a200000|  0%| F|  |TAMS 0x000000072a000000, 0x000000072a000000| Untracked 
| 337|0x000000072a200000, 0x000000072a200000, 0x000000072a400000|  0%| F|  |TAMS 0x000000072a200000, 0x000000072a200000| Untracked 
| 338|0x000000072a400000, 0x000000072a400000, 0x000000072a600000|  0%| F|  |TAMS 0x000000072a400000, 0x000000072a400000| Untracked 
| 339|0x000000072a600000, 0x000000072a600000, 0x000000072a800000|  0%| F|  |TAMS 0x000000072a600000, 0x000000072a600000| Untracked 
| 340|0x000000072a800000, 0x000000072a800000, 0x000000072aa00000|  0%| F|  |TAMS 0x000000072a800000, 0x000000072a800000| Untracked 
| 341|0x000000072aa00000, 0x000000072aa00000, 0x000000072ac00000|  0%| F|  |TAMS 0x000000072aa00000, 0x000000072aa00000| Untracked 
| 342|0x000000072ac00000, 0x000000072ac00000, 0x000000072ae00000|  0%| F|  |TAMS 0x000000072ac00000, 0x000000072ac00000| Untracked 
| 343|0x000000072ae00000, 0x000000072ae00000, 0x000000072b000000|  0%| F|  |TAMS 0x000000072ae00000, 0x000000072ae00000| Untracked 
| 344|0x000000072b000000, 0x000000072b000000, 0x000000072b200000|  0%| F|  |TAMS 0x000000072b000000, 0x000000072b000000| Untracked 
| 345|0x000000072b200000, 0x000000072b200000, 0x000000072b400000|  0%| F|  |TAMS 0x000000072b200000, 0x000000072b200000| Untracked 
| 346|0x000000072b400000, 0x000000072b400000, 0x000000072b600000|  0%| F|  |TAMS 0x000000072b400000, 0x000000072b400000| Untracked 
| 347|0x000000072b600000, 0x000000072b600000, 0x000000072b800000|  0%| F|  |TAMS 0x000000072b600000, 0x000000072b600000| Untracked 
| 348|0x000000072b800000, 0x000000072b800000, 0x000000072ba00000|  0%| F|  |TAMS 0x000000072b800000, 0x000000072b800000| Untracked 
| 349|0x000000072ba00000, 0x000000072ba00000, 0x000000072bc00000|  0%| F|  |TAMS 0x000000072ba00000, 0x000000072ba00000| Untracked 
| 350|0x000000072bc00000, 0x000000072bc00000, 0x000000072be00000|  0%| F|  |TAMS 0x000000072bc00000, 0x000000072bc00000| Untracked 
| 351|0x000000072be00000, 0x000000072be00000, 0x000000072c000000|  0%| F|  |TAMS 0x000000072be00000, 0x000000072be00000| Untracked 
| 352|0x000000072c000000, 0x000000072c000000, 0x000000072c200000|  0%| F|  |TAMS 0x000000072c000000, 0x000000072c000000| Untracked 
| 353|0x000000072c200000, 0x000000072c200000, 0x000000072c400000|  0%| F|  |TAMS 0x000000072c200000, 0x000000072c200000| Untracked 
| 354|0x000000072c400000, 0x000000072c400000, 0x000000072c600000|  0%| F|  |TAMS 0x000000072c400000, 0x000000072c400000| Untracked 
| 355|0x000000072c600000, 0x000000072c600000, 0x000000072c800000|  0%| F|  |TAMS 0x000000072c600000, 0x000000072c600000| Untracked 
| 356|0x000000072c800000, 0x000000072c800000, 0x000000072ca00000|  0%| F|  |TAMS 0x000000072c800000, 0x000000072c800000| Untracked 
| 357|0x000000072ca00000, 0x000000072ca00000, 0x000000072cc00000|  0%| F|  |TAMS 0x000000072ca00000, 0x000000072ca00000| Untracked 
| 358|0x000000072cc00000, 0x000000072cc00000, 0x000000072ce00000|  0%| F|  |TAMS 0x000000072cc00000, 0x000000072cc00000| Untracked 
| 359|0x000000072ce00000, 0x000000072ce00000, 0x000000072d000000|  0%| F|  |TAMS 0x000000072ce00000, 0x000000072ce00000| Untracked 
| 360|0x000000072d000000, 0x000000072d000000, 0x000000072d200000|  0%| F|  |TAMS 0x000000072d000000, 0x000000072d000000| Untracked 
| 361|0x000000072d200000, 0x000000072d200000, 0x000000072d400000|  0%| F|  |TAMS 0x000000072d200000, 0x000000072d200000| Untracked 
| 362|0x000000072d400000, 0x000000072d400000, 0x000000072d600000|  0%| F|  |TAMS 0x000000072d400000, 0x000000072d400000| Untracked 
| 363|0x000000072d600000, 0x000000072d600000, 0x000000072d800000|  0%| F|  |TAMS 0x000000072d600000, 0x000000072d600000| Untracked 
| 364|0x000000072d800000, 0x000000072d800000, 0x000000072da00000|  0%| F|  |TAMS 0x000000072d800000, 0x000000072d800000| Untracked 
| 365|0x000000072da00000, 0x000000072da00000, 0x000000072dc00000|  0%| F|  |TAMS 0x000000072da00000, 0x000000072da00000| Untracked 
| 366|0x000000072dc00000, 0x000000072dc00000, 0x000000072de00000|  0%| F|  |TAMS 0x000000072dc00000, 0x000000072dc00000| Untracked 
| 367|0x000000072de00000, 0x000000072de00000, 0x000000072e000000|  0%| F|  |TAMS 0x000000072de00000, 0x000000072de00000| Untracked 
| 368|0x000000072e000000, 0x000000072e000000, 0x000000072e200000|  0%| F|  |TAMS 0x000000072e000000, 0x000000072e000000| Untracked 
| 369|0x000000072e200000, 0x000000072e200000, 0x000000072e400000|  0%| F|  |TAMS 0x000000072e200000, 0x000000072e200000| Untracked 
| 370|0x000000072e400000, 0x000000072e400000, 0x000000072e600000|  0%| F|  |TAMS 0x000000072e400000, 0x000000072e400000| Untracked 
| 371|0x000000072e600000, 0x000000072e600000, 0x000000072e800000|  0%| F|  |TAMS 0x000000072e600000, 0x000000072e600000| Untracked 
| 372|0x000000072e800000, 0x000000072e800000, 0x000000072ea00000|  0%| F|  |TAMS 0x000000072e800000, 0x000000072e800000| Untracked 
| 373|0x000000072ea00000, 0x000000072ea00000, 0x000000072ec00000|  0%| F|  |TAMS 0x000000072ea00000, 0x000000072ea00000| Untracked 
| 374|0x000000072ec00000, 0x000000072ec00000, 0x000000072ee00000|  0%| F|  |TAMS 0x000000072ec00000, 0x000000072ec00000| Untracked 
| 375|0x000000072ee00000, 0x000000072ee00000, 0x000000072f000000|  0%| F|  |TAMS 0x000000072ee00000, 0x000000072ee00000| Untracked 
| 376|0x000000072f000000, 0x000000072f000000, 0x000000072f200000|  0%| F|  |TAMS 0x000000072f000000, 0x000000072f000000| Untracked 
| 377|0x000000072f200000, 0x000000072f200000, 0x000000072f400000|  0%| F|  |TAMS 0x000000072f200000, 0x000000072f200000| Untracked 
| 378|0x000000072f400000, 0x000000072f400000, 0x000000072f600000|  0%| F|  |TAMS 0x000000072f400000, 0x000000072f400000| Untracked 
| 379|0x000000072f600000, 0x000000072f600000, 0x000000072f800000|  0%| F|  |TAMS 0x000000072f600000, 0x000000072f600000| Untracked 
| 380|0x000000072f800000, 0x000000072f800000, 0x000000072fa00000|  0%| F|  |TAMS 0x000000072f800000, 0x000000072f800000| Untracked 
| 381|0x000000072fa00000, 0x000000072fa00000, 0x000000072fc00000|  0%| F|  |TAMS 0x000000072fa00000, 0x000000072fa00000| Untracked 
| 382|0x000000072fc00000, 0x000000072fc00000, 0x000000072fe00000|  0%| F|  |TAMS 0x000000072fc00000, 0x000000072fc00000| Untracked 
| 383|0x000000072fe00000, 0x000000072fe00000, 0x0000000730000000|  0%| F|  |TAMS 0x000000072fe00000, 0x000000072fe00000| Untracked 
| 384|0x0000000730000000, 0x0000000730000000, 0x0000000730200000|  0%| F|  |TAMS 0x0000000730000000, 0x0000000730000000| Untracked 
| 385|0x0000000730200000, 0x0000000730200000, 0x0000000730400000|  0%| F|  |TAMS 0x0000000730200000, 0x0000000730200000| Untracked 
| 386|0x0000000730400000, 0x0000000730400000, 0x0000000730600000|  0%| F|  |TAMS 0x0000000730400000, 0x0000000730400000| Untracked 
| 387|0x0000000730600000, 0x0000000730600000, 0x0000000730800000|  0%| F|  |TAMS 0x0000000730600000, 0x0000000730600000| Untracked 
| 388|0x0000000730800000, 0x0000000730800000, 0x0000000730a00000|  0%| F|  |TAMS 0x0000000730800000, 0x0000000730800000| Untracked 
| 389|0x0000000730a00000, 0x0000000730a00000, 0x0000000730c00000|  0%| F|  |TAMS 0x0000000730a00000, 0x0000000730a00000| Untracked 
| 390|0x0000000730c00000, 0x0000000730c00000, 0x0000000730e00000|  0%| F|  |TAMS 0x0000000730c00000, 0x0000000730c00000| Untracked 
| 391|0x0000000730e00000, 0x0000000730e00000, 0x0000000731000000|  0%| F|  |TAMS 0x0000000730e00000, 0x0000000730e00000| Untracked 
| 392|0x0000000731000000, 0x0000000731000000, 0x0000000731200000|  0%| F|  |TAMS 0x0000000731000000, 0x0000000731000000| Untracked 
| 393|0x0000000731200000, 0x0000000731200000, 0x0000000731400000|  0%| F|  |TAMS 0x0000000731200000, 0x0000000731200000| Untracked 
| 394|0x0000000731400000, 0x0000000731400000, 0x0000000731600000|  0%| F|  |TAMS 0x0000000731400000, 0x0000000731400000| Untracked 
| 395|0x0000000731600000, 0x0000000731600000, 0x0000000731800000|  0%| F|  |TAMS 0x0000000731600000, 0x0000000731600000| Untracked 
| 396|0x0000000731800000, 0x0000000731800000, 0x0000000731a00000|  0%| F|  |TAMS 0x0000000731800000, 0x0000000731800000| Untracked 
| 397|0x0000000731a00000, 0x0000000731a00000, 0x0000000731c00000|  0%| F|  |TAMS 0x0000000731a00000, 0x0000000731a00000| Untracked 
| 398|0x0000000731c00000, 0x0000000731c00000, 0x0000000731e00000|  0%| F|  |TAMS 0x0000000731c00000, 0x0000000731c00000| Untracked 
| 399|0x0000000731e00000, 0x0000000731e00000, 0x0000000732000000|  0%| F|  |TAMS 0x0000000731e00000, 0x0000000731e00000| Untracked 
| 400|0x0000000732000000, 0x0000000732000000, 0x0000000732200000|  0%| F|  |TAMS 0x0000000732000000, 0x0000000732000000| Untracked 
| 401|0x0000000732200000, 0x0000000732200000, 0x0000000732400000|  0%| F|  |TAMS 0x0000000732200000, 0x0000000732200000| Untracked 
| 402|0x0000000732400000, 0x0000000732400000, 0x0000000732600000|  0%| F|  |TAMS 0x0000000732400000, 0x0000000732400000| Untracked 
| 403|0x0000000732600000, 0x0000000732600000, 0x0000000732800000|  0%| F|  |TAMS 0x0000000732600000, 0x0000000732600000| Untracked 
| 404|0x0000000732800000, 0x0000000732800000, 0x0000000732a00000|  0%| F|  |TAMS 0x0000000732800000, 0x0000000732800000| Untracked 
| 405|0x0000000732a00000, 0x0000000732a00000, 0x0000000732c00000|  0%| F|  |TAMS 0x0000000732a00000, 0x0000000732a00000| Untracked 
| 406|0x0000000732c00000, 0x0000000732c00000, 0x0000000732e00000|  0%| F|  |TAMS 0x0000000732c00000, 0x0000000732c00000| Untracked 
| 407|0x0000000732e00000, 0x0000000732e00000, 0x0000000733000000|  0%| F|  |TAMS 0x0000000732e00000, 0x0000000732e00000| Untracked 
| 408|0x0000000733000000, 0x0000000733000000, 0x0000000733200000|  0%| F|  |TAMS 0x0000000733000000, 0x0000000733000000| Untracked 
| 409|0x0000000733200000, 0x0000000733200000, 0x0000000733400000|  0%| F|  |TAMS 0x0000000733200000, 0x0000000733200000| Untracked 
| 410|0x0000000733400000, 0x0000000733400000, 0x0000000733600000|  0%| F|  |TAMS 0x0000000733400000, 0x0000000733400000| Untracked 
| 411|0x0000000733600000, 0x0000000733600000, 0x0000000733800000|  0%| F|  |TAMS 0x0000000733600000, 0x0000000733600000| Untracked 
| 412|0x0000000733800000, 0x0000000733800000, 0x0000000733a00000|  0%| F|  |TAMS 0x0000000733800000, 0x0000000733800000| Untracked 
| 413|0x0000000733a00000, 0x0000000733a00000, 0x0000000733c00000|  0%| F|  |TAMS 0x0000000733a00000, 0x0000000733a00000| Untracked 
| 414|0x0000000733c00000, 0x0000000733c00000, 0x0000000733e00000|  0%| F|  |TAMS 0x0000000733c00000, 0x0000000733c00000| Untracked 
| 415|0x0000000733e00000, 0x0000000733e00000, 0x0000000734000000|  0%| F|  |TAMS 0x0000000733e00000, 0x0000000733e00000| Untracked 
| 416|0x0000000734000000, 0x0000000734000000, 0x0000000734200000|  0%| F|  |TAMS 0x0000000734000000, 0x0000000734000000| Untracked 
| 417|0x0000000734200000, 0x0000000734200000, 0x0000000734400000|  0%| F|  |TAMS 0x0000000734200000, 0x0000000734200000| Untracked 
| 418|0x0000000734400000, 0x0000000734400000, 0x0000000734600000|  0%| F|  |TAMS 0x0000000734400000, 0x0000000734400000| Untracked 
| 419|0x0000000734600000, 0x0000000734600000, 0x0000000734800000|  0%| F|  |TAMS 0x0000000734600000, 0x0000000734600000| Untracked 
| 420|0x0000000734800000, 0x0000000734800000, 0x0000000734a00000|  0%| F|  |TAMS 0x0000000734800000, 0x0000000734800000| Untracked 
| 421|0x0000000734a00000, 0x0000000734a00000, 0x0000000734c00000|  0%| F|  |TAMS 0x0000000734a00000, 0x0000000734a00000| Untracked 
| 422|0x0000000734c00000, 0x0000000734c00000, 0x0000000734e00000|  0%| F|  |TAMS 0x0000000734c00000, 0x0000000734c00000| Untracked 
| 423|0x0000000734e00000, 0x0000000734e00000, 0x0000000735000000|  0%| F|  |TAMS 0x0000000734e00000, 0x0000000734e00000| Untracked 
| 424|0x0000000735000000, 0x0000000735000000, 0x0000000735200000|  0%| F|  |TAMS 0x0000000735000000, 0x0000000735000000| Untracked 
| 425|0x0000000735200000, 0x0000000735200000, 0x0000000735400000|  0%| F|  |TAMS 0x0000000735200000, 0x0000000735200000| Untracked 
| 426|0x0000000735400000, 0x0000000735400000, 0x0000000735600000|  0%| F|  |TAMS 0x0000000735400000, 0x0000000735400000| Untracked 
| 427|0x0000000735600000, 0x0000000735600000, 0x0000000735800000|  0%| F|  |TAMS 0x0000000735600000, 0x0000000735600000| Untracked 
| 428|0x0000000735800000, 0x0000000735800000, 0x0000000735a00000|  0%| F|  |TAMS 0x0000000735800000, 0x0000000735800000| Untracked 
| 429|0x0000000735a00000, 0x0000000735a00000, 0x0000000735c00000|  0%| F|  |TAMS 0x0000000735a00000, 0x0000000735a00000| Untracked 
| 430|0x0000000735c00000, 0x0000000735c00000, 0x0000000735e00000|  0%| F|  |TAMS 0x0000000735c00000, 0x0000000735c00000| Untracked 
| 431|0x0000000735e00000, 0x0000000735e00000, 0x0000000736000000|  0%| F|  |TAMS 0x0000000735e00000, 0x0000000735e00000| Untracked 
| 432|0x0000000736000000, 0x0000000736000000, 0x0000000736200000|  0%| F|  |TAMS 0x0000000736000000, 0x0000000736000000| Untracked 
| 433|0x0000000736200000, 0x0000000736200000, 0x0000000736400000|  0%| F|  |TAMS 0x0000000736200000, 0x0000000736200000| Untracked 
| 434|0x0000000736400000, 0x0000000736400000, 0x0000000736600000|  0%| F|  |TAMS 0x0000000736400000, 0x0000000736400000| Untracked 
| 435|0x0000000736600000, 0x0000000736600000, 0x0000000736800000|  0%| F|  |TAMS 0x0000000736600000, 0x0000000736600000| Untracked 
| 436|0x0000000736800000, 0x0000000736800000, 0x0000000736a00000|  0%| F|  |TAMS 0x0000000736800000, 0x0000000736800000| Untracked 
| 437|0x0000000736a00000, 0x0000000736a00000, 0x0000000736c00000|  0%| F|  |TAMS 0x0000000736a00000, 0x0000000736a00000| Untracked 
| 438|0x0000000736c00000, 0x0000000736c00000, 0x0000000736e00000|  0%| F|  |TAMS 0x0000000736c00000, 0x0000000736c00000| Untracked 
| 439|0x0000000736e00000, 0x0000000736e00000, 0x0000000737000000|  0%| F|  |TAMS 0x0000000736e00000, 0x0000000736e00000| Untracked 
| 440|0x0000000737000000, 0x0000000737000000, 0x0000000737200000|  0%| F|  |TAMS 0x0000000737000000, 0x0000000737000000| Untracked 
| 441|0x0000000737200000, 0x0000000737200000, 0x0000000737400000|  0%| F|  |TAMS 0x0000000737200000, 0x0000000737200000| Untracked 
| 442|0x0000000737400000, 0x0000000737400000, 0x0000000737600000|  0%| F|  |TAMS 0x0000000737400000, 0x0000000737400000| Untracked 
| 443|0x0000000737600000, 0x0000000737600000, 0x0000000737800000|  0%| F|  |TAMS 0x0000000737600000, 0x0000000737600000| Untracked 
| 444|0x0000000737800000, 0x0000000737800000, 0x0000000737a00000|  0%| F|  |TAMS 0x0000000737800000, 0x0000000737800000| Untracked 
| 445|0x0000000737a00000, 0x0000000737a00000, 0x0000000737c00000|  0%| F|  |TAMS 0x0000000737a00000, 0x0000000737a00000| Untracked 
| 446|0x0000000737c00000, 0x0000000737c00000, 0x0000000737e00000|  0%| F|  |TAMS 0x0000000737c00000, 0x0000000737c00000| Untracked 
| 447|0x0000000737e00000, 0x0000000737e00000, 0x0000000738000000|  0%| F|  |TAMS 0x0000000737e00000, 0x0000000737e00000| Untracked 
| 448|0x0000000738000000, 0x0000000738000000, 0x0000000738200000|  0%| F|  |TAMS 0x0000000738000000, 0x0000000738000000| Untracked 
| 449|0x0000000738200000, 0x0000000738200000, 0x0000000738400000|  0%| F|  |TAMS 0x0000000738200000, 0x0000000738200000| Untracked 
| 450|0x0000000738400000, 0x0000000738400000, 0x0000000738600000|  0%| F|  |TAMS 0x0000000738400000, 0x0000000738400000| Untracked 
| 451|0x0000000738600000, 0x0000000738600000, 0x0000000738800000|  0%| F|  |TAMS 0x0000000738600000, 0x0000000738600000| Untracked 
| 452|0x0000000738800000, 0x0000000738800000, 0x0000000738a00000|  0%| F|  |TAMS 0x0000000738800000, 0x0000000738800000| Untracked 
| 453|0x0000000738a00000, 0x0000000738a00000, 0x0000000738c00000|  0%| F|  |TAMS 0x0000000738a00000, 0x0000000738a00000| Untracked 
| 454|0x0000000738c00000, 0x0000000738c00000, 0x0000000738e00000|  0%| F|  |TAMS 0x0000000738c00000, 0x0000000738c00000| Untracked 
| 455|0x0000000738e00000, 0x0000000738e00000, 0x0000000739000000|  0%| F|  |TAMS 0x0000000738e00000, 0x0000000738e00000| Untracked 
| 456|0x0000000739000000, 0x0000000739000000, 0x0000000739200000|  0%| F|  |TAMS 0x0000000739000000, 0x0000000739000000| Untracked 
| 457|0x0000000739200000, 0x0000000739200000, 0x0000000739400000|  0%| F|  |TAMS 0x0000000739200000, 0x0000000739200000| Untracked 
| 458|0x0000000739400000, 0x0000000739400000, 0x0000000739600000|  0%| F|  |TAMS 0x0000000739400000, 0x0000000739400000| Untracked 
| 459|0x0000000739600000, 0x0000000739600000, 0x0000000739800000|  0%| F|  |TAMS 0x0000000739600000, 0x0000000739600000| Untracked 
| 460|0x0000000739800000, 0x0000000739800000, 0x0000000739a00000|  0%| F|  |TAMS 0x0000000739800000, 0x0000000739800000| Untracked 
| 461|0x0000000739a00000, 0x0000000739a00000, 0x0000000739c00000|  0%| F|  |TAMS 0x0000000739a00000, 0x0000000739a00000| Untracked 
| 462|0x0000000739c00000, 0x0000000739c00000, 0x0000000739e00000|  0%| F|  |TAMS 0x0000000739c00000, 0x0000000739c00000| Untracked 
| 463|0x0000000739e00000, 0x0000000739e00000, 0x000000073a000000|  0%| F|  |TAMS 0x0000000739e00000, 0x0000000739e00000| Untracked 
| 464|0x000000073a000000, 0x000000073a000000, 0x000000073a200000|  0%| F|  |TAMS 0x000000073a000000, 0x000000073a000000| Untracked 
| 465|0x000000073a200000, 0x000000073a200000, 0x000000073a400000|  0%| F|  |TAMS 0x000000073a200000, 0x000000073a200000| Untracked 
| 466|0x000000073a400000, 0x000000073a400000, 0x000000073a600000|  0%| F|  |TAMS 0x000000073a400000, 0x000000073a400000| Untracked 
| 467|0x000000073a600000, 0x000000073a600000, 0x000000073a800000|  0%| F|  |TAMS 0x000000073a600000, 0x000000073a600000| Untracked 
| 468|0x000000073a800000, 0x000000073a800000, 0x000000073aa00000|  0%| F|  |TAMS 0x000000073a800000, 0x000000073a800000| Untracked 
| 469|0x000000073aa00000, 0x000000073aa00000, 0x000000073ac00000|  0%| F|  |TAMS 0x000000073aa00000, 0x000000073aa00000| Untracked 
| 470|0x000000073ac00000, 0x000000073ac00000, 0x000000073ae00000|  0%| F|  |TAMS 0x000000073ac00000, 0x000000073ac00000| Untracked 
| 471|0x000000073ae00000, 0x000000073ae00000, 0x000000073b000000|  0%| F|  |TAMS 0x000000073ae00000, 0x000000073ae00000| Untracked 
| 472|0x000000073b000000, 0x000000073b000000, 0x000000073b200000|  0%| F|  |TAMS 0x000000073b000000, 0x000000073b000000| Untracked 
| 473|0x000000073b200000, 0x000000073b200000, 0x000000073b400000|  0%| F|  |TAMS 0x000000073b200000, 0x000000073b200000| Untracked 
| 474|0x000000073b400000, 0x000000073b400000, 0x000000073b600000|  0%| F|  |TAMS 0x000000073b400000, 0x000000073b400000| Untracked 
| 475|0x000000073b600000, 0x000000073b600000, 0x000000073b800000|  0%| F|  |TAMS 0x000000073b600000, 0x000000073b600000| Untracked 
| 476|0x000000073b800000, 0x000000073b800000, 0x000000073ba00000|  0%| F|  |TAMS 0x000000073b800000, 0x000000073b800000| Untracked 
| 477|0x000000073ba00000, 0x000000073ba00000, 0x000000073bc00000|  0%| F|  |TAMS 0x000000073ba00000, 0x000000073ba00000| Untracked 
| 478|0x000000073bc00000, 0x000000073bc00000, 0x000000073be00000|  0%| F|  |TAMS 0x000000073bc00000, 0x000000073bc00000| Untracked 
| 479|0x000000073be00000, 0x000000073be00000, 0x000000073c000000|  0%| F|  |TAMS 0x000000073be00000, 0x000000073be00000| Untracked 
| 480|0x000000073c000000, 0x000000073c000000, 0x000000073c200000|  0%| F|  |TAMS 0x000000073c000000, 0x000000073c000000| Untracked 
| 481|0x000000073c200000, 0x000000073c200000, 0x000000073c400000|  0%| F|  |TAMS 0x000000073c200000, 0x000000073c200000| Untracked 
| 482|0x000000073c400000, 0x000000073c400000, 0x000000073c600000|  0%| F|  |TAMS 0x000000073c400000, 0x000000073c400000| Untracked 
| 483|0x000000073c600000, 0x000000073c600000, 0x000000073c800000|  0%| F|  |TAMS 0x000000073c600000, 0x000000073c600000| Untracked 
| 484|0x000000073c800000, 0x000000073c800000, 0x000000073ca00000|  0%| F|  |TAMS 0x000000073c800000, 0x000000073c800000| Untracked 
| 485|0x000000073ca00000, 0x000000073ca00000, 0x000000073cc00000|  0%| F|  |TAMS 0x000000073ca00000, 0x000000073ca00000| Untracked 
| 486|0x000000073cc00000, 0x000000073cc00000, 0x000000073ce00000|  0%| F|  |TAMS 0x000000073cc00000, 0x000000073cc00000| Untracked 
| 487|0x000000073ce00000, 0x000000073ce00000, 0x000000073d000000|  0%| F|  |TAMS 0x000000073ce00000, 0x000000073ce00000| Untracked 
| 488|0x000000073d000000, 0x000000073d000000, 0x000000073d200000|  0%| F|  |TAMS 0x000000073d000000, 0x000000073d000000| Untracked 
| 489|0x000000073d200000, 0x000000073d200000, 0x000000073d400000|  0%| F|  |TAMS 0x000000073d200000, 0x000000073d200000| Untracked 
| 490|0x000000073d400000, 0x000000073d400000, 0x000000073d600000|  0%| F|  |TAMS 0x000000073d400000, 0x000000073d400000| Untracked 
| 491|0x000000073d600000, 0x000000073d600000, 0x000000073d800000|  0%| F|  |TAMS 0x000000073d600000, 0x000000073d600000| Untracked 
| 492|0x000000073d800000, 0x000000073d800000, 0x000000073da00000|  0%| F|  |TAMS 0x000000073d800000, 0x000000073d800000| Untracked 
| 493|0x000000073da00000, 0x000000073da00000, 0x000000073dc00000|  0%| F|  |TAMS 0x000000073da00000, 0x000000073da00000| Untracked 
| 494|0x000000073dc00000, 0x000000073dc00000, 0x000000073de00000|  0%| F|  |TAMS 0x000000073dc00000, 0x000000073dc00000| Untracked 
| 495|0x000000073de00000, 0x000000073de00000, 0x000000073e000000|  0%| F|  |TAMS 0x000000073de00000, 0x000000073de00000| Untracked 
| 496|0x000000073e000000, 0x000000073e000000, 0x000000073e200000|  0%| F|  |TAMS 0x000000073e000000, 0x000000073e000000| Untracked 
| 497|0x000000073e200000, 0x000000073e200000, 0x000000073e400000|  0%| F|  |TAMS 0x000000073e200000, 0x000000073e200000| Untracked 
| 498|0x000000073e400000, 0x000000073e400000, 0x000000073e600000|  0%| F|  |TAMS 0x000000073e400000, 0x000000073e400000| Untracked 
| 499|0x000000073e600000, 0x000000073e600000, 0x000000073e800000|  0%| F|  |TAMS 0x000000073e600000, 0x000000073e600000| Untracked 
| 500|0x000000073e800000, 0x000000073e800000, 0x000000073ea00000|  0%| F|  |TAMS 0x000000073e800000, 0x000000073e800000| Untracked 
| 501|0x000000073ea00000, 0x000000073ea00000, 0x000000073ec00000|  0%| F|  |TAMS 0x000000073ea00000, 0x000000073ea00000| Untracked 
| 502|0x000000073ec00000, 0x000000073ec00000, 0x000000073ee00000|  0%| F|  |TAMS 0x000000073ec00000, 0x000000073ec00000| Untracked 
| 503|0x000000073ee00000, 0x000000073ee00000, 0x000000073f000000|  0%| F|  |TAMS 0x000000073ee00000, 0x000000073ee00000| Untracked 
| 504|0x000000073f000000, 0x000000073f000000, 0x000000073f200000|  0%| F|  |TAMS 0x000000073f000000, 0x000000073f000000| Untracked 
| 505|0x000000073f200000, 0x000000073f200000, 0x000000073f400000|  0%| F|  |TAMS 0x000000073f200000, 0x000000073f200000| Untracked 
| 506|0x000000073f400000, 0x000000073f400000, 0x000000073f600000|  0%| F|  |TAMS 0x000000073f400000, 0x000000073f400000| Untracked 
| 507|0x000000073f600000, 0x000000073f600000, 0x000000073f800000|  0%| F|  |TAMS 0x000000073f600000, 0x000000073f600000| Untracked 
| 508|0x000000073f800000, 0x000000073f800000, 0x000000073fa00000|  0%| F|  |TAMS 0x000000073f800000, 0x000000073f800000| Untracked 
| 509|0x000000073fa00000, 0x000000073fa00000, 0x000000073fc00000|  0%| F|  |TAMS 0x000000073fa00000, 0x000000073fa00000| Untracked 
| 510|0x000000073fc00000, 0x000000073fc00000, 0x000000073fe00000|  0%| F|  |TAMS 0x000000073fc00000, 0x000000073fc00000| Untracked 
| 511|0x000000073fe00000, 0x000000073fe00000, 0x0000000740000000|  0%| F|  |TAMS 0x000000073fe00000, 0x000000073fe00000| Untracked 
| 512|0x0000000740000000, 0x0000000740000000, 0x0000000740200000|  0%| F|  |TAMS 0x0000000740000000, 0x0000000740000000| Untracked 
| 513|0x0000000740200000, 0x0000000740200000, 0x0000000740400000|  0%| F|  |TAMS 0x0000000740200000, 0x0000000740200000| Untracked 
| 514|0x0000000740400000, 0x0000000740400000, 0x0000000740600000|  0%| F|  |TAMS 0x0000000740400000, 0x0000000740400000| Untracked 
| 515|0x0000000740600000, 0x0000000740600000, 0x0000000740800000|  0%| F|  |TAMS 0x0000000740600000, 0x0000000740600000| Untracked 
| 516|0x0000000740800000, 0x0000000740800000, 0x0000000740a00000|  0%| F|  |TAMS 0x0000000740800000, 0x0000000740800000| Untracked 
| 517|0x0000000740a00000, 0x0000000740a00000, 0x0000000740c00000|  0%| F|  |TAMS 0x0000000740a00000, 0x0000000740a00000| Untracked 
| 518|0x0000000740c00000, 0x0000000740c00000, 0x0000000740e00000|  0%| F|  |TAMS 0x0000000740c00000, 0x0000000740c00000| Untracked 
| 519|0x0000000740e00000, 0x0000000740e00000, 0x0000000741000000|  0%| F|  |TAMS 0x0000000740e00000, 0x0000000740e00000| Untracked 
| 520|0x0000000741000000, 0x0000000741189bb0, 0x0000000741200000| 76%| S|CS|TAMS 0x0000000741000000, 0x0000000741000000| Complete 
| 521|0x0000000741200000, 0x0000000741400000, 0x0000000741400000|100%| S|CS|TAMS 0x0000000741200000, 0x0000000741200000| Complete 
| 522|0x0000000741400000, 0x0000000741600000, 0x0000000741600000|100%| S|CS|TAMS 0x0000000741400000, 0x0000000741400000| Complete 
| 523|0x0000000741600000, 0x0000000741800000, 0x0000000741800000|100%| S|CS|TAMS 0x0000000741600000, 0x0000000741600000| Complete 
| 524|0x0000000741800000, 0x0000000741a00000, 0x0000000741a00000|100%| S|CS|TAMS 0x0000000741800000, 0x0000000741800000| Complete 
| 525|0x0000000741a00000, 0x0000000741c00000, 0x0000000741c00000|100%| S|CS|TAMS 0x0000000741a00000, 0x0000000741a00000| Complete 
| 526|0x0000000741c00000, 0x0000000741e00000, 0x0000000741e00000|100%| S|CS|TAMS 0x0000000741c00000, 0x0000000741c00000| Complete 
| 527|0x0000000741e00000, 0x0000000742000000, 0x0000000742000000|100%| S|CS|TAMS 0x0000000741e00000, 0x0000000741e00000| Complete 
| 528|0x0000000742000000, 0x0000000742200000, 0x0000000742200000|100%| S|CS|TAMS 0x0000000742000000, 0x0000000742000000| Complete 
| 529|0x0000000742200000, 0x0000000742400000, 0x0000000742400000|100%| S|CS|TAMS 0x0000000742200000, 0x0000000742200000| Complete 
| 530|0x0000000742400000, 0x0000000742400000, 0x0000000742600000|  0%| F|  |TAMS 0x0000000742400000, 0x0000000742400000| Untracked 
| 531|0x0000000742600000, 0x0000000742600000, 0x0000000742800000|  0%| F|  |TAMS 0x0000000742600000, 0x0000000742600000| Untracked 
| 532|0x0000000742800000, 0x0000000742800000, 0x0000000742a00000|  0%| F|  |TAMS 0x0000000742800000, 0x0000000742800000| Untracked 
| 533|0x0000000742a00000, 0x0000000742a00000, 0x0000000742c00000|  0%| F|  |TAMS 0x0000000742a00000, 0x0000000742a00000| Untracked 
| 534|0x0000000742c00000, 0x0000000742c00000, 0x0000000742e00000|  0%| F|  |TAMS 0x0000000742c00000, 0x0000000742c00000| Untracked 
| 535|0x0000000742e00000, 0x0000000742e00000, 0x0000000743000000|  0%| F|  |TAMS 0x0000000742e00000, 0x0000000742e00000| Untracked 
| 536|0x0000000743000000, 0x0000000743000000, 0x0000000743200000|  0%| F|  |TAMS 0x0000000743000000, 0x0000000743000000| Untracked 
| 537|0x0000000743200000, 0x0000000743200000, 0x0000000743400000|  0%| F|  |TAMS 0x0000000743200000, 0x0000000743200000| Untracked 
| 538|0x0000000743400000, 0x0000000743400000, 0x0000000743600000|  0%| F|  |TAMS 0x0000000743400000, 0x0000000743400000| Untracked 
| 539|0x0000000743600000, 0x0000000743600000, 0x0000000743800000|  0%| F|  |TAMS 0x0000000743600000, 0x0000000743600000| Untracked 
| 540|0x0000000743800000, 0x0000000743800000, 0x0000000743a00000|  0%| F|  |TAMS 0x0000000743800000, 0x0000000743800000| Untracked 
| 541|0x0000000743a00000, 0x0000000743a00000, 0x0000000743c00000|  0%| F|  |TAMS 0x0000000743a00000, 0x0000000743a00000| Untracked 
| 542|0x0000000743c00000, 0x0000000743c00000, 0x0000000743e00000|  0%| F|  |TAMS 0x0000000743c00000, 0x0000000743c00000| Untracked 
| 543|0x0000000743e00000, 0x0000000743e00000, 0x0000000744000000|  0%| F|  |TAMS 0x0000000743e00000, 0x0000000743e00000| Untracked 
| 544|0x0000000744000000, 0x0000000744000000, 0x0000000744200000|  0%| F|  |TAMS 0x0000000744000000, 0x0000000744000000| Untracked 
| 545|0x0000000744200000, 0x0000000744200000, 0x0000000744400000|  0%| F|  |TAMS 0x0000000744200000, 0x0000000744200000| Untracked 
| 546|0x0000000744400000, 0x0000000744400000, 0x0000000744600000|  0%| F|  |TAMS 0x0000000744400000, 0x0000000744400000| Untracked 
| 547|0x0000000744600000, 0x0000000744600000, 0x0000000744800000|  0%| F|  |TAMS 0x0000000744600000, 0x0000000744600000| Untracked 
| 548|0x0000000744800000, 0x0000000744800000, 0x0000000744a00000|  0%| F|  |TAMS 0x0000000744800000, 0x0000000744800000| Untracked 
| 549|0x0000000744a00000, 0x0000000744a00000, 0x0000000744c00000|  0%| F|  |TAMS 0x0000000744a00000, 0x0000000744a00000| Untracked 
| 550|0x0000000744c00000, 0x0000000744c00000, 0x0000000744e00000|  0%| F|  |TAMS 0x0000000744c00000, 0x0000000744c00000| Untracked 
| 551|0x0000000744e00000, 0x0000000744e00000, 0x0000000745000000|  0%| F|  |TAMS 0x0000000744e00000, 0x0000000744e00000| Untracked 
| 552|0x0000000745000000, 0x0000000745000000, 0x0000000745200000|  0%| F|  |TAMS 0x0000000745000000, 0x0000000745000000| Untracked 
| 553|0x0000000745200000, 0x0000000745200000, 0x0000000745400000|  0%| F|  |TAMS 0x0000000745200000, 0x0000000745200000| Untracked 
| 554|0x0000000745400000, 0x0000000745400000, 0x0000000745600000|  0%| F|  |TAMS 0x0000000745400000, 0x0000000745400000| Untracked 
| 555|0x0000000745600000, 0x0000000745600000, 0x0000000745800000|  0%| F|  |TAMS 0x0000000745600000, 0x0000000745600000| Untracked 
| 556|0x0000000745800000, 0x0000000745800000, 0x0000000745a00000|  0%| F|  |TAMS 0x0000000745800000, 0x0000000745800000| Untracked 
| 557|0x0000000745a00000, 0x0000000745a00000, 0x0000000745c00000|  0%| F|  |TAMS 0x0000000745a00000, 0x0000000745a00000| Untracked 
| 558|0x0000000745c00000, 0x0000000745c00000, 0x0000000745e00000|  0%| F|  |TAMS 0x0000000745c00000, 0x0000000745c00000| Untracked 
| 559|0x0000000745e00000, 0x0000000745e00000, 0x0000000746000000|  0%| F|  |TAMS 0x0000000745e00000, 0x0000000745e00000| Untracked 
| 560|0x0000000746000000, 0x0000000746000000, 0x0000000746200000|  0%| F|  |TAMS 0x0000000746000000, 0x0000000746000000| Untracked 
| 561|0x0000000746200000, 0x0000000746200000, 0x0000000746400000|  0%| F|  |TAMS 0x0000000746200000, 0x0000000746200000| Untracked 
| 562|0x0000000746400000, 0x0000000746400000, 0x0000000746600000|  0%| F|  |TAMS 0x0000000746400000, 0x0000000746400000| Untracked 
| 563|0x0000000746600000, 0x0000000746600000, 0x0000000746800000|  0%| F|  |TAMS 0x0000000746600000, 0x0000000746600000| Untracked 
| 564|0x0000000746800000, 0x0000000746800000, 0x0000000746a00000|  0%| F|  |TAMS 0x0000000746800000, 0x0000000746800000| Untracked 
| 565|0x0000000746a00000, 0x0000000746a00000, 0x0000000746c00000|  0%| F|  |TAMS 0x0000000746a00000, 0x0000000746a00000| Untracked 
| 566|0x0000000746c00000, 0x0000000746c00000, 0x0000000746e00000|  0%| F|  |TAMS 0x0000000746c00000, 0x0000000746c00000| Untracked 
| 567|0x0000000746e00000, 0x0000000746e00000, 0x0000000747000000|  0%| F|  |TAMS 0x0000000746e00000, 0x0000000746e00000| Untracked 
| 568|0x0000000747000000, 0x0000000747000000, 0x0000000747200000|  0%| F|  |TAMS 0x0000000747000000, 0x0000000747000000| Untracked 
| 569|0x0000000747200000, 0x0000000747200000, 0x0000000747400000|  0%| F|  |TAMS 0x0000000747200000, 0x0000000747200000| Untracked 
| 570|0x0000000747400000, 0x0000000747400000, 0x0000000747600000|  0%| F|  |TAMS 0x0000000747400000, 0x0000000747400000| Untracked 
| 571|0x0000000747600000, 0x0000000747600000, 0x0000000747800000|  0%| F|  |TAMS 0x0000000747600000, 0x0000000747600000| Untracked 
| 572|0x0000000747800000, 0x0000000747800000, 0x0000000747a00000|  0%| F|  |TAMS 0x0000000747800000, 0x0000000747800000| Untracked 
| 573|0x0000000747a00000, 0x0000000747a00000, 0x0000000747c00000|  0%| F|  |TAMS 0x0000000747a00000, 0x0000000747a00000| Untracked 
| 574|0x0000000747c00000, 0x0000000747c00000, 0x0000000747e00000|  0%| F|  |TAMS 0x0000000747c00000, 0x0000000747c00000| Untracked 
| 575|0x0000000747e00000, 0x0000000747e00000, 0x0000000748000000|  0%| F|  |TAMS 0x0000000747e00000, 0x0000000747e00000| Untracked 
| 576|0x0000000748000000, 0x0000000748000000, 0x0000000748200000|  0%| F|  |TAMS 0x0000000748000000, 0x0000000748000000| Untracked 
| 577|0x0000000748200000, 0x0000000748200000, 0x0000000748400000|  0%| F|  |TAMS 0x0000000748200000, 0x0000000748200000| Untracked 
| 578|0x0000000748400000, 0x0000000748400000, 0x0000000748600000|  0%| F|  |TAMS 0x0000000748400000, 0x0000000748400000| Untracked 
| 579|0x0000000748600000, 0x0000000748600000, 0x0000000748800000|  0%| F|  |TAMS 0x0000000748600000, 0x0000000748600000| Untracked 
| 580|0x0000000748800000, 0x0000000748800000, 0x0000000748a00000|  0%| F|  |TAMS 0x0000000748800000, 0x0000000748800000| Untracked 
| 581|0x0000000748a00000, 0x0000000748a00000, 0x0000000748c00000|  0%| F|  |TAMS 0x0000000748a00000, 0x0000000748a00000| Untracked 
| 582|0x0000000748c00000, 0x0000000748c00000, 0x0000000748e00000|  0%| F|  |TAMS 0x0000000748c00000, 0x0000000748c00000| Untracked 
| 583|0x0000000748e00000, 0x0000000748e00000, 0x0000000749000000|  0%| F|  |TAMS 0x0000000748e00000, 0x0000000748e00000| Untracked 
| 584|0x0000000749000000, 0x0000000749000000, 0x0000000749200000|  0%| F|  |TAMS 0x0000000749000000, 0x0000000749000000| Untracked 
| 585|0x0000000749200000, 0x0000000749200000, 0x0000000749400000|  0%| F|  |TAMS 0x0000000749200000, 0x0000000749200000| Untracked 
| 586|0x0000000749400000, 0x0000000749400000, 0x0000000749600000|  0%| F|  |TAMS 0x0000000749400000, 0x0000000749400000| Untracked 
| 587|0x0000000749600000, 0x0000000749600000, 0x0000000749800000|  0%| F|  |TAMS 0x0000000749600000, 0x0000000749600000| Untracked 
| 588|0x0000000749800000, 0x0000000749800000, 0x0000000749a00000|  0%| F|  |TAMS 0x0000000749800000, 0x0000000749800000| Untracked 
| 589|0x0000000749a00000, 0x0000000749a00000, 0x0000000749c00000|  0%| F|  |TAMS 0x0000000749a00000, 0x0000000749a00000| Untracked 
| 590|0x0000000749c00000, 0x0000000749c00000, 0x0000000749e00000|  0%| F|  |TAMS 0x0000000749c00000, 0x0000000749c00000| Untracked 
| 591|0x0000000749e00000, 0x0000000749e00000, 0x000000074a000000|  0%| F|  |TAMS 0x0000000749e00000, 0x0000000749e00000| Untracked 
| 592|0x000000074a000000, 0x000000074a000000, 0x000000074a200000|  0%| F|  |TAMS 0x000000074a000000, 0x000000074a000000| Untracked 
| 593|0x000000074a200000, 0x000000074a200000, 0x000000074a400000|  0%| F|  |TAMS 0x000000074a200000, 0x000000074a200000| Untracked 
| 594|0x000000074a400000, 0x000000074a400000, 0x000000074a600000|  0%| F|  |TAMS 0x000000074a400000, 0x000000074a400000| Untracked 
| 595|0x000000074a600000, 0x000000074a600000, 0x000000074a800000|  0%| F|  |TAMS 0x000000074a600000, 0x000000074a600000| Untracked 
| 596|0x000000074a800000, 0x000000074a800000, 0x000000074aa00000|  0%| F|  |TAMS 0x000000074a800000, 0x000000074a800000| Untracked 
| 597|0x000000074aa00000, 0x000000074aa00000, 0x000000074ac00000|  0%| F|  |TAMS 0x000000074aa00000, 0x000000074aa00000| Untracked 
| 598|0x000000074ac00000, 0x000000074ac00000, 0x000000074ae00000|  0%| F|  |TAMS 0x000000074ac00000, 0x000000074ac00000| Untracked 
| 599|0x000000074ae00000, 0x000000074ae00000, 0x000000074b000000|  0%| F|  |TAMS 0x000000074ae00000, 0x000000074ae00000| Untracked 
| 600|0x000000074b000000, 0x000000074b000000, 0x000000074b200000|  0%| F|  |TAMS 0x000000074b000000, 0x000000074b000000| Untracked 
| 601|0x000000074b200000, 0x000000074b200000, 0x000000074b400000|  0%| F|  |TAMS 0x000000074b200000, 0x000000074b200000| Untracked 
| 602|0x000000074b400000, 0x000000074b400000, 0x000000074b600000|  0%| F|  |TAMS 0x000000074b400000, 0x000000074b400000| Untracked 
| 603|0x000000074b600000, 0x000000074b600000, 0x000000074b800000|  0%| F|  |TAMS 0x000000074b600000, 0x000000074b600000| Untracked 
| 604|0x000000074b800000, 0x000000074b800000, 0x000000074ba00000|  0%| F|  |TAMS 0x000000074b800000, 0x000000074b800000| Untracked 
| 605|0x000000074ba00000, 0x000000074ba00000, 0x000000074bc00000|  0%| F|  |TAMS 0x000000074ba00000, 0x000000074ba00000| Untracked 
| 606|0x000000074bc00000, 0x000000074bc00000, 0x000000074be00000|  0%| F|  |TAMS 0x000000074bc00000, 0x000000074bc00000| Untracked 
| 607|0x000000074be00000, 0x000000074be00000, 0x000000074c000000|  0%| F|  |TAMS 0x000000074be00000, 0x000000074be00000| Untracked 
| 608|0x000000074c000000, 0x000000074c000000, 0x000000074c200000|  0%| F|  |TAMS 0x000000074c000000, 0x000000074c000000| Untracked 
| 609|0x000000074c200000, 0x000000074c200000, 0x000000074c400000|  0%| F|  |TAMS 0x000000074c200000, 0x000000074c200000| Untracked 
| 610|0x000000074c400000, 0x000000074c400000, 0x000000074c600000|  0%| F|  |TAMS 0x000000074c400000, 0x000000074c400000| Untracked 
| 611|0x000000074c600000, 0x000000074c600000, 0x000000074c800000|  0%| F|  |TAMS 0x000000074c600000, 0x000000074c600000| Untracked 
| 612|0x000000074c800000, 0x000000074c800000, 0x000000074ca00000|  0%| F|  |TAMS 0x000000074c800000, 0x000000074c800000| Untracked 
| 613|0x000000074ca00000, 0x000000074ca00000, 0x000000074cc00000|  0%| F|  |TAMS 0x000000074ca00000, 0x000000074ca00000| Untracked 
| 614|0x000000074cc00000, 0x000000074cc00000, 0x000000074ce00000|  0%| F|  |TAMS 0x000000074cc00000, 0x000000074cc00000| Untracked 
| 615|0x000000074ce00000, 0x000000074ce00000, 0x000000074d000000|  0%| F|  |TAMS 0x000000074ce00000, 0x000000074ce00000| Untracked 
| 616|0x000000074d000000, 0x000000074d000000, 0x000000074d200000|  0%| F|  |TAMS 0x000000074d000000, 0x000000074d000000| Untracked 
| 617|0x000000074d200000, 0x000000074d200000, 0x000000074d400000|  0%| F|  |TAMS 0x000000074d200000, 0x000000074d200000| Untracked 
| 618|0x000000074d400000, 0x000000074d400000, 0x000000074d600000|  0%| F|  |TAMS 0x000000074d400000, 0x000000074d400000| Untracked 
| 619|0x000000074d600000, 0x000000074d600000, 0x000000074d800000|  0%| F|  |TAMS 0x000000074d600000, 0x000000074d600000| Untracked 
| 620|0x000000074d800000, 0x000000074d800000, 0x000000074da00000|  0%| F|  |TAMS 0x000000074d800000, 0x000000074d800000| Untracked 
| 621|0x000000074da00000, 0x000000074da00000, 0x000000074dc00000|  0%| F|  |TAMS 0x000000074da00000, 0x000000074da00000| Untracked 
| 622|0x000000074dc00000, 0x000000074dc00000, 0x000000074de00000|  0%| F|  |TAMS 0x000000074dc00000, 0x000000074dc00000| Untracked 
| 623|0x000000074de00000, 0x000000074de00000, 0x000000074e000000|  0%| F|  |TAMS 0x000000074de00000, 0x000000074de00000| Untracked 
| 624|0x000000074e000000, 0x000000074e000000, 0x000000074e200000|  0%| F|  |TAMS 0x000000074e000000, 0x000000074e000000| Untracked 
| 625|0x000000074e200000, 0x000000074e200000, 0x000000074e400000|  0%| F|  |TAMS 0x000000074e200000, 0x000000074e200000| Untracked 
| 626|0x000000074e400000, 0x000000074e400000, 0x000000074e600000|  0%| F|  |TAMS 0x000000074e400000, 0x000000074e400000| Untracked 
| 627|0x000000074e600000, 0x000000074e600000, 0x000000074e800000|  0%| F|  |TAMS 0x000000074e600000, 0x000000074e600000| Untracked 
| 628|0x000000074e800000, 0x000000074e800000, 0x000000074ea00000|  0%| F|  |TAMS 0x000000074e800000, 0x000000074e800000| Untracked 
| 629|0x000000074ea00000, 0x000000074ea00000, 0x000000074ec00000|  0%| F|  |TAMS 0x000000074ea00000, 0x000000074ea00000| Untracked 
| 630|0x000000074ec00000, 0x000000074ec00000, 0x000000074ee00000|  0%| F|  |TAMS 0x000000074ec00000, 0x000000074ec00000| Untracked 
| 631|0x000000074ee00000, 0x000000074ee00000, 0x000000074f000000|  0%| F|  |TAMS 0x000000074ee00000, 0x000000074ee00000| Untracked 
| 632|0x000000074f000000, 0x000000074f000000, 0x000000074f200000|  0%| F|  |TAMS 0x000000074f000000, 0x000000074f000000| Untracked 
| 633|0x000000074f200000, 0x000000074f200000, 0x000000074f400000|  0%| F|  |TAMS 0x000000074f200000, 0x000000074f200000| Untracked 
| 634|0x000000074f400000, 0x000000074f400000, 0x000000074f600000|  0%| F|  |TAMS 0x000000074f400000, 0x000000074f400000| Untracked 
| 635|0x000000074f600000, 0x000000074f600000, 0x000000074f800000|  0%| F|  |TAMS 0x000000074f600000, 0x000000074f600000| Untracked 
| 636|0x000000074f800000, 0x000000074f800000, 0x000000074fa00000|  0%| F|  |TAMS 0x000000074f800000, 0x000000074f800000| Untracked 
| 637|0x000000074fa00000, 0x000000074fa00000, 0x000000074fc00000|  0%| F|  |TAMS 0x000000074fa00000, 0x000000074fa00000| Untracked 
| 638|0x000000074fc00000, 0x000000074fc00000, 0x000000074fe00000|  0%| F|  |TAMS 0x000000074fc00000, 0x000000074fc00000| Untracked 
| 639|0x000000074fe00000, 0x000000074fe00000, 0x0000000750000000|  0%| F|  |TAMS 0x000000074fe00000, 0x000000074fe00000| Untracked 
| 996|0x000000077c800000, 0x000000077c800000, 0x000000077ca00000|  0%| F|  |TAMS 0x000000077c800000, 0x000000077c800000| Untracked 
| 997|0x000000077ca00000, 0x000000077ca00000, 0x000000077cc00000|  0%| F|  |TAMS 0x000000077ca00000, 0x000000077ca00000| Untracked 
| 998|0x000000077cc00000, 0x000000077cc00000, 0x000000077ce00000|  0%| F|  |TAMS 0x000000077cc00000, 0x000000077cc00000| Untracked 
| 999|0x000000077ce00000, 0x000000077ce00000, 0x000000077d000000|  0%| F|  |TAMS 0x000000077ce00000, 0x000000077ce00000| Untracked 
|1000|0x000000077d000000, 0x000000077d000000, 0x000000077d200000|  0%| F|  |TAMS 0x000000077d000000, 0x000000077d000000| Untracked 
|1001|0x000000077d200000, 0x000000077d200000, 0x000000077d400000|  0%| F|  |TAMS 0x000000077d200000, 0x000000077d200000| Untracked 
|1002|0x000000077d400000, 0x000000077d400000, 0x000000077d600000|  0%| F|  |TAMS 0x000000077d400000, 0x000000077d400000| Untracked 

Card table byte_map: [0x00000252b1470000,0x00000252b1c70000] _byte_map_base: 0x00000252adc70000

Marking Bits (Prev, Next): (CMBitMap*) 0x000002529a103260, (CMBitMap*) 0x000002529a1032a0
 Prev Bits: [0x00000252b2470000, 0x00000252b6470000)
 Next Bits: [0x00000252b6470000, 0x00000252ba470000)

Polling page: 0x0000025298040000

Metaspace:

Usage:
  Non-class:    131.06 MB used.
      Class:     19.33 MB used.
       Both:    150.39 MB used.

Virtual space:
  Non-class space:      192.00 MB reserved,     132.38 MB ( 69%) committed,  3 nodes.
      Class space:        1.00 GB reserved,      20.50 MB (  2%) committed,  1 nodes.
             Both:        1.19 GB reserved,     152.88 MB ( 13%) committed. 

Chunk freelists:
   Non-Class:  10.90 MB
       Class:  11.66 MB
        Both:  22.56 MB

MaxMetaspaceSize: unlimited
CompressedClassSpaceSize: 1.00 GB
Initial GC threshold: 21.00 MB
Current GC threshold: 254.81 MB
CDS: on
MetaspaceReclaimPolicy: balanced
 - commit_granule_bytes: 65536.
 - commit_granule_words: 8192.
 - virtual_space_node_default_size: 8388608.
 - enlarge_chunks_in_place: 1.
 - new_chunks_are_fully_committed: 0.
 - uncommit_free_chunks: 1.
 - use_allocation_guard: 0.
 - handle_deallocations: 1.


Internal statistics:

num_allocs_failed_limit: 39.
num_arena_births: 4558.
num_arena_deaths: 1258.
num_vsnodes_births: 4.
num_vsnodes_deaths: 0.
num_space_committed: 2443.
num_space_uncommitted: 0.
num_chunks_returned_to_freelist: 1680.
num_chunks_taken_from_freelist: 12566.
num_chunk_merges: 496.
num_chunk_splits: 7179.
num_chunks_enlarged: 3711.
num_inconsistent_stats: 0.

CodeHeap 'non-profiled nmethods': size=120000Kb used=29188Kb max_used=29188Kb free=90811Kb
 bounds [0x00000252a9410000, 0x00000252ab0a0000, 0x00000252b0940000]
CodeHeap 'profiled nmethods': size=120000Kb used=58804Kb max_used=58804Kb free=61195Kb
 bounds [0x00000252a1940000, 0x00000252a52c0000, 0x00000252a8e70000]
CodeHeap 'non-nmethods': size=5760Kb used=2565Kb max_used=2639Kb free=3195Kb
 bounds [0x00000252a8e70000, 0x00000252a9110000, 0x00000252a9410000]
 total_blobs=30889 nmethods=29775 adapters=1024
 compilation: enabled
              stopped_count=0, restarted_count=0
 full_count=0

Compilation events (20 events):
Event: 16259.239 Thread 0x00000252bcea4430 39046   !   4       org.gradle.execution.plan.DefaultFinalizedExecutionPlan::finishedExecuting (177 bytes)
Event: 16259.255 Thread 0x00000252bcea4430 nmethod 39046 0x00000252ab088110 code [0x00000252ab088360, 0x00000252ab088d70]
Event: 16259.255 Thread 0x00000252bcea4430 39047       4       org.gradle.execution.plan.Node::finishExecution (39 bytes)
Event: 16259.257 Thread 0x00000252bcea4430 nmethod 39047 0x00000252ab089790 code [0x00000252ab089920, 0x00000252ab089ae8]
Event: 16259.257 Thread 0x00000252bcea4430 39043       4       org.gradle.api.internal.artifacts.configurations.DefaultLegacyConfiguration_Decorated::isDeprecatedForResolution (46 bytes)
Event: 16259.258 Thread 0x00000252bcea4430 nmethod 39043 0x00000252ab089c10 code [0x00000252ab089d80, 0x00000252ab089e18]
Event: 16259.290 Thread 0x00000252bcea4430 39068       4       org.gradle.internal.logging.sink.ProgressLogEventGenerator$Operation::complete (415 bytes)
Event: 16259.521 Thread 0x00000252bceaa650 39072   !   3       jdk.internal.reflect.GeneratedMethodAccessor224::invoke (61 bytes)
Event: 16259.523 Thread 0x00000252bceaa650 nmethod 39072 0x00000252a52adc90 code [0x00000252a52adea0, 0x00000252a52ae538]
Event: 16259.523 Thread 0x00000252bceaa650 39073   !   3       jdk.internal.reflect.GeneratedMethodAccessor225::invoke (61 bytes)
Event: 16259.523 Thread 0x00000252bceaa650 nmethod 39073 0x00000252a52ae890 code [0x00000252a52aeaa0, 0x00000252a52af138]
Event: 16259.523 Thread 0x00000252bceaa650 39074   !   3       jdk.internal.reflect.GeneratedMethodAccessor226::invoke (61 bytes)
Event: 16259.524 Thread 0x00000252bceaa650 nmethod 39074 0x00000252a52af490 code [0x00000252a52af6a0, 0x00000252a52afd38]
Event: 16259.576 Thread 0x00000252bcea4430 nmethod 39068 0x00000252ab089f10 code [0x00000252ab08a2c0, 0x00000252ab08d7e8]
Event: 16259.576 Thread 0x00000252bcea4430 39070       4       org.gradle.internal.operations.DefaultBuildOperationQueue$WorkerRunnable::doRunBatch (44 bytes)
Event: 16259.604 Thread 0x00000252bcea4430 nmethod 39070 0x00000252ab08f590 code [0x00000252ab08f7a0, 0x00000252ab090410]
Event: 16259.605 Thread 0x00000252bcea4430 39071       4       com.android.repository.Revision::toString (9 bytes)
Event: 16259.605 Thread 0x00000252bcea4430 nmethod 39071 0x00000252ab090c90 code [0x00000252ab090e20, 0x00000252ab090ec8]
Event: 16259.605 Thread 0x00000252bcea4430 39069       4       java.lang.Math::floorMod (29 bytes)
Event: 16259.606 Thread 0x00000252bcea4430 nmethod 39069 0x00000252ab090f90 code [0x00000252ab091100, 0x00000252ab0911d8]

GC Heap History (20 events):
Event: 11898.563 GC heap after
{Heap after GC invocations=128 (full 0):
 garbage-first heap   total 1386496K, used 466716K [0x0000000700000000, 0x0000000800000000)
  region size 2048K, 10 young (20480K), 10 survivors (20480K)
 Metaspace       used 153486K, committed 155968K, reserved 1245184K
  class space    used 19830K, committed 20992K, reserved 1048576K
}
Event: 11899.498 GC heap before
{Heap before GC invocations=129 (full 0):
 garbage-first heap   total 1386496K, used 517916K [0x0000000700000000, 0x0000000800000000)
  region size 2048K, 46 young (94208K), 10 survivors (20480K)
 Metaspace       used 153501K, committed 155968K, reserved 1245184K
  class space    used 19830K, committed 20992K, reserved 1048576K
}
Event: 11899.544 GC heap after
{Heap after GC invocations=130 (full 0):
 garbage-first heap   total 1386496K, used 452347K [0x0000000700000000, 0x0000000800000000)
  region size 2048K, 3 young (6144K), 3 survivors (6144K)
 Metaspace       used 153501K, committed 155968K, reserved 1245184K
  class space    used 19830K, committed 20992K, reserved 1048576K
}
Event: 11900.032 GC heap before
{Heap before GC invocations=130 (full 0):
 garbage-first heap   total 1386496K, used 513787K [0x0000000700000000, 0x0000000800000000)
  region size 2048K, 33 young (67584K), 3 survivors (6144K)
 Metaspace       used 153507K, committed 155968K, reserved 1245184K
  class space    used 19830K, committed 20992K, reserved 1048576K
}
Event: 11900.107 GC heap after
{Heap after GC invocations=131 (full 0):
 garbage-first heap   total 1499136K, used 374784K [0x0000000700000000, 0x0000000800000000)
  region size 2048K, 5 young (10240K), 5 survivors (10240K)
 Metaspace       used 153507K, committed 155968K, reserved 1245184K
  class space    used 19830K, committed 20992K, reserved 1048576K
}
Event: 11917.576 GC heap before
{Heap before GC invocations=131 (full 0):
 garbage-first heap   total 1499136K, used 622592K [0x0000000700000000, 0x0000000800000000)
  region size 2048K, 127 young (260096K), 5 survivors (10240K)
 Metaspace       used 153618K, committed 156096K, reserved 1245184K
  class space    used 19832K, committed 20992K, reserved 1048576K
}
Event: 11917.595 GC heap after
{Heap after GC invocations=132 (full 0):
 garbage-first heap   total 1499136K, used 381639K [0x0000000700000000, 0x0000000800000000)
  region size 2048K, 9 young (18432K), 9 survivors (18432K)
 Metaspace       used 153618K, committed 156096K, reserved 1245184K
  class space    used 19832K, committed 20992K, reserved 1048576K
}
Event: 16240.044 GC heap before
{Heap before GC invocations=133 (full 0):
 garbage-first heap   total 1325056K, used 635591K [0x0000000700000000, 0x0000000800000000)
  region size 2048K, 132 young (270336K), 9 survivors (18432K)
 Metaspace       used 153850K, committed 156288K, reserved 1245184K
  class space    used 19851K, committed 20992K, reserved 1048576K
}
Event: 16240.713 GC heap after
{Heap after GC invocations=134 (full 0):
 garbage-first heap   total 1325056K, used 398028K [0x0000000700000000, 0x0000000800000000)
  region size 2048K, 17 young (34816K), 17 survivors (34816K)
 Metaspace       used 153850K, committed 156288K, reserved 1245184K
  class space    used 19851K, committed 20992K, reserved 1048576K
}
Event: 16242.261 GC heap before
{Heap before GC invocations=134 (full 0):
 garbage-first heap   total 1325056K, used 428748K [0x0000000700000000, 0x0000000800000000)
  region size 2048K, 32 young (65536K), 17 survivors (34816K)
 Metaspace       used 153870K, committed 156288K, reserved 1245184K
  class space    used 19851K, committed 20992K, reserved 1048576K
}
Event: 16242.624 GC heap after
{Heap after GC invocations=135 (full 0):
 garbage-first heap   total 1325056K, used 393536K [0x0000000700000000, 0x0000000800000000)
  region size 2048K, 4 young (8192K), 4 survivors (8192K)
 Metaspace       used 153870K, committed 156288K, reserved 1245184K
  class space    used 19851K, committed 20992K, reserved 1048576K
}
Event: 16247.147 GC heap before
{Heap before GC invocations=135 (full 0):
 garbage-first heap   total 1325056K, used 497984K [0x0000000700000000, 0x0000000800000000)
  region size 2048K, 55 young (112640K), 4 survivors (8192K)
 Metaspace       used 154105K, committed 156544K, reserved 1245184K
  class space    used 19874K, committed 20992K, reserved 1048576K
}
Event: 16247.209 GC heap after
{Heap after GC invocations=136 (full 0):
 garbage-first heap   total 1325056K, used 415744K [0x0000000700000000, 0x0000000800000000)
  region size 2048K, 7 young (14336K), 7 survivors (14336K)
 Metaspace       used 154105K, committed 156544K, reserved 1245184K
  class space    used 19874K, committed 20992K, reserved 1048576K
}
Event: 16253.263 GC heap before
{Heap before GC invocations=137 (full 0):
 garbage-first heap   total 1325056K, used 540672K [0x0000000700000000, 0x0000000800000000)
  region size 2048K, 84 young (172032K), 7 survivors (14336K)
 Metaspace       used 153661K, committed 156544K, reserved 1245184K
  class space    used 19765K, committed 20992K, reserved 1048576K
}
Event: 16253.334 GC heap after
{Heap after GC invocations=138 (full 0):
 garbage-first heap   total 1325056K, used 411375K [0x0000000700000000, 0x0000000800000000)
  region size 2048K, 11 young (22528K), 11 survivors (22528K)
 Metaspace       used 153661K, committed 156544K, reserved 1245184K
  class space    used 19765K, committed 20992K, reserved 1048576K
}
Event: 16254.238 GC heap before
{Heap before GC invocations=138 (full 0):
 garbage-first heap   total 1325056K, used 454383K [0x0000000700000000, 0x0000000800000000)
  region size 2048K, 32 young (65536K), 11 survivors (22528K)
 Metaspace       used 153758K, committed 156544K, reserved 1245184K
  class space    used 19767K, committed 20992K, reserved 1048576K
}
Event: 16254.372 GC heap after
{Heap after GC invocations=139 (full 0):
 garbage-first heap   total 1325056K, used 361355K [0x0000000700000000, 0x0000000800000000)
  region size 2048K, 4 young (8192K), 4 survivors (8192K)
 Metaspace       used 153758K, committed 156544K, reserved 1245184K
  class space    used 19767K, committed 20992K, reserved 1048576K
}
Event: 16254.892 GC heap before
{Heap before GC invocations=139 (full 0):
 garbage-first heap   total 1325056K, used 418699K [0x0000000700000000, 0x0000000800000000)
  region size 2048K, 32 young (65536K), 4 survivors (8192K)
 Metaspace       used 153780K, committed 156544K, reserved 1245184K
  class space    used 19768K, committed 20992K, reserved 1048576K
}
Event: 16254.937 GC heap after
{Heap after GC invocations=140 (full 0):
 garbage-first heap   total 1325056K, used 367534K [0x0000000700000000, 0x0000000800000000)
  region size 2048K, 3 young (6144K), 3 survivors (6144K)
 Metaspace       used 153780K, committed 156544K, reserved 1245184K
  class space    used 19768K, committed 20992K, reserved 1048576K
}
Event: 16259.630 GC heap before
{Heap before GC invocations=140 (full 0):
 garbage-first heap   total 1325056K, used 601006K [0x0000000700000000, 0x0000000800000000)
  region size 2048K, 117 young (239616K), 3 survivors (6144K)
 Metaspace       used 154000K, committed 156544K, reserved 1245184K
  class space    used 19794K, committed 20992K, reserved 1048576K
}

Deoptimization events (20 events):
Event: 16250.991 Thread 0x000002528f694e00 Uncommon trap: trap_request=0xfffffff4 fr.pc=0x00000252a9c845c0 relative=0x00000000000003a0
Event: 16250.991 Thread 0x000002528f694e00 Uncommon trap: reason=null_check action=make_not_entrant pc=0x00000252a9c845c0 method=org.codehaus.groovy.reflection.ClassInfo.getWeakMetaClass()Lgroovy/lang/MetaClass; @ 17 c2
Event: 16250.991 Thread 0x000002528f694e00 DEOPT PACKING pc=0x00000252a9c845c0 sp=0x000000bc64ff76d0
Event: 16250.991 Thread 0x000002528f694e00 DEOPT UNPACKING pc=0x00000252a8ec23a3 sp=0x000000bc64ff74e0 mode 2
Event: 16250.999 Thread 0x000002528f694e00 Uncommon trap: trap_request=0xffffff45 fr.pc=0x00000252a9946b2c relative=0x000000000000340c
Event: 16251.003 Thread 0x000002528f694e00 Uncommon trap: reason=unstable_if action=reinterpret pc=0x00000252a9946b2c method=org.codehaus.groovy.util.LazyReference.get()Ljava/lang/Object; @ 33 c2
Event: 16251.003 Thread 0x000002528f694e00 DEOPT PACKING pc=0x00000252a9946b2c sp=0x000000bc64ff6e30
Event: 16251.003 Thread 0x000002528f694e00 DEOPT UNPACKING pc=0x00000252a8ec23a3 sp=0x000000bc64ff6bd8 mode 2
Event: 16251.806 Thread 0x000002528f694e00 Uncommon trap: trap_request=0xffffff76 fr.pc=0x00000252aafdec2c relative=0x00000000000005ec
Event: 16251.806 Thread 0x000002528f694e00 Uncommon trap: reason=predicate action=maybe_recompile pc=0x00000252aafdec2c method=java.util.ComparableTimSort.reverseRange([Ljava/lang/Object;II)V @ 5 c2
Event: 16251.806 Thread 0x000002528f694e00 DEOPT PACKING pc=0x00000252aafdec2c sp=0x000000bc64ff8120
Event: 16251.806 Thread 0x000002528f694e00 DEOPT UNPACKING pc=0x00000252a8ec23a3 sp=0x000000bc64ff8060 mode 2
Event: 16252.324 Thread 0x000002528f694e00 Uncommon trap: trap_request=0xfffffff4 fr.pc=0x00000252aafcbc20 relative=0x0000000000000320
Event: 16252.324 Thread 0x000002528f694e00 Uncommon trap: reason=null_check action=make_not_entrant pc=0x00000252aafcbc20 method=com.google.gson.internal.Excluder.isStatic(Ljava/lang/Class;)Z @ 1 c2
Event: 16252.324 Thread 0x000002528f694e00 DEOPT PACKING pc=0x00000252aafcbc20 sp=0x000000bc64ff9170
Event: 16252.324 Thread 0x000002528f694e00 DEOPT UNPACKING pc=0x00000252a8ec23a3 sp=0x000000bc64ff90c8 mode 2
Event: 16255.045 Thread 0x000002528f694e00 DEOPT PACKING pc=0x00000252a49f3664 sp=0x000000bc64ff8fe0
Event: 16255.046 Thread 0x000002528f694e00 DEOPT UNPACKING pc=0x00000252a8ec2b43 sp=0x000000bc64ff8548 mode 0
Event: 16255.740 Thread 0x000002528f694e00 DEOPT PACKING pc=0x00000252a49f3664 sp=0x000000bc64ff9c00
Event: 16255.740 Thread 0x000002528f694e00 DEOPT UNPACKING pc=0x00000252a8ec2b43 sp=0x000000bc64ff9168 mode 0

Classes unloaded (20 events):
Event: 16248.282 Thread 0x00000252bce8ab30 Unloading class 0x00000252bef20000 'config_ero7906w4c6kvbmejmbi556yy$getKotlinVersion'
Event: 16248.282 Thread 0x00000252bce8ab30 Unloading class 0x00000252beefd800 'org/gradle/api/DomainObjectCollection$all'
Event: 16248.282 Thread 0x00000252bce8ab30 Unloading class 0x00000252beef5000 'org/gradle/api/tasks/TaskContainer$create'
Event: 16248.282 Thread 0x00000252bce8ab30 Unloading class 0x00000252bed60000 'jdk/internal/reflect/GeneratedMethodAccessor62'
Event: 16248.282 Thread 0x00000252bce8ab30 Unloading class 0x00000252becdc400 'jdk/internal/reflect/GeneratedSerializationConstructorAccessor63'
Event: 16248.282 Thread 0x00000252bce8ab30 Unloading class 0x00000252becdc000 'jdk/internal/reflect/GeneratedSerializationConstructorAccessor62'
Event: 16248.282 Thread 0x00000252bce8ab30 Unloading class 0x00000252becc8800 'jdk/internal/reflect/GeneratedSerializationConstructorAccessor60'
Event: 16248.282 Thread 0x00000252bce8ab30 Unloading class 0x00000252becc8400 'jdk/internal/reflect/GeneratedSerializationConstructorAccessor59'
Event: 16248.282 Thread 0x00000252bce8ab30 Unloading class 0x00000252becc8000 'jdk/internal/reflect/GeneratedSerializationConstructorAccessor58'
Event: 16248.282 Thread 0x00000252bce8ab30 Unloading class 0x00000252becc4c00 'jdk/internal/reflect/GeneratedSerializationConstructorAccessor57'
Event: 16248.282 Thread 0x00000252bce8ab30 Unloading class 0x00000252becc4800 'jdk/internal/reflect/GeneratedSerializationConstructorAccessor56'
Event: 16248.282 Thread 0x00000252bce8ab30 Unloading class 0x00000252beb10c00 'jdk/internal/reflect/GeneratedSerializationConstructorAccessor45'
Event: 16248.282 Thread 0x00000252bce8ab30 Unloading class 0x00000252beb10800 'jdk/internal/reflect/GeneratedSerializationConstructorAccessor44'
Event: 16248.282 Thread 0x00000252bce8ab30 Unloading class 0x00000252be8d1c00 'jdk/internal/reflect/GeneratedSerializationConstructorAccessor37'
Event: 16248.282 Thread 0x00000252bce8ab30 Unloading class 0x00000252be8d1800 'jdk/internal/reflect/GeneratedSerializationConstructorAccessor36'
Event: 16248.282 Thread 0x00000252bce8ab30 Unloading class 0x00000252be8d1400 'jdk/internal/reflect/GeneratedSerializationConstructorAccessor35'
Event: 16248.282 Thread 0x00000252bce8ab30 Unloading class 0x00000252be8d1000 'jdk/internal/reflect/GeneratedSerializationConstructorAccessor34'
Event: 16248.282 Thread 0x00000252bce8ab30 Unloading class 0x00000252be8d0800 'jdk/internal/reflect/GeneratedSerializationConstructorAccessor32'
Event: 16248.282 Thread 0x00000252bce8ab30 Unloading class 0x00000252be845000 'jdk/internal/reflect/GeneratedSerializationConstructorAccessor8'
Event: 16248.283 Thread 0x00000252bce8ab30 Unloading class 0x00000252be55cc00 'java/lang/invoke/LambdaForm$MH+0x00000252be55cc00'

Classes redefined (0 events):
No events

Internal exceptions (20 events):
Event: 16256.969 Thread 0x000002528de86350 Exception <a 'sun/nio/fs/WindowsException'{0x000000074833f880}> (0x000000074833f880) 
thrown [s\open\src\hotspot\share\prims\jni.cpp, line 516]
Event: 16257.027 Thread 0x000002528de86350 Exception <a 'sun/nio/fs/WindowsException'{0x00000007483b5138}> (0x00000007483b5138) 
thrown [s\open\src\hotspot\share\prims\jni.cpp, line 516]
Event: 16257.050 Thread 0x000002528de86350 Exception <a 'sun/nio/fs/WindowsException'{0x00000007480116c8}> (0x00000007480116c8) 
thrown [s\open\src\hotspot\share\prims\jni.cpp, line 516]
Event: 16257.083 Thread 0x000002528de86350 Exception <a 'sun/nio/fs/WindowsException'{0x000000074808a488}> (0x000000074808a488) 
thrown [s\open\src\hotspot\share\prims\jni.cpp, line 516]
Event: 16257.120 Thread 0x000002528de86350 Exception <a 'sun/nio/fs/WindowsException'{0x00000007481016d8}> (0x00000007481016d8) 
thrown [s\open\src\hotspot\share\prims\jni.cpp, line 516]
Event: 16257.155 Thread 0x000002528de86350 Exception <a 'sun/nio/fs/WindowsException'{0x0000000748186638}> (0x0000000748186638) 
thrown [s\open\src\hotspot\share\prims\jni.cpp, line 516]
Event: 16257.183 Thread 0x000002528de86350 Exception <a 'sun/nio/fs/WindowsException'{0x00000007481eca50}> (0x00000007481eca50) 
thrown [s\open\src\hotspot\share\prims\jni.cpp, line 516]
Event: 16257.206 Thread 0x000002528de86350 Exception <a 'sun/nio/fs/WindowsException'{0x0000000747e92c48}> (0x0000000747e92c48) 
thrown [s\open\src\hotspot\share\prims\jni.cpp, line 516]
Event: 16257.229 Thread 0x000002528de86350 Exception <a 'sun/nio/fs/WindowsException'{0x0000000747f07540}> (0x0000000747f07540) 
thrown [s\open\src\hotspot\share\prims\jni.cpp, line 516]
Event: 16257.252 Thread 0x000002528de86350 Exception <a 'sun/nio/fs/WindowsException'{0x0000000747f7dc08}> (0x0000000747f7dc08) 
thrown [s\open\src\hotspot\share\prims\jni.cpp, line 516]
Event: 16257.273 Thread 0x000002528de86350 Exception <a 'sun/nio/fs/WindowsException'{0x0000000747fd98c0}> (0x0000000747fd98c0) 
thrown [s\open\src\hotspot\share\prims\jni.cpp, line 516]
Event: 16257.992 Thread 0x000002528de85420 Exception <a 'java/lang/NoSuchMethodError'{0x00000007463fef00}: static Lcom/android/build/gradle/internal/scope/InternalArtifactType;.<clinit>()V> (0x00000007463fef00) 
thrown [s\open\src\hotspot\share\prims\jni.cpp, line 1112]
Event: 16257.993 Thread 0x000002528de85420 Exception <a 'java/lang/NoSuchMethodError'{0x0000000746000ad8}: static Lcom/android/build/gradle/internal/scope/InternalArtifactType;.<clinit>()V> (0x0000000746000ad8) 
thrown [s\open\src\hotspot\share\prims\jni.cpp, line 1112]
Event: 16257.993 Thread 0x000002528de85420 Exception <a 'java/lang/NoSuchMethodError'{0x0000000746003c88}: static Lcom/android/build/api/artifact/Artifact$Single;.<clinit>()V> (0x0000000746003c88) 
thrown [s\open\src\hotspot\share\prims\jni.cpp, line 1112]
Event: 16257.993 Thread 0x000002528de85420 Exception <a 'java/lang/NoSuchMethodError'{0x0000000746006230}: static Ljava/lang/Object;.<clinit>()V> (0x0000000746006230) 
thrown [s\open\src\hotspot\share\prims\jni.cpp, line 1112]
Event: 16257.994 Thread 0x000002528de85420 Exception <a 'java/lang/NoSuchMethodError'{0x000000074601f630}: static Lcom/android/build/api/artifact/ArtifactKind;.<clinit>()V> (0x000000074601f630) 
thrown [s\open\src\hotspot\share\prims\jni.cpp, line 1112]
Event: 16257.994 Thread 0x000002528de85420 Exception <a 'java/lang/NoSuchMethodError'{0x00000007460207f0}: static Lcom/android/build/api/artifact/ArtifactKind;.<clinit>()V> (0x00000007460207f0) 
thrown [s\open\src\hotspot\share\prims\jni.cpp, line 1112]
Event: 16257.997 Thread 0x000002528de85420 Exception <a 'java/lang/NoSuchMethodError'{0x000000074603a548}: static Lcom/android/build/gradle/internal/scope/InternalArtifactType;.<clinit>()V> (0x000000074603a548) 
thrown [s\open\src\hotspot\share\prims\jni.cpp, line 1112]
Event: 16258.070 Thread 0x000002528de85420 Exception <a 'java/lang/NoSuchMethodError'{0x0000000745ae29a0}: static Ljava/lang/Object;.<clinit>()V> (0x0000000745ae29a0) 
thrown [s\open\src\hotspot\share\prims\jni.cpp, line 1112]
Event: 16258.291 Thread 0x000002528de85420 Exception <a 'java/lang/NoSuchMethodError'{0x000000074556df18}: static Ljava/lang/Object;.<clinit>()V> (0x000000074556df18) 
thrown [s\open\src\hotspot\share\prims\jni.cpp, line 1112]

VM Operations (20 events):
Event: 16250.288 Executing VM operation: G1Concurrent done
Event: 16251.293 Executing VM operation: Cleanup
Event: 16251.293 Executing VM operation: Cleanup done
Event: 16252.300 Executing VM operation: Cleanup
Event: 16252.300 Executing VM operation: Cleanup done
Event: 16253.262 Executing VM operation: G1CollectForAllocation
Event: 16253.335 Executing VM operation: G1CollectForAllocation done
Event: 16254.237 Executing VM operation: G1CollectForAllocation
Event: 16254.372 Executing VM operation: G1CollectForAllocation done
Event: 16254.892 Executing VM operation: G1CollectForAllocation
Event: 16254.938 Executing VM operation: G1CollectForAllocation done
Event: 16255.953 Executing VM operation: Cleanup
Event: 16255.954 Executing VM operation: Cleanup done
Event: 16256.956 Executing VM operation: Cleanup
Event: 16256.956 Executing VM operation: Cleanup done
Event: 16257.970 Executing VM operation: Cleanup
Event: 16257.970 Executing VM operation: Cleanup done
Event: 16258.979 Executing VM operation: Cleanup
Event: 16258.980 Executing VM operation: Cleanup done
Event: 16259.628 Executing VM operation: G1CollectForAllocation

Events (20 events):
Event: 16240.024 Thread 0x00000252bceacf70 flushing nmethod 0x00000252a415ac10
Event: 16240.034 Thread 0x00000252bceacf70 flushing nmethod 0x00000252a41e6910
Event: 16240.036 Thread 0x00000252bceacf70 flushing nmethod 0x00000252a41eb790
Event: 16240.038 Thread 0x00000252bceacf70 flushing nmethod 0x00000252a41f5290
Event: 16240.039 Thread 0x00000252bceacf70 flushing nmethod 0x00000252a421f090
Event: 16240.768 Thread 0x00000252bceacf70 flushing nmethod 0x00000252a45ff510
Event: 16240.768 Thread 0x00000252bceacf70 flushing nmethod 0x00000252a460ea90
Event: 16240.770 Thread 0x00000252bceacf70 flushing nmethod 0x00000252a4616b10
Event: 16240.770 Thread 0x00000252bceacf70 flushing nmethod 0x00000252a466cb10
Event: 16240.771 Thread 0x00000252bceacf70 flushing nmethod 0x00000252a4671010
Event: 16240.771 Thread 0x00000252bceacf70 flushing nmethod 0x00000252a467f310
Event: 16240.774 Thread 0x00000252bceacf70 flushing nmethod 0x00000252a46bb390
Event: 16245.006 Thread 0x000002528f27e420 Thread added: 0x000002528f27e420
Event: 16245.029 Thread 0x000002528f27e930 Thread added: 0x000002528f27e930
Event: 16245.029 Thread 0x000002528f27c5c0 Thread added: 0x000002528f27c5c0
Event: 16252.479 Thread 0x0000025285d9db10 Thread added: 0x0000025285d9db10
Event: 16253.341 Thread 0x0000025285d9db10 Thread exited: 0x0000025285d9db10
Event: 16256.234 Thread 0x00000252fe2d90a0 Thread added: 0x00000252fe2d90a0
Event: 16256.234 Thread 0x00000252fe2d9ac0 Thread added: 0x00000252fe2d9ac0
Event: 16256.263 Thread 0x00000252fe2da4e0 Thread added: 0x00000252fe2da4e0


Dynamic libraries:
0x00007ff7b38e0000 - 0x00007ff7b38f0000 	C:\Program Files\Java\jdk-17\bin\java.exe
0x00007ff812570000 - 0x00007ff812788000 	C:\WINDOWS\SYSTEM32\ntdll.dll
0x00007ff8107d0000 - 0x00007ff810894000 	C:\WINDOWS\System32\KERNEL32.DLL
0x00007ff80fb90000 - 0x00007ff80ff63000 	C:\WINDOWS\System32\KERNELBASE.dll
0x00007ff80f740000 - 0x00007ff80f851000 	C:\WINDOWS\System32\ucrtbase.dll
0x00007fffd3590000 - 0x00007fffd35a9000 	C:\Program Files\Java\jdk-17\bin\jli.dll
0x00007ff810ce0000 - 0x00007ff810d91000 	C:\WINDOWS\System32\ADVAPI32.dll
0x00007fffd4980000 - 0x00007fffd499b000 	C:\Program Files\Java\jdk-17\bin\VCRUNTIME140.dll
0x00007ff810210000 - 0x00007ff8102b7000 	C:\WINDOWS\System32\msvcrt.dll
0x00007ff810be0000 - 0x00007ff810c88000 	C:\WINDOWS\System32\sechost.dll
0x00007ff810090000 - 0x00007ff8100b8000 	C:\WINDOWS\System32\bcrypt.dll
0x00007ff812320000 - 0x00007ff812438000 	C:\WINDOWS\System32\RPCRT4.dll
0x00007ff8104c0000 - 0x00007ff810672000 	C:\WINDOWS\System32\USER32.dll
0x00007ff8100c0000 - 0x00007ff8100e6000 	C:\WINDOWS\System32\win32u.dll
0x00007ff811470000 - 0x00007ff811499000 	C:\WINDOWS\System32\GDI32.dll
0x00007ffffbb30000 - 0x00007ffffbdcc000 	C:\WINDOWS\WinSxS\amd64_microsoft.windows.common-controls_6595b64144ccf1df_6.0.22621.6060_none_2712eda17382d24b\COMCTL32.dll
0x00007ff80ff70000 - 0x00007ff81008b000 	C:\WINDOWS\System32\gdi32full.dll
0x00007ff810170000 - 0x00007ff81020a000 	C:\WINDOWS\System32\msvcp_win.dll
0x00007ff806720000 - 0x00007ff80672a000 	C:\WINDOWS\SYSTEM32\VERSION.dll
0x00007ff810790000 - 0x00007ff8107c1000 	C:\WINDOWS\System32\IMM32.DLL
0x00007fffd6890000 - 0x00007fffd689c000 	C:\Program Files\Java\jdk-17\bin\vcruntime140_1.dll
0x00007fff62510000 - 0x00007fff6259e000 	C:\Program Files\Java\jdk-17\bin\msvcp140.dll
0x00007fff5d350000 - 0x00007fff5df30000 	C:\Program Files\Java\jdk-17\bin\server\jvm.dll
0x00007ff8102c0000 - 0x00007ff8102c8000 	C:\WINDOWS\System32\PSAPI.DLL
0x00007ff80b0b0000 - 0x00007ff80b0e4000 	C:\WINDOWS\SYSTEM32\WINMM.dll
0x00007ffff00d0000 - 0x00007ffff00d9000 	C:\WINDOWS\SYSTEM32\WSOCK32.dll
0x00007ff812440000 - 0x00007ff8124b1000 	C:\WINDOWS\System32\WS2_32.dll
0x00007ff80e660000 - 0x00007ff80e678000 	C:\WINDOWS\SYSTEM32\kernel.appcore.dll
0x00007fffd4970000 - 0x00007fffd497a000 	C:\Program Files\Java\jdk-17\bin\jimage.dll
0x00007ff8089d0000 - 0x00007ff808c03000 	C:\WINDOWS\SYSTEM32\DBGHELP.DLL
0x00007ff811f00000 - 0x00007ff812291000 	C:\WINDOWS\System32\combase.dll
0x00007ff8108a0000 - 0x00007ff810978000 	C:\WINDOWS\System32\OLEAUT32.dll
0x00007ffff0d70000 - 0x00007ffff0da2000 	C:\WINDOWS\SYSTEM32\dbgcore.DLL
0x00007ff8100f0000 - 0x00007ff81016b000 	C:\WINDOWS\System32\bcryptPrimitives.dll
0x00007fffb4350000 - 0x00007fffb435e000 	C:\Program Files\Java\jdk-17\bin\instrument.dll
0x00007fffd0ed0000 - 0x00007fffd0ef5000 	C:\Program Files\Java\jdk-17\bin\java.dll
0x00007fff61be0000 - 0x00007fff61cb7000 	C:\Program Files\Java\jdk-17\bin\jsvml.dll
0x00007ff811660000 - 0x00007ff811efc000 	C:\WINDOWS\System32\SHELL32.dll
0x00007ff80f8e0000 - 0x00007ff80fa1f000 	C:\WINDOWS\System32\wintypes.dll
0x00007ff80d580000 - 0x00007ff80de9a000 	C:\WINDOWS\SYSTEM32\windows.storage.dll
0x00007ff810680000 - 0x00007ff810784000 	C:\WINDOWS\System32\SHCORE.dll
0x00007ff8122b0000 - 0x00007ff812319000 	C:\WINDOWS\System32\shlwapi.dll
0x00007ff80f5b0000 - 0x00007ff80f5d5000 	C:\WINDOWS\SYSTEM32\profapi.dll
0x00007fffd0e90000 - 0x00007fffd0ea8000 	C:\Program Files\Java\jdk-17\bin\zip.dll
0x00007fffd2e60000 - 0x00007fffd2e79000 	C:\Program Files\Java\jdk-17\bin\net.dll
0x00007ff80bef0000 - 0x00007ff80c01c000 	C:\WINDOWS\SYSTEM32\WINHTTP.dll
0x00007ff80eb40000 - 0x00007ff80eba9000 	C:\WINDOWS\system32\mswsock.dll
0x00007fffd0eb0000 - 0x00007fffd0ec6000 	C:\Program Files\Java\jdk-17\bin\nio.dll
0x00007fffd36e0000 - 0x00007fffd36f0000 	C:\Program Files\Java\jdk-17\bin\verify.dll
0x00007fffc17d0000 - 0x00007fffc17f7000 	C:\Users\NAGARAJU\.gradle\native\1def1411415f61bf3af743bc5b6707747c0891f09f0c88961ee8f79bc544acac\windows-amd64\native-platform.dll
0x00007fff61b00000 - 0x00007fff61b78000 	C:\Users\NAGARAJU\.gradle\native\0.2.7\x86_64-windows-gnu\gradle-fileevents.dll
0x00007fffd3580000 - 0x00007fffd358a000 	C:\Program Files\Java\jdk-17\bin\management.dll
0x00007fffd0e80000 - 0x00007fffd0e8b000 	C:\Program Files\Java\jdk-17\bin\management_ext.dll
0x00007ff80e100000 - 0x00007ff80e12d000 	C:\WINDOWS\SYSTEM32\IPHLPAPI.DLL
0x00007ff810ed0000 - 0x00007ff810ed9000 	C:\WINDOWS\System32\NSI.dll
0x00007ff80b480000 - 0x00007ff80b499000 	C:\WINDOWS\SYSTEM32\dhcpcsvc6.DLL
0x00007ff80b3c0000 - 0x00007ff80b3df000 	C:\WINDOWS\SYSTEM32\dhcpcsvc.DLL
0x00007ff80e170000 - 0x00007ff80e268000 	C:\WINDOWS\SYSTEM32\DNSAPI.dll
0x00007ff80ed90000 - 0x00007ff80edab000 	C:\WINDOWS\SYSTEM32\CRYPTSP.dll
0x00007ff80e5c0000 - 0x00007ff80e5f7000 	C:\WINDOWS\system32\rsaenh.dll
0x00007ff80ec30000 - 0x00007ff80ec58000 	C:\WINDOWS\SYSTEM32\USERENV.dll
0x00007ff80edb0000 - 0x00007ff80edbc000 	C:\WINDOWS\SYSTEM32\CRYPTBASE.dll
0x00007fffb4340000 - 0x00007fffb434e000 	C:\Program Files\Java\jdk-17\bin\sunmscapi.dll
0x00007ff80fa20000 - 0x00007ff80fb88000 	C:\WINDOWS\System32\CRYPT32.dll
0x00007ff80ef50000 - 0x00007ff80ef7e000 	C:\WINDOWS\SYSTEM32\ncrypt.dll
0x00007ff80ef10000 - 0x00007ff80ef47000 	C:\WINDOWS\SYSTEM32\NTASN1.dll
0x00007fffb4330000 - 0x00007fffb4338000 	C:\WINDOWS\system32\wshunix.dll
0x00007ff80b510000 - 0x00007ff80b51a000 	C:\Windows\System32\rasadhlp.dll
0x00007ff8087e0000 - 0x00007ff808864000 	C:\WINDOWS\System32\fwpuclnt.dll
0x00007ff80ae90000 - 0x00007ff80af27000 	C:\WINDOWS\system32\apphelp.dll
0x00007ff80e770000 - 0x00007ff80e7a4000 	C:\WINDOWS\SYSTEM32\ntmarta.dll

dbghelp: loaded successfully - version: 4.0.5 - missing functions: none
symbol engine: initialized successfully - sym options: 0x614 - pdb path: .;C:\Program Files\Java\jdk-17\bin;C:\WINDOWS\SYSTEM32;C:\WINDOWS\WinSxS\amd64_microsoft.windows.common-controls_6595b64144ccf1df_6.0.22621.6060_none_2712eda17382d24b;C:\Program Files\Java\jdk-17\bin\server;C:\Users\NAGARAJU\.gradle\native\1def1411415f61bf3af743bc5b6707747c0891f09f0c88961ee8f79bc544acac\windows-amd64;C:\Users\NAGARAJU\.gradle\native\0.2.7\x86_64-windows-gnu

VM Arguments:
jvm_args: --add-opens=java.base/java.lang=ALL-UNNAMED --add-opens=java.base/java.lang.invoke=ALL-UNNAMED --add-opens=java.base/java.util=ALL-UNNAMED --add-opens=java.prefs/java.util.prefs=ALL-UNNAMED --add-exports=jdk.compiler/com.sun.tools.javac.api=ALL-UNNAMED --add-exports=jdk.compiler/com.sun.tools.javac.util=ALL-UNNAMED --add-opens=java.base/java.util=ALL-UNNAMED --add-opens=java.prefs/java.util.prefs=ALL-UNNAMED --add-opens=java.base/java.nio.charset=ALL-UNNAMED --add-opens=java.base/java.net=ALL-UNNAMED --add-opens=java.base/java.util.concurrent.atomic=ALL-UNNAMED --add-opens=java.xml/javax.xml.namespace=ALL-UNNAMED -Xmx4096m -Dfile.encoding=UTF-8 -Duser.country=IN -Duser.language=en -Duser.variant -javaagent:C:\Users\NAGARAJU\.gradle\wrapper\dists\gradle-8.14.1-bin\baw1sv0jfoi8rxs14qo3h49cs\gradle-8.14.1\lib\agents\gradle-instrumentation-agent-8.14.1.jar 
java_command: org.gradle.launcher.daemon.bootstrap.GradleDaemon 8.14.1
java_class_path (initial): C:\Users\NAGARAJU\.gradle\wrapper\dists\gradle-8.14.1-bin\baw1sv0jfoi8rxs14qo3h49cs\gradle-8.14.1\lib\gradle-daemon-main-8.14.1.jar
Launcher Type: SUN_STANDARD

[Global flags]
     intx CICompilerCount                          = 4                                         {product} {ergonomic}
     uint ConcGCThreads                            = 2                                         {product} {ergonomic}
     uint G1ConcRefinementThreads                  = 8                                         {product} {ergonomic}
   size_t G1HeapRegionSize                         = 2097152                                   {product} {ergonomic}
    uintx GCDrainStackTargetSize                   = 64                                        {product} {ergonomic}
   size_t InitialHeapSize                          = 123731968                                 {product} {ergonomic}
   size_t MarkStackSize                            = 4194304                                   {product} {ergonomic}
   size_t MaxHeapSize                              = 4294967296                                {product} {command line}
   size_t MaxNewSize                               = 2575302656                                {product} {ergonomic}
   size_t MinHeapDeltaBytes                        = 2097152                                   {product} {ergonomic}
   size_t MinHeapSize                              = 8388608                                   {product} {ergonomic}
    uintx NonNMethodCodeHeapSize                   = 5839372                                {pd product} {ergonomic}
    uintx NonProfiledCodeHeapSize                  = 122909434                              {pd product} {ergonomic}
    uintx ProfiledCodeHeapSize                     = 122909434                              {pd product} {ergonomic}
    uintx ReservedCodeCacheSize                    = 251658240                              {pd product} {ergonomic}
     bool SegmentedCodeCache                       = true                                      {product} {ergonomic}
   size_t SoftMaxHeapSize                          = 4294967296                             {manageable} {ergonomic}
     bool UseCompressedClassPointers               = true                           {product lp64_product} {ergonomic}
     bool UseCompressedOops                        = true                           {product lp64_product} {ergonomic}
     bool UseG1GC                                  = true                                      {product} {ergonomic}
     bool UseLargePagesIndividualAllocation        = false                                  {pd product} {ergonomic}

Logging:
Log output configuration:
 #0: stdout all=warning uptime,level,tags
 #1: stderr all=off uptime,level,tags

Environment Variables:
JAVA_HOME=C:\Program Files\Java\jdk-17
PATH=C:\zynnative\DocApp-CLI\node_modules\.bin;C:\zynnative\DocApp-CLI\node_modules\.bin;C:\zynnative\node_modules\.bin;C:\node_modules\.bin;C:\Users\NAGARAJU\AppData\Roaming\npm\node_modules\npm\node_modules\@npmcli\run-script\lib\node-gyp-bin;C:\Program Files\Eclipse Adoptium\jdk-11.0.26.4-hotspot\bin;C:\Program Files\Eclipse Adoptium\jdk-17.0.14.7-hotspot\bin;C:\Program Files\Java\jdk-17\bin;C:\Program Files\nodejs;E:\Android\Sdk\platform-tools;E:\Android\Sdk\emulator;E:\Android\Sdk\cmdline-tools\latest\bin;E:\Android\Sdk\platform-tools;E:\Android\Sdk\emulator;E:\Android\Sdk\cmdline-tools\latest\bin;C:\Users\NAGARAJU\AppData\Local\Android\Sdk\platform-tools;C:\Users\NAGARAJU\AppData\Local\Android\Sdk\emulator;C:\Users\NAGARAJU\AppData\Local\Android\Sdk\cmdline-tools\latest\bin;C:\Users\NAGARAJU\AppData\Local\Android\Sdk\platform-tools;C:\Users\NAGARAJU\AppData\Local\Android\Sdk\platform-tools;C:\Users\NAGARAJU\AppData\Local\Android\Sdk\platform-tools;C:\Users\NAGARAJU\AppData\Local\Android\Sdk\emulator;C:\Users\NAGARAJU\AppData\Local\Android\Sdk\cmdline-tools\latest\bin;C:\Users\NAGARAJU\AppData\Local\Android\Sdk\platform-tools;C:\Users\NAGARAJU\AppData\Local\Android\Sdk\emulator;C:\Users\NAGARAJU\AppData\Local\Android\Sdk\cmdline-tools\latest\bin;C:\Users\NAGARAJU\AppData\Local\Android\Sdk\platform-tools;C:\Users\NAGARAJU\AppData\Local\Android\Sdk\emulator;C:\Users\NAGARAJU\AppData\Local\Android\Sdk\cmdline-tools\latest\bin;C:\Program Files\Eclipse Adoptium\jdk-11.0.26.4-hotspot\bin;C:\Program Files\Eclipse Adoptium\jdk-17.0.14.7-hotspot\bin;C:\Program Files\Java\jdk-17\bin;C:\Program Files\nodejs;E:\Android\Sdk\platform-tools;E:\Android\Sdk\emulator;E:\Android\Sdk\cmdline-tools\latest\bin;E:\Android\Sdk\platform-tools;E:\Android\Sdk\emulator;E:\Android\Sdk\cmdline-tools\latest\bin;C:\Users\NAGARAJU\AppData\Local\Android\Sdk\platform-tools;C:\Users\NAGARAJU\AppData\Local\Android\Sdk\emulator;C:\Users\NAGARAJU\AppData\Local\Android\Sdk\cmdline-tools\latest\bin;C:\Us
USERNAME=NAGARAJU
LANG=en_US.UTF-8
OS=Windows_NT
PROCESSOR_IDENTIFIER=AMD64 Family 23 Model 104 Stepping 1, AuthenticAMD



---------------  S Y S T E M  ---------------

OS:
 Windows 11 , 64 bit Build 22621 (10.0.22621.5415)
OS uptime: 0 days 5:22 hours

CPU: total 8 (initial active 8) (8 cores per cpu, 2 threads per core) family 23 model 104 stepping 1 microcode 0x0, cx8, cmov, fxsr, ht, mmx, 3dnowpref, sse, sse2, sse3, ssse3, sse4a, sse4.1, sse4.2, popcnt, lzcnt, tsc, tscinvbit, avx, avx2, aes, clmul, bmi1, bmi2, adx, sha, fma, vzeroupper, clflush, clflushopt

Memory: 4k page, system-wide physical 7502M (196M free)
TotalPageFile size 24408M (AvailPageFile size 14M)
current process WorkingSet (physical memory assigned to process): 843M, peak: 1083M
current process commit charge ("private bytes"): 2413M, peak: 2572M

vm_info: Java HotSpot(TM) 64-Bit Server VM (17.0.12+8-LTS-286) for windows-amd64 JRE (17.0.12+8-LTS-286), built on Jun  5 2024 06:46:59 by "mach5one" with MS VC++ 17.6 (VS2022)

END.
