#
# There is insufficient memory for the Java Runtime Environment to continue.
# Native memory allocation (malloc) failed to allocate 1054608 bytes. Error detail: Chunk::new
# Possible reasons:
#   The system is out of physical RAM or swap space
#   This process is running with CompressedOops enabled, and the Java Heap may be blocking the growth of the native heap
# Possible solutions:
#   Reduce memory load on the system
#   Increase physical memory or swap space
#   Check if swap backing store is full
#   Decrease Java heap size (-Xmx/-Xms)
#   Decrease number of Java threads
#   Decrease Java thread stack sizes (-Xss)
#   Set larger code cache with -XX:ReservedCodeCacheSize=
#   JVM is running with Zero Based Compressed Oops mode in which the Java heap is
#     placed in the first 32GB address space. The Java Heap base address is the
#     maximum limit for the native heap growth. Please use -XX:HeapBaseMinAddress
#     to set the Java Heap base and to place the Java Heap above 32GB virtual address.
# This output file may be truncated or incomplete.
#
#  Out of Memory Error (arena.cpp:168), pid=15288, tid=23304
#
# JRE version: OpenJDK Runtime Environment Temurin-21.0.11+10 (21.0.11+10) (build 21.0.11+10-LTS)
# Java VM: OpenJDK 64-Bit Server VM Temurin-21.0.11+10 (21.0.11+10-LTS, mixed mode, sharing, tiered, compressed oops, compressed class ptrs, g1 gc, windows-amd64)
# No core dump will be written. Minidumps are not enabled by default on client versions of Windows
#

---------------  S U M M A R Y ------------

Command Line: --add-opens=java.base/java.lang=ALL-UNNAMED --add-opens=java.base/java.lang.invoke=ALL-UNNAMED --add-opens=java.base/java.util=ALL-UNNAMED --add-opens=java.prefs/java.util.prefs=ALL-UNNAMED --add-exports=jdk.compiler/com.sun.tools.javac.api=ALL-UNNAMED --add-exports=jdk.compiler/com.sun.tools.javac.util=ALL-UNNAMED --add-opens=java.base/java.util=ALL-UNNAMED --add-opens=java.prefs/java.util.prefs=ALL-UNNAMED --add-opens=java.base/java.nio.charset=ALL-UNNAMED --add-opens=java.base/java.net=ALL-UNNAMED --add-opens=java.base/java.util.concurrent.atomic=ALL-UNNAMED --add-opens=java.xml/javax.xml.namespace=ALL-UNNAMED -Xmx4096m -Dfile.encoding=UTF-8 -Duser.country=IN -Duser.language=en -Duser.variant -javaagent:C:\Users\NAGARAJU\.gradle\wrapper\dists\gradle-8.14.1-bin\baw1sv0jfoi8rxs14qo3h49cs\gradle-8.14.1\lib\agents\gradle-instrumentation-agent-8.14.1.jar org.gradle.launcher.daemon.bootstrap.GradleDaemon 8.14.1

Host: AMD Ryzen 3 5300U with Radeon Graphics         , 8 cores, 7G,  Windows 11 , 64 bit Build 26100 (10.0.26100.8521)
Time: Fri Aug 14 16:46:59 2026 India Standard Time elapsed time: 46.548584 seconds (0d 0h 0m 46s)

---------------  T H R E A D  ---------------

Current thread (0x000001a7c0f8fff0):  JavaThread "C2 CompilerThread0" daemon [_thread_in_native, id=23304, stack(0x0000009bd4100000,0x0000009bd4200000) (1024K)]


Current CompileTask:
C2:46548 22255       4       org.gradle.internal.snapshot.MerkleDirectorySnapshotBuilder$Directory::fold (145 bytes)

Stack: [0x0000009bd4100000,0x0000009bd4200000]
Native frames: (J=compiled Java code, j=interpreted, Vv=VM code, C=native code)
V  [jvm.dll+0x6d7e19]
V  [jvm.dll+0x8b5096]
V  [jvm.dll+0x8b764e]
V  [jvm.dll+0x8b7d33]
V  [jvm.dll+0x284596]
V  [jvm.dll+0xc685d]
V  [jvm.dll+0xc6da1]
V  [jvm.dll+0x3bed6b]
V  [jvm.dll+0x38b2b2]
V  [jvm.dll+0x38a6fa]
V  [jvm.dll+0x24c700]
V  [jvm.dll+0x24bce0]
V  [jvm.dll+0x1cb4ae]
V  [jvm.dll+0x25baad]
V  [jvm.dll+0x25a03a]
V  [jvm.dll+0x3f868e]
V  [jvm.dll+0x85fb0d]
V  [jvm.dll+0x6d664d]
C  [ucrtbase.dll+0x2cd30]
C  [KERNEL32.DLL+0x2e957]
C  [ntdll.dll+0x87c1c]


---------------  P R O C E S S  ---------------

Threads class SMR info:
_java_thread_list=0x000001a8148a8bb0, length=152, elements={
0x000001a7a1af6e70, 0x000001a7c0f60f10, 0x000001a7c0f63980, 0x000001a7c0f68400,
0x000001a7c0f6c770, 0x000001a7c0f6ce00, 0x000001a7c0f6ba50, 0x000001a7c0f8fff0,
0x000001a7c0f90a90, 0x000001a7c0f6e1b0, 0x000001a7c0f6db20, 0x000001a7c0f6e840,
0x000001a7c0f6b3c0, 0x000001a7c0f6c0e0, 0x000001a807b0c880, 0x000001a807b0cf10,
0x000001a807b0bb60, 0x000001a807b0ae40, 0x000001a807b0d5a0, 0x000001a807b0a120,
0x000001a807b0a7b0, 0x000001a807b0dc30, 0x000001a807b0e2c0, 0x000001a807b0e950,
0x000001a807b110b0, 0x000001a807b11740, 0x000001a807b0efe0, 0x000001a807b0f670,
0x000001a807b10a20, 0x000001a807b0fd00, 0x000001a8096a06a0, 0x000001a80969f980,
0x000001a80969e5d0, 0x000001a80969ec60, 0x000001a8096a3490, 0x000001a8096a3b20,
0x000001a8096a41b0, 0x000001a8096a13c0, 0x000001a8096a0d30, 0x000001a8096a4840,
0x000001a8096a20e0, 0x000001a80ab5e4e0, 0x000001a80ab5b060, 0x000001a80ab5bd80,
0x000001a80ab5de50, 0x000001a80ab5eb70, 0x000001a80ab5b6f0, 0x000001a80ab5c410,
0x000001a80ab5d130, 0x000001a80ab5f200, 0x000001a80ab5f890, 0x000001a80ab5ff20,
0x000001a80ab5caa0, 0x000001a80ab60c40, 0x000001a80ab5d7c0, 0x000001a80ab612d0,
0x000001a80ab61960, 0x000001a80ab605b0, 0x000001a80ab61ff0, 0x000001a80ab62680,
0x000001a8072d8a20, 0x000001a8072d90b0, 0x000001a8072dc530, 0x000001a8081070a0,
0x000001a808106380, 0x000001a808106a10, 0x000001a808103c20, 0x000001a80810a520,
0x000001a808109170, 0x000001a80810abb0, 0x000001a808107730, 0x000001a80810b240,
0x000001a808109e90, 0x000001a808109800, 0x000001a808108450, 0x000001a808108ae0,
0x000001a80bd90ff0, 0x000001a80bd90960, 0x000001a80bd8fc40, 0x000001a80bd902d0,
0x000001a80bd92a30, 0x000001a80bd94470, 0x000001a80bd930c0, 0x000001a80bd93750,
0x000001a80bd93de0, 0x000001a80bd94b00, 0x000001a80bd91680, 0x000001a80bd91d10,
0x000001a80bd95190, 0x000001a80bd95820, 0x000001a80bd923a0, 0x000001a80bd96bd0,
0x000001a80bd97260, 0x000001a80bd95eb0, 0x000001a80bd96540, 0x000001a8072dcbc0,
0x000001a8072ddf70, 0x000001a8072dbea0, 0x000001a8072de600, 0x000001a8081042b0,
0x000001a808104fd0, 0x000001a808105cf0, 0x000001a808105660, 0x000001a80b71e460,
0x000001a80b71d740, 0x000001a80b71c390, 0x000001a80b71ddd0, 0x000001a80b71eaf0,
0x000001a80b71f180, 0x000001a80b71f810, 0x000001a80b71fea0, 0x000001a80b71ca20,
0x000001a80b720530, 0x000001a80b71d0b0, 0x000001a80b720bc0, 0x000001a80b721250,
0x000001a80b722c90, 0x000001a80b7218e0, 0x000001a80b721f70, 0x000001a80b722600,
0x000001a80b723320, 0x000001a80b7239b0, 0x000001a809389270, 0x000001a809389900,
0x000001a809388550, 0x000001a809388be0, 0x000001a809387830, 0x000001a809389f90,
0x000001a80938a620, 0x000001a809387ec0, 0x000001a8093871a0, 0x000001a80938cd80,
0x000001a80938daa0, 0x000001a80ad1c7c0, 0x000001a80ad1b410, 0x000001a80ad1ad80,
0x000001a80ad1db70, 0x000001a80ad1c130, 0x000001a80ad1ce50, 0x000001a80ad1baa0,
0x000001a80ad1e890, 0x000001a80938d410, 0x000001a80938b340, 0x000001a80938e7c0,
0x000001a80ac94df0, 0x000001a80ad25eb0, 0x000001a80ad26bd0, 0x000001a80ad26540,
0x000001a813d6ea20, 0x000001a813d74c90, 0x000001a813d773f0, 0x000001a80ac98470
}

Java Threads: ( => current thread )
  0x000001a7a1af6e70 JavaThread "main"                              [_thread_blocked, id=22156, stack(0x0000009bd3300000,0x0000009bd3400000) (1024K)]
  0x000001a7c0f60f10 JavaThread "Reference Handler"          daemon [_thread_blocked, id=26008, stack(0x0000009bd3b00000,0x0000009bd3c00000) (1024K)]
  0x000001a7c0f63980 JavaThread "Finalizer"                  daemon [_thread_blocked, id=25668, stack(0x0000009bd3c00000,0x0000009bd3d00000) (1024K)]
  0x000001a7c0f68400 JavaThread "Signal Dispatcher"          daemon [_thread_blocked, id=29252, stack(0x0000009bd3d00000,0x0000009bd3e00000) (1024K)]
  0x000001a7c0f6c770 JavaThread "Attach Listener"            daemon [_thread_blocked, id=19936, stack(0x0000009bd3e00000,0x0000009bd3f00000) (1024K)]
  0x000001a7c0f6ce00 JavaThread "Service Thread"             daemon [_thread_blocked, id=26896, stack(0x0000009bd3f00000,0x0000009bd4000000) (1024K)]
  0x000001a7c0f6ba50 JavaThread "Monitor Deflation Thread"   daemon [_thread_blocked, id=25108, stack(0x0000009bd4000000,0x0000009bd4100000) (1024K)]
=>0x000001a7c0f8fff0 JavaThread "C2 CompilerThread0"         daemon [_thread_in_native, id=23304, stack(0x0000009bd4100000,0x0000009bd4200000) (1024K)]
  0x000001a7c0f90a90 JavaThread "C1 CompilerThread0"         daemon [_thread_in_vm, id=15352, stack(0x0000009bd4200000,0x0000009bd4300000) (1024K)]
  0x000001a7c0f6e1b0 JavaThread "Common-Cleaner"             daemon [_thread_blocked, id=17876, stack(0x0000009bd4300000,0x0000009bd4400000) (1024K)]
  0x000001a7c0f6db20 JavaThread "Notification Thread"        daemon [_thread_blocked, id=16484, stack(0x0000009bd4400000,0x0000009bd4500000) (1024K)]
  0x000001a7c0f6e840 JavaThread "Daemon health stats"               [_thread_blocked, id=28676, stack(0x0000009bd4b00000,0x0000009bd4c00000) (1024K)]
  0x000001a7c0f6b3c0 JavaThread "Incoming local TCP Connector on port 61463"        [_thread_in_native, id=25264, stack(0x0000009bd4c00000,0x0000009bd4d00000) (1024K)]
  0x000001a7c0f6c0e0 JavaThread "Daemon periodic checks"            [_thread_blocked, id=26776, stack(0x0000009bd4d00000,0x0000009bd4e00000) (1024K)]
  0x000001a807b0c880 JavaThread "Daemon"                            [_thread_blocked, id=24136, stack(0x0000009bd5100000,0x0000009bd5200000) (1024K)]
  0x000001a807b0cf10 JavaThread "Handler for socket connection from /127.0.0.1:61463 to /127.0.0.1:61464"        [_thread_in_native, id=25428, stack(0x0000009bd5200000,0x0000009bd5300000) (1024K)]
  0x000001a807b0bb60 JavaThread "Cancel handler"                    [_thread_blocked, id=1176, stack(0x0000009bd5300000,0x0000009bd5400000) (1024K)]
  0x000001a807b0ae40 JavaThread "Daemon worker"                     [_thread_blocked, id=29164, stack(0x0000009bd5400000,0x0000009bd5500000) (1024K)]
  0x000001a807b0d5a0 JavaThread "Asynchronous log dispatcher for DefaultDaemonConnection: socket connection from /127.0.0.1:61463 to /127.0.0.1:61464"        [_thread_blocked, id=14896, stack(0x0000009bd5500000,0x0000009bd5600000) (1024K)]
  0x000001a807b0a120 JavaThread "Stdin handler"                     [_thread_blocked, id=10524, stack(0x0000009bd5600000,0x0000009bd5700000) (1024K)]
  0x000001a807b0a7b0 JavaThread "Daemon client event forwarder"        [_thread_blocked, id=9060, stack(0x0000009bd5700000,0x0000009bd5800000) (1024K)]
  0x000001a807b0dc30 JavaThread "Cache worker for journal cache (C:\Users\NAGARAJU\.gradle\caches\journal-1)"        [_thread_blocked, id=27160, stack(0x0000009bd5800000,0x0000009bd5900000) (1024K)]
  0x000001a807b0e2c0 JavaThread "File lock request listener"        [_thread_in_native, id=25860, stack(0x0000009bd5900000,0x0000009bd5a00000) (1024K)]
  0x000001a807b0e950 JavaThread "Cache worker for file hash cache (C:\Users\NAGARAJU\.gradle\caches\8.14.1\fileHashes)"        [_thread_blocked, id=24076, stack(0x0000009bd5a00000,0x0000009bd5b00000) (1024K)]
  0x000001a807b110b0 JavaThread "Cache worker for file hash cache (C:\zynnative\DocApp-CLI\android\.gradle\8.14.1\fileHashes)"        [_thread_blocked, id=27716, stack(0x0000009bd5c00000,0x0000009bd5d00000) (1024K)]
  0x000001a807b11740 JavaThread "Cache worker for Build Output Cleanup Cache (C:\zynnative\DocApp-CLI\android\.gradle\buildOutputCleanup)"        [_thread_blocked, id=27236, stack(0x0000009bd5d00000,0x0000009bd5e00000) (1024K)]
  0x000001a807b0efe0 JavaThread "File watcher server"        daemon [_thread_in_native, id=18284, stack(0x0000009bd5e00000,0x0000009bd5f00000) (1024K)]
  0x000001a807b0f670 JavaThread "File watcher consumer"      daemon [_thread_in_Java, id=4336, stack(0x0000009bd5f00000,0x0000009bd6000000) (1024K)]
  0x000001a807b10a20 JavaThread "jar transforms"                    [_thread_blocked, id=28740, stack(0x0000009bd6000000,0x0000009bd6100000) (1024K)]
  0x000001a807b0fd00 JavaThread "Cache worker for checksums cache (C:\zynnative\DocApp-CLI\android\.gradle\8.14.1\checksums)"        [_thread_blocked, id=25604, stack(0x0000009bd6100000,0x0000009bd6200000) (1024K)]
  0x000001a8096a06a0 JavaThread "Cache worker for file content cache (C:\Users\NAGARAJU\.gradle\caches\8.14.1\fileContent)"        [_thread_blocked, id=17656, stack(0x0000009bd6200000,0x0000009bd6300000) (1024K)]
  0x000001a80969f980 JavaThread "Cache worker for cache directory md-supplier (C:\Users\NAGARAJU\.gradle\caches\8.14.1\md-supplier)"        [_thread_blocked, id=20636, stack(0x0000009bd6300000,0x0000009bd6400000) (1024K)]
  0x000001a80969e5d0 JavaThread "Cache worker for cache directory md-rule (C:\Users\NAGARAJU\.gradle\caches\8.14.1\md-rule)"        [_thread_blocked, id=18020, stack(0x0000009bd6400000,0x0000009bd6500000) (1024K)]
  0x000001a80969ec60 JavaThread "Cache worker for Build Output Cleanup Cache (C:\zynnative\DocApp-CLI\node_modules\@react-native\gradle-plugin\.gradle\buildOutputCleanup)"        [_thread_blocked, id=18592, stack(0x0000009bd6500000,0x0000009bd6600000) (1024K)]
  0x000001a8096a3490 JavaThread "Unconstrained build operations"        [_thread_blocked, id=19612, stack(0x0000009bd6600000,0x0000009bd6700000) (1024K)]
  0x000001a8096a3b20 JavaThread "Unconstrained build operations Thread 2"        [_thread_blocked, id=23560, stack(0x0000009bd6700000,0x0000009bd6800000) (1024K)]
  0x000001a8096a41b0 JavaThread "Unconstrained build operations Thread 3"        [_thread_blocked, id=26396, stack(0x0000009bd6800000,0x0000009bd6900000) (1024K)]
  0x000001a8096a13c0 JavaThread "Unconstrained build operations Thread 4"        [_thread_blocked, id=17412, stack(0x0000009bd6900000,0x0000009bd6a00000) (1024K)]
  0x000001a8096a0d30 JavaThread "Unconstrained build operations Thread 5"        [_thread_blocked, id=24608, stack(0x0000009bd6a00000,0x0000009bd6b00000) (1024K)]
  0x000001a8096a4840 JavaThread "Unconstrained build operations Thread 6"        [_thread_blocked, id=10560, stack(0x0000009bd6b00000,0x0000009bd6c00000) (1024K)]
  0x000001a8096a20e0 JavaThread "Unconstrained build operations Thread 7"        [_thread_blocked, id=25728, stack(0x0000009bd6c00000,0x0000009bd6d00000) (1024K)]
  0x000001a80ab5e4e0 JavaThread "Unconstrained build operations Thread 8"        [_thread_blocked, id=25784, stack(0x0000009bd6d00000,0x0000009bd6e00000) (1024K)]
  0x000001a80ab5b060 JavaThread "Unconstrained build operations Thread 9"        [_thread_blocked, id=27640, stack(0x0000009bd6e00000,0x0000009bd6f00000) (1024K)]
  0x000001a80ab5bd80 JavaThread "Unconstrained build operations Thread 10"        [_thread_blocked, id=3820, stack(0x0000009bd6f00000,0x0000009bd7000000) (1024K)]
  0x000001a80ab5de50 JavaThread "Unconstrained build operations Thread 11"        [_thread_blocked, id=24352, stack(0x0000009bd7000000,0x0000009bd7100000) (1024K)]
  0x000001a80ab5eb70 JavaThread "Unconstrained build operations Thread 12"        [_thread_blocked, id=26348, stack(0x0000009bd7100000,0x0000009bd7200000) (1024K)]
  0x000001a80ab5b6f0 JavaThread "Unconstrained build operations Thread 13"        [_thread_blocked, id=6920, stack(0x0000009bd7200000,0x0000009bd7300000) (1024K)]
  0x000001a80ab5c410 JavaThread "Unconstrained build operations Thread 14"        [_thread_blocked, id=11852, stack(0x0000009bd7300000,0x0000009bd7400000) (1024K)]
  0x000001a80ab5d130 JavaThread "Unconstrained build operations Thread 15"        [_thread_blocked, id=24044, stack(0x0000009bd7400000,0x0000009bd7500000) (1024K)]
  0x000001a80ab5f200 JavaThread "Unconstrained build operations Thread 16"        [_thread_blocked, id=14844, stack(0x0000009bd7500000,0x0000009bd7600000) (1024K)]
  0x000001a80ab5f890 JavaThread "Unconstrained build operations Thread 17"        [_thread_blocked, id=15588, stack(0x0000009bd7600000,0x0000009bd7700000) (1024K)]
  0x000001a80ab5ff20 JavaThread "Unconstrained build operations Thread 18"        [_thread_blocked, id=2064, stack(0x0000009bd7700000,0x0000009bd7800000) (1024K)]
  0x000001a80ab5caa0 JavaThread "Unconstrained build operations Thread 19"        [_thread_blocked, id=16936, stack(0x0000009bd7800000,0x0000009bd7900000) (1024K)]
  0x000001a80ab60c40 JavaThread "Unconstrained build operations Thread 20"        [_thread_blocked, id=23248, stack(0x0000009bd7900000,0x0000009bd7a00000) (1024K)]
  0x000001a80ab5d7c0 JavaThread "Unconstrained build operations Thread 21"        [_thread_blocked, id=16888, stack(0x0000009bd7a00000,0x0000009bd7b00000) (1024K)]
  0x000001a80ab612d0 JavaThread "Unconstrained build operations Thread 22"        [_thread_blocked, id=26024, stack(0x0000009bd7b00000,0x0000009bd7c00000) (1024K)]
  0x000001a80ab61960 JavaThread "Unconstrained build operations Thread 23"        [_thread_blocked, id=19136, stack(0x0000009bd7c00000,0x0000009bd7d00000) (1024K)]
  0x000001a80ab605b0 JavaThread "Unconstrained build operations Thread 24"        [_thread_blocked, id=26064, stack(0x0000009bd7d00000,0x0000009bd7e00000) (1024K)]
  0x000001a80ab61ff0 JavaThread "Unconstrained build operations Thread 25"        [_thread_blocked, id=20876, stack(0x0000009bd7e00000,0x0000009bd7f00000) (1024K)]
  0x000001a80ab62680 JavaThread "Unconstrained build operations Thread 26"        [_thread_blocked, id=21260, stack(0x0000009bd7f00000,0x0000009bd8000000) (1024K)]
  0x000001a8072d8a20 JavaThread "Unconstrained build operations Thread 27"        [_thread_blocked, id=10204, stack(0x0000009bd8000000,0x0000009bd8100000) (1024K)]
  0x000001a8072d90b0 JavaThread "build event listener"              [_thread_blocked, id=18808, stack(0x0000009bd8100000,0x0000009bd8200000) (1024K)]
  0x000001a8072dc530 JavaThread "Memory manager"                    [_thread_blocked, id=27736, stack(0x0000009bd4500000,0x0000009bd4600000) (1024K)]
  0x000001a8081070a0 JavaThread "ForkJoinPool.commonPool-worker-1" daemon [_thread_blocked, id=13572, stack(0x0000009bd8200000,0x0000009bd8300000) (1024K)]
  0x000001a808106380 JavaThread "ForkJoinPool.commonPool-worker-2" daemon [_thread_blocked, id=184, stack(0x0000009bd8300000,0x0000009bd8400000) (1024K)]
  0x000001a808106a10 JavaThread "ForkJoinPool.commonPool-worker-3" daemon [_thread_blocked, id=22032, stack(0x0000009bd8400000,0x0000009bd8500000) (1024K)]
  0x000001a808103c20 JavaThread "ForkJoinPool.commonPool-worker-4" daemon [_thread_blocked, id=24604, stack(0x0000009bd8500000,0x0000009bd8600000) (1024K)]
  0x000001a80810a520 JavaThread "ForkJoinPool.commonPool-worker-5" daemon [_thread_blocked, id=29384, stack(0x0000009bd8600000,0x0000009bd8700000) (1024K)]
  0x000001a808109170 JavaThread "ForkJoinPool.commonPool-worker-6" daemon [_thread_blocked, id=14136, stack(0x0000009bd8700000,0x0000009bd8800000) (1024K)]
  0x000001a80810abb0 JavaThread "ForkJoinPool.commonPool-worker-7" daemon [_thread_blocked, id=6640, stack(0x0000009bd8800000,0x0000009bd8900000) (1024K)]
  0x000001a808107730 JavaThread "Exec process"               daemon [_thread_blocked, id=6544, stack(0x0000009bd8900000,0x0000009bd8a00000) (1024K)]
  0x000001a80810b240 JavaThread "Exec process Thread 2"      daemon [_thread_blocked, id=26428, stack(0x0000009bd8a00000,0x0000009bd8b00000) (1024K)]
  0x000001a808109e90 JavaThread "Exec process Thread 3"      daemon [_thread_blocked, id=22044, stack(0x0000009bd8b00000,0x0000009bd8c00000) (1024K)]
  0x000001a808109800 JavaThread "included builds"                   [_thread_in_native, id=15656, stack(0x0000009bd4800000,0x0000009bd4900000) (1024K)]
  0x000001a808108450 JavaThread "Execution worker"                  [_thread_blocked, id=22796, stack(0x0000009bd8c00000,0x0000009bd8d00000) (1024K)]
  0x000001a808108ae0 JavaThread "Execution worker Thread 2"         [_thread_blocked, id=20856, stack(0x0000009bd8d00000,0x0000009bd8e00000) (1024K)]
  0x000001a80bd90ff0 JavaThread "Execution worker Thread 3"         [_thread_blocked, id=24772, stack(0x0000009bd8e00000,0x0000009bd8f00000) (1024K)]
  0x000001a80bd90960 JavaThread "Execution worker Thread 4"         [_thread_blocked, id=28704, stack(0x0000009bd8f00000,0x0000009bd9000000) (1024K)]
  0x000001a80bd8fc40 JavaThread "Execution worker Thread 5"         [_thread_blocked, id=12552, stack(0x0000009bd9000000,0x0000009bd9100000) (1024K)]
  0x000001a80bd902d0 JavaThread "Execution worker Thread 6"         [_thread_blocked, id=23524, stack(0x0000009bd9100000,0x0000009bd9200000) (1024K)]
  0x000001a80bd92a30 JavaThread "Execution worker Thread 7"         [_thread_blocked, id=20484, stack(0x0000009bd9200000,0x0000009bd9300000) (1024K)]
  0x000001a80bd94470 JavaThread "Cache worker for execution history cache (C:\zynnative\DocApp-CLI\node_modules\@react-native\gradle-plugin\.gradle\8.14.1\executionHistory)"        [_thread_blocked, id=15104, stack(0x0000009bd9300000,0x0000009bd9400000) (1024K)]
  0x000001a80bd930c0 JavaThread "Unconstrained build operations Thread 28"        [_thread_blocked, id=19156, stack(0x0000009bd9400000,0x0000009bd9500000) (1024K)]
  0x000001a80bd93750 JavaThread "Unconstrained build operations Thread 29"        [_thread_blocked, id=27452, stack(0x0000009bd9500000,0x0000009bd9600000) (1024K)]
  0x000001a80bd93de0 JavaThread "Unconstrained build operations Thread 30"        [_thread_blocked, id=29016, stack(0x0000009bd9600000,0x0000009bd9700000) (1024K)]
  0x000001a80bd94b00 JavaThread "Unconstrained build operations Thread 31"        [_thread_blocked, id=14056, stack(0x0000009bd9700000,0x0000009bd9800000) (1024K)]
  0x000001a80bd91680 JavaThread "Unconstrained build operations Thread 32"        [_thread_blocked, id=3016, stack(0x0000009bd9800000,0x0000009bd9900000) (1024K)]
  0x000001a80bd91d10 JavaThread "Unconstrained build operations Thread 33"        [_thread_blocked, id=26840, stack(0x0000009bd9900000,0x0000009bd9a00000) (1024K)]
  0x000001a80bd95190 JavaThread "Unconstrained build operations Thread 34"        [_thread_blocked, id=3684, stack(0x0000009bd9a00000,0x0000009bd9b00000) (1024K)]
  0x000001a80bd95820 JavaThread "Unconstrained build operations Thread 35"        [_thread_blocked, id=21696, stack(0x0000009bd9b00000,0x0000009bd9c00000) (1024K)]
  0x000001a80bd923a0 JavaThread "Unconstrained build operations Thread 36"        [_thread_blocked, id=11632, stack(0x0000009bd9c00000,0x0000009bd9d00000) (1024K)]
  0x000001a80bd96bd0 JavaThread "Unconstrained build operations Thread 37"        [_thread_blocked, id=4300, stack(0x0000009bd9d00000,0x0000009bd9e00000) (1024K)]
  0x000001a80bd97260 JavaThread "Unconstrained build operations Thread 38"        [_thread_blocked, id=22416, stack(0x0000009bd9e00000,0x0000009bd9f00000) (1024K)]
  0x000001a80bd95eb0 JavaThread "Unconstrained build operations Thread 39"        [_thread_blocked, id=336, stack(0x0000009bd9f00000,0x0000009bda000000) (1024K)]
  0x000001a80bd96540 JavaThread "Unconstrained build operations Thread 40"        [_thread_blocked, id=23036, stack(0x0000009bda000000,0x0000009bda100000) (1024K)]
  0x000001a8072dcbc0 JavaThread "Unconstrained build operations Thread 41"        [_thread_blocked, id=1756, stack(0x0000009bda100000,0x0000009bda200000) (1024K)]
  0x000001a8072ddf70 JavaThread "Unconstrained build operations Thread 42"        [_thread_blocked, id=3256, stack(0x0000009bda200000,0x0000009bda300000) (1024K)]
  0x000001a8072dbea0 JavaThread "Unconstrained build operations Thread 43"        [_thread_blocked, id=9184, stack(0x0000009bda300000,0x0000009bda400000) (1024K)]
  0x000001a8072de600 JavaThread "Unconstrained build operations Thread 44"        [_thread_blocked, id=9364, stack(0x0000009bda400000,0x0000009bda500000) (1024K)]
  0x000001a8081042b0 JavaThread "Unconstrained build operations Thread 45"        [_thread_blocked, id=28220, stack(0x0000009bda600000,0x0000009bda700000) (1024K)]
  0x000001a808104fd0 JavaThread "Unconstrained build operations Thread 46"        [_thread_blocked, id=2936, stack(0x0000009bda700000,0x0000009bda800000) (1024K)]
  0x000001a808105cf0 JavaThread "Unconstrained build operations Thread 47"        [_thread_blocked, id=16020, stack(0x0000009bda800000,0x0000009bda900000) (1024K)]
  0x000001a808105660 JavaThread "Unconstrained build operations Thread 48"        [_thread_blocked, id=5536, stack(0x0000009bda900000,0x0000009bdaa00000) (1024K)]
  0x000001a80b71e460 JavaThread "Unconstrained build operations Thread 49"        [_thread_blocked, id=19460, stack(0x0000009bdaa00000,0x0000009bdab00000) (1024K)]
  0x000001a80b71d740 JavaThread "Unconstrained build operations Thread 50"        [_thread_blocked, id=8392, stack(0x0000009bdab00000,0x0000009bdac00000) (1024K)]
  0x000001a80b71c390 JavaThread "Unconstrained build operations Thread 51"        [_thread_blocked, id=20968, stack(0x0000009bdac00000,0x0000009bdad00000) (1024K)]
  0x000001a80b71ddd0 JavaThread "Unconstrained build operations Thread 52"        [_thread_blocked, id=28972, stack(0x0000009bdad00000,0x0000009bdae00000) (1024K)]
  0x000001a80b71eaf0 JavaThread "Unconstrained build operations Thread 53"        [_thread_blocked, id=13512, stack(0x0000009bdae00000,0x0000009bdaf00000) (1024K)]
  0x000001a80b71f180 JavaThread "Unconstrained build operations Thread 54"        [_thread_blocked, id=5688, stack(0x0000009bdaf00000,0x0000009bdb000000) (1024K)]
  0x000001a80b71f810 JavaThread "Unconstrained build operations Thread 55"        [_thread_blocked, id=11060, stack(0x0000009bdb000000,0x0000009bdb100000) (1024K)]
  0x000001a80b71fea0 JavaThread "Unconstrained build operations Thread 56"        [_thread_blocked, id=2624, stack(0x0000009bdb100000,0x0000009bdb200000) (1024K)]
  0x000001a80b71ca20 JavaThread "Unconstrained build operations Thread 57"        [_thread_blocked, id=13836, stack(0x0000009bdb200000,0x0000009bdb300000) (1024K)]
  0x000001a80b720530 JavaThread "Unconstrained build operations Thread 58"        [_thread_blocked, id=15124, stack(0x0000009bdb300000,0x0000009bdb400000) (1024K)]
  0x000001a80b71d0b0 JavaThread "Unconstrained build operations Thread 59"        [_thread_blocked, id=14368, stack(0x0000009bdb400000,0x0000009bdb500000) (1024K)]
  0x000001a80b720bc0 JavaThread "Unconstrained build operations Thread 60"        [_thread_blocked, id=22124, stack(0x0000009bdb500000,0x0000009bdb600000) (1024K)]
  0x000001a80b721250 JavaThread "Unconstrained build operations Thread 61"        [_thread_blocked, id=22952, stack(0x0000009bdb600000,0x0000009bdb700000) (1024K)]
  0x000001a80b722c90 JavaThread "Unconstrained build operations Thread 62"        [_thread_blocked, id=24976, stack(0x0000009bdb700000,0x0000009bdb800000) (1024K)]
  0x000001a80b7218e0 JavaThread "Unconstrained build operations Thread 63"        [_thread_blocked, id=5012, stack(0x0000009bdb800000,0x0000009bdb900000) (1024K)]
  0x000001a80b721f70 JavaThread "Unconstrained build operations Thread 64"        [_thread_blocked, id=23368, stack(0x0000009bdb900000,0x0000009bdba00000) (1024K)]
  0x000001a80b722600 JavaThread "Unconstrained build operations Thread 65"        [_thread_blocked, id=21276, stack(0x0000009bdba00000,0x0000009bdbb00000) (1024K)]
  0x000001a80b723320 JavaThread "Unconstrained build operations Thread 66"        [_thread_blocked, id=19700, stack(0x0000009bdbb00000,0x0000009bdbc00000) (1024K)]
  0x000001a80b7239b0 JavaThread "Unconstrained build operations Thread 67"        [_thread_blocked, id=21056, stack(0x0000009bdbc00000,0x0000009bdbd00000) (1024K)]
  0x000001a809389270 JavaThread "Unconstrained build operations Thread 68"        [_thread_blocked, id=12604, stack(0x0000009bdbd00000,0x0000009bdbe00000) (1024K)]
  0x000001a809389900 JavaThread "Unconstrained build operations Thread 69"        [_thread_blocked, id=27304, stack(0x0000009bdbe00000,0x0000009bdbf00000) (1024K)]
  0x000001a809388550 JavaThread "Unconstrained build operations Thread 70"        [_thread_blocked, id=8416, stack(0x0000009bdbf00000,0x0000009bdc000000) (1024K)]
  0x000001a809388be0 JavaThread "Unconstrained build operations Thread 71"        [_thread_blocked, id=25460, stack(0x0000009bdc000000,0x0000009bdc100000) (1024K)]
  0x000001a809387830 JavaThread "Unconstrained build operations Thread 72"        [_thread_blocked, id=15076, stack(0x0000009bdc100000,0x0000009bdc200000) (1024K)]
  0x000001a809389f90 JavaThread "Unconstrained build operations Thread 73"        [_thread_blocked, id=22116, stack(0x0000009bdc200000,0x0000009bdc300000) (1024K)]
  0x000001a80938a620 JavaThread "Unconstrained build operations Thread 74"        [_thread_blocked, id=14188, stack(0x0000009bdc300000,0x0000009bdc400000) (1024K)]
  0x000001a809387ec0 JavaThread "Unconstrained build operations Thread 75"        [_thread_blocked, id=9544, stack(0x0000009bdc400000,0x0000009bdc500000) (1024K)]
  0x000001a8093871a0 JavaThread "Unconstrained build operations Thread 76"        [_thread_blocked, id=26096, stack(0x0000009bdc500000,0x0000009bdc600000) (1024K)]
  0x000001a80938cd80 JavaThread "Unconstrained build operations Thread 77"        [_thread_blocked, id=4076, stack(0x0000009bdc600000,0x0000009bdc700000) (1024K)]
  0x000001a80938daa0 JavaThread "jar transforms Thread 2"           [_thread_blocked, id=16824, stack(0x0000009bdc700000,0x0000009bdc800000) (1024K)]
  0x000001a80ad1c7c0 JavaThread "jar transforms Thread 3"           [_thread_blocked, id=25760, stack(0x0000009bdc800000,0x0000009bdc900000) (1024K)]
  0x000001a80ad1b410 JavaThread "Unconstrained build operations Thread 78"        [_thread_blocked, id=3244, stack(0x0000009bdc900000,0x0000009bdca00000) (1024K)]
  0x000001a80ad1ad80 JavaThread "Unconstrained build operations Thread 79"        [_thread_blocked, id=5956, stack(0x0000009bdca00000,0x0000009bdcb00000) (1024K)]
  0x000001a80ad1db70 JavaThread "Unconstrained build operations Thread 80"        [_thread_blocked, id=24104, stack(0x0000009bdcb00000,0x0000009bdcc00000) (1024K)]
  0x000001a80ad1c130 JavaThread "jar transforms Thread 4"           [_thread_blocked, id=8292, stack(0x0000009bdcd00000,0x0000009bdce00000) (1024K)]
  0x000001a80ad1ce50 JavaThread "jar transforms Thread 5"           [_thread_blocked, id=17616, stack(0x0000009bdce00000,0x0000009bdcf00000) (1024K)]
  0x000001a80ad1baa0 JavaThread "jar transforms Thread 6"           [_thread_blocked, id=16512, stack(0x0000009bdcf00000,0x0000009bdd000000) (1024K)]
  0x000001a80ad1e890 JavaThread "Problems report writer"            [_thread_blocked, id=16348, stack(0x0000009bdd000000,0x0000009bdd100000) (1024K)]
  0x000001a80938d410 JavaThread "build event listener"              [_thread_blocked, id=17384, stack(0x0000009bdd100000,0x0000009bdd200000) (1024K)]
  0x000001a80938b340 JavaThread "jar transforms Thread 7"           [_thread_blocked, id=20268, stack(0x0000009bdd200000,0x0000009bdd300000) (1024K)]
  0x000001a80938e7c0 JavaThread "jar transforms Thread 8"           [_thread_blocked, id=6380, stack(0x0000009bdd300000,0x0000009bdd400000) (1024K)]
  0x000001a80ac94df0 JavaThread "C2 CompilerThread1"         daemon [_thread_in_native, id=24708, stack(0x0000009bda500000,0x0000009bda600000) (1024K)]
  0x000001a80ad25eb0 JavaThread "Exec process"                      [_thread_blocked, id=18896, stack(0x0000009bdcc00000,0x0000009bdcd00000) (1024K)]
  0x000001a80ad26bd0 JavaThread "Exec process Thread 2"             [_thread_blocked, id=19732, stack(0x0000009bdd400000,0x0000009bdd500000) (1024K)]
  0x000001a80ad26540 JavaThread "Exec process Thread 3"             [_thread_blocked, id=21188, stack(0x0000009bdd500000,0x0000009bdd600000) (1024K)]
  0x000001a813d6ea20 JavaThread "pool-3-thread-1"                   [_thread_blocked, id=18288, stack(0x0000009bdd700000,0x0000009bdd800000) (1024K)]
  0x000001a813d74c90 JavaThread "build event listener"              [_thread_blocked, id=9240, stack(0x0000009bdd800000,0x0000009bdd900000) (1024K)]
  0x000001a813d773f0 JavaThread "Cache worker for execution history cache (C:\zynnative\DocApp-CLI\android\.gradle\8.14.1\executionHistory)"        [_thread_blocked, id=12644, stack(0x0000009bdd900000,0x0000009bdda00000) (1024K)]
  0x000001a80ac98470 JavaThread "C2 CompilerThread2"         daemon [_thread_in_native, id=26968, stack(0x0000009bdd600000,0x0000009bdd700000) (1024K)]
Total: 152

Other Threads:
  0x000001a7c0f45bd0 VMThread "VM Thread"                           [id=29056, stack(0x0000009bd3a00000,0x0000009bd3b00000) (1024K)]
  0x000001a7a1aed0a0 WatcherThread "VM Periodic Task Thread"        [id=7048, stack(0x0000009bd3900000,0x0000009bd3a00000) (1024K)]
  0x000001a7a1b5fae0 WorkerThread "GC Thread#0"                     [id=10804, stack(0x0000009bd3400000,0x0000009bd3500000) (1024K)]
  0x000001a80630a0b0 WorkerThread "GC Thread#1"                     [id=7640, stack(0x0000009bd4600000,0x0000009bd4700000) (1024K)]
  0x000001a8062e2e20 WorkerThread "GC Thread#2"                     [id=29300, stack(0x0000009bd4700000,0x0000009bd4800000) (1024K)]
  0x000001a806c59ca0 WorkerThread "GC Thread#3"                     [id=19076, stack(0x0000009bd4900000,0x0000009bd4a00000) (1024K)]
  0x000001a806e8b500 WorkerThread "GC Thread#4"                     [id=17544, stack(0x0000009bd4a00000,0x0000009bd4b00000) (1024K)]
  0x000001a807e5f750 WorkerThread "GC Thread#5"                     [id=25516, stack(0x0000009bd4e00000,0x0000009bd4f00000) (1024K)]
  0x000001a807e5fb00 WorkerThread "GC Thread#6"                     [id=27712, stack(0x0000009bd4f00000,0x0000009bd5000000) (1024K)]
  0x000001a807b25ee0 WorkerThread "GC Thread#7"                     [id=10664, stack(0x0000009bd5000000,0x0000009bd5100000) (1024K)]
  0x000001a7a1b709e0 ConcurrentGCThread "G1 Main Marker"            [id=16480, stack(0x0000009bd3500000,0x0000009bd3600000) (1024K)]
  0x000001a7a1b73940 WorkerThread "G1 Conc#0"                       [id=5932, stack(0x0000009bd3600000,0x0000009bd3700000) (1024K)]
  0x000001a80c467ff0 WorkerThread "G1 Conc#1"                       [id=17024, stack(0x0000009bd5b00000,0x0000009bd5c00000) (1024K)]
  0x000001a7c0e0a7b0 ConcurrentGCThread "G1 Refine#0"               [id=23616, stack(0x0000009bd3700000,0x0000009bd3800000) (1024K)]
  0x000001a7c0e0b0e0 ConcurrentGCThread "G1 Service"                [id=24400, stack(0x0000009bd3800000,0x0000009bd3900000) (1024K)]
Total: 15

Threads with active compile tasks:
C2 CompilerThread0  46614 22255       4       org.gradle.internal.snapshot.MerkleDirectorySnapshotBuilder$Directory::fold (145 bytes)
C2 CompilerThread1  46614 22256       4       org.gradle.internal.snapshot.MerkleDirectorySnapshotBuilder::leaveDirectory (27 bytes)
C2 CompilerThread2  46614 22200       4       org.gradle.api.internal.artifacts.ivyservice.resolveengine.result.ThisBuildTreeOnlyComponentResultSerializer::writeComponentResult (123 bytes)
Total: 3

VM state: not at safepoint (normal execution)

VM Mutex/Monitor currently owned by a thread: None

Heap address: 0x0000000700000000, size: 4096 MB, Compressed Oops mode: Zero based, Oop shift amount: 3

CDS archive(s) mapped at: [0x000001a7c1000000-0x000001a7c1c80000-0x000001a7c1c80000), size 13107200, SharedBaseAddress: 0x000001a7c1000000, ArchiveRelocationMode: 1.
Compressed class space mapped at: 0x000001a7c2000000-0x000001a802000000, reserved size: 1073741824
Narrow klass base: 0x000001a7c1000000, Narrow klass shift: 0, Narrow klass range: 0x100000000

GC Precious Log:
 CardTable entry size: 512
 Card Set container configuration: InlinePtr #cards 4 size 8 Array Of Cards #cards 16 size 48 Howl #buckets 8 coarsen threshold 3686 Howl Bitmap #cards 512 size 80 coarsen threshold 460 Card regions per heap region 1 cards per card region 4096
 CPUs: 8 total, 8 available
 Memory: 7502M
 Large Page Support: Disabled
 NUMA Support: Disabled
 Compressed Oops: Enabled (Zero based)
 Heap Region Size: 2M
 Heap Min Capacity: 8M
 Heap Initial Capacity: 118M
 Heap Max Capacity: 4G
 Pre-touch: Disabled
 Parallel Workers: 8
 Concurrent Workers: 2
 Concurrent Refinement Workers: 8
 Periodic GC: Disabled

Heap:
 garbage-first heap   total 557056K, used 390415K [0x0000000700000000, 0x0000000800000000)
  region size 2048K, 39 young (79872K), 8 survivors (16384K)
 Metaspace       used 129548K, committed 132672K, reserved 1179648K
  class space    used 17784K, committed 19264K, reserved 1048576K

Heap Regions: E=young(eden), S=young(survivor), O=old, HS=humongous(starts), HC=humongous(continues), CS=collection set, F=free, TAMS=top-at-mark-start, PB=parsable bottom
|   0|0x0000000700000000, 0x0000000700200000, 0x0000000700200000|100%|HS|  |TAMS 0x0000000700000000| PB 0x0000000700000000| Complete 
|   1|0x0000000700200000, 0x0000000700400000, 0x0000000700400000|100%|HC|  |TAMS 0x0000000700200000| PB 0x0000000700200000| Complete 
|   2|0x0000000700400000, 0x0000000700600000, 0x0000000700600000|100%| O|  |TAMS 0x0000000700400000| PB 0x0000000700400000| Untracked 
|   3|0x0000000700600000, 0x0000000700800000, 0x0000000700800000|100%| O|  |TAMS 0x0000000700600000| PB 0x0000000700600000| Untracked 
|   4|0x0000000700800000, 0x0000000700a00000, 0x0000000700a00000|100%| O|  |TAMS 0x0000000700800000| PB 0x0000000700800000| Untracked 
|   5|0x0000000700a00000, 0x0000000700c00000, 0x0000000700c00000|100%| O|  |TAMS 0x0000000700a00000| PB 0x0000000700a00000| Untracked 
|   6|0x0000000700c00000, 0x0000000700e00000, 0x0000000700e00000|100%| O|  |TAMS 0x0000000700c00000| PB 0x0000000700c00000| Untracked 
|   7|0x0000000700e00000, 0x0000000701000000, 0x0000000701000000|100%| O|  |TAMS 0x0000000700e00000| PB 0x0000000700e00000| Untracked 
|   8|0x0000000701000000, 0x0000000701200000, 0x0000000701200000|100%| O|  |TAMS 0x0000000701000000| PB 0x0000000701000000| Untracked 
|   9|0x0000000701200000, 0x0000000701400000, 0x0000000701400000|100%| O|  |TAMS 0x0000000701200000| PB 0x0000000701200000| Untracked 
|  10|0x0000000701400000, 0x0000000701600000, 0x0000000701600000|100%| O|  |TAMS 0x0000000701400000| PB 0x0000000701400000| Untracked 
|  11|0x0000000701600000, 0x0000000701800000, 0x0000000701800000|100%| O|  |TAMS 0x0000000701600000| PB 0x0000000701600000| Untracked 
|  12|0x0000000701800000, 0x0000000701a00000, 0x0000000701a00000|100%| O|  |TAMS 0x0000000701800000| PB 0x0000000701800000| Untracked 
|  13|0x0000000701a00000, 0x0000000701c00000, 0x0000000701c00000|100%| O|  |TAMS 0x0000000701a00000| PB 0x0000000701a00000| Untracked 
|  14|0x0000000701c00000, 0x0000000701e00000, 0x0000000701e00000|100%| O|  |TAMS 0x0000000701c00000| PB 0x0000000701c00000| Untracked 
|  15|0x0000000701e00000, 0x0000000702000000, 0x0000000702000000|100%| O|  |TAMS 0x0000000701e00000| PB 0x0000000701e00000| Untracked 
|  16|0x0000000702000000, 0x0000000702200000, 0x0000000702200000|100%| O|  |TAMS 0x0000000702000000| PB 0x0000000702000000| Untracked 
|  17|0x0000000702200000, 0x0000000702400000, 0x0000000702400000|100%| O|  |TAMS 0x0000000702200000| PB 0x0000000702200000| Untracked 
|  18|0x0000000702400000, 0x0000000702600000, 0x0000000702600000|100%| O|  |TAMS 0x0000000702400000| PB 0x0000000702400000| Untracked 
|  19|0x0000000702600000, 0x0000000702800000, 0x0000000702800000|100%| O|  |TAMS 0x0000000702600000| PB 0x0000000702600000| Untracked 
|  20|0x0000000702800000, 0x0000000702a00000, 0x0000000702a00000|100%| O|  |TAMS 0x0000000702800000| PB 0x0000000702800000| Untracked 
|  21|0x0000000702a00000, 0x0000000702c00000, 0x0000000702c00000|100%| O|  |TAMS 0x0000000702a00000| PB 0x0000000702a00000| Untracked 
|  22|0x0000000702c00000, 0x0000000702e00000, 0x0000000702e00000|100%| O|  |TAMS 0x0000000702c00000| PB 0x0000000702c00000| Untracked 
|  23|0x0000000702e00000, 0x0000000703000000, 0x0000000703000000|100%|HS|  |TAMS 0x0000000702e00000| PB 0x0000000702e00000| Complete 
|  24|0x0000000703000000, 0x0000000703200000, 0x0000000703200000|100%|HC|  |TAMS 0x0000000703000000| PB 0x0000000703000000| Complete 
|  25|0x0000000703200000, 0x0000000703400000, 0x0000000703400000|100%|HS|  |TAMS 0x0000000703200000| PB 0x0000000703200000| Complete 
|  26|0x0000000703400000, 0x0000000703600000, 0x0000000703600000|100%|HC|  |TAMS 0x0000000703400000| PB 0x0000000703400000| Complete 
|  27|0x0000000703600000, 0x0000000703800000, 0x0000000703800000|100%| O|  |TAMS 0x0000000703600000| PB 0x0000000703600000| Untracked 
|  28|0x0000000703800000, 0x0000000703a00000, 0x0000000703a00000|100%| O|  |TAMS 0x0000000703800000| PB 0x0000000703800000| Untracked 
|  29|0x0000000703a00000, 0x0000000703c00000, 0x0000000703c00000|100%| O|  |TAMS 0x0000000703a00000| PB 0x0000000703a00000| Untracked 
|  30|0x0000000703c00000, 0x0000000703e00000, 0x0000000703e00000|100%|HS|  |TAMS 0x0000000703c00000| PB 0x0000000703c00000| Complete 
|  31|0x0000000703e00000, 0x0000000704000000, 0x0000000704000000|100%| O|  |TAMS 0x0000000703e00000| PB 0x0000000703e00000| Untracked 
|  32|0x0000000704000000, 0x0000000704200000, 0x0000000704200000|100%| O|  |TAMS 0x0000000704000000| PB 0x0000000704000000| Untracked 
|  33|0x0000000704200000, 0x0000000704400000, 0x0000000704400000|100%| O|  |TAMS 0x0000000704200000| PB 0x0000000704200000| Untracked 
|  34|0x0000000704400000, 0x0000000704600000, 0x0000000704600000|100%| O|Cm|TAMS 0x0000000704400000| PB 0x0000000704400000| Complete 
|  35|0x0000000704600000, 0x0000000704800000, 0x0000000704800000|100%| O|  |TAMS 0x0000000704600000| PB 0x0000000704600000| Untracked 
|  36|0x0000000704800000, 0x0000000704a00000, 0x0000000704a00000|100%| O|  |TAMS 0x0000000704800000| PB 0x0000000704800000| Untracked 
|  37|0x0000000704a00000, 0x0000000704c00000, 0x0000000704c00000|100%| O|  |TAMS 0x0000000704a00000| PB 0x0000000704a00000| Untracked 
|  38|0x0000000704c00000, 0x0000000704e00000, 0x0000000704e00000|100%| O|  |TAMS 0x0000000704c00000| PB 0x0000000704c00000| Untracked 
|  39|0x0000000704e00000, 0x0000000705000000, 0x0000000705000000|100%| O|  |TAMS 0x0000000704e00000| PB 0x0000000704e00000| Untracked 
|  40|0x0000000705000000, 0x0000000705200000, 0x0000000705200000|100%| O|  |TAMS 0x0000000705000000| PB 0x0000000705000000| Untracked 
|  41|0x0000000705200000, 0x0000000705400000, 0x0000000705400000|100%| O|  |TAMS 0x0000000705200000| PB 0x0000000705200000| Untracked 
|  42|0x0000000705400000, 0x0000000705600000, 0x0000000705600000|100%| O|  |TAMS 0x0000000705400000| PB 0x0000000705400000| Untracked 
|  43|0x0000000705600000, 0x0000000705800000, 0x0000000705800000|100%| O|  |TAMS 0x0000000705600000| PB 0x0000000705600000| Untracked 
|  44|0x0000000705800000, 0x0000000705a00000, 0x0000000705a00000|100%| O|  |TAMS 0x0000000705800000| PB 0x0000000705800000| Untracked 
|  45|0x0000000705a00000, 0x0000000705c00000, 0x0000000705c00000|100%| O|  |TAMS 0x0000000705a00000| PB 0x0000000705a00000| Untracked 
|  46|0x0000000705c00000, 0x0000000705e00000, 0x0000000705e00000|100%| O|  |TAMS 0x0000000705c00000| PB 0x0000000705c00000| Untracked 
|  47|0x0000000705e00000, 0x0000000706000000, 0x0000000706000000|100%| O|  |TAMS 0x0000000705e00000| PB 0x0000000705e00000| Untracked 
|  48|0x0000000706000000, 0x0000000706200000, 0x0000000706200000|100%| O|  |TAMS 0x0000000706000000| PB 0x0000000706000000| Untracked 
|  49|0x0000000706200000, 0x0000000706400000, 0x0000000706400000|100%| O|  |TAMS 0x0000000706200000| PB 0x0000000706200000| Untracked 
|  50|0x0000000706400000, 0x0000000706600000, 0x0000000706600000|100%| O|  |TAMS 0x0000000706400000| PB 0x0000000706400000| Untracked 
|  51|0x0000000706600000, 0x0000000706800000, 0x0000000706800000|100%| O|  |TAMS 0x0000000706600000| PB 0x0000000706600000| Untracked 
|  52|0x0000000706800000, 0x0000000706a00000, 0x0000000706a00000|100%|HS|  |TAMS 0x0000000706800000| PB 0x0000000706800000| Complete 
|  53|0x0000000706a00000, 0x0000000706c00000, 0x0000000706c00000|100%|HC|  |TAMS 0x0000000706a00000| PB 0x0000000706a00000| Complete 
|  54|0x0000000706c00000, 0x0000000706e00000, 0x0000000706e00000|100%| O|  |TAMS 0x0000000706c00000| PB 0x0000000706c00000| Untracked 
|  55|0x0000000706e00000, 0x0000000707000000, 0x0000000707000000|100%| O|  |TAMS 0x0000000706e00000| PB 0x0000000706e00000| Untracked 
|  56|0x0000000707000000, 0x0000000707200000, 0x0000000707200000|100%| O|  |TAMS 0x0000000707000000| PB 0x0000000707000000| Untracked 
|  57|0x0000000707200000, 0x0000000707400000, 0x0000000707400000|100%| O|  |TAMS 0x0000000707200000| PB 0x0000000707200000| Untracked 
|  58|0x0000000707400000, 0x0000000707600000, 0x0000000707600000|100%| O|  |TAMS 0x0000000707400000| PB 0x0000000707400000| Untracked 
|  59|0x0000000707600000, 0x0000000707800000, 0x0000000707800000|100%| O|  |TAMS 0x0000000707600000| PB 0x0000000707600000| Untracked 
|  60|0x0000000707800000, 0x0000000707a00000, 0x0000000707a00000|100%| O|  |TAMS 0x0000000707800000| PB 0x0000000707800000| Untracked 
|  61|0x0000000707a00000, 0x0000000707c00000, 0x0000000707c00000|100%| O|  |TAMS 0x0000000707a00000| PB 0x0000000707a00000| Untracked 
|  62|0x0000000707c00000, 0x0000000707e00000, 0x0000000707e00000|100%| O|  |TAMS 0x0000000707c00000| PB 0x0000000707c00000| Untracked 
|  63|0x0000000707e00000, 0x0000000708000000, 0x0000000708000000|100%| O|  |TAMS 0x0000000707e00000| PB 0x0000000707e00000| Untracked 
|  64|0x0000000708000000, 0x0000000708200000, 0x0000000708200000|100%| O|  |TAMS 0x0000000708000000| PB 0x0000000708000000| Untracked 
|  65|0x0000000708200000, 0x0000000708400000, 0x0000000708400000|100%| O|  |TAMS 0x0000000708200000| PB 0x0000000708200000| Untracked 
|  66|0x0000000708400000, 0x0000000708600000, 0x0000000708600000|100%| O|  |TAMS 0x0000000708400000| PB 0x0000000708400000| Untracked 
|  67|0x0000000708600000, 0x0000000708800000, 0x0000000708800000|100%| O|  |TAMS 0x0000000708600000| PB 0x0000000708600000| Untracked 
|  68|0x0000000708800000, 0x0000000708a00000, 0x0000000708a00000|100%|HS|  |TAMS 0x0000000708800000| PB 0x0000000708800000| Complete 
|  69|0x0000000708a00000, 0x0000000708c00000, 0x0000000708c00000|100%|HC|  |TAMS 0x0000000708a00000| PB 0x0000000708a00000| Complete 
|  70|0x0000000708c00000, 0x0000000708e00000, 0x0000000708e00000|100%| O|  |TAMS 0x0000000708c00000| PB 0x0000000708c00000| Untracked 
|  71|0x0000000708e00000, 0x0000000709000000, 0x0000000709000000|100%| O|  |TAMS 0x0000000708e00000| PB 0x0000000708e00000| Untracked 
|  72|0x0000000709000000, 0x0000000709200000, 0x0000000709200000|100%| O|  |TAMS 0x0000000709000000| PB 0x0000000709000000| Untracked 
|  73|0x0000000709200000, 0x0000000709400000, 0x0000000709400000|100%| O|  |TAMS 0x0000000709200000| PB 0x0000000709200000| Untracked 
|  74|0x0000000709400000, 0x0000000709600000, 0x0000000709600000|100%| O|  |TAMS 0x0000000709400000| PB 0x0000000709400000| Untracked 
|  75|0x0000000709600000, 0x0000000709800000, 0x0000000709800000|100%| O|  |TAMS 0x0000000709600000| PB 0x0000000709600000| Untracked 
|  76|0x0000000709800000, 0x0000000709a00000, 0x0000000709a00000|100%|HS|  |TAMS 0x0000000709800000| PB 0x0000000709800000| Complete 
|  77|0x0000000709a00000, 0x0000000709c00000, 0x0000000709c00000|100%| O|  |TAMS 0x0000000709a00000| PB 0x0000000709a00000| Untracked 
|  78|0x0000000709c00000, 0x0000000709e00000, 0x0000000709e00000|100%| O|  |TAMS 0x0000000709c00000| PB 0x0000000709c00000| Untracked 
|  79|0x0000000709e00000, 0x000000070a000000, 0x000000070a000000|100%| O|  |TAMS 0x0000000709e00000| PB 0x0000000709e00000| Untracked 
|  80|0x000000070a000000, 0x000000070a200000, 0x000000070a200000|100%| O|  |TAMS 0x000000070a000000| PB 0x000000070a000000| Untracked 
|  81|0x000000070a200000, 0x000000070a400000, 0x000000070a400000|100%| O|  |TAMS 0x000000070a200000| PB 0x000000070a200000| Untracked 
|  82|0x000000070a400000, 0x000000070a600000, 0x000000070a600000|100%| O|  |TAMS 0x000000070a400000| PB 0x000000070a400000| Untracked 
|  83|0x000000070a600000, 0x000000070a800000, 0x000000070a800000|100%| O|  |TAMS 0x000000070a600000| PB 0x000000070a600000| Untracked 
|  84|0x000000070a800000, 0x000000070aa00000, 0x000000070aa00000|100%| O|  |TAMS 0x000000070a800000| PB 0x000000070a800000| Untracked 
|  85|0x000000070aa00000, 0x000000070ac00000, 0x000000070ac00000|100%| O|  |TAMS 0x000000070aa00000| PB 0x000000070aa00000| Untracked 
|  86|0x000000070ac00000, 0x000000070ae00000, 0x000000070ae00000|100%| O|  |TAMS 0x000000070ac00000| PB 0x000000070ac00000| Untracked 
|  87|0x000000070ae00000, 0x000000070b000000, 0x000000070b000000|100%| O|  |TAMS 0x000000070ae00000| PB 0x000000070ae00000| Untracked 
|  88|0x000000070b000000, 0x000000070b200000, 0x000000070b200000|100%| O|  |TAMS 0x000000070b000000| PB 0x000000070b000000| Untracked 
|  89|0x000000070b200000, 0x000000070b400000, 0x000000070b400000|100%| O|  |TAMS 0x000000070b200000| PB 0x000000070b200000| Untracked 
|  90|0x000000070b400000, 0x000000070b600000, 0x000000070b600000|100%| O|  |TAMS 0x000000070b400000| PB 0x000000070b400000| Untracked 
|  91|0x000000070b600000, 0x000000070b800000, 0x000000070b800000|100%| O|  |TAMS 0x000000070b600000| PB 0x000000070b600000| Untracked 
|  92|0x000000070b800000, 0x000000070ba00000, 0x000000070ba00000|100%| O|  |TAMS 0x000000070b800000| PB 0x000000070b800000| Untracked 
|  93|0x000000070ba00000, 0x000000070bc00000, 0x000000070bc00000|100%| O|  |TAMS 0x000000070ba00000| PB 0x000000070ba00000| Untracked 
|  94|0x000000070bc00000, 0x000000070be00000, 0x000000070be00000|100%| O|  |TAMS 0x000000070bc00000| PB 0x000000070bc00000| Untracked 
|  95|0x000000070be00000, 0x000000070c000000, 0x000000070c000000|100%| O|  |TAMS 0x000000070be00000| PB 0x000000070be00000| Untracked 
|  96|0x000000070c000000, 0x000000070c200000, 0x000000070c200000|100%| O|  |TAMS 0x000000070c000000| PB 0x000000070c000000| Untracked 
|  97|0x000000070c200000, 0x000000070c400000, 0x000000070c400000|100%| O|  |TAMS 0x000000070c200000| PB 0x000000070c200000| Untracked 
|  98|0x000000070c400000, 0x000000070c600000, 0x000000070c600000|100%| O|  |TAMS 0x000000070c400000| PB 0x000000070c400000| Untracked 
|  99|0x000000070c600000, 0x000000070c800000, 0x000000070c800000|100%| O|  |TAMS 0x000000070c600000| PB 0x000000070c600000| Untracked 
| 100|0x000000070c800000, 0x000000070ca00000, 0x000000070ca00000|100%| O|  |TAMS 0x000000070c800000| PB 0x000000070c800000| Untracked 
| 101|0x000000070ca00000, 0x000000070cc00000, 0x000000070cc00000|100%| O|  |TAMS 0x000000070ca00000| PB 0x000000070ca00000| Untracked 
| 102|0x000000070cc00000, 0x000000070ce00000, 0x000000070ce00000|100%| O|  |TAMS 0x000000070cc00000| PB 0x000000070cc00000| Untracked 
| 103|0x000000070ce00000, 0x000000070d000000, 0x000000070d000000|100%| O|  |TAMS 0x000000070ce00000| PB 0x000000070ce00000| Untracked 
| 104|0x000000070d000000, 0x000000070d200000, 0x000000070d200000|100%| O|  |TAMS 0x000000070d000000| PB 0x000000070d000000| Untracked 
| 105|0x000000070d200000, 0x000000070d400000, 0x000000070d400000|100%| O|  |TAMS 0x000000070d200000| PB 0x000000070d200000| Untracked 
| 106|0x000000070d400000, 0x000000070d600000, 0x000000070d600000|100%| O|  |TAMS 0x000000070d400000| PB 0x000000070d400000| Untracked 
| 107|0x000000070d600000, 0x000000070d800000, 0x000000070d800000|100%| O|  |TAMS 0x000000070d600000| PB 0x000000070d600000| Untracked 
| 108|0x000000070d800000, 0x000000070da00000, 0x000000070da00000|100%| O|  |TAMS 0x000000070d800000| PB 0x000000070d800000| Untracked 
| 109|0x000000070da00000, 0x000000070dc00000, 0x000000070dc00000|100%| O|  |TAMS 0x000000070da00000| PB 0x000000070da00000| Untracked 
| 110|0x000000070dc00000, 0x000000070de00000, 0x000000070de00000|100%| O|  |TAMS 0x000000070dc00000| PB 0x000000070dc00000| Untracked 
| 111|0x000000070de00000, 0x000000070e000000, 0x000000070e000000|100%| O|  |TAMS 0x000000070de00000| PB 0x000000070de00000| Untracked 
| 112|0x000000070e000000, 0x000000070e200000, 0x000000070e200000|100%| O|  |TAMS 0x000000070e000000| PB 0x000000070e000000| Untracked 
| 113|0x000000070e200000, 0x000000070e400000, 0x000000070e400000|100%| O|  |TAMS 0x000000070e200000| PB 0x000000070e200000| Untracked 
| 114|0x000000070e400000, 0x000000070e600000, 0x000000070e600000|100%| O|  |TAMS 0x000000070e400000| PB 0x000000070e400000| Untracked 
| 115|0x000000070e600000, 0x000000070e800000, 0x000000070e800000|100%| O|  |TAMS 0x000000070e600000| PB 0x000000070e600000| Untracked 
| 116|0x000000070e800000, 0x000000070ea00000, 0x000000070ea00000|100%| O|  |TAMS 0x000000070e800000| PB 0x000000070e800000| Untracked 
| 117|0x000000070ea00000, 0x000000070ec00000, 0x000000070ec00000|100%| O|  |TAMS 0x000000070ea00000| PB 0x000000070ea00000| Untracked 
| 118|0x000000070ec00000, 0x000000070ee00000, 0x000000070ee00000|100%| O|  |TAMS 0x000000070ec00000| PB 0x000000070ec00000| Untracked 
| 119|0x000000070ee00000, 0x000000070f000000, 0x000000070f000000|100%| O|  |TAMS 0x000000070ee00000| PB 0x000000070ee00000| Untracked 
| 120|0x000000070f000000, 0x000000070f200000, 0x000000070f200000|100%| O|  |TAMS 0x000000070f000000| PB 0x000000070f000000| Untracked 
| 121|0x000000070f200000, 0x000000070f400000, 0x000000070f400000|100%| O|  |TAMS 0x000000070f200000| PB 0x000000070f200000| Untracked 
| 122|0x000000070f400000, 0x000000070f600000, 0x000000070f600000|100%| O|Cm|TAMS 0x000000070f400000| PB 0x000000070f400000| Complete 
| 123|0x000000070f600000, 0x000000070f800000, 0x000000070f800000|100%| O|  |TAMS 0x000000070f600000| PB 0x000000070f600000| Untracked 
| 124|0x000000070f800000, 0x000000070f8f0550, 0x000000070fa00000| 46%| O|  |TAMS 0x000000070f800000| PB 0x000000070f800000| Untracked 
| 125|0x000000070fa00000, 0x000000070fc00000, 0x000000070fc00000|100%| O|  |TAMS 0x000000070fa00000| PB 0x000000070fa00000| Untracked 
| 126|0x000000070fc00000, 0x000000070fe00000, 0x000000070fe00000|100%| O|  |TAMS 0x000000070fc00000| PB 0x000000070fc00000| Untracked 
| 127|0x000000070fe00000, 0x0000000710000000, 0x0000000710000000|100%| O|  |TAMS 0x000000070fe00000| PB 0x000000070fe00000| Untracked 
| 128|0x0000000710000000, 0x0000000710200000, 0x0000000710200000|100%| O|  |TAMS 0x0000000710000000| PB 0x0000000710000000| Untracked 
| 129|0x0000000710200000, 0x0000000710400000, 0x0000000710400000|100%| O|  |TAMS 0x0000000710200000| PB 0x0000000710200000| Untracked 
| 130|0x0000000710400000, 0x0000000710400000, 0x0000000710600000|  0%| F|  |TAMS 0x0000000710400000| PB 0x0000000710400000| Untracked 
| 131|0x0000000710600000, 0x0000000710800000, 0x0000000710800000|100%| O|  |TAMS 0x0000000710600000| PB 0x0000000710600000| Untracked 
| 132|0x0000000710800000, 0x0000000710a00000, 0x0000000710a00000|100%| O|  |TAMS 0x0000000710800000| PB 0x0000000710800000| Untracked 
| 133|0x0000000710a00000, 0x0000000710c00000, 0x0000000710c00000|100%| O|  |TAMS 0x0000000710a00000| PB 0x0000000710a00000| Untracked 
| 134|0x0000000710c00000, 0x0000000710e00000, 0x0000000710e00000|100%| O|  |TAMS 0x0000000710c00000| PB 0x0000000710c00000| Untracked 
| 135|0x0000000710e00000, 0x0000000711000000, 0x0000000711000000|100%| O|  |TAMS 0x0000000710e00000| PB 0x0000000710e00000| Untracked 
| 136|0x0000000711000000, 0x0000000711200000, 0x0000000711200000|100%| O|Cm|TAMS 0x0000000711000000| PB 0x0000000711000000| Complete 
| 137|0x0000000711200000, 0x0000000711400000, 0x0000000711400000|100%| O|  |TAMS 0x0000000711200000| PB 0x0000000711200000| Untracked 
| 138|0x0000000711400000, 0x0000000711600000, 0x0000000711600000|100%| O|  |TAMS 0x0000000711400000| PB 0x0000000711400000| Untracked 
| 139|0x0000000711600000, 0x0000000711800000, 0x0000000711800000|100%| O|  |TAMS 0x0000000711600000| PB 0x0000000711600000| Untracked 
| 140|0x0000000711800000, 0x0000000711a00000, 0x0000000711a00000|100%| O|  |TAMS 0x0000000711800000| PB 0x0000000711800000| Untracked 
| 141|0x0000000711a00000, 0x0000000711c00000, 0x0000000711c00000|100%| O|  |TAMS 0x0000000711a00000| PB 0x0000000711a00000| Untracked 
| 142|0x0000000711c00000, 0x0000000711e00000, 0x0000000711e00000|100%| O|  |TAMS 0x0000000711c00000| PB 0x0000000711c00000| Untracked 
| 143|0x0000000711e00000, 0x0000000712000000, 0x0000000712000000|100%| O|Cm|TAMS 0x0000000711e00000| PB 0x0000000711e00000| Complete 
| 144|0x0000000712000000, 0x0000000712200000, 0x0000000712200000|100%| O|  |TAMS 0x0000000712000000| PB 0x0000000712000000| Untracked 
| 145|0x0000000712200000, 0x0000000712400000, 0x0000000712400000|100%| O|  |TAMS 0x0000000712200000| PB 0x0000000712200000| Untracked 
| 146|0x0000000712400000, 0x0000000712600000, 0x0000000712600000|100%| O|  |TAMS 0x0000000712400000| PB 0x0000000712400000| Untracked 
| 147|0x0000000712600000, 0x0000000712800000, 0x0000000712800000|100%| O|  |TAMS 0x0000000712600000| PB 0x0000000712600000| Untracked 
| 148|0x0000000712800000, 0x0000000712a00000, 0x0000000712a00000|100%| O|  |TAMS 0x0000000712800000| PB 0x0000000712800000| Untracked 
| 149|0x0000000712a00000, 0x0000000712c00000, 0x0000000712c00000|100%| O|Cm|TAMS 0x0000000712a00000| PB 0x0000000712a00000| Complete 
| 150|0x0000000712c00000, 0x0000000712e00000, 0x0000000712e00000|100%| O|Cm|TAMS 0x0000000712c00000| PB 0x0000000712c00000| Complete 
| 151|0x0000000712e00000, 0x0000000713000000, 0x0000000713000000|100%| O|  |TAMS 0x0000000712e00000| PB 0x0000000712e00000| Untracked 
| 152|0x0000000713000000, 0x0000000713200000, 0x0000000713200000|100%| O|  |TAMS 0x0000000713000000| PB 0x0000000713000000| Untracked 
| 153|0x0000000713200000, 0x0000000713400000, 0x0000000713400000|100%| O|  |TAMS 0x0000000713200000| PB 0x0000000713200000| Untracked 
| 154|0x0000000713400000, 0x0000000713600000, 0x0000000713600000|100%| O|  |TAMS 0x0000000713400000| PB 0x0000000713400000| Untracked 
| 155|0x0000000713600000, 0x0000000713800000, 0x0000000713800000|100%| O|  |TAMS 0x0000000713600000| PB 0x0000000713600000| Untracked 
| 156|0x0000000713800000, 0x0000000713800000, 0x0000000713a00000|  0%| F|  |TAMS 0x0000000713800000| PB 0x0000000713800000| Untracked 
| 157|0x0000000713a00000, 0x0000000713a00000, 0x0000000713c00000|  0%| F|  |TAMS 0x0000000713a00000| PB 0x0000000713a00000| Untracked 
| 158|0x0000000713c00000, 0x0000000713c00000, 0x0000000713e00000|  0%| F|  |TAMS 0x0000000713c00000| PB 0x0000000713c00000| Untracked 
| 159|0x0000000713e00000, 0x0000000713e00000, 0x0000000714000000|  0%| F|  |TAMS 0x0000000713e00000| PB 0x0000000713e00000| Untracked 
| 160|0x0000000714000000, 0x0000000714000000, 0x0000000714200000|  0%| F|  |TAMS 0x0000000714000000| PB 0x0000000714000000| Untracked 
| 161|0x0000000714200000, 0x0000000714200000, 0x0000000714400000|  0%| F|  |TAMS 0x0000000714200000| PB 0x0000000714200000| Untracked 
| 162|0x0000000714400000, 0x0000000714400000, 0x0000000714600000|  0%| F|  |TAMS 0x0000000714400000| PB 0x0000000714400000| Untracked 
| 163|0x0000000714600000, 0x0000000714600000, 0x0000000714800000|  0%| F|  |TAMS 0x0000000714600000| PB 0x0000000714600000| Untracked 
| 164|0x0000000714800000, 0x00000007148537c8, 0x0000000714a00000| 16%| S|CS|TAMS 0x0000000714800000| PB 0x0000000714800000| Complete 
| 165|0x0000000714a00000, 0x0000000714c00000, 0x0000000714c00000|100%| S|CS|TAMS 0x0000000714a00000| PB 0x0000000714a00000| Complete 
| 166|0x0000000714c00000, 0x0000000714e00000, 0x0000000714e00000|100%| S|CS|TAMS 0x0000000714c00000| PB 0x0000000714c00000| Complete 
| 167|0x0000000714e00000, 0x0000000715000000, 0x0000000715000000|100%| S|CS|TAMS 0x0000000714e00000| PB 0x0000000714e00000| Complete 
| 168|0x0000000715000000, 0x0000000715200000, 0x0000000715200000|100%| S|CS|TAMS 0x0000000715000000| PB 0x0000000715000000| Complete 
| 169|0x0000000715200000, 0x0000000715400000, 0x0000000715400000|100%| S|CS|TAMS 0x0000000715200000| PB 0x0000000715200000| Complete 
| 170|0x0000000715400000, 0x0000000715600000, 0x0000000715600000|100%| S|CS|TAMS 0x0000000715400000| PB 0x0000000715400000| Complete 
| 171|0x0000000715600000, 0x0000000715600000, 0x0000000715800000|  0%| F|  |TAMS 0x0000000715600000| PB 0x0000000715600000| Untracked 
| 172|0x0000000715800000, 0x0000000715800000, 0x0000000715a00000|  0%| F|  |TAMS 0x0000000715800000| PB 0x0000000715800000| Untracked 
| 173|0x0000000715a00000, 0x0000000715a00000, 0x0000000715c00000|  0%| F|  |TAMS 0x0000000715a00000| PB 0x0000000715a00000| Untracked 
| 174|0x0000000715c00000, 0x0000000715c00000, 0x0000000715e00000|  0%| F|  |TAMS 0x0000000715c00000| PB 0x0000000715c00000| Untracked 
| 175|0x0000000715e00000, 0x0000000715e00000, 0x0000000716000000|  0%| F|  |TAMS 0x0000000715e00000| PB 0x0000000715e00000| Untracked 
| 176|0x0000000716000000, 0x0000000716200000, 0x0000000716200000|100%| S|CS|TAMS 0x0000000716000000| PB 0x0000000716000000| Complete 
| 177|0x0000000716200000, 0x0000000716200000, 0x0000000716400000|  0%| F|  |TAMS 0x0000000716200000| PB 0x0000000716200000| Untracked 
| 178|0x0000000716400000, 0x0000000716400000, 0x0000000716600000|  0%| F|  |TAMS 0x0000000716400000| PB 0x0000000716400000| Untracked 
| 179|0x0000000716600000, 0x0000000716600000, 0x0000000716800000|  0%| F|  |TAMS 0x0000000716600000| PB 0x0000000716600000| Untracked 
| 180|0x0000000716800000, 0x0000000716800000, 0x0000000716a00000|  0%| F|  |TAMS 0x0000000716800000| PB 0x0000000716800000| Untracked 
| 181|0x0000000716a00000, 0x0000000716a00000, 0x0000000716c00000|  0%| F|  |TAMS 0x0000000716a00000| PB 0x0000000716a00000| Untracked 
| 182|0x0000000716c00000, 0x0000000716c00000, 0x0000000716e00000|  0%| F|  |TAMS 0x0000000716c00000| PB 0x0000000716c00000| Untracked 
| 183|0x0000000716e00000, 0x0000000716e00000, 0x0000000717000000|  0%| F|  |TAMS 0x0000000716e00000| PB 0x0000000716e00000| Untracked 
| 184|0x0000000717000000, 0x0000000717000000, 0x0000000717200000|  0%| F|  |TAMS 0x0000000717000000| PB 0x0000000717000000| Untracked 
| 185|0x0000000717200000, 0x0000000717200000, 0x0000000717400000|  0%| F|  |TAMS 0x0000000717200000| PB 0x0000000717200000| Untracked 
| 186|0x0000000717400000, 0x0000000717400000, 0x0000000717600000|  0%| F|  |TAMS 0x0000000717400000| PB 0x0000000717400000| Untracked 
| 187|0x0000000717600000, 0x0000000717600000, 0x0000000717800000|  0%| F|  |TAMS 0x0000000717600000| PB 0x0000000717600000| Untracked 
| 188|0x0000000717800000, 0x0000000717800000, 0x0000000717a00000|  0%| F|  |TAMS 0x0000000717800000| PB 0x0000000717800000| Untracked 
| 189|0x0000000717a00000, 0x0000000717a00000, 0x0000000717c00000|  0%| F|  |TAMS 0x0000000717a00000| PB 0x0000000717a00000| Untracked 
| 190|0x0000000717c00000, 0x0000000717c00000, 0x0000000717e00000|  0%| F|  |TAMS 0x0000000717c00000| PB 0x0000000717c00000| Untracked 
| 191|0x0000000717e00000, 0x0000000717e00000, 0x0000000718000000|  0%| F|  |TAMS 0x0000000717e00000| PB 0x0000000717e00000| Untracked 
| 192|0x0000000718000000, 0x0000000718000000, 0x0000000718200000|  0%| F|  |TAMS 0x0000000718000000| PB 0x0000000718000000| Untracked 
| 193|0x0000000718200000, 0x0000000718200000, 0x0000000718400000|  0%| F|  |TAMS 0x0000000718200000| PB 0x0000000718200000| Untracked 
| 194|0x0000000718400000, 0x0000000718400000, 0x0000000718600000|  0%| F|  |TAMS 0x0000000718400000| PB 0x0000000718400000| Untracked 
| 195|0x0000000718600000, 0x0000000718600000, 0x0000000718800000|  0%| F|  |TAMS 0x0000000718600000| PB 0x0000000718600000| Untracked 
| 196|0x0000000718800000, 0x0000000718800000, 0x0000000718a00000|  0%| F|  |TAMS 0x0000000718800000| PB 0x0000000718800000| Untracked 
| 197|0x0000000718a00000, 0x0000000718a00000, 0x0000000718c00000|  0%| F|  |TAMS 0x0000000718a00000| PB 0x0000000718a00000| Untracked 
| 198|0x0000000718c00000, 0x0000000718c00000, 0x0000000718e00000|  0%| F|  |TAMS 0x0000000718c00000| PB 0x0000000718c00000| Untracked 
| 199|0x0000000718e00000, 0x0000000718e00000, 0x0000000719000000|  0%| F|  |TAMS 0x0000000718e00000| PB 0x0000000718e00000| Untracked 
| 200|0x0000000719000000, 0x0000000719000000, 0x0000000719200000|  0%| F|  |TAMS 0x0000000719000000| PB 0x0000000719000000| Untracked 
| 201|0x0000000719200000, 0x0000000719200000, 0x0000000719400000|  0%| F|  |TAMS 0x0000000719200000| PB 0x0000000719200000| Untracked 
| 202|0x0000000719400000, 0x0000000719400000, 0x0000000719600000|  0%| F|  |TAMS 0x0000000719400000| PB 0x0000000719400000| Untracked 
| 203|0x0000000719600000, 0x0000000719600000, 0x0000000719800000|  0%| F|  |TAMS 0x0000000719600000| PB 0x0000000719600000| Untracked 
| 204|0x0000000719800000, 0x0000000719800000, 0x0000000719a00000|  0%| F|  |TAMS 0x0000000719800000| PB 0x0000000719800000| Untracked 
| 205|0x0000000719a00000, 0x0000000719a00000, 0x0000000719c00000|  0%| F|  |TAMS 0x0000000719a00000| PB 0x0000000719a00000| Untracked 
| 206|0x0000000719c00000, 0x0000000719c00000, 0x0000000719e00000|  0%| F|  |TAMS 0x0000000719c00000| PB 0x0000000719c00000| Untracked 
| 207|0x0000000719e00000, 0x0000000719e00000, 0x000000071a000000|  0%| F|  |TAMS 0x0000000719e00000| PB 0x0000000719e00000| Untracked 
| 208|0x000000071a000000, 0x000000071a000000, 0x000000071a200000|  0%| F|  |TAMS 0x000000071a000000| PB 0x000000071a000000| Untracked 
| 209|0x000000071a200000, 0x000000071a200000, 0x000000071a400000|  0%| F|  |TAMS 0x000000071a200000| PB 0x000000071a200000| Untracked 
| 210|0x000000071a400000, 0x000000071a400000, 0x000000071a600000|  0%| F|  |TAMS 0x000000071a400000| PB 0x000000071a400000| Untracked 
| 211|0x000000071a600000, 0x000000071a600000, 0x000000071a800000|  0%| F|  |TAMS 0x000000071a600000| PB 0x000000071a600000| Untracked 
| 212|0x000000071a800000, 0x000000071a800000, 0x000000071aa00000|  0%| F|  |TAMS 0x000000071a800000| PB 0x000000071a800000| Untracked 
| 213|0x000000071aa00000, 0x000000071aa00000, 0x000000071ac00000|  0%| F|  |TAMS 0x000000071aa00000| PB 0x000000071aa00000| Untracked 
| 214|0x000000071ac00000, 0x000000071ac00000, 0x000000071ae00000|  0%| F|  |TAMS 0x000000071ac00000| PB 0x000000071ac00000| Untracked 
| 215|0x000000071ae00000, 0x000000071ae00000, 0x000000071b000000|  0%| F|  |TAMS 0x000000071ae00000| PB 0x000000071ae00000| Untracked 
| 216|0x000000071b000000, 0x000000071b000000, 0x000000071b200000|  0%| F|  |TAMS 0x000000071b000000| PB 0x000000071b000000| Untracked 
| 217|0x000000071b200000, 0x000000071b200000, 0x000000071b400000|  0%| F|  |TAMS 0x000000071b200000| PB 0x000000071b200000| Untracked 
| 218|0x000000071b400000, 0x000000071b400000, 0x000000071b600000|  0%| F|  |TAMS 0x000000071b400000| PB 0x000000071b400000| Untracked 
| 219|0x000000071b600000, 0x000000071b600000, 0x000000071b800000|  0%| F|  |TAMS 0x000000071b600000| PB 0x000000071b600000| Untracked 
| 220|0x000000071b800000, 0x000000071b800000, 0x000000071ba00000|  0%| F|  |TAMS 0x000000071b800000| PB 0x000000071b800000| Untracked 
| 221|0x000000071ba00000, 0x000000071ba00000, 0x000000071bc00000|  0%| F|  |TAMS 0x000000071ba00000| PB 0x000000071ba00000| Untracked 
| 222|0x000000071bc00000, 0x000000071bc00000, 0x000000071be00000|  0%| F|  |TAMS 0x000000071bc00000| PB 0x000000071bc00000| Untracked 
| 223|0x000000071be00000, 0x000000071be00000, 0x000000071c000000|  0%| F|  |TAMS 0x000000071be00000| PB 0x000000071be00000| Untracked 
| 224|0x000000071c000000, 0x000000071c000000, 0x000000071c200000|  0%| F|  |TAMS 0x000000071c000000| PB 0x000000071c000000| Untracked 
| 225|0x000000071c200000, 0x000000071c200000, 0x000000071c400000|  0%| F|  |TAMS 0x000000071c200000| PB 0x000000071c200000| Untracked 
| 226|0x000000071c400000, 0x000000071c400000, 0x000000071c600000|  0%| F|  |TAMS 0x000000071c400000| PB 0x000000071c400000| Untracked 
| 227|0x000000071c600000, 0x000000071c600000, 0x000000071c800000|  0%| F|  |TAMS 0x000000071c600000| PB 0x000000071c600000| Untracked 
| 228|0x000000071c800000, 0x000000071c800000, 0x000000071ca00000|  0%| F|  |TAMS 0x000000071c800000| PB 0x000000071c800000| Untracked 
| 229|0x000000071ca00000, 0x000000071ca00000, 0x000000071cc00000|  0%| F|  |TAMS 0x000000071ca00000| PB 0x000000071ca00000| Untracked 
| 230|0x000000071cc00000, 0x000000071cc00000, 0x000000071ce00000|  0%| F|  |TAMS 0x000000071cc00000| PB 0x000000071cc00000| Untracked 
| 231|0x000000071ce00000, 0x000000071ce00000, 0x000000071d000000|  0%| F|  |TAMS 0x000000071ce00000| PB 0x000000071ce00000| Untracked 
| 232|0x000000071d000000, 0x000000071d000000, 0x000000071d200000|  0%| F|  |TAMS 0x000000071d000000| PB 0x000000071d000000| Untracked 
| 233|0x000000071d200000, 0x000000071d200000, 0x000000071d400000|  0%| F|  |TAMS 0x000000071d200000| PB 0x000000071d200000| Untracked 
| 234|0x000000071d400000, 0x000000071d400000, 0x000000071d600000|  0%| F|  |TAMS 0x000000071d400000| PB 0x000000071d400000| Untracked 
| 235|0x000000071d600000, 0x000000071d600000, 0x000000071d800000|  0%| F|  |TAMS 0x000000071d600000| PB 0x000000071d600000| Untracked 
| 236|0x000000071d800000, 0x000000071d800000, 0x000000071da00000|  0%| F|  |TAMS 0x000000071d800000| PB 0x000000071d800000| Untracked 
| 237|0x000000071da00000, 0x000000071da00000, 0x000000071dc00000|  0%| F|  |TAMS 0x000000071da00000| PB 0x000000071da00000| Untracked 
| 238|0x000000071dc00000, 0x000000071dc00000, 0x000000071de00000|  0%| F|  |TAMS 0x000000071dc00000| PB 0x000000071dc00000| Untracked 
| 239|0x000000071de00000, 0x000000071e000000, 0x000000071e000000|100%| E|CS|TAMS 0x000000071de00000| PB 0x000000071de00000| Complete 
| 240|0x000000071e000000, 0x000000071e200000, 0x000000071e200000|100%| E|CS|TAMS 0x000000071e000000| PB 0x000000071e000000| Complete 
| 241|0x000000071e200000, 0x000000071e400000, 0x000000071e400000|100%| E|CS|TAMS 0x000000071e200000| PB 0x000000071e200000| Complete 
| 242|0x000000071e400000, 0x000000071e600000, 0x000000071e600000|100%| E|CS|TAMS 0x000000071e400000| PB 0x000000071e400000| Complete 
| 243|0x000000071e600000, 0x000000071e800000, 0x000000071e800000|100%| E|  |TAMS 0x000000071e600000| PB 0x000000071e600000| Complete 
| 244|0x000000071e800000, 0x000000071ea00000, 0x000000071ea00000|100%| E|CS|TAMS 0x000000071e800000| PB 0x000000071e800000| Complete 
| 245|0x000000071ea00000, 0x000000071ec00000, 0x000000071ec00000|100%| E|CS|TAMS 0x000000071ea00000| PB 0x000000071ea00000| Complete 
| 246|0x000000071ec00000, 0x000000071ee00000, 0x000000071ee00000|100%| E|CS|TAMS 0x000000071ec00000| PB 0x000000071ec00000| Complete 
| 247|0x000000071ee00000, 0x000000071f000000, 0x000000071f000000|100%| E|CS|TAMS 0x000000071ee00000| PB 0x000000071ee00000| Complete 
| 248|0x000000071f000000, 0x000000071f200000, 0x000000071f200000|100%| E|CS|TAMS 0x000000071f000000| PB 0x000000071f000000| Complete 
| 249|0x000000071f200000, 0x000000071f400000, 0x000000071f400000|100%| E|CS|TAMS 0x000000071f200000| PB 0x000000071f200000| Complete 
| 250|0x000000071f400000, 0x000000071f400000, 0x000000071f600000|  0%| F|  |TAMS 0x000000071f400000| PB 0x000000071f400000| Untracked 
| 251|0x000000071f600000, 0x000000071f631958, 0x000000071f800000|  9%| E|  |TAMS 0x000000071f600000| PB 0x000000071f600000| Complete 
| 252|0x000000071f800000, 0x000000071fa00000, 0x000000071fa00000|100%| E|CS|TAMS 0x000000071f800000| PB 0x000000071f800000| Complete 
| 253|0x000000071fa00000, 0x000000071fc00000, 0x000000071fc00000|100%| E|CS|TAMS 0x000000071fa00000| PB 0x000000071fa00000| Complete 
| 254|0x000000071fc00000, 0x000000071fe00000, 0x000000071fe00000|100%| E|CS|TAMS 0x000000071fc00000| PB 0x000000071fc00000| Complete 
| 255|0x000000071fe00000, 0x0000000720000000, 0x0000000720000000|100%| E|CS|TAMS 0x000000071fe00000| PB 0x000000071fe00000| Complete 
| 256|0x0000000720000000, 0x0000000720200000, 0x0000000720200000|100%| E|CS|TAMS 0x0000000720000000| PB 0x0000000720000000| Complete 
| 257|0x0000000720200000, 0x0000000720400000, 0x0000000720400000|100%| E|CS|TAMS 0x0000000720200000| PB 0x0000000720200000| Complete 
| 258|0x0000000720400000, 0x0000000720600000, 0x0000000720600000|100%| E|CS|TAMS 0x0000000720400000| PB 0x0000000720400000| Complete 
| 259|0x0000000720600000, 0x0000000720800000, 0x0000000720800000|100%| E|CS|TAMS 0x0000000720600000| PB 0x0000000720600000| Complete 
| 260|0x0000000720800000, 0x0000000720a00000, 0x0000000720a00000|100%| E|CS|TAMS 0x0000000720800000| PB 0x0000000720800000| Complete 
| 261|0x0000000720a00000, 0x0000000720c00000, 0x0000000720c00000|100%| E|CS|TAMS 0x0000000720a00000| PB 0x0000000720a00000| Complete 
| 262|0x0000000720c00000, 0x0000000720e00000, 0x0000000720e00000|100%| E|CS|TAMS 0x0000000720c00000| PB 0x0000000720c00000| Complete 
| 263|0x0000000720e00000, 0x0000000721000000, 0x0000000721000000|100%| E|CS|TAMS 0x0000000720e00000| PB 0x0000000720e00000| Complete 
| 264|0x0000000721000000, 0x0000000721200000, 0x0000000721200000|100%| E|CS|TAMS 0x0000000721000000| PB 0x0000000721000000| Complete 
| 265|0x0000000721200000, 0x0000000721400000, 0x0000000721400000|100%| E|CS|TAMS 0x0000000721200000| PB 0x0000000721200000| Complete 
| 266|0x0000000721400000, 0x0000000721600000, 0x0000000721600000|100%| E|CS|TAMS 0x0000000721400000| PB 0x0000000721400000| Complete 
| 267|0x0000000721600000, 0x0000000721800000, 0x0000000721800000|100%| E|CS|TAMS 0x0000000721600000| PB 0x0000000721600000| Complete 
| 268|0x0000000721800000, 0x0000000721a00000, 0x0000000721a00000|100%| E|CS|TAMS 0x0000000721800000| PB 0x0000000721800000| Complete 
| 269|0x0000000721a00000, 0x0000000721c00000, 0x0000000721c00000|100%| E|CS|TAMS 0x0000000721a00000| PB 0x0000000721a00000| Complete 
| 270|0x0000000721c00000, 0x0000000721e00000, 0x0000000721e00000|100%| E|CS|TAMS 0x0000000721c00000| PB 0x0000000721c00000| Complete 
| 271|0x0000000721e00000, 0x0000000722000000, 0x0000000722000000|100%| E|CS|TAMS 0x0000000721e00000| PB 0x0000000721e00000| Complete 

Card table byte_map: [0x000001a7b9d40000,0x000001a7ba540000] _byte_map_base: 0x000001a7b6540000

Marking Bits: (CMBitMap*) 0x000001a7a1b60100
 Bits: [0x000001a7ba540000, 0x000001a7be540000)

Polling page: 0x000001a79f930000

Metaspace:

Usage:
  Non-class:    109.15 MB used.
      Class:     17.37 MB used.
       Both:    126.52 MB used.

Virtual space:
  Non-class space:      128.00 MB reserved,     110.75 MB ( 87%) committed,  2 nodes.
      Class space:        1.00 GB reserved,      18.81 MB (  2%) committed,  1 nodes.
             Both:        1.12 GB reserved,     129.56 MB ( 11%) committed. 

Chunk freelists:
   Non-Class:  912.00 KB
       Class:  13.17 MB
        Both:  14.06 MB

MaxMetaspaceSize: unlimited
CompressedClassSpaceSize: 1.00 GB
Initial GC threshold: 21.00 MB
Current GC threshold: 215.88 MB
CDS: on
 - commit_granule_bytes: 65536.
 - commit_granule_words: 8192.
 - virtual_space_node_default_size: 8388608.
 - enlarge_chunks_in_place: 1.
 - use_allocation_guard: 0.


Internal statistics:

num_allocs_failed_limit: 6.
num_arena_births: 4868.
num_arena_deaths: 0.
num_vsnodes_births: 3.
num_vsnodes_deaths: 0.
num_space_committed: 2072.
num_space_uncommitted: 0.
num_chunks_returned_to_freelist: 6.
num_chunks_taken_from_freelist: 11177.
num_chunk_merges: 6.
num_chunk_splits: 7237.
num_chunks_enlarged: 4524.
num_inconsistent_stats: 0.

CodeHeap 'non-profiled nmethods': size=120000Kb used=14977Kb max_used=15523Kb free=105022Kb
 bounds [0x000001a7b1ce0000, 0x000001a7b2c10000, 0x000001a7b9210000]
CodeHeap 'profiled nmethods': size=120000Kb used=34019Kb max_used=35286Kb free=85981Kb
 bounds [0x000001a7aa210000, 0x000001a7ac490000, 0x000001a7b1740000]
CodeHeap 'non-nmethods': size=5760Kb used=2798Kb max_used=2872Kb free=2961Kb
 bounds [0x000001a7b1740000, 0x000001a7b1a20000, 0x000001a7b1ce0000]
CodeCache: size=245760Kb, used=51794Kb, max_used=53681Kb, free=193964Kb
 total_blobs=19302, nmethods=18256, adapters=949, full_count=0
Compilation: enabled, stopped_count=0, restarted_count=0

Compilation events (20 events):
Event: 46.376 Thread 0x000001a7c0f90a90 nmethod 22251 0x000001a7aa97bc10 code [0x000001a7aa97bdc0, 0x000001a7aa97c088]
Event: 46.378 Thread 0x000001a7c0f8fff0 nmethod 22248 0x000001a7b2506b10 code [0x000001a7b2506d00, 0x000001a7b2507460]
Event: 46.384 Thread 0x000001a7c0f8fff0 22252   !   4       org.gradle.internal.serialize.kryo.KryoBackedDecoder::readSmallLong (16 bytes)
Event: 46.385 Thread 0x000001a7c0f8fff0 nmethod 22252 0x000001a7b2562b90 code [0x000001a7b2562d40, 0x000001a7b2562e70]
Event: 46.387 Thread 0x000001a7c0f8fff0 22253       4       java.util.ArrayDeque::toArray (95 bytes)
Event: 46.393 Thread 0x000001a7c0f8fff0 nmethod 22253 0x000001a7b213f290 code [0x000001a7b213f440, 0x000001a7b213fb58]
Event: 46.401 Thread 0x000001a7c0f90a90 22254       3       org.gradle.internal.operations.DefaultBuildOperationExecutor::runAll (26 bytes)
Event: 46.401 Thread 0x000001a7c0f90a90 nmethod 22254 0x000001a7aa416990 code [0x000001a7aa416bc0, 0x000001a7aa417518]
Event: 46.408 Thread 0x000001a7c0f8fff0 22255       4       org.gradle.internal.snapshot.MerkleDirectorySnapshotBuilder$Directory::fold (145 bytes)
Event: 46.443 Thread 0x000001a80ac94df0 22256       4       org.gradle.internal.snapshot.MerkleDirectorySnapshotBuilder::leaveDirectory (27 bytes)
Event: 46.460 Thread 0x000001a7c0f90a90 22257       3       org.gradle.api.internal.provider.BuildableBackedProvider::getProducer (9 bytes)
Event: 46.460 Thread 0x000001a7c0f90a90 nmethod 22257 0x000001a7ab002790 code [0x000001a7ab002940, 0x000001a7ab002bc8]
Event: 46.460 Thread 0x000001a7c0f90a90 22258       3       org.gradle.api.internal.provider.BuildableBackedProvider$1::<init> (10 bytes)
Event: 46.460 Thread 0x000001a7c0f90a90 nmethod 22258 0x000001a7aa630090 code [0x000001a7aa630240, 0x000001a7aa630410]
Event: 46.461 Thread 0x000001a7c0f90a90 22259       3       org.gradle.execution.plan.MissingTaskDependencyDetector$1::visitFileTree (48 bytes)
Event: 46.462 Thread 0x000001a7c0f90a90 nmethod 22259 0x000001a7aac78c10 code [0x000001a7aac78e40, 0x000001a7aac79710]
Event: 46.499 Thread 0x000001a7c0f90a90 22260       3       org.gradle.internal.vfs.impl.DefaultFileSystemAccess$$Lambda/0x000001a7c2bcf3e0::<init> (10 bytes)
Event: 46.499 Thread 0x000001a7c0f90a90 nmethod 22260 0x000001a7aab76010 code [0x000001a7aab761c0, 0x000001a7aab76380]
Event: 46.499 Thread 0x000001a7c0f90a90 22261       3       org.gradle.internal.vfs.impl.DefaultFileSystemAccess$$Lambda/0x000001a7c2bcf628::<init> (20 bytes)
Event: 46.499 Thread 0x000001a7c0f90a90 nmethod 22261 0x000001a7aaee0010 code [0x000001a7aaee01c0, 0x000001a7aaee0458]

GC Heap History (20 events):
Event: 33.821 GC heap before
{Heap before GC invocations=60 (full 0):
 garbage-first heap   total 430080K, used 379129K [0x0000000700000000, 0x0000000800000000)
  region size 2048K, 80 young (163840K), 7 survivors (14336K)
 Metaspace       used 117617K, committed 120576K, reserved 1179648K
  class space    used 16478K, committed 17856K, reserved 1048576K
}
Event: 33.836 GC heap after
{Heap after GC invocations=61 (full 0):
 garbage-first heap   total 430080K, used 248821K [0x0000000700000000, 0x0000000800000000)
  region size 2048K, 9 young (18432K), 9 survivors (18432K)
 Metaspace       used 117617K, committed 120576K, reserved 1179648K
  class space    used 16478K, committed 17856K, reserved 1048576K
}
Event: 34.715 GC heap before
{Heap before GC invocations=61 (full 0):
 garbage-first heap   total 430080K, used 381941K [0x0000000700000000, 0x0000000800000000)
  region size 2048K, 75 young (153600K), 9 survivors (18432K)
 Metaspace       used 117810K, committed 120832K, reserved 1179648K
  class space    used 16502K, committed 17920K, reserved 1048576K
}
Event: 34.732 GC heap after
{Heap after GC invocations=62 (full 0):
 garbage-first heap   total 430080K, used 257310K [0x0000000700000000, 0x0000000800000000)
  region size 2048K, 8 young (16384K), 8 survivors (16384K)
 Metaspace       used 117810K, committed 120832K, reserved 1179648K
  class space    used 16502K, committed 17920K, reserved 1048576K
}
Event: 35.536 GC heap before
{Heap before GC invocations=62 (full 0):
 garbage-first heap   total 430080K, used 380190K [0x0000000700000000, 0x0000000800000000)
  region size 2048K, 69 young (141312K), 8 survivors (16384K)
 Metaspace       used 118931K, committed 121920K, reserved 1179648K
  class space    used 16652K, committed 18048K, reserved 1048576K
}
Event: 35.552 GC heap after
{Heap after GC invocations=63 (full 0):
 garbage-first heap   total 430080K, used 265615K [0x0000000700000000, 0x0000000800000000)
  region size 2048K, 5 young (10240K), 5 survivors (10240K)
 Metaspace       used 118931K, committed 121920K, reserved 1179648K
  class space    used 16652K, committed 18048K, reserved 1048576K
}
Event: 37.575 GC heap before
{Heap before GC invocations=64 (full 0):
 garbage-first heap   total 444416K, used 388495K [0x0000000700000000, 0x0000000800000000)
  region size 2048K, 65 young (133120K), 5 survivors (10240K)
 Metaspace       used 124293K, committed 127360K, reserved 1179648K
  class space    used 17387K, committed 18880K, reserved 1048576K
}
Event: 37.599 GC heap after
{Heap after GC invocations=65 (full 0):
 garbage-first heap   total 444416K, used 285920K [0x0000000700000000, 0x0000000800000000)
  region size 2048K, 9 young (18432K), 9 survivors (18432K)
 Metaspace       used 124293K, committed 127360K, reserved 1179648K
  class space    used 17387K, committed 18880K, reserved 1048576K
}
Event: 38.849 GC heap before
{Heap before GC invocations=65 (full 0):
 garbage-first heap   total 444416K, used 398560K [0x0000000700000000, 0x0000000800000000)
  region size 2048K, 64 young (131072K), 9 survivors (18432K)
 Metaspace       used 125559K, committed 128704K, reserved 1179648K
  class space    used 17519K, committed 19008K, reserved 1048576K
}
Event: 38.875 GC heap after
{Heap after GC invocations=66 (full 0):
 garbage-first heap   total 444416K, used 297169K [0x0000000700000000, 0x0000000800000000)
  region size 2048K, 6 young (12288K), 6 survivors (12288K)
 Metaspace       used 125559K, committed 128704K, reserved 1179648K
  class space    used 17519K, committed 19008K, reserved 1048576K
}
Event: 39.902 GC heap before
{Heap before GC invocations=66 (full 0):
 garbage-first heap   total 444416K, used 399569K [0x0000000700000000, 0x0000000800000000)
  region size 2048K, 57 young (116736K), 6 survivors (12288K)
 Metaspace       used 126370K, committed 129536K, reserved 1179648K
  class space    used 17586K, committed 19072K, reserved 1048576K
}
Event: 39.919 GC heap after
{Heap after GC invocations=67 (full 0):
 garbage-first heap   total 444416K, used 307050K [0x0000000700000000, 0x0000000800000000)
  region size 2048K, 5 young (10240K), 5 survivors (10240K)
 Metaspace       used 126370K, committed 129536K, reserved 1179648K
  class space    used 17586K, committed 19072K, reserved 1048576K
}
Event: 40.903 GC heap before
{Heap before GC invocations=68 (full 0):
 garbage-first heap   total 512000K, used 405354K [0x0000000700000000, 0x0000000800000000)
  region size 2048K, 54 young (110592K), 5 survivors (10240K)
 Metaspace       used 128801K, committed 131904K, reserved 1179648K
  class space    used 17746K, committed 19200K, reserved 1048576K
}
Event: 40.917 GC heap after
{Heap after GC invocations=69 (full 0):
 garbage-first heap   total 512000K, used 316493K [0x0000000700000000, 0x0000000800000000)
  region size 2048K, 5 young (10240K), 5 survivors (10240K)
 Metaspace       used 128801K, committed 131904K, reserved 1179648K
  class space    used 17746K, committed 19200K, reserved 1048576K
}
Event: 41.687 GC heap before
{Heap before GC invocations=69 (full 0):
 garbage-first heap   total 512000K, used 465997K [0x0000000700000000, 0x0000000800000000)
  region size 2048K, 79 young (161792K), 5 survivors (10240K)
 Metaspace       used 128806K, committed 131904K, reserved 1179648K
  class space    used 17748K, committed 19200K, reserved 1048576K
}
Event: 41.699 GC heap after
{Heap after GC invocations=70 (full 0):
 garbage-first heap   total 512000K, used 321080K [0x0000000700000000, 0x0000000800000000)
  region size 2048K, 8 young (16384K), 8 survivors (16384K)
 Metaspace       used 128806K, committed 131904K, reserved 1179648K
  class space    used 17748K, committed 19200K, reserved 1048576K
}
Event: 43.930 GC heap before
{Heap before GC invocations=70 (full 0):
 garbage-first heap   total 512000K, used 470584K [0x0000000700000000, 0x0000000800000000)
  region size 2048K, 82 young (167936K), 8 survivors (16384K)
 Metaspace       used 129278K, committed 132288K, reserved 1179648K
  class space    used 17767K, committed 19200K, reserved 1048576K
}
Event: 43.951 GC heap after
{Heap after GC invocations=71 (full 0):
 garbage-first heap   total 512000K, used 327357K [0x0000000700000000, 0x0000000800000000)
  region size 2048K, 8 young (16384K), 8 survivors (16384K)
 Metaspace       used 129278K, committed 132288K, reserved 1179648K
  class space    used 17767K, committed 19200K, reserved 1048576K
}
Event: 45.129 GC heap before
{Heap before GC invocations=71 (full 0):
 garbage-first heap   total 512000K, used 474813K [0x0000000700000000, 0x0000000800000000)
  region size 2048K, 81 young (165888K), 8 survivors (16384K)
 Metaspace       used 129477K, committed 132544K, reserved 1179648K
  class space    used 17784K, committed 19264K, reserved 1048576K
}
Event: 45.145 GC heap after
{Heap after GC invocations=72 (full 0):
 garbage-first heap   total 512000K, used 331023K [0x0000000700000000, 0x0000000800000000)
  region size 2048K, 8 young (16384K), 8 survivors (16384K)
 Metaspace       used 129477K, committed 132544K, reserved 1179648K
  class space    used 17784K, committed 19264K, reserved 1048576K
}

Dll operation events (15 events):
Event: 0.015 Loaded shared library C:\Program Files\Eclipse Adoptium\jdk-21.0.11.10-hotspot\bin\java.dll
Event: 0.044 Loaded shared library C:\Program Files\Eclipse Adoptium\jdk-21.0.11.10-hotspot\bin\jsvml.dll
Event: 0.078 Loaded shared library C:\Program Files\Eclipse Adoptium\jdk-21.0.11.10-hotspot\bin\zip.dll
Event: 0.083 Loaded shared library C:\Program Files\Eclipse Adoptium\jdk-21.0.11.10-hotspot\bin\instrument.dll
Event: 0.089 Loaded shared library C:\Program Files\Eclipse Adoptium\jdk-21.0.11.10-hotspot\bin\net.dll
Event: 0.091 Loaded shared library C:\Program Files\Eclipse Adoptium\jdk-21.0.11.10-hotspot\bin\nio.dll
Event: 0.094 Loaded shared library C:\Program Files\Eclipse Adoptium\jdk-21.0.11.10-hotspot\bin\zip.dll
Event: 0.371 Loaded shared library C:\Program Files\Eclipse Adoptium\jdk-21.0.11.10-hotspot\bin\jimage.dll
Event: 0.526 Loaded shared library C:\Program Files\Eclipse Adoptium\jdk-21.0.11.10-hotspot\bin\verify.dll
Event: 0.629 Loaded shared library C:\Users\NAGARAJU\.gradle\native\1def1411415f61bf3af743bc5b6707747c0891f09f0c88961ee8f79bc544acac\windows-amd64\native-platform.dll
Event: 0.643 Loaded shared library C:\Users\NAGARAJU\.gradle\native\0.2.7\x86_64-windows-gnu\gradle-fileevents.dll
Event: 1.718 Loaded shared library C:\Program Files\Eclipse Adoptium\jdk-21.0.11.10-hotspot\bin\management.dll
Event: 1.722 Loaded shared library C:\Program Files\Eclipse Adoptium\jdk-21.0.11.10-hotspot\bin\management_ext.dll
Event: 1.856 Loaded shared library C:\Program Files\Eclipse Adoptium\jdk-21.0.11.10-hotspot\bin\extnet.dll
Event: 2.118 Loaded shared library C:\Program Files\Eclipse Adoptium\jdk-21.0.11.10-hotspot\bin\sunmscapi.dll

Deoptimization events (20 events):
Event: 45.177 Thread 0x000001a80bd90ff0 Uncommon trap: trap_request=0xffffffde fr.pc=0x000001a7b28c74cc relative=0x0000000000000b0c
Event: 45.178 Thread 0x000001a80bd90ff0 Uncommon trap: reason=class_check action=maybe_recompile pc=0x000001a7b28c74cc method=org.gradle.api.internal.artifacts.transform.AbstractTransformedArtifactSet.lambda$new$0(Lcom/google/common/collect/ImmutableList$Builder;Lorg/gradle/api/internal/artifac
Event: 45.178 Thread 0x000001a80bd90ff0 DEOPT PACKING pc=0x000001a7b28c74cc sp=0x0000009bd8efb880
Event: 45.178 Thread 0x000001a80bd90ff0 DEOPT UNPACKING pc=0x000001a7b1794422 sp=0x0000009bd8efb750 mode 2
Event: 45.368 Thread 0x000001a80bd90960 Uncommon trap: trap_request=0xffffffd6 fr.pc=0x000001a7b2bf9d58 relative=0x0000000000000758
Event: 45.368 Thread 0x000001a80bd90960 Uncommon trap: reason=array_check action=maybe_recompile pc=0x000001a7b2bf9d58 method=com.google.common.collect.ImmutableList.copyIntoArray([Ljava/lang/Object;I)I @ 25 c2
Event: 45.369 Thread 0x000001a80bd90960 DEOPT PACKING pc=0x000001a7b2bf9d58 sp=0x0000009bd8ffb180
Event: 45.369 Thread 0x000001a80bd90960 DEOPT UNPACKING pc=0x000001a7b1794422 sp=0x0000009bd8ffb0c0 mode 2
Event: 45.461 Thread 0x000001a80bd90960 Uncommon trap: trap_request=0xffffffd6 fr.pc=0x000001a7b2bf9d58 relative=0x0000000000000758
Event: 45.461 Thread 0x000001a80bd90960 Uncommon trap: reason=array_check action=maybe_recompile pc=0x000001a7b2bf9d58 method=com.google.common.collect.ImmutableList.copyIntoArray([Ljava/lang/Object;I)I @ 25 c2
Event: 45.461 Thread 0x000001a80bd90960 DEOPT PACKING pc=0x000001a7b2bf9d58 sp=0x0000009bd8ffd570
Event: 45.461 Thread 0x000001a80bd90960 DEOPT UNPACKING pc=0x000001a7b1794422 sp=0x0000009bd8ffd4c0 mode 2
Event: 45.461 Thread 0x000001a80bd90960 Uncommon trap: trap_request=0xffffffd6 fr.pc=0x000001a7b2bf9d58 relative=0x0000000000000758
Event: 45.461 Thread 0x000001a80bd90960 Uncommon trap: reason=array_check action=maybe_recompile pc=0x000001a7b2bf9d58 method=com.google.common.collect.ImmutableList.copyIntoArray([Ljava/lang/Object;I)I @ 25 c2
Event: 45.461 Thread 0x000001a80bd90960 DEOPT PACKING pc=0x000001a7b2bf9d58 sp=0x0000009bd8ffd740
Event: 45.461 Thread 0x000001a80bd90960 DEOPT UNPACKING pc=0x000001a7b1794422 sp=0x0000009bd8ffd690 mode 2
Event: 45.497 Thread 0x000001a80bd90960 Uncommon trap: trap_request=0xffffffd6 fr.pc=0x000001a7b2bf9d58 relative=0x0000000000000758
Event: 45.497 Thread 0x000001a80bd90960 Uncommon trap: reason=array_check action=maybe_recompile pc=0x000001a7b2bf9d58 method=com.google.common.collect.ImmutableList.copyIntoArray([Ljava/lang/Object;I)I @ 25 c2
Event: 45.497 Thread 0x000001a80bd90960 DEOPT PACKING pc=0x000001a7b2bf9d58 sp=0x0000009bd8ffb180
Event: 45.497 Thread 0x000001a80bd90960 DEOPT UNPACKING pc=0x000001a7b1794422 sp=0x0000009bd8ffb0c0 mode 2

Classes loaded (20 events):
Event: 36.071 Loading class java/util/regex/Pattern$Behind
Event: 36.071 Loading class java/util/regex/Pattern$Behind done
Event: 36.071 Loading class java/util/regex/Pattern$Neg
Event: 36.071 Loading class java/util/regex/Pattern$Neg done
Event: 36.081 Loading class javax/xml/datatype/DatatypeConfigurationException
Event: 36.081 Loading class javax/xml/datatype/DatatypeConfigurationException done
Event: 36.286 Loading class java/io/CharArrayWriter
Event: 36.286 Loading class java/io/CharArrayWriter done
Event: 36.293 Loading class java/io/SequenceInputStream
Event: 36.293 Loading class java/io/SequenceInputStream done
Event: 36.296 Loading class java/util/function/IntUnaryOperator
Event: 36.297 Loading class java/util/function/IntUnaryOperator done
Event: 40.325 Loading class sun/nio/ch/ChannelOutputStream
Event: 40.333 Loading class sun/nio/ch/ChannelOutputStream done
Event: 40.399 Loading class java/time/Instant$1
Event: 40.399 Loading class java/time/Instant$1 done
Event: 40.463 Loading class java/util/concurrent/ConcurrentSkipListMap$KeySet
Event: 40.463 Loading class java/util/concurrent/ConcurrentSkipListMap$KeySet done
Event: 40.463 Loading class java/util/concurrent/ConcurrentSkipListMap$KeyIterator
Event: 40.464 Loading class java/util/concurrent/ConcurrentSkipListMap$KeyIterator done

Classes unloaded (0 events):
No events

Classes redefined (0 events):
No events

Internal exceptions (20 events):
Event: 42.281 Thread 0x000001a80bd8fc40 Exception <a 'sun/nio/fs/WindowsException'{0x000000071e0ffee8}> (0x000000071e0ffee8) 
thrown [s\src\hotspot\share\prims\jni.cpp, line 520]
Event: 42.303 Thread 0x000001a80bd8fc40 Exception <a 'sun/nio/fs/WindowsException'{0x000000071e1b9bf8}> (0x000000071e1b9bf8) 
thrown [s\src\hotspot\share\prims\jni.cpp, line 520]
Event: 42.329 Thread 0x000001a80bd8fc40 Exception <a 'sun/nio/fs/WindowsException'{0x000000071de9fcb8}> (0x000000071de9fcb8) 
thrown [s\src\hotspot\share\prims\jni.cpp, line 520]
Event: 42.354 Thread 0x000001a80bd8fc40 Exception <a 'sun/nio/fs/WindowsException'{0x000000071df55a40}> (0x000000071df55a40) 
thrown [s\src\hotspot\share\prims\jni.cpp, line 520]
Event: 42.378 Thread 0x000001a80bd8fc40 Exception <a 'sun/nio/fs/WindowsException'{0x000000071dc3da70}> (0x000000071dc3da70) 
thrown [s\src\hotspot\share\prims\jni.cpp, line 520]
Event: 42.413 Thread 0x000001a80bd8fc40 Exception <a 'sun/nio/fs/WindowsException'{0x000000071dd66cf0}> (0x000000071dd66cf0) 
thrown [s\src\hotspot\share\prims\jni.cpp, line 520]
Event: 42.445 Thread 0x000001a80bd8fc40 Exception <a 'sun/nio/fs/WindowsException'{0x000000071daa8fe0}> (0x000000071daa8fe0) 
thrown [s\src\hotspot\share\prims\jni.cpp, line 520]
Event: 42.469 Thread 0x000001a80bd8fc40 Exception <a 'sun/nio/fs/WindowsException'{0x000000071db88168}> (0x000000071db88168) 
thrown [s\src\hotspot\share\prims\jni.cpp, line 520]
Event: 42.494 Thread 0x000001a80bd8fc40 Exception <a 'sun/nio/fs/WindowsException'{0x000000071d84e2a8}> (0x000000071d84e2a8) 
thrown [s\src\hotspot\share\prims\jni.cpp, line 520]
Event: 42.518 Thread 0x000001a80bd8fc40 Exception <a 'sun/nio/fs/WindowsException'{0x000000071d904e88}> (0x000000071d904e88) 
thrown [s\src\hotspot\share\prims\jni.cpp, line 520]
Event: 42.547 Thread 0x000001a80bd8fc40 Exception <a 'sun/nio/fs/WindowsException'{0x000000071d9cb138}> (0x000000071d9cb138) 
thrown [s\src\hotspot\share\prims\jni.cpp, line 520]
Event: 43.917 Thread 0x000001a80bd90ff0 Exception <a 'java/lang/NoSuchMethodError'{0x000000071612eb08}: static Lcom/android/build/gradle/internal/scope/InternalArtifactType;.<clinit>()V> (0x000000071612eb08) 
thrown [s\src\hotspot\share\prims\jni.cpp, line 1111]
Event: 43.917 Thread 0x000001a80bd90ff0 Exception <a 'java/lang/NoSuchMethodError'{0x0000000716130678}: static Lcom/android/build/gradle/internal/scope/InternalArtifactType;.<clinit>()V> (0x0000000716130678) 
thrown [s\src\hotspot\share\prims\jni.cpp, line 1111]
Event: 43.917 Thread 0x000001a80bd90ff0 Exception <a 'java/lang/NoSuchMethodError'{0x0000000716134d00}: static Lcom/android/build/api/artifact/Artifact$Single;.<clinit>()V> (0x0000000716134d00) 
thrown [s\src\hotspot\share\prims\jni.cpp, line 1111]
Event: 43.917 Thread 0x000001a80bd90ff0 Exception <a 'java/lang/NoSuchMethodError'{0x00000007161376a8}: static Ljava/lang/Object;.<clinit>()V> (0x00000007161376a8) 
thrown [s\src\hotspot\share\prims\jni.cpp, line 1111]
Event: 43.919 Thread 0x000001a80bd90ff0 Exception <a 'java/lang/NoSuchMethodError'{0x0000000716156578}: static Lcom/android/build/api/artifact/ArtifactKind;.<clinit>()V> (0x0000000716156578) 
thrown [s\src\hotspot\share\prims\jni.cpp, line 1111]
Event: 43.919 Thread 0x000001a80bd90ff0 Exception <a 'java/lang/NoSuchMethodError'{0x0000000716157cb8}: static Lcom/android/build/api/artifact/ArtifactKind;.<clinit>()V> (0x0000000716157cb8) 
thrown [s\src\hotspot\share\prims\jni.cpp, line 1111]
Event: 43.920 Thread 0x000001a80bd90ff0 Exception <a 'java/lang/NoSuchMethodError'{0x000000071616d378}: static Lcom/android/build/gradle/internal/scope/InternalArtifactType;.<clinit>()V> (0x000000071616d378) 
thrown [s\src\hotspot\share\prims\jni.cpp, line 1111]
Event: 44.320 Thread 0x000001a80bd90ff0 Exception <a 'java/lang/NoSuchMethodError'{0x000000071abb2288}: static Ljava/lang/Object;.<clinit>()V> (0x000000071abb2288) 
thrown [s\src\hotspot\share\prims\jni.cpp, line 1111]
Event: 44.550 Thread 0x000001a80bd90ff0 Exception <a 'java/lang/NoSuchMethodError'{0x0000000718a19748}: static Ljava/lang/Object;.<clinit>()V> (0x0000000718a19748) 
thrown [s\src\hotspot\share\prims\jni.cpp, line 1111]

ZGC Phase Switch (0 events):
No events

VM Operations (20 events):
Event: 41.765 Executing non-safepoint VM operation: HandshakeAllThreads (Deoptimize)
Event: 41.766 Executing non-safepoint VM operation: HandshakeAllThreads (Deoptimize) done
Event: 41.796 Executing non-safepoint VM operation: HandshakeAllThreads (Deoptimize)
Event: 41.797 Executing non-safepoint VM operation: HandshakeAllThreads (Deoptimize) done
Event: 42.264 Executing safepoint VM operation: ICBufferFull
Event: 42.264 Executing safepoint VM operation: ICBufferFull done
Event: 42.969 Executing safepoint VM operation: ICBufferFull
Event: 42.969 Executing safepoint VM operation: ICBufferFull done
Event: 42.969 Executing safepoint VM operation: ICBufferFull
Event: 42.969 Executing safepoint VM operation: ICBufferFull done
Event: 43.930 Executing safepoint VM operation: G1CollectForAllocation (G1 Evacuation Pause)
Event: 43.951 Executing safepoint VM operation: G1CollectForAllocation (G1 Evacuation Pause) done
Event: 44.629 Executing safepoint VM operation: ICBufferFull
Event: 44.629 Executing safepoint VM operation: ICBufferFull done
Event: 45.129 Executing safepoint VM operation: G1CollectForAllocation (G1 Evacuation Pause)
Event: 45.145 Executing safepoint VM operation: G1CollectForAllocation (G1 Evacuation Pause) done
Event: 45.557 Executing safepoint VM operation: G1PauseRemark
Event: 45.573 Executing safepoint VM operation: G1PauseRemark done
Event: 45.749 Executing safepoint VM operation: G1PauseCleanup
Event: 45.750 Executing safepoint VM operation: G1PauseCleanup done

Memory protections (0 events):
No events

Nmethod flushes (20 events):
Event: 45.569 Thread 0x000001a7c0f45bd0 flushing  nmethod 0x000001a7ab336590
Event: 45.569 Thread 0x000001a7c0f45bd0 flushing  nmethod 0x000001a7ab33b210
Event: 45.569 Thread 0x000001a7c0f45bd0 flushing  nmethod 0x000001a7ab33ce90
Event: 45.569 Thread 0x000001a7c0f45bd0 flushing  nmethod 0x000001a7ab37c990
Event: 45.569 Thread 0x000001a7c0f45bd0 flushing  nmethod 0x000001a7ab3e9410
Event: 45.569 Thread 0x000001a7c0f45bd0 flushing  nmethod 0x000001a7ab3ed910
Event: 45.569 Thread 0x000001a7c0f45bd0 flushing  nmethod 0x000001a7ab479390
Event: 45.569 Thread 0x000001a7c0f45bd0 flushing  nmethod 0x000001a7ab4b8010
Event: 45.569 Thread 0x000001a7c0f45bd0 flushing  nmethod 0x000001a7ab52a090
Event: 45.569 Thread 0x000001a7c0f45bd0 flushing  nmethod 0x000001a7ab6a9e90
Event: 45.569 Thread 0x000001a7c0f45bd0 flushing  nmethod 0x000001a7ab7a0390
Event: 45.569 Thread 0x000001a7c0f45bd0 flushing  nmethod 0x000001a7ab9af990
Event: 45.569 Thread 0x000001a7c0f45bd0 flushing  nmethod 0x000001a7abcc8310
Event: 45.569 Thread 0x000001a7c0f45bd0 flushing  nmethod 0x000001a7abdb5610
Event: 45.569 Thread 0x000001a7c0f45bd0 flushing  nmethod 0x000001a7abdb6090
Event: 45.569 Thread 0x000001a7c0f45bd0 flushing  nmethod 0x000001a7abdb6d10
Event: 45.569 Thread 0x000001a7c0f45bd0 flushing  nmethod 0x000001a7abdb7790
Event: 45.569 Thread 0x000001a7c0f45bd0 flushing  nmethod 0x000001a7abdb8110
Event: 45.569 Thread 0x000001a7c0f45bd0 flushing  nmethod 0x000001a7abdb8b10
Event: 45.569 Thread 0x000001a7c0f45bd0 flushing  nmethod 0x000001a7abdf1190

Events (20 events):
Event: 24.231 Thread 0x000001a80b5765d0 Thread exited: 0x000001a80b5765d0
Event: 26.692 Thread 0x000001a7c0f90a90 Thread added: 0x000001a80ac94720
Event: 27.292 Thread 0x000001a80ac94720 Thread exited: 0x000001a80ac94720
Event: 27.292 Thread 0x000001a80b571ae0 Thread exited: 0x000001a80b571ae0
Event: 28.244 Thread 0x000001a7c0f90a90 Thread added: 0x000001a80ac94df0
Event: 29.056 Thread 0x000001a807b0ae40 Thread added: 0x000001a80ad25eb0
Event: 29.068 Thread 0x000001a80ad25eb0 Thread added: 0x000001a80ad26bd0
Event: 29.068 Thread 0x000001a80ad25eb0 Thread added: 0x000001a80ad26540
Event: 30.479 Thread 0x000001a7c0f90a90 Thread added: 0x000001a80ac97da0
Event: 32.867 Thread 0x000001a80ac97da0 Thread exited: 0x000001a80ac97da0
Event: 33.217 Thread 0x000001a7c0f90a90 Thread added: 0x000001a80ac97da0
Event: 33.629 Thread 0x000001a80ac97da0 Thread exited: 0x000001a80ac97da0
Event: 35.069 Thread 0x000001a7c0f90a90 Thread added: 0x000001a80ac97da0
Event: 36.039 Thread 0x000001a80ac97da0 Thread exited: 0x000001a80ac97da0
Event: 37.019 Thread 0x000001a7c0f90a90 Thread added: 0x000001a80ac97da0
Event: 40.335 Thread 0x000001a807b0ae40 Thread added: 0x000001a813d6ea20
Event: 40.336 Thread 0x000001a807b0ae40 Thread added: 0x000001a813d74c90
Event: 40.367 Thread 0x000001a808108ae0 Thread added: 0x000001a813d773f0
Event: 44.322 Thread 0x000001a80ac97da0 Thread exited: 0x000001a80ac97da0
Event: 45.315 Thread 0x000001a7c0f8fff0 Thread added: 0x000001a80ac98470


Dynamic libraries:
0x00007ff6b40b0000 - 0x00007ff6b40be000 	C:\Program Files\Eclipse Adoptium\jdk-21.0.11.10-hotspot\bin\java.exe
0x00007ffebd520000 - 0x00007ffebd786000 	C:\WINDOWS\SYSTEM32\ntdll.dll
0x00007ffebc5b0000 - 0x00007ffebc679000 	C:\WINDOWS\System32\KERNEL32.DLL
0x00007ffebaa80000 - 0x00007ffebae7a000 	C:\WINDOWS\System32\KERNELBASE.dll
0x00007ffebae80000 - 0x00007ffebafcc000 	C:\WINDOWS\System32\ucrtbase.dll
0x00007ffead7c0000 - 0x00007ffead7de000 	C:\Program Files\Eclipse Adoptium\jdk-21.0.11.10-hotspot\bin\VCRUNTIME140.dll
0x00007ffead7a0000 - 0x00007ffead7b8000 	C:\Program Files\Eclipse Adoptium\jdk-21.0.11.10-hotspot\bin\jli.dll
0x00007ffebbec0000 - 0x00007ffebc087000 	C:\WINDOWS\System32\USER32.dll
0x00007ffebb1b0000 - 0x00007ffebb1d7000 	C:\WINDOWS\System32\win32u.dll
0x00007ffebbe80000 - 0x00007ffebbeab000 	C:\WINDOWS\System32\GDI32.dll
0x00007ffea72c0000 - 0x00007ffea7552000 	C:\WINDOWS\WinSxS\amd64_microsoft.windows.common-controls_6595b64144ccf1df_6.0.26100.8521_none_3e08b75ce33403b3\COMCTL32.dll
0x00007ffebafd0000 - 0x00007ffebb0fb000 	C:\WINDOWS\System32\gdi32full.dll
0x00007ffebcc60000 - 0x00007ffebcd09000 	C:\WINDOWS\System32\msvcrt.dll
0x00007ffebb1e0000 - 0x00007ffebb283000 	C:\WINDOWS\System32\msvcp_win.dll
0x00007ffebbc60000 - 0x00007ffebbc92000 	C:\WINDOWS\System32\IMM32.DLL
0x00007ffeb6e20000 - 0x00007ffeb6e2c000 	C:\Program Files\Eclipse Adoptium\jdk-21.0.11.10-hotspot\bin\vcruntime140_1.dll
0x00007ffeac920000 - 0x00007ffeac9ad000 	C:\Program Files\Eclipse Adoptium\jdk-21.0.11.10-hotspot\bin\msvcp140.dll
0x00007ffe26400000 - 0x00007ffe271a2000 	C:\Program Files\Eclipse Adoptium\jdk-21.0.11.10-hotspot\bin\server\jvm.dll
0x00007ffebc6e0000 - 0x00007ffebc796000 	C:\WINDOWS\System32\ADVAPI32.dll
0x00007ffebba20000 - 0x00007ffebbaca000 	C:\WINDOWS\System32\sechost.dll
0x00007ffebd280000 - 0x00007ffebd398000 	C:\WINDOWS\System32\RPCRT4.dll
0x00007ffebbad0000 - 0x00007ffebbb50000 	C:\WINDOWS\System32\WS2_32.dll
0x00007ffeba610000 - 0x00007ffeba66e000 	C:\WINDOWS\SYSTEM32\POWRPROF.dll
0x00007ffeb3750000 - 0x00007ffeb3786000 	C:\WINDOWS\SYSTEM32\WINMM.dll
0x00007ffeb3790000 - 0x00007ffeb379b000 	C:\WINDOWS\SYSTEM32\VERSION.dll
0x00007ffeba5f0000 - 0x00007ffeba604000 	C:\WINDOWS\SYSTEM32\UMPDC.dll
0x00007ffeb9540000 - 0x00007ffeb955b000 	C:\WINDOWS\SYSTEM32\kernel.appcore.dll
0x00007ffead790000 - 0x00007ffead79a000 	C:\Program Files\Eclipse Adoptium\jdk-21.0.11.10-hotspot\bin\jimage.dll
0x00007ffeae2e0000 - 0x00007ffeae522000 	C:\WINDOWS\SYSTEM32\DBGHELP.DLL
0x00007ffebcd10000 - 0x00007ffebd093000 	C:\WINDOWS\System32\combase.dll
0x00007ffebc7a0000 - 0x00007ffebc879000 	C:\WINDOWS\System32\OLEAUT32.dll
0x00007ffea16e0000 - 0x00007ffea171b000 	C:\WINDOWS\SYSTEM32\dbgcore.DLL
0x00007ffebb100000 - 0x00007ffebb1a8000 	C:\WINDOWS\System32\bcryptPrimitives.dll
0x00007ffe461f0000 - 0x00007ffe461ff000 	C:\Program Files\Eclipse Adoptium\jdk-21.0.11.10-hotspot\bin\instrument.dll
0x00007ffead770000 - 0x00007ffead790000 	C:\Program Files\Eclipse Adoptium\jdk-21.0.11.10-hotspot\bin\java.dll
0x00007ffebb290000 - 0x00007ffebba14000 	C:\WINDOWS\System32\SHELL32.dll
0x00007ffeb8390000 - 0x00007ffeb8c10000 	C:\WINDOWS\SYSTEM32\windows.storage.dll
0x00007ffebbb60000 - 0x00007ffebbc56000 	C:\WINDOWS\System32\SHCORE.dll
0x00007ffebd3d0000 - 0x00007ffebd437000 	C:\WINDOWS\System32\shlwapi.dll
0x00007ffeba6d0000 - 0x00007ffeba6f9000 	C:\WINDOWS\SYSTEM32\profapi.dll
0x00007ffe46cf0000 - 0x00007ffe46dc7000 	C:\Program Files\Eclipse Adoptium\jdk-21.0.11.10-hotspot\bin\jsvml.dll
0x00007ffea4c80000 - 0x00007ffea4c98000 	C:\Program Files\Eclipse Adoptium\jdk-21.0.11.10-hotspot\bin\zip.dll
0x00007ffead760000 - 0x00007ffead770000 	C:\Program Files\Eclipse Adoptium\jdk-21.0.11.10-hotspot\bin\net.dll
0x00007ffeb0fb0000 - 0x00007ffeb10d9000 	C:\WINDOWS\SYSTEM32\WINHTTP.dll
0x00007ffeb9ab0000 - 0x00007ffeb9b1c000 	C:\WINDOWS\system32\mswsock.dll
0x00007ffeac900000 - 0x00007ffeac916000 	C:\Program Files\Eclipse Adoptium\jdk-21.0.11.10-hotspot\bin\nio.dll
0x00007ffe58530000 - 0x00007ffe58540000 	C:\Program Files\Eclipse Adoptium\jdk-21.0.11.10-hotspot\bin\verify.dll
0x00007ffe54f40000 - 0x00007ffe54f67000 	C:\Users\NAGARAJU\.gradle\native\1def1411415f61bf3af743bc5b6707747c0891f09f0c88961ee8f79bc544acac\windows-amd64\native-platform.dll
0x00007ffe350b0000 - 0x00007ffe35128000 	C:\Users\NAGARAJU\.gradle\native\0.2.7\x86_64-windows-gnu\gradle-fileevents.dll
0x00007ffe54f80000 - 0x00007ffe54f8a000 	C:\Program Files\Eclipse Adoptium\jdk-21.0.11.10-hotspot\bin\management.dll
0x00007ffe54f70000 - 0x00007ffe54f7c000 	C:\Program Files\Eclipse Adoptium\jdk-21.0.11.10-hotspot\bin\management_ext.dll
0x00007ffebd4d0000 - 0x00007ffebd4d8000 	C:\WINDOWS\System32\PSAPI.DLL
0x00007ffeb8f40000 - 0x00007ffeb8f73000 	C:\WINDOWS\SYSTEM32\IPHLPAPI.DLL
0x00007ffebcbd0000 - 0x00007ffebcbda000 	C:\WINDOWS\System32\NSI.dll
0x00007ffe4d9e0000 - 0x00007ffe4d9e9000 	C:\Program Files\Eclipse Adoptium\jdk-21.0.11.10-hotspot\bin\extnet.dll
0x00007ffeb9d90000 - 0x00007ffeb9dab000 	C:\WINDOWS\SYSTEM32\CRYPTSP.dll
0x00007ffeb94a0000 - 0x00007ffeb94d9000 	C:\WINDOWS\system32\rsaenh.dll
0x00007ffeb9b60000 - 0x00007ffeb9b93000 	C:\WINDOWS\SYSTEM32\USERENV.dll
0x00007ffeba6a0000 - 0x00007ffeba6ca000 	C:\WINDOWS\SYSTEM32\bcrypt.dll
0x00007ffeb9db0000 - 0x00007ffeb9dbc000 	C:\WINDOWS\SYSTEM32\CRYPTBASE.dll
0x00007ffead8a0000 - 0x00007ffead8ae000 	C:\Program Files\Eclipse Adoptium\jdk-21.0.11.10-hotspot\bin\sunmscapi.dll
0x00007ffeba7b0000 - 0x00007ffeba928000 	C:\WINDOWS\System32\CRYPT32.dll
0x00007ffeb9fb0000 - 0x00007ffeb9fe0000 	C:\WINDOWS\SYSTEM32\ncrypt.dll
0x00007ffeb9f60000 - 0x00007ffeb9f9f000 	C:\WINDOWS\SYSTEM32\NTASN1.dll
0x00007ffe83f80000 - 0x00007ffe83f88000 	C:\WINDOWS\system32\wshunix.dll
0x00007ffeb77d0000 - 0x00007ffeb7870000 	C:\WINDOWS\system32\apphelp.dll

JVMTI agents:
C:\Users\NAGARAJU\.gradle\wrapper\dists\gradle-8.14.1-bin\baw1sv0jfoi8rxs14qo3h49cs\gradle-8.14.1\lib\agents\gradle-instrumentation-agent-8.14.1.jar path:C:\Program Files\Eclipse Adoptium\jdk-21.0.11.10-hotspot\bin\instrument.dll, loaded, initialized, instrumentlib options:none

dbghelp: loaded successfully - version: 4.0.5 - missing functions: none
symbol engine: initialized successfully - sym options: 0x614 - pdb path: .;C:\Program Files\Eclipse Adoptium\jdk-21.0.11.10-hotspot\bin;C:\WINDOWS\SYSTEM32;C:\WINDOWS\WinSxS\amd64_microsoft.windows.common-controls_6595b64144ccf1df_6.0.26100.8521_none_3e08b75ce33403b3;C:\Program Files\Eclipse Adoptium\jdk-21.0.11.10-hotspot\bin\server;C:\Users\NAGARAJU\.gradle\native\1def1411415f61bf3af743bc5b6707747c0891f09f0c88961ee8f79bc544acac\windows-amd64;C:\Users\NAGARAJU\.gradle\native\0.2.7\x86_64-windows-gnu

VM Arguments:
jvm_args: --add-opens=java.base/java.lang=ALL-UNNAMED --add-opens=java.base/java.lang.invoke=ALL-UNNAMED --add-opens=java.base/java.util=ALL-UNNAMED --add-opens=java.prefs/java.util.prefs=ALL-UNNAMED --add-exports=jdk.compiler/com.sun.tools.javac.api=ALL-UNNAMED --add-exports=jdk.compiler/com.sun.tools.javac.util=ALL-UNNAMED --add-opens=java.base/java.util=ALL-UNNAMED --add-opens=java.prefs/java.util.prefs=ALL-UNNAMED --add-opens=java.base/java.nio.charset=ALL-UNNAMED --add-opens=java.base/java.net=ALL-UNNAMED --add-opens=java.base/java.util.concurrent.atomic=ALL-UNNAMED --add-opens=java.xml/javax.xml.namespace=ALL-UNNAMED -Xmx4096m -Dfile.encoding=UTF-8 -Duser.country=IN -Duser.language=en -Duser.variant -javaagent:C:\Users\NAGARAJU\.gradle\wrapper\dists\gradle-8.14.1-bin\baw1sv0jfoi8rxs14qo3h49cs\gradle-8.14.1\lib\agents\gradle-instrumentation-agent-8.14.1.jar 
java_command: org.gradle.launcher.daemon.bootstrap.GradleDaemon 8.14.1
java_class_path (initial): C:\Users\NAGARAJU\.gradle\wrapper\dists\gradle-8.14.1-bin\baw1sv0jfoi8rxs14qo3h49cs\gradle-8.14.1\lib\gradle-daemon-main-8.14.1.jar
Launcher Type: SUN_STANDARD

[Global flags]
     intx CICompilerCount                          = 4                                         {product} {ergonomic}
     uint ConcGCThreads                            = 2                                         {product} {ergonomic}
     uint G1ConcRefinementThreads                  = 8                                         {product} {ergonomic}
   size_t G1HeapRegionSize                         = 2097152                                   {product} {ergonomic}
    uintx GCDrainStackTargetSize                   = 64                                        {product} {ergonomic}
   size_t InitialHeapSize                          = 123731968                                 {product} {ergonomic}
   size_t MarkStackSize                            = 4194304                                   {product} {ergonomic}
   size_t MaxHeapSize                              = 4294967296                                {product} {command line}
   size_t MaxNewSize                               = 2575302656                                {product} {ergonomic}
   size_t MinHeapDeltaBytes                        = 2097152                                   {product} {ergonomic}
   size_t MinHeapSize                              = 8388608                                   {product} {ergonomic}
    uintx NonNMethodCodeHeapSize                   = 5839372                                {pd product} {ergonomic}
    uintx NonProfiledCodeHeapSize                  = 122909434                              {pd product} {ergonomic}
    uintx ProfiledCodeHeapSize                     = 122909434                              {pd product} {ergonomic}
    uintx ReservedCodeCacheSize                    = 251658240                              {pd product} {ergonomic}
     bool SegmentedCodeCache                       = true                                      {product} {ergonomic}
   size_t SoftMaxHeapSize                          = 4294967296                             {manageable} {ergonomic}
     bool UseCompressedOops                        = true                           {product lp64_product} {ergonomic}
     bool UseG1GC                                  = true                                      {product} {ergonomic}
     bool UseLargePagesIndividualAllocation        = false                                  {pd product} {ergonomic}

Logging:
Log output configuration:
 #0: stdout all=warning uptime,level,tags foldmultilines=false
 #1: stderr all=off uptime,level,tags foldmultilines=false

Release file:
IMPLEMENTOR="Eclipse Adoptium" 
IMPLEMENTOR_VERSION="Temurin-21.0.11+10" 
JAVA_RUNTIME_VERSION="21.0.11+10-LTS" 
JAVA_VERSION="21.0.11" 
JAVA_VERSION_DATE="2026-04-21" 
LIBC="default" 
MODULES="java.base java.compiler java.datatransfer java.xml java.prefs java.desktop java.instrument java.logging java.management java.security.sasl java.naming java.rmi java.management.rmi java.net.http java.scripting java.security.jgss java.transaction.xa java.sql java.sql.rowset java.xml.crypto java.se java.smartcardio jdk.accessibility jdk.internal.jvmstat jdk.attach jdk.charsets jdk.internal.opt jdk.zipfs jdk.compiler jdk.crypto.ec jdk.crypto.cryptoki jdk.crypto.mscapi jdk.dynalink jdk.internal.ed jdk.editpad jdk.hotspot.agent jdk.httpserver jdk.incubator.vector jdk.internal.le jdk.internal.vm.ci jdk.internal.vm.compiler jdk.internal.vm.compiler.management jdk.jartool jdk.javadoc jdk.jcmd jdk.management jdk.management.agent jdk.jconsole jdk.jdeps jdk.jdwp.agent jdk.jdi jdk.jfr jdk.jlink jdk.jpackage jdk.jshell jdk.jsobject jdk.jstatd jdk.localedata jdk.management.jfr jdk.naming.dns jdk.naming.rmi jdk.net jdk.nio.mapmode jdk.random jdk.sctp jdk.security.auth jdk.security.jgss jdk.unsupported jdk.unsupported.desktop jdk.xml.dom" 
OS_ARCH="x86_64" 
OS_NAME="Windows" 
SOURCE=".:git:254494ad7d75" 
BUILD_SOURCE="git:a612825ee82a20ac872d60958c349854c1f29a8e"
BUILD_SOURCE_REPO="https://github.com/adoptium/temurin-build.git"
SOURCE_REPO="https://github.com/adoptium/jdk21u.git"
FULL_VERSION="21.0.11+10-LTS"
SEMANTIC_VERSION="21.0.11+10"
BUILD_INFO="OS: Windows Server 2022 Version: 10.0"
JVM_VARIANT="Hotspot"
JVM_VERSION="21.0.11+10-LTS"
IMAGE_TYPE="JDK"

Environment Variables:
JAVA_HOME=C:\Program Files\Eclipse Adoptium\jdk-21.0.11.10-hotspot
PATH=C:\zynnative\DocApp-CLI\node_modules\.bin;C:\zynnative\DocApp-CLI\node_modules\.bin;C:\zynnative\node_modules\.bin;C:\node_modules\.bin;C:\Users\NAGARAJU\AppData\Roaming\npm\node_modules\npm\node_modules\@npmcli\run-script\lib\node-gyp-bin;C:\Program Files\Eclipse Adoptium\jdk-21.0.11.10-hotspot\bin;C:\Program Files\Eclipse Adoptium\jdk-11.0.26.4-hotspot\bin;C:\Program Files\Eclipse Adoptium\jdk-17.0.14.7-hotspot\bin;C:\Program Files\Java\jdk-17\bin;C:\Program Files\nodejs;E:\Android\Sdk\platform-tools;E:\Android\Sdk\emulator;E:\Android\Sdk\cmdline-tools\latest\bin;C:\Users\NAGARAJU\AppData\Local\Android\Sdk\platform-tools;C:\Users\NAGARAJU\AppData\Local\Android\Sdk\emulator;C:\Users\NAGARAJU\AppData\Local\Android\Sdk\cmdline-tools\latest\bin;%PATH%;C:\ProgramData\chocolatey\bin;C:\Program Files\nodejs\;C:\Program Files\Git\cmd;C:\Windows\System32;C:\Windows\System32\WindowsPowerShell\v1.0;C:\Windows\System32\OpenSSH;C:\Windows\System32\WindowsPowerShell\v1.0\;C:\Users\NAGARAJU\Downloads\stripe_1.30.0_windows_x86_64;C:\WINDOWS\system32;C:\WINDOWS;C:\WINDOWS\System32\Wbem;C:\WINDOWS\System32\WindowsPowerShell\v1.0\;C:\WINDOWS\System32\OpenSSH\;C:\Program Files\Eclipse Adoptium\jdk-21.0.11.10-hotspot\bin;C:\Program Files\Eclipse Adoptium\jdk-11.0.26.4-hotspot\bin;C:\Program Files\Eclipse Adoptium\jdk-17.0.14.7-hotspot\bin;C:\Program Files\Java\jdk-17\bin;C:\Program Files\nodejs;E:\Android\Sdk\platform-tools;E:\Android\Sdk\emulator;E:\Android\Sdk\cmdline-tools\latest\bin;C:\Users\NAGARAJU\AppData\Local\Android\Sdk\platform-tools;C:\Users\NAGARAJU\AppData\Local\Android\Sdk\emulator;C:\Users\NAGARAJU\AppData\Local\Android\Sdk\cmdline-tools\latest\bin;%PATH%;C:\ProgramData\chocolatey\bin;C:\Program Files\nodejs\;C:\Program Files\Git\cmd;C:\Windows\System32;C:\Windows\System32\WindowsPowerShell\v1.0;C:\Windows\System32\OpenSSH;C:\Windows\System32\WindowsPowerShell\v1.0\;C:\Users\NAGARAJU\Downloads\stripe_1.30.0_windows_x86_64;C:\WINDOWS\system32;C:\WINDOWS;C:\WINDOWS\System32\Wbem;C:\WINDOWS\System32\WindowsPowerShell\v1.0\;C:\WINDOWS\System32\OpenSSH\;C:\Users\NAGARAJU\AppData\Local\Android\Sdk\platform-tools;C:\Users\NAGARAJU\AppData\Local\Android\Sdk\cmdline-tools\latest\bin;C:\Users\NAGARAJU\AppData\Roaming\npm;C:\Users\NAGARAJU\AppData\Local\Programs\Microsoft VS Code\bin;C:\Users\NAGARAJU\AppData\Local\Programs\Antigravity IDE\bin;C:\Users\NAGARAJU\AppData\Local\Microsoft\WindowsApps;C:\Users\NAGARAJU\AppData\Local\Kingsoft\WPS Office\12.1.0.27458\clitool
USERNAME=NAGARAJU
OS=Windows_NT
PROCESSOR_IDENTIFIER=AMD64 Family 23 Model 104 Stepping 1, AuthenticAMD
TMP=C:\Users\NAGARAJU\AppData\Local\Temp
TEMP=C:\Users\NAGARAJU\AppData\Local\Temp




Periodic native trim disabled

---------------  S Y S T E M  ---------------

OS:
 Windows 11 , 64 bit Build 26100 (10.0.26100.8521)
OS uptime: 0 days 19:21 hours

CPU: total 8 (initial active 8) (8 cores per cpu, 2 threads per core) family 23 model 104 stepping 1 microcode 0x8608109, cx8, cmov, fxsr, ht, mmx, 3dnowpref, sse, sse2, sse3, ssse3, sse4a, sse4.1, sse4.2, popcnt, lzcnt, tsc, tscinvbit, avx, avx2, aes, clmul, bmi1, bmi2, adx, sha, fma, vzeroupper, clflush, clflushopt, rdtscp, rdpid, f16c
Processor Information for the first 8 processors :
  Max Mhz: 2600, Current Mhz: 2600, Mhz Limit: 2600

Memory: 4k page, system-wide physical 7502M (487M free)
TotalPageFile size 25554M (AvailPageFile size 1M)
current process WorkingSet (physical memory assigned to process): 966M, peak: 966M
current process commit charge ("private bytes"): 1019M, peak: 1025M

vm_info: OpenJDK 64-Bit Server VM (21.0.11+10-LTS) for windows-amd64 JRE (21.0.11+10-LTS), built on 2026-04-21T00:00:00Z by "admin" with MS VC++ 17.12 (VS2022)

END.
